ticker,tier2_scope1_tco2e,tier2_scope1_method,tier2_scope1_sector_used,tier2_scope1_peer_count,tier2_scope1_notes,tier2_scope2_tco2e,tier2_scope2_method,tier2_scope2_sector_used,tier2_scope2_peer_count,tier2_scope2_notes
ABBV,,,,,,158783.4,median_model_revenue+employees,sector:Health Care,18,"Tier 2 Scope 2 ESTIMATE (LSEG median-model style), NOT a disclosure -- see pipeline/tier2_estimation/estimate_tier2.py. Peer group: sector = 'Health Care' (18 Tier 1 peers with a real Scope 2 value, floor=5). Revenue-based: median peer Scope 2 tCO2e/$ revenue (3.19915e-06) x this company's revenue ($64,385,998,848) = 205,980 tCO2e. Employee-based: median peer Scope 2 tCO2e/employee (1.95766) x this company's employee count (57,000) = 111,586 tCO2e. Final estimate is the average of the available method(s): 158,783 tCO2e."
ACN,259569.4,median_model_revenue+employees,sector:Information Technology,37,"Tier 2 Scope 1 ESTIMATE (LSEG median-model style), NOT a disclosure -- see pipeline/tier2_estimation/estimate_tier2.py. Peer group: sector = 'Information Technology' (37 Tier 1 peers with a real Scope 1 value, floor=5). Revenue-based: median peer Scope 1 tCO2e/$ revenue (6.23987e-07) x this company's revenue ($73,100,591,104) = 45,614 tCO2e. Employee-based: median peer Scope 1 tCO2e/employee (0.592647) x this company's employee count (799,000) = 473,525 tCO2e. Final estimate is the average of the available method(s): 259,569 tCO2e.",662969.8,median_model_revenue+employees,sector:Information Technology,29,"Tier 2 Scope 2 ESTIMATE (LSEG median-model style), NOT a disclosure -- see pipeline/tier2_estimation/estimate_tier2.py. Peer group: sector = 'Information Technology' (29 Tier 1 peers with a real Scope 2 value, floor=5). Revenue-based: median peer Scope 2 tCO2e/$ revenue (2.34945e-06) x this company's revenue ($73,100,591,104) = 171,746 tCO2e. Employee-based: median peer Scope 2 tCO2e/employee (1.44455) x this company's employee count (799,000) = 1,154,194 tCO2e. Final estimate is the average of the available method(s): 662,970 tCO2e."
MMM,,,,,,227343.9,median_model_revenue+employees,sector:Industrials,28,"Tier 2 Scope 2 ESTIMATE (LSEG median-model style), NOT a disclosure -- see pipeline/tier2_estimation/estimate_tier2.py. Peer group: sector = 'Industrials' (28 Tier 1 peers with a real Scope 2 value, floor=5). Revenue-based: median peer Scope 2 tCO2e/$ revenue (9.89188e-06) x this company's revenue ($25,180,000,256) = 249,077 tCO2e. Employee-based: median peer Scope 2 tCO2e/employee (3.39852) x this company's employee count (60,500) = 205,610 tCO2e. Final estimate is the average of the available method(s): 227,344 tCO2e."
AOS,36785.8,median_model_revenue+employees,sector:Industrials,40,"Tier 2 Scope 1 ESTIMATE (LSEG median-model style), NOT a disclosure -- see pipeline/tier2_estimation/estimate_tier2.py. Peer group: sector = 'Industrials' (40 Tier 1 peers with a real Scope 1 value, floor=5). Revenue-based: median peer Scope 1 tCO2e/$ revenue (6.94524e-06) x this company's revenue ($3,804,900,096) = 26,426 tCO2e. Employee-based: median peer Scope 1 tCO2e/employee (4.09963) x this company's employee count (11,500) = 47,146 tCO2e. Final estimate is the average of the available method(s): 36,786 tCO2e.",38360.3,median_model_revenue+employees,sector:Industrials,28,"Tier 2 Scope 2 ESTIMATE (LSEG median-model style), NOT a disclosure -- see pipeline/tier2_estimation/estimate_tier2.py. Peer group: sector = 'Industrials' (28 Tier 1 peers with a real Scope 2 value, floor=5). Revenue-based: median peer Scope 2 tCO2e/$ revenue (9.89188e-06) x this company's revenue ($3,804,900,096) = 37,638 tCO2e. Employee-based: median peer Scope 2 tCO2e/employee (3.39852) x this company's employee count (11,500) = 39,083 tCO2e. Final estimate is the average of the available method(s): 38,360 tCO2e."
AKAM,4608.3,median_model_revenue+employees,sector:Information Technology,37,"Tier 2 Scope 1 ESTIMATE (LSEG median-model style), NOT a disclosure -- see pipeline/tier2_estimation/estimate_tier2.py. Peer group: sector = 'Information Technology' (37 Tier 1 peers with a real Scope 1 value, floor=5). Revenue-based: median peer Scope 1 tCO2e/$ revenue (6.23987e-07) x this company's revenue ($4,322,833,920) = 2,697 tCO2e. Employee-based: median peer Scope 1 tCO2e/employee (0.592647) x this company's employee count (11,000) = 6,519 tCO2e. Final estimate is the average of the available method(s): 4,608 tCO2e.",13023.2,median_model_revenue+employees,sector:Information Technology,29,"Tier 2 Scope 2 ESTIMATE (LSEG median-model style), NOT a disclosure -- see pipeline/tier2_estimation/estimate_tier2.py. Peer group: sector = 'Information Technology' (29 Tier 1 peers with a real Scope 2 value, floor=5). Revenue-based: median peer Scope 2 tCO2e/$ revenue (2.34945e-06) x this company's revenue ($4,322,833,920) = 10,156 tCO2e. Employee-based: median peer Scope 2 tCO2e/employee (1.44455) x this company's employee count (11,000) = 15,890 tCO2e. Final estimate is the average of the available method(s): 13,023 tCO2e."
APD,2846550.2,median_model_revenue+employees,sector:Materials,19,"Tier 2 Scope 1 ESTIMATE (LSEG median-model style), NOT a disclosure -- see pipeline/tier2_estimation/estimate_tier2.py. Peer group: sector = 'Materials' (19 Tier 1 peers with a real Scope 1 value, floor=5). Revenue-based: median peer Scope 1 tCO2e/$ revenue (0.000159601) x this company's revenue ($12,602,200,064) = 2,011,329 tCO2e. Employee-based: median peer Scope 1 tCO2e/employee (174.599) x this company's employee count (21,087) = 3,681,771 tCO2e. Final estimate is the average of the available method(s): 2,846,550 tCO2e.",1593571.7,median_model_revenue+employees,sector:Materials,9,"Tier 2 Scope 2 ESTIMATE (LSEG median-model style), NOT a disclosure -- see pipeline/tier2_estimation/estimate_tier2.py. Peer group: sector = 'Materials' (9 Tier 1 peers with a real Scope 2 value, floor=5). Revenue-based: median peer Scope 2 tCO2e/$ revenue (0.000101463) x this company's revenue ($12,602,200,064) = 1,278,660 tCO2e. Employee-based: median peer Scope 2 tCO2e/employee (90.5052) x this company's employee count (21,087) = 1,908,483 tCO2e. Final estimate is the average of the available method(s): 1,593,572 tCO2e."
ABNB,29615.5,median_model_revenue+employees,sector:Consumer Discretionary,21,"Tier 2 Scope 1 ESTIMATE (LSEG median-model style), NOT a disclosure -- see pipeline/tier2_estimation/estimate_tier2.py. Peer group: sector = 'Consumer Discretionary' (21 Tier 1 peers with a real Scope 1 value, floor=5). Revenue-based: median peer Scope 1 tCO2e/$ revenue (3.71647e-06) x this company's revenue ($13,159,000,064) = 48,905 tCO2e. Employee-based: median peer Scope 1 tCO2e/employee (1.25926) x this company's employee count (8,200) = 10,326 tCO2e. Final estimate is the average of the available method(s): 29,615 tCO2e.",51067.0,median_model_revenue+employees,sector:Consumer Discretionary,18,"Tier 2 Scope 2 ESTIMATE (LSEG median-model style), NOT a disclosure -- see pipeline/tier2_estimation/estimate_tier2.py. Peer group: sector = 'Consumer Discretionary' (18 Tier 1 peers with a real Scope 2 value, floor=5). Revenue-based: median peer Scope 2 tCO2e/$ revenue (6.64506e-06) x this company's revenue ($13,159,000,064) = 87,442 tCO2e. Employee-based: median peer Scope 2 tCO2e/employee (1.79165) x this company's employee count (8,200) = 14,692 tCO2e. Final estimate is the average of the available method(s): 51,067 tCO2e."
ARE,8913.4,median_model_revenue+employees,sector:Real Estate,8,"Tier 2 Scope 1 ESTIMATE (LSEG median-model style), NOT a disclosure -- see pipeline/tier2_estimation/estimate_tier2.py. Peer group: sector = 'Real Estate' (8 Tier 1 peers with a real Scope 1 value, floor=5). Revenue-based: median peer Scope 1 tCO2e/$ revenue (5.49255e-06) x this company's revenue ($2,840,326,912) = 15,601 tCO2e. Employee-based: median peer Scope 1 tCO2e/employee (4.331) x this company's employee count (514) = 2,226 tCO2e. Final estimate is the average of the available method(s): 8,913 tCO2e.",64233.7,median_model_revenue+employees,sector:Real Estate,7,"Tier 2 Scope 2 ESTIMATE (LSEG median-model style), NOT a disclosure -- see pipeline/tier2_estimation/estimate_tier2.py. Peer group: sector = 'Real Estate' (7 Tier 1 peers with a real Scope 2 value, floor=5). Revenue-based: median peer Scope 2 tCO2e/$ revenue (7.54576e-06) x this company's revenue ($2,840,326,912) = 21,432 tCO2e. Employee-based: median peer Scope 2 tCO2e/employee (208.239) x this company's employee count (514) = 107,035 tCO2e. Final estimate is the average of the available method(s): 64,234 tCO2e."
ALGN,26570.7,median_model_revenue+employees,sector:Health Care,25,"Tier 2 Scope 1 ESTIMATE (LSEG median-model style), NOT a disclosure -- see pipeline/tier2_estimation/estimate_tier2.py. Peer group: sector = 'Health Care' (25 Tier 1 peers with a real Scope 1 value, floor=5). Revenue-based: median peer Scope 1 tCO2e/$ revenue (3.54491e-06) x this company's revenue ($4,139,532,032) = 14,674 tCO2e. Employee-based: median peer Scope 1 tCO2e/employee (1.88241) x this company's employee count (20,435) = 38,467 tCO2e. Final estimate is the average of the available method(s): 26,571 tCO2e.",26623.9,median_model_revenue+employees,sector:Health Care,18,"Tier 2 Scope 2 ESTIMATE (LSEG median-model style), NOT a disclosure -- see pipeline/tier2_estimation/estimate_tier2.py. Peer group: sector = 'Health Care' (18 Tier 1 peers with a real Scope 2 value, floor=5). Revenue-based: median peer Scope 2 tCO2e/$ revenue (3.19915e-06) x this company's revenue ($4,139,532,032) = 13,243 tCO2e. Employee-based: median peer Scope 2 tCO2e/employee (1.95766) x this company's employee count (20,435) = 40,005 tCO2e. Final estimate is the average of the available method(s): 26,624 tCO2e."
ALLE,42154.9,median_model_revenue+employees,sector:Industrials,40,"Tier 2 Scope 1 ESTIMATE (LSEG median-model style), NOT a disclosure -- see pipeline/tier2_estimation/estimate_tier2.py. Peer group: sector = 'Industrials' (40 Tier 1 peers with a real Scope 1 value, floor=5). Revenue-based: median peer Scope 1 tCO2e/$ revenue (6.94524e-06) x this company's revenue ($4,288,499,968) = 29,785 tCO2e. Employee-based: median peer Scope 1 tCO2e/employee (4.09963) x this company's employee count (13,300) = 54,525 tCO2e. Final estimate is the average of the available method(s): 42,155 tCO2e.",43810.8,median_model_revenue+employees,sector:Industrials,28,"Tier 2 Scope 2 ESTIMATE (LSEG median-model style), NOT a disclosure -- see pipeline/tier2_estimation/estimate_tier2.py. Peer group: sector = 'Industrials' (28 Tier 1 peers with a real Scope 2 value, floor=5). Revenue-based: median peer Scope 2 tCO2e/$ revenue (9.89188e-06) x this company's revenue ($4,288,499,968) = 42,421 tCO2e. Employee-based: median peer Scope 2 tCO2e/employee (3.39852) x this company's employee count (13,300) = 45,200 tCO2e. Final estimate is the average of the available method(s): 43,811 tCO2e."
LNT,,,,,,41767.9,median_model_revenue+employees,sector:Utilities,10,"Tier 2 Scope 2 ESTIMATE (LSEG median-model style), NOT a disclosure -- see pipeline/tier2_estimation/estimate_tier2.py. Peer group: sector = 'Utilities' (10 Tier 1 peers with a real Scope 2 value, floor=5). Revenue-based: median peer Scope 2 tCO2e/$ revenue (9.6601e-06) x this company's revenue ($4,429,000,192) = 42,785 tCO2e. Employee-based: median peer Scope 2 tCO2e/employee (13.8233) x this company's employee count (2,948) = 40,751 tCO2e. Final estimate is the average of the available method(s): 41,768 tCO2e."
ALL,27094.1,median_model_revenue+employees,sector:Financials,21,"Tier 2 Scope 1 ESTIMATE (LSEG median-model style), NOT a disclosure -- see pipeline/tier2_estimation/estimate_tier2.py. Peer group: sector = 'Financials' (21 Tier 1 peers with a real Scope 1 value, floor=5). Revenue-based: median peer Scope 1 tCO2e/$ revenue (5.36817e-07) x this company's revenue ($70,137,004,032) = 37,651 tCO2e. Employee-based: median peer Scope 1 tCO2e/employee (0.312029) x this company's employee count (53,000) = 16,538 tCO2e. Final estimate is the average of the available method(s): 27,094 tCO2e.",13808.3,median_model_revenue+employees,sector:Financials,17,"Tier 2 Scope 2 ESTIMATE (LSEG median-model style), NOT a disclosure -- see pipeline/tier2_estimation/estimate_tier2.py. Peer group: sector = 'Financials' (17 Tier 1 peers with a real Scope 2 value, floor=5). Revenue-based: median peer Scope 2 tCO2e/$ revenue (1.98278e-07) x this company's revenue ($70,137,004,032) = 13,907 tCO2e. Employee-based: median peer Scope 2 tCO2e/employee (0.25868) x this company's employee count (53,000) = 13,710 tCO2e. Final estimate is the average of the available method(s): 13,808 tCO2e."
AEE,,,,,,102229.2,median_model_revenue+employees,sector:Utilities,10,"Tier 2 Scope 2 ESTIMATE (LSEG median-model style), NOT a disclosure -- see pipeline/tier2_estimation/estimate_tier2.py. Peer group: sector = 'Utilities' (10 Tier 1 peers with a real Scope 2 value, floor=5). Revenue-based: median peer Scope 2 tCO2e/$ revenue (9.6601e-06) x this company's revenue ($8,410,999,808) = 81,251 tCO2e. Employee-based: median peer Scope 2 tCO2e/employee (13.8233) x this company's employee count (8,913) = 123,207 tCO2e. Final estimate is the average of the available method(s): 102,229 tCO2e."
MO,,,,,,35952.2,median_model_revenue+employees,sector:Consumer Staples,16,"Tier 2 Scope 2 ESTIMATE (LSEG median-model style), NOT a disclosure -- see pipeline/tier2_estimation/estimate_tier2.py. Peer group: sector = 'Consumer Staples' (16 Tier 1 peers with a real Scope 2 value, floor=5). Revenue-based: median peer Scope 2 tCO2e/$ revenue (2.81277e-06) x this company's revenue ($20,444,000,256) = 57,504 tCO2e. Employee-based: median peer Scope 2 tCO2e/employee (2.44072) x this company's employee count (5,900) = 14,400 tCO2e. Final estimate is the average of the available method(s): 35,952 tCO2e."
AMZN,2445656.1,median_model_revenue+employees,sector:Consumer Discretionary,21,"Tier 2 Scope 1 ESTIMATE (LSEG median-model style), NOT a disclosure -- see pipeline/tier2_estimation/estimate_tier2.py. Peer group: sector = 'Consumer Discretionary' (21 Tier 1 peers with a real Scope 1 value, floor=5). Revenue-based: median peer Scope 1 tCO2e/$ revenue (3.71647e-06) x this company's revenue ($775,680,032,768) = 2,882,794 tCO2e. Employee-based: median peer Scope 1 tCO2e/employee (1.25926) x this company's employee count (1,595,000) = 2,008,519 tCO2e. Final estimate is the average of the available method(s): 2,445,656 tCO2e.",4006062.8,median_model_revenue+employees,sector:Consumer Discretionary,18,"Tier 2 Scope 2 ESTIMATE (LSEG median-model style), NOT a disclosure -- see pipeline/tier2_estimation/estimate_tier2.py. Peer group: sector = 'Consumer Discretionary' (18 Tier 1 peers with a real Scope 2 value, floor=5). Revenue-based: median peer Scope 2 tCO2e/$ revenue (6.64506e-06) x this company's revenue ($775,680,032,768) = 5,154,443 tCO2e. Employee-based: median peer Scope 2 tCO2e/employee (1.79165) x this company's employee count (1,595,000) = 2,857,683 tCO2e. Final estimate is the average of the available method(s): 4,006,063 tCO2e."
AMCR,8423262.0,median_model_revenue+employees,sector:Materials,19,"Tier 2 Scope 1 ESTIMATE (LSEG median-model style), NOT a disclosure -- see pipeline/tier2_estimation/estimate_tier2.py. Peer group: sector = 'Materials' (19 Tier 1 peers with a real Scope 1 value, floor=5). Revenue-based: median peer Scope 1 tCO2e/$ revenue (0.000159601) x this company's revenue ($23,505,999,872) = 3,751,591 tCO2e. Employee-based: median peer Scope 1 tCO2e/employee (174.599) x this company's employee count (75,000) = 13,094,933 tCO2e. Final estimate is the average of the available method(s): 8,423,262 tCO2e.",4586442.7,median_model_revenue+employees,sector:Materials,9,"Tier 2 Scope 2 ESTIMATE (LSEG median-model style), NOT a disclosure -- see pipeline/tier2_estimation/estimate_tier2.py. Peer group: sector = 'Materials' (9 Tier 1 peers with a real Scope 2 value, floor=5). Revenue-based: median peer Scope 2 tCO2e/$ revenue (0.000101463) x this company's revenue ($23,505,999,872) = 2,384,995 tCO2e. Employee-based: median peer Scope 2 tCO2e/employee (90.5052) x this company's employee count (75,000) = 6,787,891 tCO2e. Final estimate is the average of the available method(s): 4,586,443 tCO2e."
AEP,,,,,,231595.6,median_model_revenue+employees,sector:Utilities,10,"Tier 2 Scope 2 ESTIMATE (LSEG median-model style), NOT a disclosure -- see pipeline/tier2_estimation/estimate_tier2.py. Peer group: sector = 'Utilities' (10 Tier 1 peers with a real Scope 2 value, floor=5). Revenue-based: median peer Scope 2 tCO2e/$ revenue (9.6601e-06) x this company's revenue ($22,791,000,064) = 220,163 tCO2e. Employee-based: median peer Scope 2 tCO2e/employee (13.8233) x this company's employee count (17,581) = 243,028 tCO2e. Final estimate is the average of the available method(s): 231,596 tCO2e."
AXP,31015.6,median_model_revenue+employees,sector:Financials,21,"Tier 2 Scope 1 ESTIMATE (LSEG median-model style), NOT a disclosure -- see pipeline/tier2_estimation/estimate_tier2.py. Peer group: sector = 'Financials' (21 Tier 1 peers with a real Scope 1 value, floor=5). Revenue-based: median peer Scope 1 tCO2e/$ revenue (5.36817e-07) x this company's revenue ($70,912,999,424) = 38,067 tCO2e. Employee-based: median peer Scope 1 tCO2e/employee (0.312029) x this company's employee count (76,800) = 23,964 tCO2e. Final estimate is the average of the available method(s): 31,016 tCO2e.",16963.6,median_model_revenue+employees,sector:Financials,17,"Tier 2 Scope 2 ESTIMATE (LSEG median-model style), NOT a disclosure -- see pipeline/tier2_estimation/estimate_tier2.py. Peer group: sector = 'Financials' (17 Tier 1 peers with a real Scope 2 value, floor=5). Revenue-based: median peer Scope 2 tCO2e/$ revenue (1.98278e-07) x this company's revenue ($70,912,999,424) = 14,061 tCO2e. Employee-based: median peer Scope 2 tCO2e/employee (0.25868) x this company's employee count (76,800) = 19,867 tCO2e. Final estimate is the average of the available method(s): 16,964 tCO2e."
AIG,10624.9,median_model_revenue+employees,sector:Financials,21,"Tier 2 Scope 1 ESTIMATE (LSEG median-model style), NOT a disclosure -- see pipeline/tier2_estimation/estimate_tier2.py. Peer group: sector = 'Financials' (21 Tier 1 peers with a real Scope 1 value, floor=5). Revenue-based: median peer Scope 1 tCO2e/$ revenue (5.36817e-07) x this company's revenue ($26,738,999,296) = 14,354 tCO2e. Employee-based: median peer Scope 1 tCO2e/employee (0.312029) x this company's employee count (22,100) = 6,896 tCO2e. Final estimate is the average of the available method(s): 10,625 tCO2e.",5509.3,median_model_revenue+employees,sector:Financials,17,"Tier 2 Scope 2 ESTIMATE (LSEG median-model style), NOT a disclosure -- see pipeline/tier2_estimation/estimate_tier2.py. Peer group: sector = 'Financials' (17 Tier 1 peers with a real Scope 2 value, floor=5). Revenue-based: median peer Scope 2 tCO2e/$ revenue (1.98278e-07) x this company's revenue ($26,738,999,296) = 5,302 tCO2e. Employee-based: median peer Scope 2 tCO2e/employee (0.25868) x this company's employee count (22,100) = 5,717 tCO2e. Final estimate is the average of the available method(s): 5,509 tCO2e."
AMT,40585.7,median_model_revenue+employees,sector:Real Estate,8,"Tier 2 Scope 1 ESTIMATE (LSEG median-model style), NOT a disclosure -- see pipeline/tier2_estimation/estimate_tier2.py. Peer group: sector = 'Real Estate' (8 Tier 1 peers with a real Scope 1 value, floor=5). Revenue-based: median peer Scope 1 tCO2e/$ revenue (5.49255e-06) x this company's revenue ($10,941,500,416) = 60,097 tCO2e. Employee-based: median peer Scope 1 tCO2e/employee (4.331) x this company's employee count (4,866) = 21,075 tCO2e. Final estimate is the average of the available method(s): 40,586 tCO2e.",547926.7,median_model_revenue+employees,sector:Real Estate,7,"Tier 2 Scope 2 ESTIMATE (LSEG median-model style), NOT a disclosure -- see pipeline/tier2_estimation/estimate_tier2.py. Peer group: sector = 'Real Estate' (7 Tier 1 peers with a real Scope 2 value, floor=5). Revenue-based: median peer Scope 2 tCO2e/$ revenue (7.54576e-06) x this company's revenue ($10,941,500,416) = 82,562 tCO2e. Employee-based: median peer Scope 2 tCO2e/employee (208.239) x this company's employee count (4,866) = 1,013,291 tCO2e. Final estimate is the average of the available method(s): 547,927 tCO2e."
AME,73429.3,median_model_revenue+employees,sector:Industrials,40,"Tier 2 Scope 1 ESTIMATE (LSEG median-model style), NOT a disclosure -- see pipeline/tier2_estimation/estimate_tier2.py. Peer group: sector = 'Industrials' (40 Tier 1 peers with a real Scope 1 value, floor=5). Revenue-based: median peer Scope 1 tCO2e/$ revenue (6.94524e-06) x this company's revenue ($7,863,923,200) = 54,617 tCO2e. Employee-based: median peer Scope 1 tCO2e/employee (4.09963) x this company's employee count (22,500) = 92,242 tCO2e. Final estimate is the average of the available method(s): 73,429 tCO2e.",77127.8,median_model_revenue+employees,sector:Industrials,28,"Tier 2 Scope 2 ESTIMATE (LSEG median-model style), NOT a disclosure -- see pipeline/tier2_estimation/estimate_tier2.py. Peer group: sector = 'Industrials' (28 Tier 1 peers with a real Scope 2 value, floor=5). Revenue-based: median peer Scope 2 tCO2e/$ revenue (9.89188e-06) x this company's revenue ($7,863,923,200) = 77,789 tCO2e. Employee-based: median peer Scope 2 tCO2e/employee (3.39852) x this company's employee count (22,500) = 76,467 tCO2e. Final estimate is the average of the available method(s): 77,128 tCO2e."
APH,59426.4,median_model_revenue+employees,sector:Information Technology,37,"Tier 2 Scope 1 ESTIMATE (LSEG median-model style), NOT a disclosure -- see pipeline/tier2_estimation/estimate_tier2.py. Peer group: sector = 'Information Technology' (37 Tier 1 peers with a real Scope 1 value, floor=5). Revenue-based: median peer Scope 1 tCO2e/$ revenue (6.23987e-07) x this company's revenue ($29,011,599,360) = 18,103 tCO2e. Employee-based: median peer Scope 1 tCO2e/employee (0.592647) x this company's employee count (170,000) = 100,750 tCO2e. Final estimate is the average of the available method(s): 59,426 tCO2e.",156867.2,median_model_revenue+employees,sector:Information Technology,29,"Tier 2 Scope 2 ESTIMATE (LSEG median-model style), NOT a disclosure -- see pipeline/tier2_estimation/estimate_tier2.py. Peer group: sector = 'Information Technology' (29 Tier 1 peers with a real Scope 2 value, floor=5). Revenue-based: median peer Scope 2 tCO2e/$ revenue (2.34945e-06) x this company's revenue ($29,011,599,360) = 68,161 tCO2e. Employee-based: median peer Scope 2 tCO2e/employee (1.44455) x this company's employee count (170,000) = 245,573 tCO2e. Final estimate is the average of the available method(s): 156,867 tCO2e."
ADI,,,,,,52669.1,median_model_revenue+employees,sub_industry:Semiconductors,5,"Tier 2 Scope 2 ESTIMATE (LSEG median-model style), NOT a disclosure -- see pipeline/tier2_estimation/estimate_tier2.py. Peer group: sub_industry = 'Semiconductors' (5 Tier 1 peers with a real Scope 2 value, floor=5). Revenue-based: median peer Scope 2 tCO2e/$ revenue (2.34945e-06) x this company's revenue ($13,881,744,384) = 32,614 tCO2e. Employee-based: median peer Scope 2 tCO2e/employee (2.96832) x this company's employee count (24,500) = 72,724 tCO2e. Final estimate is the average of the available method(s): 52,669 tCO2e."
APA,,,,,,197488.6,median_model_revenue+employees,sector:Energy,6,"Tier 2 Scope 2 ESTIMATE (LSEG median-model style), NOT a disclosure -- see pipeline/tier2_estimation/estimate_tier2.py. Peer group: sector = 'Energy' (6 Tier 1 peers with a real Scope 2 value, floor=5). Revenue-based: median peer Scope 2 tCO2e/$ revenue (1.7615e-05) x this company's revenue ($8,572,000,256) = 150,996 tCO2e. Employee-based: median peer Scope 2 tCO2e/employee (136.226) x this company's employee count (1,791) = 243,981 tCO2e. Final estimate is the average of the available method(s): 197,489 tCO2e."
APO,10512.7,median_model_revenue+employees,sector:Financials,21,"Tier 2 Scope 1 ESTIMATE (LSEG median-model style), NOT a disclosure -- see pipeline/tier2_estimation/estimate_tier2.py. Peer group: sector = 'Financials' (21 Tier 1 peers with a real Scope 1 value, floor=5). Revenue-based: median peer Scope 1 tCO2e/$ revenue (5.36817e-07) x this company's revenue ($35,598,000,128) = 19,110 tCO2e. Employee-based: median peer Scope 1 tCO2e/employee (0.312029) x this company's employee count (6,140) = 1,916 tCO2e. Final estimate is the average of the available method(s): 10,513 tCO2e.",4323.3,median_model_revenue+employees,sector:Financials,17,"Tier 2 Scope 2 ESTIMATE (LSEG median-model style), NOT a disclosure -- see pipeline/tier2_estimation/estimate_tier2.py. Peer group: sector = 'Financials' (17 Tier 1 peers with a real Scope 2 value, floor=5). Revenue-based: median peer Scope 2 tCO2e/$ revenue (1.98278e-07) x this company's revenue ($35,598,000,128) = 7,058 tCO2e. Employee-based: median peer Scope 2 tCO2e/employee (0.25868) x this company's employee count (6,140) = 1,588 tCO2e. Final estimate is the average of the available method(s): 4,323 tCO2e."
AMAT,21147.9,median_model_revenue+employees,sector:Information Technology,37,"Tier 2 Scope 1 ESTIMATE (LSEG median-model style), NOT a disclosure -- see pipeline/tier2_estimation/estimate_tier2.py. Peer group: sector = 'Information Technology' (37 Tier 1 peers with a real Scope 1 value, floor=5). Revenue-based: median peer Scope 1 tCO2e/$ revenue (6.23987e-07) x this company's revenue ($30,837,000,192) = 19,242 tCO2e. Employee-based: median peer Scope 1 tCO2e/employee (0.592647) x this company's employee count (38,900) = 23,054 tCO2e. Final estimate is the average of the available method(s): 21,148 tCO2e.",64321.4,median_model_revenue+employees,sector:Information Technology,29,"Tier 2 Scope 2 ESTIMATE (LSEG median-model style), NOT a disclosure -- see pipeline/tier2_estimation/estimate_tier2.py. Peer group: sector = 'Information Technology' (29 Tier 1 peers with a real Scope 2 value, floor=5). Revenue-based: median peer Scope 2 tCO2e/$ revenue (2.34945e-06) x this company's revenue ($30,837,000,192) = 72,450 tCO2e. Employee-based: median peer Scope 2 tCO2e/employee (1.44455) x this company's employee count (38,900) = 56,193 tCO2e. Final estimate is the average of the available method(s): 64,321 tCO2e."
APP,2776.2,median_model_revenue+employees,sector:Communication Services,6,"Tier 2 Scope 1 ESTIMATE (LSEG median-model style), NOT a disclosure -- see pipeline/tier2_estimation/estimate_tier2.py. Peer group: sector = 'Communication Services' (6 Tier 1 peers with a real Scope 1 value, floor=5). Revenue-based: median peer Scope 1 tCO2e/$ revenue (6.73153e-07) x this company's revenue ($6,829,124,096) = 4,597 tCO2e. Employee-based: median peer Scope 1 tCO2e/employee (1.09064) x this company's employee count (876) = 955 tCO2e. Final estimate is the average of the available method(s): 2,776 tCO2e.",19684.0,median_model_revenue+employees,sector:Communication Services,6,"Tier 2 Scope 2 ESTIMATE (LSEG median-model style), NOT a disclosure -- see pipeline/tier2_estimation/estimate_tier2.py. Peer group: sector = 'Communication Services' (6 Tier 1 peers with a real Scope 2 value, floor=5). Revenue-based: median peer Scope 2 tCO2e/$ revenue (5.2889e-06) x this company's revenue ($6,829,124,096) = 36,119 tCO2e. Employee-based: median peer Scope 2 tCO2e/employee (3.70951) x this company's employee count (876) = 3,250 tCO2e. Final estimate is the average of the available method(s): 19,684 tCO2e."
A,30196.5,median_model_revenue+employees,sector:Health Care,25,"Tier 2 Scope 1 ESTIMATE (LSEG median-model style), NOT a disclosure -- see pipeline/tier2_estimation/estimate_tier2.py. Peer group: sector = 'Health Care' (25 Tier 1 peers with a real Scope 1 value, floor=5). Revenue-based: median peer Scope 1 tCO2e/$ revenue (3.54491e-06) x this company's revenue ($7,372,000,256) = 26,133 tCO2e. Employee-based: median peer Scope 1 tCO2e/employee (1.88241) x this company's employee count (18,200) = 34,260 tCO2e. Final estimate is the average of the available method(s): 30,196 tCO2e.",29606.7,median_model_revenue+employees,sector:Health Care,18,"Tier 2 Scope 2 ESTIMATE (LSEG median-model style), NOT a disclosure -- see pipeline/tier2_estimation/estimate_tier2.py. Peer group: sector = 'Health Care' (18 Tier 1 peers with a real Scope 2 value, floor=5). Revenue-based: median peer Scope 2 tCO2e/$ revenue (3.19915e-06) x this company's revenue ($7,372,000,256) = 23,584 tCO2e. Employee-based: median peer Scope 2 tCO2e/employee (1.95766) x this company's employee count (18,200) = 35,629 tCO2e. Final estimate is the average of the available method(s): 29,607 tCO2e."
ACGL,6410.1,median_model_revenue+employees,sector:Financials,21,"Tier 2 Scope 1 ESTIMATE (LSEG median-model style), NOT a disclosure -- see pipeline/tier2_estimation/estimate_tier2.py. Peer group: sector = 'Financials' (21 Tier 1 peers with a real Scope 1 value, floor=5). Revenue-based: median peer Scope 1 tCO2e/$ revenue (5.36817e-07) x this company's revenue ($19,232,000,000) = 10,324 tCO2e. Employee-based: median peer Scope 1 tCO2e/employee (0.312029) x this company's employee count (8,000) = 2,496 tCO2e. Final estimate is the average of the available method(s): 6,410 tCO2e.",2941.4,median_model_revenue+employees,sector:Financials,17,"Tier 2 Scope 2 ESTIMATE (LSEG median-model style), NOT a disclosure -- see pipeline/tier2_estimation/estimate_tier2.py. Peer group: sector = 'Financials' (17 Tier 1 peers with a real Scope 2 value, floor=5). Revenue-based: median peer Scope 2 tCO2e/$ revenue (1.98278e-07) x this company's revenue ($19,232,000,000) = 3,813 tCO2e. Employee-based: median peer Scope 2 tCO2e/employee (0.25868) x this company's employee count (8,000) = 2,069 tCO2e. Final estimate is the average of the available method(s): 2,941 tCO2e."
ANET,4804.4,median_model_revenue+employees,sector:Information Technology,37,"Tier 2 Scope 1 ESTIMATE (LSEG median-model style), NOT a disclosure -- see pipeline/tier2_estimation/estimate_tier2.py. Peer group: sector = 'Information Technology' (37 Tier 1 peers with a real Scope 1 value, floor=5). Revenue-based: median peer Scope 1 tCO2e/$ revenue (6.23987e-07) x this company's revenue ($10,540,800,000) = 6,577 tCO2e. Employee-based: median peer Scope 1 tCO2e/employee (0.592647) x this company's employee count (5,115) = 3,031 tCO2e. Final estimate is the average of the available method(s): 4,804 tCO2e.",16077.0,median_model_revenue+employees,sector:Information Technology,29,"Tier 2 Scope 2 ESTIMATE (LSEG median-model style), NOT a disclosure -- see pipeline/tier2_estimation/estimate_tier2.py. Peer group: sector = 'Information Technology' (29 Tier 1 peers with a real Scope 2 value, floor=5). Revenue-based: median peer Scope 2 tCO2e/$ revenue (2.34945e-06) x this company's revenue ($10,540,800,000) = 24,765 tCO2e. Employee-based: median peer Scope 2 tCO2e/employee (1.44455) x this company's employee count (5,115) = 7,389 tCO2e. Final estimate is the average of the available method(s): 16,077 tCO2e."
AJG,14579.5,median_model_revenue+employees,sector:Financials,21,"Tier 2 Scope 1 ESTIMATE (LSEG median-model style), NOT a disclosure -- see pipeline/tier2_estimation/estimate_tier2.py. Peer group: sector = 'Financials' (21 Tier 1 peers with a real Scope 1 value, floor=5). Revenue-based: median peer Scope 1 tCO2e/$ revenue (5.36817e-07) x this company's revenue ($15,109,000,192) = 8,111 tCO2e. Employee-based: median peer Scope 1 tCO2e/employee (0.312029) x this company's employee count (67,456) = 21,048 tCO2e. Final estimate is the average of the available method(s): 14,579 tCO2e.",10222.7,median_model_revenue+employees,sector:Financials,17,"Tier 2 Scope 2 ESTIMATE (LSEG median-model style), NOT a disclosure -- see pipeline/tier2_estimation/estimate_tier2.py. Peer group: sector = 'Financials' (17 Tier 1 peers with a real Scope 2 value, floor=5). Revenue-based: median peer Scope 2 tCO2e/$ revenue (1.98278e-07) x this company's revenue ($15,109,000,192) = 2,996 tCO2e. Employee-based: median peer Scope 2 tCO2e/employee (0.25868) x this company's employee count (67,456) = 17,450 tCO2e. Final estimate is the average of the available method(s): 10,223 tCO2e."
ALB,,,,,,652687.8,median_model_revenue+employees,sector:Materials,9,"Tier 2 Scope 2 ESTIMATE (LSEG median-model style), NOT a disclosure -- see pipeline/tier2_estimation/estimate_tier2.py. Peer group: sector = 'Materials' (9 Tier 1 peers with a real Scope 2 value, floor=5). Revenue-based: median peer Scope 2 tCO2e/$ revenue (0.000101463) x this company's revenue ($5,907,904,000) = 599,435 tCO2e. Employee-based: median peer Scope 2 tCO2e/employee (90.5052) x this company's employee count (7,800) = 705,941 tCO2e. Final estimate is the average of the available method(s): 652,688 tCO2e."
ARES,,,,,,1155.3,median_model_revenue+employees,sector:Financials,17,"Tier 2 Scope 2 ESTIMATE (LSEG median-model style), NOT a disclosure -- see pipeline/tier2_estimation/estimate_tier2.py. Peer group: sector = 'Financials' (17 Tier 1 peers with a real Scope 2 value, floor=5). Revenue-based: median peer Scope 2 tCO2e/$ revenue (1.98278e-07) x this company's revenue ($5,987,594,752) = 1,187 tCO2e. Employee-based: median peer Scope 2 tCO2e/employee (0.25868) x this company's employee count (4,343) = 1,123 tCO2e. Final estimate is the average of the available method(s): 1,155 tCO2e."
T,115369.3,median_model_revenue+employees,sector:Communication Services,6,"Tier 2 Scope 1 ESTIMATE (LSEG median-model style), NOT a disclosure -- see pipeline/tier2_estimation/estimate_tier2.py. Peer group: sector = 'Communication Services' (6 Tier 1 peers with a real Scope 1 value, floor=5). Revenue-based: median peer Scope 1 tCO2e/$ revenue (6.73153e-07) x this company's revenue ($127,238,995,968) = 85,651 tCO2e. Employee-based: median peer Scope 1 tCO2e/employee (1.09064) x this company's employee count (133,030) = 145,087 tCO2e. Final estimate is the average of the available method(s): 115,369 tCO2e.",583215.4,median_model_revenue+employees,sector:Communication Services,6,"Tier 2 Scope 2 ESTIMATE (LSEG median-model style), NOT a disclosure -- see pipeline/tier2_estimation/estimate_tier2.py. Peer group: sector = 'Communication Services' (6 Tier 1 peers with a real Scope 2 value, floor=5). Revenue-based: median peer Scope 2 tCO2e/$ revenue (5.2889e-06) x this company's revenue ($127,238,995,968) = 672,954 tCO2e. Employee-based: median peer Scope 2 tCO2e/employee (3.70951) x this company's employee count (133,030) = 493,477 tCO2e. Final estimate is the average of the available method(s): 583,215 tCO2e."
ATO,,,,,,61695.5,median_model_revenue+employees,sector:Utilities,10,"Tier 2 Scope 2 ESTIMATE (LSEG median-model style), NOT a disclosure -- see pipeline/tier2_estimation/estimate_tier2.py. Peer group: sector = 'Utilities' (10 Tier 1 peers with a real Scope 2 value, floor=5). Revenue-based: median peer Scope 2 tCO2e/$ revenue (9.6601e-06) x this company's revenue ($4,921,525,760) = 47,542 tCO2e. Employee-based: median peer Scope 2 tCO2e/employee (13.8233) x this company's employee count (5,487) = 75,849 tCO2e. Final estimate is the average of the available method(s): 61,696 tCO2e."
BAX,,,,,,42464.5,median_model_revenue+employees,sub_industry:Health Care Equipment,5,"Tier 2 Scope 2 ESTIMATE (LSEG median-model style), NOT a disclosure -- see pipeline/tier2_estimation/estimate_tier2.py. Peer group: sub_industry = 'Health Care Equipment' (5 Tier 1 peers with a real Scope 2 value, floor=5). Revenue-based: median peer Scope 2 tCO2e/$ revenue (3.17691e-06) x this company's revenue ($11,470,000,128) = 36,439 tCO2e. Employee-based: median peer Scope 2 tCO2e/employee (1.29306) x this company's employee count (37,500) = 48,490 tCO2e. Final estimate is the average of the available method(s): 42,465 tCO2e."
ADP,213552.6,median_model_revenue+employees,sector:Industrials,40,"Tier 2 Scope 1 ESTIMATE (LSEG median-model style), NOT a disclosure -- see pipeline/tier2_estimation/estimate_tier2.py. Peer group: sector = 'Industrials' (40 Tier 1 peers with a real Scope 1 value, floor=5). Revenue-based: median peer Scope 1 tCO2e/$ revenue (6.94524e-06) x this company's revenue ($21,947,400,192) = 152,430 tCO2e. Employee-based: median peer Scope 1 tCO2e/employee (4.09963) x this company's employee count (67,000) = 274,675 tCO2e. Final estimate is the average of the available method(s): 213,553 tCO2e.",222400.8,median_model_revenue+employees,sector:Industrials,28,"Tier 2 Scope 2 ESTIMATE (LSEG median-model style), NOT a disclosure -- see pipeline/tier2_estimation/estimate_tier2.py. Peer group: sector = 'Industrials' (28 Tier 1 peers with a real Scope 2 value, floor=5). Revenue-based: median peer Scope 2 tCO2e/$ revenue (9.89188e-06) x this company's revenue ($21,947,400,192) = 217,101 tCO2e. Employee-based: median peer Scope 2 tCO2e/employee (3.39852) x this company's employee count (67,000) = 227,701 tCO2e. Final estimate is the average of the available method(s): 222,401 tCO2e."
AZO,86250.6,median_model_revenue+employees,sector:Consumer Discretionary,21,"Tier 2 Scope 1 ESTIMATE (LSEG median-model style), NOT a disclosure -- see pipeline/tier2_estimation/estimate_tier2.py. Peer group: sector = 'Consumer Discretionary' (21 Tier 1 peers with a real Scope 1 value, floor=5). Revenue-based: median peer Scope 1 tCO2e/$ revenue (3.71647e-06) x this company's revenue ($19,986,403,328) = 74,279 tCO2e. Employee-based: median peer Scope 1 tCO2e/employee (1.25926) x this company's employee count (78,000) = 98,222 tCO2e. Final estimate is the average of the available method(s): 86,251 tCO2e.",136279.8,median_model_revenue+employees,sector:Consumer Discretionary,18,"Tier 2 Scope 2 ESTIMATE (LSEG median-model style), NOT a disclosure -- see pipeline/tier2_estimation/estimate_tier2.py. Peer group: sector = 'Consumer Discretionary' (18 Tier 1 peers with a real Scope 2 value, floor=5). Revenue-based: median peer Scope 2 tCO2e/$ revenue (6.64506e-06) x this company's revenue ($19,986,403,328) = 132,811 tCO2e. Employee-based: median peer Scope 2 tCO2e/employee (1.79165) x this company's employee count (78,000) = 139,749 tCO2e. Final estimate is the average of the available method(s): 136,280 tCO2e."
AXON,8668.6,median_model_revenue+employees,sub_industry:Aerospace & Defense,9,"Tier 2 Scope 1 ESTIMATE (LSEG median-model style), NOT a disclosure -- see pipeline/tier2_estimation/estimate_tier2.py. Peer group: sub_industry = 'Aerospace & Defense' (9 Tier 1 peers with a real Scope 1 value, floor=5). Revenue-based: median peer Scope 1 tCO2e/$ revenue (3.63289e-06) x this company's revenue ($3,219,098,880) = 11,695 tCO2e. Employee-based: median peer Scope 1 tCO2e/employee (1.1064) x this company's employee count (5,100) = 5,643 tCO2e. Final estimate is the average of the available method(s): 8,669 tCO2e.",24587.7,median_model_revenue+employees,sector:Industrials,28,"Tier 2 Scope 2 ESTIMATE (LSEG median-model style), NOT a disclosure -- see pipeline/tier2_estimation/estimate_tier2.py. Peer group: sector = 'Industrials' (28 Tier 1 peers with a real Scope 2 value, floor=5). Revenue-based: median peer Scope 2 tCO2e/$ revenue (9.89188e-06) x this company's revenue ($3,219,098,880) = 31,843 tCO2e. Employee-based: median peer Scope 2 tCO2e/employee (3.39852) x this company's employee count (5,100) = 17,332 tCO2e. Final estimate is the average of the available method(s): 24,588 tCO2e."
BKR,23501216.9,median_model_revenue+employees,sector:Energy,17,"Tier 2 Scope 1 ESTIMATE (LSEG median-model style), NOT a disclosure -- see pipeline/tier2_estimation/estimate_tier2.py. Peer group: sector = 'Energy' (17 Tier 1 peers with a real Scope 1 value, floor=5). Revenue-based: median peer Scope 1 tCO2e/$ revenue (0.000177718) x this company's revenue ($27,725,000,704) = 4,927,236 tCO2e. Employee-based: median peer Scope 1 tCO2e/employee (779.17) x this company's employee count (54,000) = 42,075,197 tCO2e. Final estimate is the average of the available method(s): 23,501,217 tCO2e.",3922298.8,median_model_revenue+employees,sector:Energy,6,"Tier 2 Scope 2 ESTIMATE (LSEG median-model style), NOT a disclosure -- see pipeline/tier2_estimation/estimate_tier2.py. Peer group: sector = 'Energy' (6 Tier 1 peers with a real Scope 2 value, floor=5). Revenue-based: median peer Scope 2 tCO2e/$ revenue (1.7615e-05) x this company's revenue ($27,725,000,704) = 488,376 tCO2e. Employee-based: median peer Scope 2 tCO2e/employee (136.226) x this company's employee count (54,000) = 7,356,222 tCO2e. Final estimate is the average of the available method(s): 3,922,299 tCO2e."
BALL,2540017.7,median_model_revenue+employees,sector:Materials,19,"Tier 2 Scope 1 ESTIMATE (LSEG median-model style), NOT a disclosure -- see pipeline/tier2_estimation/estimate_tier2.py. Peer group: sector = 'Materials' (19 Tier 1 peers with a real Scope 1 value, floor=5). Revenue-based: median peer Scope 1 tCO2e/$ revenue (0.000159601) x this company's revenue ($14,325,999,616) = 2,286,450 tCO2e. Employee-based: median peer Scope 1 tCO2e/employee (174.599) x this company's employee count (16,000) = 2,793,586 tCO2e. Final estimate is the average of the available method(s): 2,540,018 tCO2e.",1450822.8,median_model_revenue+employees,sector:Materials,9,"Tier 2 Scope 2 ESTIMATE (LSEG median-model style), NOT a disclosure -- see pipeline/tier2_estimation/estimate_tier2.py. Peer group: sector = 'Materials' (9 Tier 1 peers with a real Scope 2 value, floor=5). Revenue-based: median peer Scope 2 tCO2e/$ revenue (0.000101463) x this company's revenue ($14,325,999,616) = 1,453,562 tCO2e. Employee-based: median peer Scope 2 tCO2e/employee (90.5052) x this company's employee count (16,000) = 1,448,083 tCO2e. Final estimate is the average of the available method(s): 1,450,823 tCO2e."
TECH,4977.2,median_model_revenue+employees,sector:Health Care,25,"Tier 2 Scope 1 ESTIMATE (LSEG median-model style), NOT a disclosure -- see pipeline/tier2_estimation/estimate_tier2.py. Peer group: sector = 'Health Care' (25 Tier 1 peers with a real Scope 1 value, floor=5). Revenue-based: median peer Scope 1 tCO2e/$ revenue (3.54491e-06) x this company's revenue ($1,215,038,976) = 4,307 tCO2e. Employee-based: median peer Scope 1 tCO2e/employee (1.88241) x this company's employee count (3,000) = 5,647 tCO2e. Final estimate is the average of the available method(s): 4,977 tCO2e.",4880.0,median_model_revenue+employees,sector:Health Care,18,"Tier 2 Scope 2 ESTIMATE (LSEG median-model style), NOT a disclosure -- see pipeline/tier2_estimation/estimate_tier2.py. Peer group: sector = 'Health Care' (18 Tier 1 peers with a real Scope 2 value, floor=5). Revenue-based: median peer Scope 2 tCO2e/$ revenue (3.19915e-06) x this company's revenue ($1,215,038,976) = 3,887 tCO2e. Employee-based: median peer Scope 2 tCO2e/employee (1.95766) x this company's employee count (3,000) = 5,873 tCO2e. Final estimate is the average of the available method(s): 4,880 tCO2e."
BIIB,,,,,,23381.6,median_model_revenue+employees,sector:Health Care,18,"Tier 2 Scope 2 ESTIMATE (LSEG median-model style), NOT a disclosure -- see pipeline/tier2_estimation/estimate_tier2.py. Peer group: sector = 'Health Care' (18 Tier 1 peers with a real Scope 2 value, floor=5). Revenue-based: median peer Scope 2 tCO2e/$ revenue (3.19915e-06) x this company's revenue ($10,027,899,904) = 32,081 tCO2e. Employee-based: median peer Scope 2 tCO2e/employee (1.95766) x this company's employee count (7,500) = 14,682 tCO2e. Final estimate is the average of the available method(s): 23,382 tCO2e."
BLK,,,,,,6095.1,median_model_revenue+employees,sector:Financials,17,"Tier 2 Scope 2 ESTIMATE (LSEG median-model style), NOT a disclosure -- see pipeline/tier2_estimation/estimate_tier2.py. Peer group: sector = 'Financials' (17 Tier 1 peers with a real Scope 2 value, floor=5). Revenue-based: median peer Scope 2 tCO2e/$ revenue (1.98278e-07) x this company's revenue ($27,299,000,320) = 5,413 tCO2e. Employee-based: median peer Scope 2 tCO2e/employee (0.25868) x this company's employee count (26,200) = 6,777 tCO2e. Final estimate is the average of the available method(s): 6,095 tCO2e."
BX,4980.4,median_model_revenue+employees,sector:Financials,21,"Tier 2 Scope 1 ESTIMATE (LSEG median-model style), NOT a disclosure -- see pipeline/tier2_estimation/estimate_tier2.py. Peer group: sector = 'Financials' (21 Tier 1 peers with a real Scope 1 value, floor=5). Revenue-based: median peer Scope 1 tCO2e/$ revenue (5.36817e-07) x this company's revenue ($15,483,307,008) = 8,312 tCO2e. Employee-based: median peer Scope 1 tCO2e/employee (0.312029) x this company's employee count (5,285) = 1,649 tCO2e. Final estimate is the average of the available method(s): 4,980 tCO2e.",2218.6,median_model_revenue+employees,sector:Financials,17,"Tier 2 Scope 2 ESTIMATE (LSEG median-model style), NOT a disclosure -- see pipeline/tier2_estimation/estimate_tier2.py. Peer group: sector = 'Financials' (17 Tier 1 peers with a real Scope 2 value, floor=5). Revenue-based: median peer Scope 2 tCO2e/$ revenue (1.98278e-07) x this company's revenue ($15,483,307,008) = 3,070 tCO2e. Employee-based: median peer Scope 2 tCO2e/employee (0.25868) x this company's employee count (5,285) = 1,367 tCO2e. Final estimate is the average of the available method(s): 2,219 tCO2e."
BNY,13002.6,median_model_revenue+employees,sector:Financials,21,"Tier 2 Scope 1 ESTIMATE (LSEG median-model style), NOT a disclosure -- see pipeline/tier2_estimation/estimate_tier2.py. Peer group: sector = 'Financials' (21 Tier 1 peers with a real Scope 1 value, floor=5). Revenue-based: median peer Scope 1 tCO2e/$ revenue (5.36817e-07) x this company's revenue ($21,415,000,064) = 11,496 tCO2e. Employee-based: median peer Scope 1 tCO2e/employee (0.312029) x this company's employee count (46,500) = 14,509 tCO2e. Final estimate is the average of the available method(s): 13,003 tCO2e.",8137.4,median_model_revenue+employees,sector:Financials,17,"Tier 2 Scope 2 ESTIMATE (LSEG median-model style), NOT a disclosure -- see pipeline/tier2_estimation/estimate_tier2.py. Peer group: sector = 'Financials' (17 Tier 1 peers with a real Scope 2 value, floor=5). Revenue-based: median peer Scope 2 tCO2e/$ revenue (1.98278e-07) x this company's revenue ($21,415,000,064) = 4,246 tCO2e. Employee-based: median peer Scope 2 tCO2e/employee (0.25868) x this company's employee count (46,500) = 12,029 tCO2e. Final estimate is the average of the available method(s): 8,137 tCO2e."
BA,,,,,,774158.6,median_model_revenue+employees,sector:Industrials,28,"Tier 2 Scope 2 ESTIMATE (LSEG median-model style), NOT a disclosure -- see pipeline/tier2_estimation/estimate_tier2.py. Peer group: sector = 'Industrials' (28 Tier 1 peers with a real Scope 2 value, floor=5). Revenue-based: median peer Scope 2 tCO2e/$ revenue (9.89188e-06) x this company's revenue ($93,994,999,808) = 929,787 tCO2e. Employee-based: median peer Scope 2 tCO2e/employee (3.39852) x this company's employee count (182,000) = 618,530 tCO2e. Final estimate is the average of the available method(s): 774,159 tCO2e."
BKNG,68565.5,median_model_revenue+employees,sector:Consumer Discretionary,21,"Tier 2 Scope 1 ESTIMATE (LSEG median-model style), NOT a disclosure -- see pipeline/tier2_estimation/estimate_tier2.py. Peer group: sector = 'Consumer Discretionary' (21 Tier 1 peers with a real Scope 1 value, floor=5). Revenue-based: median peer Scope 1 tCO2e/$ revenue (3.71647e-06) x this company's revenue ($28,241,000,448) = 104,957 tCO2e. Employee-based: median peer Scope 1 tCO2e/employee (1.25926) x this company's employee count (25,550) = 32,174 tCO2e. Final estimate is the average of the available method(s): 68,565 tCO2e.",116720.0,median_model_revenue+employees,sector:Consumer Discretionary,18,"Tier 2 Scope 2 ESTIMATE (LSEG median-model style), NOT a disclosure -- see pipeline/tier2_estimation/estimate_tier2.py. Peer group: sector = 'Consumer Discretionary' (18 Tier 1 peers with a real Scope 2 value, floor=5). Revenue-based: median peer Scope 2 tCO2e/$ revenue (6.64506e-06) x this company's revenue ($28,241,000,448) = 187,663 tCO2e. Employee-based: median peer Scope 2 tCO2e/employee (1.79165) x this company's employee count (25,550) = 45,777 tCO2e. Final estimate is the average of the available method(s): 116,720 tCO2e."
BRK.B,,,,,,88295.6,median_model_revenue+employees,sector:Financials,17,"Tier 2 Scope 2 ESTIMATE (LSEG median-model style), NOT a disclosure -- see pipeline/tier2_estimation/estimate_tier2.py. Peer group: sector = 'Financials' (17 Tier 1 peers with a real Scope 2 value, floor=5). Revenue-based: median peer Scope 2 tCO2e/$ revenue (1.98278e-07) x this company's revenue ($384,687,013,888) = 76,275 tCO2e. Employee-based: median peer Scope 2 tCO2e/employee (0.25868) x this company's employee count (387,800) = 100,316 tCO2e. Final estimate is the average of the available method(s): 88,296 tCO2e."
BR,58761.1,median_model_revenue+employees,sector:Industrials,40,"Tier 2 Scope 1 ESTIMATE (LSEG median-model style), NOT a disclosure -- see pipeline/tier2_estimation/estimate_tier2.py. Peer group: sector = 'Industrials' (40 Tier 1 peers with a real Scope 1 value, floor=5). Revenue-based: median peer Scope 1 tCO2e/$ revenue (6.94524e-06) x this company's revenue ($7,476,800,000) = 51,928 tCO2e. Employee-based: median peer Scope 1 tCO2e/employee (4.09963) x this company's employee count (16,000) = 65,594 tCO2e. Final estimate is the average of the available method(s): 58,761 tCO2e.",64167.9,median_model_revenue+employees,sector:Industrials,28,"Tier 2 Scope 2 ESTIMATE (LSEG median-model style), NOT a disclosure -- see pipeline/tier2_estimation/estimate_tier2.py. Peer group: sector = 'Industrials' (28 Tier 1 peers with a real Scope 2 value, floor=5). Revenue-based: median peer Scope 2 tCO2e/$ revenue (9.89188e-06) x this company's revenue ($7,476,800,000) = 73,960 tCO2e. Employee-based: median peer Scope 2 tCO2e/employee (3.39852) x this company's employee count (16,000) = 54,376 tCO2e. Final estimate is the average of the available method(s): 64,168 tCO2e."
CAH,505974.5,median_model_revenue+employees,sector:Health Care,25,"Tier 2 Scope 1 ESTIMATE (LSEG median-model style), NOT a disclosure -- see pipeline/tier2_estimation/estimate_tier2.py. Peer group: sector = 'Health Care' (25 Tier 1 peers with a real Scope 1 value, floor=5). Revenue-based: median peer Scope 1 tCO2e/$ revenue (3.54491e-06) x this company's revenue ($254,247,993,344) = 901,286 tCO2e. Employee-based: median peer Scope 1 tCO2e/employee (1.88241) x this company's employee count (58,788) = 110,663 tCO2e. Final estimate is the average of the available method(s): 505,974 tCO2e.",464231.8,median_model_revenue+employees,sector:Health Care,18,"Tier 2 Scope 2 ESTIMATE (LSEG median-model style), NOT a disclosure -- see pipeline/tier2_estimation/estimate_tier2.py. Peer group: sector = 'Health Care' (18 Tier 1 peers with a real Scope 2 value, floor=5). Revenue-based: median peer Scope 2 tCO2e/$ revenue (3.19915e-06) x this company's revenue ($254,247,993,344) = 813,377 tCO2e. Employee-based: median peer Scope 2 tCO2e/employee (1.95766) x this company's employee count (58,788) = 115,087 tCO2e. Final estimate is the average of the available method(s): 464,232 tCO2e."
BLDR,107569.7,median_model_revenue+employees,sector:Industrials,40,"Tier 2 Scope 1 ESTIMATE (LSEG median-model style), NOT a disclosure -- see pipeline/tier2_estimation/estimate_tier2.py. Peer group: sector = 'Industrials' (40 Tier 1 peers with a real Scope 1 value, floor=5). Revenue-based: median peer Scope 1 tCO2e/$ revenue (6.94524e-06) x this company's revenue ($14,448,703,488) = 100,350 tCO2e. Employee-based: median peer Scope 1 tCO2e/employee (4.09963) x this company's employee count (28,000) = 114,790 tCO2e. Final estimate is the average of the available method(s): 107,570 tCO2e.",119041.6,median_model_revenue+employees,sector:Industrials,28,"Tier 2 Scope 2 ESTIMATE (LSEG median-model style), NOT a disclosure -- see pipeline/tier2_estimation/estimate_tier2.py. Peer group: sector = 'Industrials' (28 Tier 1 peers with a real Scope 2 value, floor=5). Revenue-based: median peer Scope 2 tCO2e/$ revenue (9.89188e-06) x this company's revenue ($14,448,703,488) = 142,925 tCO2e. Employee-based: median peer Scope 2 tCO2e/employee (3.39852) x this company's employee count (28,000) = 95,159 tCO2e. Final estimate is the average of the available method(s): 119,042 tCO2e."
BF.B,,,,,,11485.8,median_model_revenue+employees,sector:Consumer Staples,16,"Tier 2 Scope 2 ESTIMATE (LSEG median-model style), NOT a disclosure -- see pipeline/tier2_estimation/estimate_tier2.py. Peer group: sector = 'Consumer Staples' (16 Tier 1 peers with a real Scope 2 value, floor=5). Revenue-based: median peer Scope 2 tCO2e/$ revenue (2.81277e-06) x this company's revenue ($3,915,000,064) = 11,012 tCO2e. Employee-based: median peer Scope 2 tCO2e/employee (2.44072) x this company's employee count (4,900) = 11,960 tCO2e. Final estimate is the average of the available method(s): 11,486 tCO2e."
CASY,187704.1,median_model_revenue+employees,sector:Consumer Staples,24,"Tier 2 Scope 1 ESTIMATE (LSEG median-model style), NOT a disclosure -- see pipeline/tier2_estimation/estimate_tier2.py. Peer group: sector = 'Consumer Staples' (24 Tier 1 peers with a real Scope 1 value, floor=5). Revenue-based: median peer Scope 1 tCO2e/$ revenue (1.05335e-05) x this company's revenue ($18,672,330,752) = 196,685 tCO2e. Employee-based: median peer Scope 1 tCO2e/employee (7.60848) x this company's employee count (23,490) = 178,723 tCO2e. Final estimate is the average of the available method(s): 187,704 tCO2e.",54926.7,median_model_revenue+employees,sector:Consumer Staples,16,"Tier 2 Scope 2 ESTIMATE (LSEG median-model style), NOT a disclosure -- see pipeline/tier2_estimation/estimate_tier2.py. Peer group: sector = 'Consumer Staples' (16 Tier 1 peers with a real Scope 2 value, floor=5). Revenue-based: median peer Scope 2 tCO2e/$ revenue (2.81277e-06) x this company's revenue ($18,672,330,752) = 52,521 tCO2e. Employee-based: median peer Scope 2 tCO2e/employee (2.44072) x this company's employee count (23,490) = 57,333 tCO2e. Final estimate is the average of the available method(s): 54,927 tCO2e."
CNC,377088.2,median_model_revenue+employees,sector:Health Care,25,"Tier 2 Scope 1 ESTIMATE (LSEG median-model style), NOT a disclosure -- see pipeline/tier2_estimation/estimate_tier2.py. Peer group: sector = 'Health Care' (25 Tier 1 peers with a real Scope 1 value, floor=5). Revenue-based: median peer Scope 1 tCO2e/$ revenue (3.54491e-06) x this company's revenue ($180,304,003,072) = 639,161 tCO2e. Employee-based: median peer Scope 1 tCO2e/employee (1.88241) x this company's employee count (61,100) = 115,015 tCO2e. Final estimate is the average of the available method(s): 377,088 tCO2e.",348216.0,median_model_revenue+employees,sector:Health Care,18,"Tier 2 Scope 2 ESTIMATE (LSEG median-model style), NOT a disclosure -- see pipeline/tier2_estimation/estimate_tier2.py. Peer group: sector = 'Health Care' (18 Tier 1 peers with a real Scope 2 value, floor=5). Revenue-based: median peer Scope 2 tCO2e/$ revenue (3.19915e-06) x this company's revenue ($180,304,003,072) = 576,819 tCO2e. Employee-based: median peer Scope 2 tCO2e/employee (1.95766) x this company's employee count (61,100) = 119,613 tCO2e. Final estimate is the average of the available method(s): 348,216 tCO2e."
AVGO,,,,,,153649.9,median_model_revenue+employees,sub_industry:Semiconductors,5,"Tier 2 Scope 2 ESTIMATE (LSEG median-model style), NOT a disclosure -- see pipeline/tier2_estimation/estimate_tier2.py. Peer group: sub_industry = 'Semiconductors' (5 Tier 1 peers with a real Scope 2 value, floor=5). Revenue-based: median peer Scope 2 tCO2e/$ revenue (2.34945e-06) x this company's revenue ($89,103,998,976) = 209,345 tCO2e. Employee-based: median peer Scope 2 tCO2e/employee (2.96832) x this company's employee count (33,000) = 97,954 tCO2e. Final estimate is the average of the available method(s): 153,650 tCO2e."
BRO,5359.3,median_model_revenue+employees,sector:Financials,21,"Tier 2 Scope 1 ESTIMATE (LSEG median-model style), NOT a disclosure -- see pipeline/tier2_estimation/estimate_tier2.py. Peer group: sector = 'Financials' (21 Tier 1 peers with a real Scope 1 value, floor=5). Revenue-based: median peer Scope 1 tCO2e/$ revenue (5.36817e-07) x this company's revenue ($6,663,000,064) = 3,577 tCO2e. Employee-based: median peer Scope 1 tCO2e/employee (0.312029) x this company's employee count (22,888) = 7,142 tCO2e. Final estimate is the average of the available method(s): 5,359 tCO2e.",3620.9,median_model_revenue+employees,sector:Financials,17,"Tier 2 Scope 2 ESTIMATE (LSEG median-model style), NOT a disclosure -- see pipeline/tier2_estimation/estimate_tier2.py. Peer group: sector = 'Financials' (17 Tier 1 peers with a real Scope 2 value, floor=5). Revenue-based: median peer Scope 2 tCO2e/$ revenue (1.98278e-07) x this company's revenue ($6,663,000,064) = 1,321 tCO2e. Employee-based: median peer Scope 2 tCO2e/employee (0.25868) x this company's employee count (22,888) = 5,921 tCO2e. Final estimate is the average of the available method(s): 3,621 tCO2e."
BG,612932.1,median_model_revenue+employees,sector:Consumer Staples,24,"Tier 2 Scope 1 ESTIMATE (LSEG median-model style), NOT a disclosure -- see pipeline/tier2_estimation/estimate_tier2.py. Peer group: sector = 'Consumer Staples' (24 Tier 1 peers with a real Scope 1 value, floor=5). Revenue-based: median peer Scope 1 tCO2e/$ revenue (1.05335e-05) x this company's revenue ($91,818,999,808) = 967,176 tCO2e. Employee-based: median peer Scope 1 tCO2e/employee (7.60848) x this company's employee count (34,000) = 258,688 tCO2e. Final estimate is the average of the available method(s): 612,932 tCO2e.",170625.0,median_model_revenue+employees,sector:Consumer Staples,16,"Tier 2 Scope 2 ESTIMATE (LSEG median-model style), NOT a disclosure -- see pipeline/tier2_estimation/estimate_tier2.py. Peer group: sector = 'Consumer Staples' (16 Tier 1 peers with a real Scope 2 value, floor=5). Revenue-based: median peer Scope 2 tCO2e/$ revenue (2.81277e-06) x this company's revenue ($91,818,999,808) = 258,266 tCO2e. Employee-based: median peer Scope 2 tCO2e/employee (2.44072) x this company's employee count (34,000) = 82,985 tCO2e. Final estimate is the average of the available method(s): 170,625 tCO2e."
CPT,7895.7,median_model_revenue+employees,sector:Real Estate,8,"Tier 2 Scope 1 ESTIMATE (LSEG median-model style), NOT a disclosure -- see pipeline/tier2_estimation/estimate_tier2.py. Peer group: sector = 'Real Estate' (8 Tier 1 peers with a real Scope 1 value, floor=5). Revenue-based: median peer Scope 1 tCO2e/$ revenue (5.49255e-06) x this company's revenue ($1,581,868,032) = 8,688 tCO2e. Employee-based: median peer Scope 1 tCO2e/employee (4.331) x this company's employee count (1,640) = 7,103 tCO2e. Final estimate is the average of the available method(s): 7,896 tCO2e.",176724.3,median_model_revenue+employees,sector:Real Estate,7,"Tier 2 Scope 2 ESTIMATE (LSEG median-model style), NOT a disclosure -- see pipeline/tier2_estimation/estimate_tier2.py. Peer group: sector = 'Real Estate' (7 Tier 1 peers with a real Scope 2 value, floor=5). Revenue-based: median peer Scope 2 tCO2e/$ revenue (7.54576e-06) x this company's revenue ($1,581,868,032) = 11,936 tCO2e. Employee-based: median peer Scope 2 tCO2e/employee (208.239) x this company's employee count (1,640) = 341,512 tCO2e. Final estimate is the average of the available method(s): 176,724 tCO2e."
COF,25144.7,median_model_revenue+employees,sector:Financials,21,"Tier 2 Scope 1 ESTIMATE (LSEG median-model style), NOT a disclosure -- see pipeline/tier2_estimation/estimate_tier2.py. Peer group: sector = 'Financials' (21 Tier 1 peers with a real Scope 1 value, floor=5). Revenue-based: median peer Scope 1 tCO2e/$ revenue (5.36817e-07) x this company's revenue ($48,109,998,080) = 25,826 tCO2e. Employee-based: median peer Scope 1 tCO2e/employee (0.312029) x this company's employee count (78,400) = 24,463 tCO2e. Final estimate is the average of the available method(s): 25,145 tCO2e.",14909.9,median_model_revenue+employees,sector:Financials,17,"Tier 2 Scope 2 ESTIMATE (LSEG median-model style), NOT a disclosure -- see pipeline/tier2_estimation/estimate_tier2.py. Peer group: sector = 'Financials' (17 Tier 1 peers with a real Scope 2 value, floor=5). Revenue-based: median peer Scope 2 tCO2e/$ revenue (1.98278e-07) x this company's revenue ($48,109,998,080) = 9,539 tCO2e. Employee-based: median peer Scope 2 tCO2e/employee (0.25868) x this company's employee count (78,400) = 20,281 tCO2e. Final estimate is the average of the available method(s): 14,910 tCO2e."
CCL,151491.0,median_model_revenue+employees,sector:Consumer Discretionary,21,"Tier 2 Scope 1 ESTIMATE (LSEG median-model style), NOT a disclosure -- see pipeline/tier2_estimation/estimate_tier2.py. Peer group: sector = 'Consumer Discretionary' (21 Tier 1 peers with a real Scope 1 value, floor=5). Revenue-based: median peer Scope 1 tCO2e/$ revenue (3.71647e-06) x this company's revenue ($27,310,999,552) = 101,501 tCO2e. Employee-based: median peer Scope 1 tCO2e/employee (1.25926) x this company's employee count (160,000) = 201,481 tCO2e. Final estimate is the average of the available method(s): 151,491 tCO2e.",234073.7,median_model_revenue+employees,sector:Consumer Discretionary,18,"Tier 2 Scope 2 ESTIMATE (LSEG median-model style), NOT a disclosure -- see pipeline/tier2_estimation/estimate_tier2.py. Peer group: sector = 'Consumer Discretionary' (18 Tier 1 peers with a real Scope 2 value, floor=5). Revenue-based: median peer Scope 2 tCO2e/$ revenue (6.64506e-06) x this company's revenue ($27,310,999,552) = 181,483 tCO2e. Employee-based: median peer Scope 2 tCO2e/employee (1.79165) x this company's employee count (160,000) = 286,664 tCO2e. Final estimate is the average of the available method(s): 234,074 tCO2e."
CAT,,,,,,570117.5,median_model_revenue+employees,sector:Industrials,28,"Tier 2 Scope 2 ESTIMATE (LSEG median-model style), NOT a disclosure -- see pipeline/tier2_estimation/estimate_tier2.py. Peer group: sector = 'Industrials' (28 Tier 1 peers with a real Scope 2 value, floor=5). Revenue-based: median peer Scope 2 tCO2e/$ revenue (9.89188e-06) x this company's revenue ($74,728,996,864) = 739,210 tCO2e. Employee-based: median peer Scope 2 tCO2e/employee (3.39852) x this company's employee count (118,000) = 401,025 tCO2e. Final estimate is the average of the available method(s): 570,118 tCO2e."
CBOE,1617.6,median_model_revenue+employees,sector:Financials,21,"Tier 2 Scope 1 ESTIMATE (LSEG median-model style), NOT a disclosure -- see pipeline/tier2_estimation/estimate_tier2.py. Peer group: sector = 'Financials' (21 Tier 1 peers with a real Scope 1 value, floor=5). Revenue-based: median peer Scope 1 tCO2e/$ revenue (5.36817e-07) x this company's revenue ($5,061,300,224) = 2,717 tCO2e. Employee-based: median peer Scope 1 tCO2e/employee (0.312029) x this company's employee count (1,661) = 518 tCO2e. Final estimate is the average of the available method(s): 1,618 tCO2e.",716.6,median_model_revenue+employees,sector:Financials,17,"Tier 2 Scope 2 ESTIMATE (LSEG median-model style), NOT a disclosure -- see pipeline/tier2_estimation/estimate_tier2.py. Peer group: sector = 'Financials' (17 Tier 1 peers with a real Scope 2 value, floor=5). Revenue-based: median peer Scope 2 tCO2e/$ revenue (1.98278e-07) x this company's revenue ($5,061,300,224) = 1,004 tCO2e. Employee-based: median peer Scope 2 tCO2e/employee (0.25868) x this company's employee count (1,661) = 430 tCO2e. Final estimate is the average of the available method(s): 717 tCO2e."
CVNA,61108.1,median_model_revenue+employees,sector:Consumer Discretionary,21,"Tier 2 Scope 1 ESTIMATE (LSEG median-model style), NOT a disclosure -- see pipeline/tier2_estimation/estimate_tier2.py. Peer group: sector = 'Consumer Discretionary' (21 Tier 1 peers with a real Scope 1 value, floor=5). Revenue-based: median peer Scope 1 tCO2e/$ revenue (3.71647e-06) x this company's revenue ($25,058,000,896) = 93,127 tCO2e. Employee-based: median peer Scope 1 tCO2e/employee (1.25926) x this company's employee count (23,100) = 29,089 tCO2e. Final estimate is the average of the available method(s): 61,108 tCO2e.",103949.6,median_model_revenue+employees,sector:Consumer Discretionary,18,"Tier 2 Scope 2 ESTIMATE (LSEG median-model style), NOT a disclosure -- see pipeline/tier2_estimation/estimate_tier2.py. Peer group: sector = 'Consumer Discretionary' (18 Tier 1 peers with a real Scope 2 value, floor=5). Revenue-based: median peer Scope 2 tCO2e/$ revenue (6.64506e-06) x this company's revenue ($25,058,000,896) = 166,512 tCO2e. Employee-based: median peer Scope 2 tCO2e/employee (1.79165) x this company's employee count (23,100) = 41,387 tCO2e. Final estimate is the average of the available method(s): 103,950 tCO2e."
BXP,10549.9,median_model_revenue+employees,sector:Real Estate,8,"Tier 2 Scope 1 ESTIMATE (LSEG median-model style), NOT a disclosure -- see pipeline/tier2_estimation/estimate_tier2.py. Peer group: sector = 'Real Estate' (8 Tier 1 peers with a real Scope 1 value, floor=5). Revenue-based: median peer Scope 1 tCO2e/$ revenue (5.49255e-06) x this company's revenue ($3,190,220,032) = 17,522 tCO2e. Employee-based: median peer Scope 1 tCO2e/employee (4.331) x this company's employee count (826) = 3,577 tCO2e. Final estimate is the average of the available method(s): 10,550 tCO2e.",98039.1,median_model_revenue+employees,sector:Real Estate,7,"Tier 2 Scope 2 ESTIMATE (LSEG median-model style), NOT a disclosure -- see pipeline/tier2_estimation/estimate_tier2.py. Peer group: sector = 'Real Estate' (7 Tier 1 peers with a real Scope 2 value, floor=5). Revenue-based: median peer Scope 2 tCO2e/$ revenue (7.54576e-06) x this company's revenue ($3,190,220,032) = 24,073 tCO2e. Employee-based: median peer Scope 2 tCO2e/employee (208.239) x this company's employee count (826) = 172,005 tCO2e. Final estimate is the average of the available method(s): 98,039 tCO2e."
CDW,11717.6,median_model_revenue+employees,sector:Information Technology,37,"Tier 2 Scope 1 ESTIMATE (LSEG median-model style), NOT a disclosure -- see pipeline/tier2_estimation/estimate_tier2.py. Peer group: sector = 'Information Technology' (37 Tier 1 peers with a real Scope 1 value, floor=5). Revenue-based: median peer Scope 1 tCO2e/$ revenue (6.23987e-07) x this company's revenue ($23,500,400,640) = 14,664 tCO2e. Employee-based: median peer Scope 1 tCO2e/employee (0.592647) x this company's employee count (14,800) = 8,771 tCO2e. Final estimate is the average of the available method(s): 11,718 tCO2e.",38296.2,median_model_revenue+employees,sector:Information Technology,29,"Tier 2 Scope 2 ESTIMATE (LSEG median-model style), NOT a disclosure -- see pipeline/tier2_estimation/estimate_tier2.py. Peer group: sector = 'Information Technology' (29 Tier 1 peers with a real Scope 2 value, floor=5). Revenue-based: median peer Scope 2 tCO2e/$ revenue (2.34945e-06) x this company's revenue ($23,500,400,640) = 55,213 tCO2e. Employee-based: median peer Scope 2 tCO2e/employee (1.44455) x this company's employee count (14,800) = 21,379 tCO2e. Final estimate is the average of the available method(s): 38,296 tCO2e."
CNP,,,,,,107246.3,median_model_revenue+employees,sector:Utilities,10,"Tier 2 Scope 2 ESTIMATE (LSEG median-model style), NOT a disclosure -- see pipeline/tier2_estimation/estimate_tier2.py. Peer group: sector = 'Utilities' (10 Tier 1 peers with a real Scope 2 value, floor=5). Revenue-based: median peer Scope 2 tCO2e/$ revenue (9.6601e-06) x this company's revenue ($9,619,999,744) = 92,930 tCO2e. Employee-based: median peer Scope 2 tCO2e/employee (13.8233) x this company's employee count (8,794) = 121,562 tCO2e. Final estimate is the average of the available method(s): 107,246 tCO2e."
CF,,,,,,523844.5,median_model_revenue+employees,sector:Materials,9,"Tier 2 Scope 2 ESTIMATE (LSEG median-model style), NOT a disclosure -- see pipeline/tier2_estimation/estimate_tier2.py. Peer group: sector = 'Materials' (9 Tier 1 peers with a real Scope 2 value, floor=5). Revenue-based: median peer Scope 2 tCO2e/$ revenue (0.000101463) x this company's revenue ($7,738,999,808) = 785,224 tCO2e. Employee-based: median peer Scope 2 tCO2e/employee (90.5052) x this company's employee count (2,900) = 262,465 tCO2e. Final estimate is the average of the available method(s): 523,845 tCO2e."
CRL,24312.1,median_model_revenue+employees,sector:Health Care,25,"Tier 2 Scope 1 ESTIMATE (LSEG median-model style), NOT a disclosure -- see pipeline/tier2_estimation/estimate_tier2.py. Peer group: sector = 'Health Care' (25 Tier 1 peers with a real Scope 1 value, floor=5). Revenue-based: median peer Scope 1 tCO2e/$ revenue (3.54491e-06) x this company's revenue ($3,998,987,008) = 14,176 tCO2e. Employee-based: median peer Scope 1 tCO2e/employee (1.88241) x this company's employee count (18,300) = 34,448 tCO2e. Final estimate is the average of the available method(s): 24,312 tCO2e.",24309.2,median_model_revenue+employees,sector:Health Care,18,"Tier 2 Scope 2 ESTIMATE (LSEG median-model style), NOT a disclosure -- see pipeline/tier2_estimation/estimate_tier2.py. Peer group: sector = 'Health Care' (18 Tier 1 peers with a real Scope 2 value, floor=5). Revenue-based: median peer Scope 2 tCO2e/$ revenue (3.19915e-06) x this company's revenue ($3,998,987,008) = 12,793 tCO2e. Employee-based: median peer Scope 2 tCO2e/employee (1.95766) x this company's employee count (18,300) = 35,825 tCO2e. Final estimate is the average of the available method(s): 24,309 tCO2e."
SCHW,12243.0,median_model_revenue+employees,sector:Financials,21,"Tier 2 Scope 1 ESTIMATE (LSEG median-model style), NOT a disclosure -- see pipeline/tier2_estimation/estimate_tier2.py. Peer group: sector = 'Financials' (21 Tier 1 peers with a real Scope 1 value, floor=5). Revenue-based: median peer Scope 1 tCO2e/$ revenue (5.36817e-07) x this company's revenue ($26,025,000,960) = 13,971 tCO2e. Employee-based: median peer Scope 1 tCO2e/employee (0.312029) x this company's employee count (33,700) = 10,515 tCO2e. Final estimate is the average of the available method(s): 12,243 tCO2e.",6938.9,median_model_revenue+employees,sector:Financials,17,"Tier 2 Scope 2 ESTIMATE (LSEG median-model style), NOT a disclosure -- see pipeline/tier2_estimation/estimate_tier2.py. Peer group: sector = 'Financials' (17 Tier 1 peers with a real Scope 2 value, floor=5). Revenue-based: median peer Scope 2 tCO2e/$ revenue (1.98278e-07) x this company's revenue ($26,025,000,960) = 5,160 tCO2e. Employee-based: median peer Scope 2 tCO2e/employee (0.25868) x this company's employee count (33,700) = 8,718 tCO2e. Final estimate is the average of the available method(s): 6,939 tCO2e."
CHTR,68423.1,median_model_revenue+employees,sector:Communication Services,6,"Tier 2 Scope 1 ESTIMATE (LSEG median-model style), NOT a disclosure -- see pipeline/tier2_estimation/estimate_tier2.py. Peer group: sector = 'Communication Services' (6 Tier 1 peers with a real Scope 1 value, floor=5). Revenue-based: median peer Scope 1 tCO2e/$ revenue (6.73153e-07) x this company's revenue ($54,395,998,208) = 36,617 tCO2e. Employee-based: median peer Scope 1 tCO2e/employee (1.09064) x this company's employee count (91,900) = 100,229 tCO2e. Final estimate is the average of the available method(s): 68,423 tCO2e.",314299.6,median_model_revenue+employees,sector:Communication Services,6,"Tier 2 Scope 2 ESTIMATE (LSEG median-model style), NOT a disclosure -- see pipeline/tier2_estimation/estimate_tier2.py. Peer group: sector = 'Communication Services' (6 Tier 1 peers with a real Scope 2 value, floor=5). Revenue-based: median peer Scope 2 tCO2e/$ revenue (5.2889e-06) x this company's revenue ($54,395,998,208) = 287,695 tCO2e. Employee-based: median peer Scope 2 tCO2e/employee (3.70951) x this company's employee count (91,900) = 340,904 tCO2e. Final estimate is the average of the available method(s): 314,300 tCO2e."
CVX,,,,,,4775672.6,median_model_revenue+employees,sector:Energy,6,"Tier 2 Scope 2 ESTIMATE (LSEG median-model style), NOT a disclosure -- see pipeline/tier2_estimation/estimate_tier2.py. Peer group: sector = 'Energy' (6 Tier 1 peers with a real Scope 2 value, floor=5). Revenue-based: median peer Scope 2 tCO2e/$ revenue (1.7615e-05) x this company's revenue ($209,383,997,440) = 3,688,300 tCO2e. Employee-based: median peer Scope 2 tCO2e/employee (136.226) x this company's employee count (43,039) = 5,863,045 tCO2e. Final estimate is the average of the available method(s): 4,775,673 tCO2e."
CMG,111234.4,median_model_revenue+employees,sector:Consumer Discretionary,21,"Tier 2 Scope 1 ESTIMATE (LSEG median-model style), NOT a disclosure -- see pipeline/tier2_estimation/estimate_tier2.py. Peer group: sector = 'Consumer Discretionary' (21 Tier 1 peers with a real Scope 1 value, floor=5). Revenue-based: median peer Scope 1 tCO2e/$ revenue (3.71647e-06) x this company's revenue ($12,423,758,848) = 46,173 tCO2e. Employee-based: median peer Scope 1 tCO2e/employee (1.25926) x this company's employee count (140,000) = 176,296 tCO2e. Final estimate is the average of the available method(s): 111,234 tCO2e.",166693.9,median_model_revenue+employees,sector:Consumer Discretionary,18,"Tier 2 Scope 2 ESTIMATE (LSEG median-model style), NOT a disclosure -- see pipeline/tier2_estimation/estimate_tier2.py. Peer group: sector = 'Consumer Discretionary' (18 Tier 1 peers with a real Scope 2 value, floor=5). Revenue-based: median peer Scope 2 tCO2e/$ revenue (6.64506e-06) x this company's revenue ($12,423,758,848) = 82,557 tCO2e. Employee-based: median peer Scope 2 tCO2e/employee (1.79165) x this company's employee count (140,000) = 250,831 tCO2e. Final estimate is the average of the available method(s): 166,694 tCO2e."
CIEN,4515.2,median_model_revenue+employees,sector:Information Technology,37,"Tier 2 Scope 1 ESTIMATE (LSEG median-model style), NOT a disclosure -- see pipeline/tier2_estimation/estimate_tier2.py. Peer group: sector = 'Information Technology' (37 Tier 1 peers with a real Scope 1 value, floor=5). Revenue-based: median peer Scope 1 tCO2e/$ revenue (6.23987e-07) x this company's revenue ($6,020,894,208) = 3,757 tCO2e. Employee-based: median peer Scope 1 tCO2e/employee (0.592647) x this company's employee count (8,898) = 5,273 tCO2e. Final estimate is the average of the available method(s): 4,515 tCO2e.",13499.7,median_model_revenue+employees,sector:Information Technology,29,"Tier 2 Scope 2 ESTIMATE (LSEG median-model style), NOT a disclosure -- see pipeline/tier2_estimation/estimate_tier2.py. Peer group: sector = 'Information Technology' (29 Tier 1 peers with a real Scope 2 value, floor=5). Revenue-based: median peer Scope 2 tCO2e/$ revenue (2.34945e-06) x this company's revenue ($6,020,894,208) = 14,146 tCO2e. Employee-based: median peer Scope 2 tCO2e/employee (1.44455) x this company's employee count (8,898) = 12,854 tCO2e. Final estimate is the average of the available method(s): 13,500 tCO2e."
CB,23634.1,median_model_revenue+employees,sector:Financials,21,"Tier 2 Scope 1 ESTIMATE (LSEG median-model style), NOT a disclosure -- see pipeline/tier2_estimation/estimate_tier2.py. Peer group: sector = 'Financials' (21 Tier 1 peers with a real Scope 1 value, floor=5). Revenue-based: median peer Scope 1 tCO2e/$ revenue (5.36817e-07) x this company's revenue ($61,895,999,488) = 33,227 tCO2e. Employee-based: median peer Scope 1 tCO2e/employee (0.312029) x this company's employee count (45,000) = 14,041 tCO2e. Final estimate is the average of the available method(s): 23,634 tCO2e.",11956.6,median_model_revenue+employees,sector:Financials,17,"Tier 2 Scope 2 ESTIMATE (LSEG median-model style), NOT a disclosure -- see pipeline/tier2_estimation/estimate_tier2.py. Peer group: sector = 'Financials' (17 Tier 1 peers with a real Scope 2 value, floor=5). Revenue-based: median peer Scope 2 tCO2e/$ revenue (1.98278e-07) x this company's revenue ($61,895,999,488) = 12,273 tCO2e. Employee-based: median peer Scope 2 tCO2e/employee (0.25868) x this company's employee count (45,000) = 11,641 tCO2e. Final estimate is the average of the available method(s): 11,957 tCO2e."
CINF,4635.4,median_model_revenue+employees,sector:Financials,21,"Tier 2 Scope 1 ESTIMATE (LSEG median-model style), NOT a disclosure -- see pipeline/tier2_estimation/estimate_tier2.py. Peer group: sector = 'Financials' (21 Tier 1 peers with a real Scope 1 value, floor=5). Revenue-based: median peer Scope 1 tCO2e/$ revenue (5.36817e-07) x this company's revenue ($13,953,999,872) = 7,491 tCO2e. Employee-based: median peer Scope 1 tCO2e/employee (0.312029) x this company's employee count (5,705) = 1,780 tCO2e. Final estimate is the average of the available method(s): 4,635 tCO2e.",2121.3,median_model_revenue+employees,sector:Financials,17,"Tier 2 Scope 2 ESTIMATE (LSEG median-model style), NOT a disclosure -- see pipeline/tier2_estimation/estimate_tier2.py. Peer group: sector = 'Financials' (17 Tier 1 peers with a real Scope 2 value, floor=5). Revenue-based: median peer Scope 2 tCO2e/$ revenue (1.98278e-07) x this company's revenue ($13,953,999,872) = 2,767 tCO2e. Employee-based: median peer Scope 2 tCO2e/employee (0.25868) x this company's employee count (5,705) = 1,476 tCO2e. Final estimate is the average of the available method(s): 2,121 tCO2e."
C,56099.4,median_model_revenue+employees,sector:Financials,21,"Tier 2 Scope 1 ESTIMATE (LSEG median-model style), NOT a disclosure -- see pipeline/tier2_estimation/estimate_tier2.py. Peer group: sector = 'Financials' (21 Tier 1 peers with a real Scope 1 value, floor=5). Revenue-based: median peer Scope 1 tCO2e/$ revenue (5.36817e-07) x this company's revenue ($81,711,996,928) = 43,864 tCO2e. Employee-based: median peer Scope 1 tCO2e/employee (0.312029) x this company's employee count (219,000) = 68,334 tCO2e. Final estimate is the average of the available method(s): 56,099 tCO2e.",36426.4,median_model_revenue+employees,sector:Financials,17,"Tier 2 Scope 2 ESTIMATE (LSEG median-model style), NOT a disclosure -- see pipeline/tier2_estimation/estimate_tier2.py. Peer group: sector = 'Financials' (17 Tier 1 peers with a real Scope 2 value, floor=5). Revenue-based: median peer Scope 2 tCO2e/$ revenue (1.98278e-07) x this company's revenue ($81,711,996,928) = 16,202 tCO2e. Employee-based: median peer Scope 2 tCO2e/employee (0.25868) x this company's employee count (219,000) = 56,651 tCO2e. Final estimate is the average of the available method(s): 36,426 tCO2e."
CTAS,137714.4,median_model_revenue+employees,sector:Industrials,40,"Tier 2 Scope 1 ESTIMATE (LSEG median-model style), NOT a disclosure -- see pipeline/tier2_estimation/estimate_tier2.py. Peer group: sector = 'Industrials' (40 Tier 1 peers with a real Scope 1 value, floor=5). Revenue-based: median peer Scope 1 tCO2e/$ revenue (6.94524e-06) x this company's revenue ($11,264,760,832) = 78,236 tCO2e. Employee-based: median peer Scope 1 tCO2e/employee (4.09963) x this company's employee count (48,100) = 197,192 tCO2e. Final estimate is the average of the available method(s): 137,714 tCO2e.",137449.2,median_model_revenue+employees,sector:Industrials,28,"Tier 2 Scope 2 ESTIMATE (LSEG median-model style), NOT a disclosure -- see pipeline/tier2_estimation/estimate_tier2.py. Peer group: sector = 'Industrials' (28 Tier 1 peers with a real Scope 2 value, floor=5). Revenue-based: median peer Scope 2 tCO2e/$ revenue (9.89188e-06) x this company's revenue ($11,264,760,832) = 111,430 tCO2e. Employee-based: median peer Scope 2 tCO2e/employee (3.39852) x this company's employee count (48,100) = 163,469 tCO2e. Final estimate is the average of the available method(s): 137,449 tCO2e."
CFG,4956.1,median_model_revenue+employees,sector:Financials,21,"Tier 2 Scope 1 ESTIMATE (LSEG median-model style), NOT a disclosure -- see pipeline/tier2_estimation/estimate_tier2.py. Peer group: sector = 'Financials' (21 Tier 1 peers with a real Scope 1 value, floor=5). Revenue-based: median peer Scope 1 tCO2e/$ revenue (5.36817e-07) x this company's revenue ($8,160,999,936) = 4,381 tCO2e. Employee-based: median peer Scope 1 tCO2e/employee (0.312029) x this company's employee count (17,727) = 5,531 tCO2e. Final estimate is the average of the available method(s): 4,956 tCO2e.",3101.9,median_model_revenue+employees,sector:Financials,17,"Tier 2 Scope 2 ESTIMATE (LSEG median-model style), NOT a disclosure -- see pipeline/tier2_estimation/estimate_tier2.py. Peer group: sector = 'Financials' (17 Tier 1 peers with a real Scope 2 value, floor=5). Revenue-based: median peer Scope 2 tCO2e/$ revenue (1.98278e-07) x this company's revenue ($8,160,999,936) = 1,618 tCO2e. Employee-based: median peer Scope 2 tCO2e/employee (0.25868) x this company's employee count (17,727) = 4,586 tCO2e. Final estimate is the average of the available method(s): 3,102 tCO2e."
CME,2418.2,median_model_revenue+employees,sector:Financials,21,"Tier 2 Scope 1 ESTIMATE (LSEG median-model style), NOT a disclosure -- see pipeline/tier2_estimation/estimate_tier2.py. Peer group: sector = 'Financials' (21 Tier 1 peers with a real Scope 1 value, floor=5). Revenue-based: median peer Scope 1 tCO2e/$ revenue (5.36817e-07) x this company's revenue ($6,757,199,872) = 3,627 tCO2e. Employee-based: median peer Scope 1 tCO2e/employee (0.312029) x this company's employee count (3,875) = 1,209 tCO2e. Final estimate is the average of the available method(s): 2,418 tCO2e.",1171.1,median_model_revenue+employees,sector:Financials,17,"Tier 2 Scope 2 ESTIMATE (LSEG median-model style), NOT a disclosure -- see pipeline/tier2_estimation/estimate_tier2.py. Peer group: sector = 'Financials' (17 Tier 1 peers with a real Scope 2 value, floor=5). Revenue-based: median peer Scope 2 tCO2e/$ revenue (1.98278e-07) x this company's revenue ($6,757,199,872) = 1,340 tCO2e. Employee-based: median peer Scope 2 tCO2e/employee (0.25868) x this company's employee count (3,875) = 1,002 tCO2e. Final estimate is the average of the available method(s): 1,171 tCO2e."
COIN,2394.6,median_model_revenue+employees,sector:Financials,21,"Tier 2 Scope 1 ESTIMATE (LSEG median-model style), NOT a disclosure -- see pipeline/tier2_estimation/estimate_tier2.py. Peer group: sector = 'Financials' (21 Tier 1 peers with a real Scope 1 value, floor=5). Revenue-based: median peer Scope 1 tCO2e/$ revenue (5.36817e-07) x this company's revenue ($6,043,752,960) = 3,244 tCO2e. Employee-based: median peer Scope 1 tCO2e/employee (0.312029) x this company's employee count (4,951) = 1,545 tCO2e. Final estimate is the average of the available method(s): 2,395 tCO2e.",1239.5,median_model_revenue+employees,sector:Financials,17,"Tier 2 Scope 2 ESTIMATE (LSEG median-model style), NOT a disclosure -- see pipeline/tier2_estimation/estimate_tier2.py. Peer group: sector = 'Financials' (17 Tier 1 peers with a real Scope 2 value, floor=5). Revenue-based: median peer Scope 2 tCO2e/$ revenue (1.98278e-07) x this company's revenue ($6,043,752,960) = 1,198 tCO2e. Employee-based: median peer Scope 2 tCO2e/employee (0.25868) x this company's employee count (4,951) = 1,281 tCO2e. Final estimate is the average of the available method(s): 1,240 tCO2e."
CMCSA,139651.7,median_model_revenue+employees,sector:Communication Services,6,"Tier 2 Scope 1 ESTIMATE (LSEG median-model style), NOT a disclosure -- see pipeline/tier2_estimation/estimate_tier2.py. Peer group: sector = 'Communication Services' (6 Tier 1 peers with a real Scope 1 value, floor=5). Revenue-based: median peer Scope 1 tCO2e/$ revenue (6.73153e-07) x this company's revenue ($124,903,997,440) = 84,080 tCO2e. Employee-based: median peer Scope 1 tCO2e/employee (1.09064) x this company's employee count (179,000) = 195,224 tCO2e. Final estimate is the average of the available method(s): 139,652 tCO2e.",662303.8,median_model_revenue+employees,sector:Communication Services,6,"Tier 2 Scope 2 ESTIMATE (LSEG median-model style), NOT a disclosure -- see pipeline/tier2_estimation/estimate_tier2.py. Peer group: sector = 'Communication Services' (6 Tier 1 peers with a real Scope 2 value, floor=5). Revenue-based: median peer Scope 2 tCO2e/$ revenue (5.2889e-06) x this company's revenue ($124,903,997,440) = 660,605 tCO2e. Employee-based: median peer Scope 2 tCO2e/employee (3.70951) x this company's employee count (179,000) = 664,003 tCO2e. Final estimate is the average of the available method(s): 662,304 tCO2e."
FIX,85521.5,median_model_revenue+employees,sector:Industrials,40,"Tier 2 Scope 1 ESTIMATE (LSEG median-model style), NOT a disclosure -- see pipeline/tier2_estimation/estimate_tier2.py. Peer group: sector = 'Industrials' (40 Tier 1 peers with a real Scope 1 value, floor=5). Revenue-based: median peer Scope 1 tCO2e/$ revenue (6.94524e-06) x this company's revenue ($11,228,023,808) = 77,981 tCO2e. Employee-based: median peer Scope 1 tCO2e/employee (4.09963) x this company's employee count (22,700) = 93,062 tCO2e. Final estimate is the average of the available method(s): 85,521 tCO2e.",94106.3,median_model_revenue+employees,sector:Industrials,28,"Tier 2 Scope 2 ESTIMATE (LSEG median-model style), NOT a disclosure -- see pipeline/tier2_estimation/estimate_tier2.py. Peer group: sector = 'Industrials' (28 Tier 1 peers with a real Scope 2 value, floor=5). Revenue-based: median peer Scope 2 tCO2e/$ revenue (9.89188e-06) x this company's revenue ($11,228,023,808) = 111,066 tCO2e. Employee-based: median peer Scope 2 tCO2e/employee (3.39852) x this company's employee count (22,700) = 77,146 tCO2e. Final estimate is the average of the available method(s): 94,106 tCO2e."
ED,,,,,,191926.8,median_model_revenue+employees,sector:Utilities,10,"Tier 2 Scope 2 ESTIMATE (LSEG median-model style), NOT a disclosure -- see pipeline/tier2_estimation/estimate_tier2.py. Peer group: sector = 'Utilities' (10 Tier 1 peers with a real Scope 2 value, floor=5). Revenue-based: median peer Scope 2 tCO2e/$ revenue (9.6601e-06) x this company's revenue ($17,688,999,936) = 170,877 tCO2e. Employee-based: median peer Scope 2 tCO2e/employee (13.8233) x this company's employee count (15,407) = 212,976 tCO2e. Final estimate is the average of the available method(s): 191,927 tCO2e."
STZ,83459.2,median_model_revenue+employees,sector:Consumer Staples,24,"Tier 2 Scope 1 ESTIMATE (LSEG median-model style), NOT a disclosure -- see pipeline/tier2_estimation/estimate_tier2.py. Peer group: sector = 'Consumer Staples' (24 Tier 1 peers with a real Scope 1 value, floor=5). Revenue-based: median peer Scope 1 tCO2e/$ revenue (1.05335e-05) x this company's revenue ($9,056,700,416) = 95,399 tCO2e. Employee-based: median peer Scope 1 tCO2e/employee (7.60848) x this company's employee count (9,400) = 71,520 tCO2e. Final estimate is the average of the available method(s): 83,459 tCO2e.",24208.6,median_model_revenue+employees,sector:Consumer Staples,16,"Tier 2 Scope 2 ESTIMATE (LSEG median-model style), NOT a disclosure -- see pipeline/tier2_estimation/estimate_tier2.py. Peer group: sector = 'Consumer Staples' (16 Tier 1 peers with a real Scope 2 value, floor=5). Revenue-based: median peer Scope 2 tCO2e/$ revenue (2.81277e-06) x this company's revenue ($9,056,700,416) = 25,474 tCO2e. Employee-based: median peer Scope 2 tCO2e/employee (2.44072) x this company's employee count (9,400) = 22,943 tCO2e. Final estimate is the average of the available method(s): 24,209 tCO2e."
COO,21627.8,median_model_revenue+employees,sector:Health Care,25,"Tier 2 Scope 1 ESTIMATE (LSEG median-model style), NOT a disclosure -- see pipeline/tier2_estimation/estimate_tier2.py. Peer group: sector = 'Health Care' (25 Tier 1 peers with a real Scope 1 value, floor=5). Revenue-based: median peer Scope 1 tCO2e/$ revenue (3.54491e-06) x this company's revenue ($4,236,900,096) = 15,019 tCO2e. Employee-based: median peer Scope 1 tCO2e/employee (1.88241) x this company's employee count (15,000) = 28,236 tCO2e. Final estimate is the average of the available method(s): 21,628 tCO2e.",21459.7,median_model_revenue+employees,sector:Health Care,18,"Tier 2 Scope 2 ESTIMATE (LSEG median-model style), NOT a disclosure -- see pipeline/tier2_estimation/estimate_tier2.py. Peer group: sector = 'Health Care' (18 Tier 1 peers with a real Scope 2 value, floor=5). Revenue-based: median peer Scope 2 tCO2e/$ revenue (3.19915e-06) x this company's revenue ($4,236,900,096) = 13,554 tCO2e. Employee-based: median peer Scope 2 tCO2e/employee (1.95766) x this company's employee count (15,000) = 29,365 tCO2e. Final estimate is the average of the available method(s): 21,460 tCO2e."
CPRT,32407.9,median_model_revenue,sector:Industrials,40,"Tier 2 Scope 1 ESTIMATE (LSEG median-model style), NOT a disclosure -- see pipeline/tier2_estimation/estimate_tier2.py. Peer group: sector = 'Industrials' (40 Tier 1 peers with a real Scope 1 value, floor=5). Revenue-based: median peer Scope 1 tCO2e/$ revenue (6.94524e-06) x this company's revenue ($4,666,208,768) = 32,408 tCO2e. Final estimate is the average of the available method(s): 32,408 tCO2e.",46157.6,median_model_revenue,sector:Industrials,28,"Tier 2 Scope 2 ESTIMATE (LSEG median-model style), NOT a disclosure -- see pipeline/tier2_estimation/estimate_tier2.py. Peer group: sector = 'Industrials' (28 Tier 1 peers with a real Scope 2 value, floor=5). Revenue-based: median peer Scope 2 tCO2e/$ revenue (9.89188e-06) x this company's revenue ($4,666,208,768) = 46,158 tCO2e. Final estimate is the average of the available method(s): 46,158 tCO2e."
CPAY,3188.5,median_model_revenue+employees,sector:Financials,21,"Tier 2 Scope 1 ESTIMATE (LSEG median-model style), NOT a disclosure -- see pipeline/tier2_estimation/estimate_tier2.py. Peer group: sector = 'Financials' (21 Tier 1 peers with a real Scope 1 value, floor=5). Revenue-based: median peer Scope 1 tCO2e/$ revenue (5.36817e-07) x this company's revenue ($5,020,502,016) = 2,695 tCO2e. Employee-based: median peer Scope 1 tCO2e/employee (0.312029) x this company's employee count (11,800) = 3,682 tCO2e. Final estimate is the average of the available method(s): 3,189 tCO2e.",2023.9,median_model_revenue+employees,sector:Financials,17,"Tier 2 Scope 2 ESTIMATE (LSEG median-model style), NOT a disclosure -- see pipeline/tier2_estimation/estimate_tier2.py. Peer group: sector = 'Financials' (17 Tier 1 peers with a real Scope 2 value, floor=5). Revenue-based: median peer Scope 2 tCO2e/$ revenue (1.98278e-07) x this company's revenue ($5,020,502,016) = 995 tCO2e. Employee-based: median peer Scope 2 tCO2e/employee (0.25868) x this company's employee count (11,800) = 3,052 tCO2e. Final estimate is the average of the available method(s): 2,024 tCO2e."
COST,2843495.6,median_model_revenue+employees,sector:Consumer Staples,24,"Tier 2 Scope 1 ESTIMATE (LSEG median-model style), NOT a disclosure -- see pipeline/tier2_estimation/estimate_tier2.py. Peer group: sector = 'Consumer Staples' (24 Tier 1 peers with a real Scope 1 value, floor=5). Revenue-based: median peer Scope 1 tCO2e/$ revenue (1.05335e-05) x this company's revenue ($293,586,993,152) = 3,092,500 tCO2e. Employee-based: median peer Scope 1 tCO2e/employee (7.60848) x this company's employee count (341,000) = 2,594,491 tCO2e. Final estimate is the average of the available method(s): 2,843,496 tCO2e.",829039.0,median_model_revenue+employees,sector:Consumer Staples,16,"Tier 2 Scope 2 ESTIMATE (LSEG median-model style), NOT a disclosure -- see pipeline/tier2_estimation/estimate_tier2.py. Peer group: sector = 'Consumer Staples' (16 Tier 1 peers with a real Scope 2 value, floor=5). Revenue-based: median peer Scope 2 tCO2e/$ revenue (2.81277e-06) x this company's revenue ($293,586,993,152) = 825,792 tCO2e. Employee-based: median peer Scope 2 tCO2e/employee (2.44072) x this company's employee count (341,000) = 832,286 tCO2e. Final estimate is the average of the available method(s): 829,039 tCO2e."
CRH,,,,,,5717278.2,median_model_revenue+employees,sector:Materials,9,"Tier 2 Scope 2 ESTIMATE (LSEG median-model style), NOT a disclosure -- see pipeline/tier2_estimation/estimate_tier2.py. Peer group: sector = 'Materials' (9 Tier 1 peers with a real Scope 2 value, floor=5). Revenue-based: median peer Scope 2 tCO2e/$ revenue (0.000101463) x this company's revenue ($38,632,001,536) = 3,919,728 tCO2e. Employee-based: median peer Scope 2 tCO2e/employee (90.5052) x this company's employee count (83,032) = 7,514,828 tCO2e. Final estimate is the average of the available method(s): 5,717,278 tCO2e."
CRWD,5152.3,median_model_revenue+employees,sector:Information Technology,37,"Tier 2 Scope 1 ESTIMATE (LSEG median-model style), NOT a disclosure -- see pipeline/tier2_estimation/estimate_tier2.py. Peer group: sector = 'Information Technology' (37 Tier 1 peers with a real Scope 1 value, floor=5). Revenue-based: median peer Scope 1 tCO2e/$ revenue (6.23987e-07) x this company's revenue ($5,396,145,152) = 3,367 tCO2e. Employee-based: median peer Scope 1 tCO2e/employee (0.592647) x this company's employee count (11,706) = 6,938 tCO2e. Final estimate is the average of the available method(s): 5,152 tCO2e.",14793.9,median_model_revenue+employees,sector:Information Technology,29,"Tier 2 Scope 2 ESTIMATE (LSEG median-model style), NOT a disclosure -- see pipeline/tier2_estimation/estimate_tier2.py. Peer group: sector = 'Information Technology' (29 Tier 1 peers with a real Scope 2 value, floor=5). Revenue-based: median peer Scope 2 tCO2e/$ revenue (2.34945e-06) x this company's revenue ($5,396,145,152) = 12,678 tCO2e. Employee-based: median peer Scope 2 tCO2e/employee (1.44455) x this company's employee count (11,706) = 16,910 tCO2e. Final estimate is the average of the available method(s): 14,794 tCO2e."
CCI,14675.5,median_model_revenue+employees,sector:Real Estate,8,"Tier 2 Scope 1 ESTIMATE (LSEG median-model style), NOT a disclosure -- see pipeline/tier2_estimation/estimate_tier2.py. Peer group: sector = 'Real Estate' (8 Tier 1 peers with a real Scope 1 value, floor=5). Revenue-based: median peer Scope 1 tCO2e/$ revenue (5.49255e-06) x this company's revenue ($4,160,999,936) = 22,854 tCO2e. Employee-based: median peer Scope 1 tCO2e/employee (4.331) x this company's employee count (1,500) = 6,497 tCO2e. Final estimate is the average of the available method(s): 14,675 tCO2e.",171878.3,median_model_revenue+employees,sector:Real Estate,7,"Tier 2 Scope 2 ESTIMATE (LSEG median-model style), NOT a disclosure -- see pipeline/tier2_estimation/estimate_tier2.py. Peer group: sector = 'Real Estate' (7 Tier 1 peers with a real Scope 2 value, floor=5). Revenue-based: median peer Scope 2 tCO2e/$ revenue (7.54576e-06) x this company's revenue ($4,160,999,936) = 31,398 tCO2e. Employee-based: median peer Scope 2 tCO2e/employee (208.239) x this company's employee count (1,500) = 312,359 tCO2e. Final estimate is the average of the available method(s): 171,878 tCO2e."
CVS,937518.4,median_model_revenue+employees,sector:Health Care,25,"Tier 2 Scope 1 ESTIMATE (LSEG median-model style), NOT a disclosure -- see pipeline/tier2_estimation/estimate_tier2.py. Peer group: sector = 'Health Care' (25 Tier 1 peers with a real Scope 1 value, floor=5). Revenue-based: median peer Scope 1 tCO2e/$ revenue (3.54491e-06) x this company's revenue ($412,644,999,168) = 1,462,788 tCO2e. Employee-based: median peer Scope 1 tCO2e/employee (1.88241) x this company's employee count (219,000) = 412,249 tCO2e. Final estimate is the average of the available method(s): 937,518 tCO2e.",874419.6,median_model_revenue+employees,sector:Health Care,18,"Tier 2 Scope 2 ESTIMATE (LSEG median-model style), NOT a disclosure -- see pipeline/tier2_estimation/estimate_tier2.py. Peer group: sector = 'Health Care' (18 Tier 1 peers with a real Scope 2 value, floor=5). Revenue-based: median peer Scope 2 tCO2e/$ revenue (3.19915e-06) x this company's revenue ($412,644,999,168) = 1,320,112 tCO2e. Employee-based: median peer Scope 2 tCO2e/employee (1.95766) x this company's employee count (219,000) = 428,727 tCO2e. Final estimate is the average of the available method(s): 874,420 tCO2e."
DDOG,1265.1,median_model_revenue+employees,sub_industry:Application Software,7,"Tier 2 Scope 1 ESTIMATE (LSEG median-model style), NOT a disclosure -- see pipeline/tier2_estimation/estimate_tier2.py. Peer group: sub_industry = 'Application Software' (7 Tier 1 peers with a real Scope 1 value, floor=5). Revenue-based: median peer Scope 1 tCO2e/$ revenue (2.60656e-07) x this company's revenue ($3,966,725,120) = 1,034 tCO2e. Employee-based: median peer Scope 1 tCO2e/employee (0.18472) x this company's employee count (8,100) = 1,496 tCO2e. Final estimate is the average of the available method(s): 1,265 tCO2e.",4767.4,median_model_revenue+employees,sub_industry:Application Software,7,"Tier 2 Scope 2 ESTIMATE (LSEG median-model style), NOT a disclosure -- see pipeline/tier2_estimation/estimate_tier2.py. Peer group: sub_industry = 'Application Software' (7 Tier 1 peers with a real Scope 2 value, floor=5). Revenue-based: median peer Scope 2 tCO2e/$ revenue (9.10231e-07) x this company's revenue ($3,966,725,120) = 3,611 tCO2e. Employee-based: median peer Scope 2 tCO2e/employee (0.731378) x this company's employee count (8,100) = 5,924 tCO2e. Final estimate is the average of the available method(s): 4,767 tCO2e."
DECK,14048.8,median_model_revenue+employees,sector:Consumer Discretionary,21,"Tier 2 Scope 1 ESTIMATE (LSEG median-model style), NOT a disclosure -- see pipeline/tier2_estimation/estimate_tier2.py. Peer group: sector = 'Consumer Discretionary' (21 Tier 1 peers with a real Scope 1 value, floor=5). Revenue-based: median peer Scope 1 tCO2e/$ revenue (3.71647e-06) x this company's revenue ($5,527,288,832) = 20,542 tCO2e. Employee-based: median peer Scope 1 tCO2e/employee (1.25926) x this company's employee count (6,000) = 7,556 tCO2e. Final estimate is the average of the available method(s): 14,049 tCO2e.",23739.5,median_model_revenue+employees,sector:Consumer Discretionary,18,"Tier 2 Scope 2 ESTIMATE (LSEG median-model style), NOT a disclosure -- see pipeline/tier2_estimation/estimate_tier2.py. Peer group: sector = 'Consumer Discretionary' (18 Tier 1 peers with a real Scope 2 value, floor=5). Revenue-based: median peer Scope 2 tCO2e/$ revenue (6.64506e-06) x this company's revenue ($5,527,288,832) = 36,729 tCO2e. Employee-based: median peer Scope 2 tCO2e/employee (1.79165) x this company's employee count (6,000) = 10,750 tCO2e. Final estimate is the average of the available method(s): 23,740 tCO2e."
DELL,75915.9,median_model_revenue+employees,sector:Information Technology,37,"Tier 2 Scope 1 ESTIMATE (LSEG median-model style), NOT a disclosure -- see pipeline/tier2_estimation/estimate_tier2.py. Peer group: sector = 'Information Technology' (37 Tier 1 peers with a real Scope 1 value, floor=5). Revenue-based: median peer Scope 1 tCO2e/$ revenue (6.23987e-07) x this company's revenue ($151,197,007,872) = 94,345 tCO2e. Employee-based: median peer Scope 1 tCO2e/employee (0.592647) x this company's employee count (97,000) = 57,487 tCO2e. Final estimate is the average of the available method(s): 75,916 tCO2e.",247675.4,median_model_revenue+employees,sector:Information Technology,29,"Tier 2 Scope 2 ESTIMATE (LSEG median-model style), NOT a disclosure -- see pipeline/tier2_estimation/estimate_tier2.py. Peer group: sector = 'Information Technology' (29 Tier 1 peers with a real Scope 2 value, floor=5). Revenue-based: median peer Scope 2 tCO2e/$ revenue (2.34945e-06) x this company's revenue ($151,197,007,872) = 355,230 tCO2e. Employee-based: median peer Scope 2 tCO2e/employee (1.44455) x this company's employee count (97,000) = 140,121 tCO2e. Final estimate is the average of the available method(s): 247,675 tCO2e."
DAL,,,,,,512766.9,median_model_revenue+employees,sector:Industrials,28,"Tier 2 Scope 2 ESTIMATE (LSEG median-model style), NOT a disclosure -- see pipeline/tier2_estimation/estimate_tier2.py. Peer group: sector = 'Industrials' (28 Tier 1 peers with a real Scope 2 value, floor=5). Revenue-based: median peer Scope 2 tCO2e/$ revenue (9.89188e-06) x this company's revenue ($68,287,000,576) = 675,486 tCO2e. Employee-based: median peer Scope 2 tCO2e/employee (3.39852) x this company's employee count (103,000) = 350,047 tCO2e. Final estimate is the average of the available method(s): 512,767 tCO2e."
DXCM,16595.9,median_model_revenue+employees,sub_industry:Health Care Equipment,6,"Tier 2 Scope 1 ESTIMATE (LSEG median-model style), NOT a disclosure -- see pipeline/tier2_estimation/estimate_tier2.py. Peer group: sub_industry = 'Health Care Equipment' (6 Tier 1 peers with a real Scope 1 value, floor=5). Revenue-based: median peer Scope 1 tCO2e/$ revenue (3.85286e-06) x this company's revenue ($4,969,200,128) = 19,146 tCO2e. Employee-based: median peer Scope 1 tCO2e/employee (1.27693) x this company's employee count (11,000) = 14,046 tCO2e. Final estimate is the average of the available method(s): 16,596 tCO2e.",15005.2,median_model_revenue+employees,sub_industry:Health Care Equipment,5,"Tier 2 Scope 2 ESTIMATE (LSEG median-model style), NOT a disclosure -- see pipeline/tier2_estimation/estimate_tier2.py. Peer group: sub_industry = 'Health Care Equipment' (5 Tier 1 peers with a real Scope 2 value, floor=5). Revenue-based: median peer Scope 2 tCO2e/$ revenue (3.17691e-06) x this company's revenue ($4,969,200,128) = 15,787 tCO2e. Employee-based: median peer Scope 2 tCO2e/employee (1.29306) x this company's employee count (11,000) = 14,224 tCO2e. Final estimate is the average of the available method(s): 15,005 tCO2e."
FANG,2226139.1,median_model_revenue+employees,sub_industry:Oil & Gas Exploration & Production,6,"Tier 2 Scope 1 ESTIMATE (LSEG median-model style), NOT a disclosure -- see pipeline/tier2_estimation/estimate_tier2.py. Peer group: sub_industry = 'Oil & Gas Exploration & Production' (6 Tier 1 peers with a real Scope 1 value, floor=5). Revenue-based: median peer Scope 1 tCO2e/$ revenue (0.000192331) x this company's revenue ($16,248,000,512) = 3,124,991 tCO2e. Employee-based: median peer Scope 1 tCO2e/employee (753.284) x this company's employee count (1,762) = 1,327,287 tCO2e. Final estimate is the average of the available method(s): 2,226,139 tCO2e.",263119.7,median_model_revenue+employees,sector:Energy,6,"Tier 2 Scope 2 ESTIMATE (LSEG median-model style), NOT a disclosure -- see pipeline/tier2_estimation/estimate_tier2.py. Peer group: sector = 'Energy' (6 Tier 1 peers with a real Scope 2 value, floor=5). Revenue-based: median peer Scope 2 tCO2e/$ revenue (1.7615e-05) x this company's revenue ($16,248,000,512) = 286,209 tCO2e. Employee-based: median peer Scope 2 tCO2e/employee (136.226) x this company's employee count (1,762) = 240,031 tCO2e. Final estimate is the average of the available method(s): 263,120 tCO2e."
DLR,27829.3,median_model_revenue+employees,sector:Real Estate,8,"Tier 2 Scope 1 ESTIMATE (LSEG median-model style), NOT a disclosure -- see pipeline/tier2_estimation/estimate_tier2.py. Peer group: sector = 'Real Estate' (8 Tier 1 peers with a real Scope 1 value, floor=5). Revenue-based: median peer Scope 1 tCO2e/$ revenue (5.49255e-06) x this company's revenue ($6,757,036,032) = 37,113 tCO2e. Employee-based: median peer Scope 1 tCO2e/employee (4.331) x this company's employee count (4,282) = 18,545 tCO2e. Final estimate is the average of the available method(s): 27,829 tCO2e.",471333.4,median_model_revenue+employees,sector:Real Estate,7,"Tier 2 Scope 2 ESTIMATE (LSEG median-model style), NOT a disclosure -- see pipeline/tier2_estimation/estimate_tier2.py. Peer group: sector = 'Real Estate' (7 Tier 1 peers with a real Scope 2 value, floor=5). Revenue-based: median peer Scope 2 tCO2e/$ revenue (7.54576e-06) x this company's revenue ($6,757,036,032) = 50,987 tCO2e. Employee-based: median peer Scope 2 tCO2e/employee (208.239) x this company's employee count (4,282) = 891,680 tCO2e. Final estimate is the average of the available method(s): 471,333 tCO2e."
DG,967852.9,median_model_revenue+employees,sector:Consumer Staples,24,"Tier 2 Scope 1 ESTIMATE (LSEG median-model style), NOT a disclosure -- see pipeline/tier2_estimation/estimate_tier2.py. Peer group: sector = 'Consumer Staples' (24 Tier 1 peers with a real Scope 1 value, floor=5). Revenue-based: median peer Scope 1 tCO2e/$ revenue (1.05335e-05) x this company's revenue ($43,637,997,568) = 459,661 tCO2e. Employee-based: median peer Scope 1 tCO2e/employee (7.60848) x this company's employee count (194,000) = 1,476,045 tCO2e. Final estimate is the average of the available method(s): 967,853 tCO2e.",298121.7,median_model_revenue+employees,sector:Consumer Staples,16,"Tier 2 Scope 2 ESTIMATE (LSEG median-model style), NOT a disclosure -- see pipeline/tier2_estimation/estimate_tier2.py. Peer group: sector = 'Consumer Staples' (16 Tier 1 peers with a real Scope 2 value, floor=5). Revenue-based: median peer Scope 2 tCO2e/$ revenue (2.81277e-06) x this company's revenue ($43,637,997,568) = 122,744 tCO2e. Employee-based: median peer Scope 2 tCO2e/employee (2.44072) x this company's employee count (194,000) = 473,500 tCO2e. Final estimate is the average of the available method(s): 298,122 tCO2e."
DPZ,13246.6,median_model_revenue+employees,sector:Consumer Discretionary,21,"Tier 2 Scope 1 ESTIMATE (LSEG median-model style), NOT a disclosure -- see pipeline/tier2_estimation/estimate_tier2.py. Peer group: sector = 'Consumer Discretionary' (21 Tier 1 peers with a real Scope 1 value, floor=5). Revenue-based: median peer Scope 1 tCO2e/$ revenue (3.71647e-06) x this company's revenue ($5,027,814,912) = 18,686 tCO2e. Employee-based: median peer Scope 1 tCO2e/employee (1.25926) x this company's employee count (6,200) = 7,807 tCO2e. Final estimate is the average of the available method(s): 13,247 tCO2e.",22259.2,median_model_revenue+employees,sector:Consumer Discretionary,18,"Tier 2 Scope 2 ESTIMATE (LSEG median-model style), NOT a disclosure -- see pipeline/tier2_estimation/estimate_tier2.py. Peer group: sector = 'Consumer Discretionary' (18 Tier 1 peers with a real Scope 2 value, floor=5). Revenue-based: median peer Scope 2 tCO2e/$ revenue (6.64506e-06) x this company's revenue ($5,027,814,912) = 33,410 tCO2e. Employee-based: median peer Scope 2 tCO2e/employee (1.79165) x this company's employee count (6,200) = 11,108 tCO2e. Final estimate is the average of the available method(s): 22,259 tCO2e."
DASH,49299.6,median_model_revenue+employees,sector:Consumer Discretionary,21,"Tier 2 Scope 1 ESTIMATE (LSEG median-model style), NOT a disclosure -- see pipeline/tier2_estimation/estimate_tier2.py. Peer group: sector = 'Consumer Discretionary' (21 Tier 1 peers with a real Scope 1 value, floor=5). Revenue-based: median peer Scope 1 tCO2e/$ revenue (3.71647e-06) x this company's revenue ($15,891,000,320) = 59,058 tCO2e. Employee-based: median peer Scope 1 tCO2e/employee (1.25926) x this company's employee count (31,400) = 39,541 tCO2e. Final estimate is the average of the available method(s): 49,300 tCO2e.",80927.3,median_model_revenue+employees,sector:Consumer Discretionary,18,"Tier 2 Scope 2 ESTIMATE (LSEG median-model style), NOT a disclosure -- see pipeline/tier2_estimation/estimate_tier2.py. Peer group: sector = 'Consumer Discretionary' (18 Tier 1 peers with a real Scope 2 value, floor=5). Revenue-based: median peer Scope 2 tCO2e/$ revenue (6.64506e-06) x this company's revenue ($15,891,000,320) = 105,597 tCO2e. Employee-based: median peer Scope 2 tCO2e/employee (1.79165) x this company's employee count (31,400) = 56,258 tCO2e. Final estimate is the average of the available method(s): 80,927 tCO2e."
DHI,71001.7,median_model_revenue+employees,sector:Consumer Discretionary,21,"Tier 2 Scope 1 ESTIMATE (LSEG median-model style), NOT a disclosure -- see pipeline/tier2_estimation/estimate_tier2.py. Peer group: sector = 'Consumer Discretionary' (21 Tier 1 peers with a real Scope 1 value, floor=5). Revenue-based: median peer Scope 1 tCO2e/$ revenue (3.71647e-06) x this company's revenue ($33,350,000,640) = 123,944 tCO2e. Employee-based: median peer Scope 1 tCO2e/employee (1.25926) x this company's employee count (14,341) = 18,059 tCO2e. Final estimate is the average of the available method(s): 71,002 tCO2e.",123653.5,median_model_revenue+employees,sector:Consumer Discretionary,18,"Tier 2 Scope 2 ESTIMATE (LSEG median-model style), NOT a disclosure -- see pipeline/tier2_estimation/estimate_tier2.py. Peer group: sector = 'Consumer Discretionary' (18 Tier 1 peers with a real Scope 2 value, floor=5). Revenue-based: median peer Scope 2 tCO2e/$ revenue (6.64506e-06) x this company's revenue ($33,350,000,640) = 221,613 tCO2e. Employee-based: median peer Scope 2 tCO2e/employee (1.79165) x this company's employee count (14,341) = 25,694 tCO2e. Final estimate is the average of the available method(s): 123,653 tCO2e."
ECHO,11530.5,median_model_revenue+employees,sector:Communication Services,6,"Tier 2 Scope 1 ESTIMATE (LSEG median-model style), NOT a disclosure -- see pipeline/tier2_estimation/estimate_tier2.py. Peer group: sector = 'Communication Services' (6 Tier 1 peers with a real Scope 1 value, floor=5). Revenue-based: median peer Scope 1 tCO2e/$ revenue (6.73153e-07) x this company's revenue ($14,653,925,376) = 9,864 tCO2e. Employee-based: median peer Scope 1 tCO2e/employee (1.09064) x this company's employee count (12,100) = 13,197 tCO2e. Final estimate is the average of the available method(s): 11,531 tCO2e.",61194.1,median_model_revenue+employees,sector:Communication Services,6,"Tier 2 Scope 2 ESTIMATE (LSEG median-model style), NOT a disclosure -- see pipeline/tier2_estimation/estimate_tier2.py. Peer group: sector = 'Communication Services' (6 Tier 1 peers with a real Scope 2 value, floor=5). Revenue-based: median peer Scope 2 tCO2e/$ revenue (5.2889e-06) x this company's revenue ($14,653,925,376) = 77,503 tCO2e. Employee-based: median peer Scope 2 tCO2e/employee (3.70951) x this company's employee count (12,100) = 44,885 tCO2e. Final estimate is the average of the available method(s): 61,194 tCO2e."
EIX,,,,,,188676.6,median_model_revenue+employees,sector:Utilities,10,"Tier 2 Scope 2 ESTIMATE (LSEG median-model style), NOT a disclosure -- see pipeline/tier2_estimation/estimate_tier2.py. Peer group: sector = 'Utilities' (10 Tier 1 peers with a real Scope 2 value, floor=5). Revenue-based: median peer Scope 2 tCO2e/$ revenue (9.6601e-06) x this company's revenue ($19,423,000,576) = 187,628 tCO2e. Employee-based: median peer Scope 2 tCO2e/employee (13.8233) x this company's employee count (13,725) = 189,725 tCO2e. Final estimate is the average of the available method(s): 188,677 tCO2e."
ELV,446942.5,median_model_revenue+employees,sector:Health Care,25,"Tier 2 Scope 1 ESTIMATE (LSEG median-model style), NOT a disclosure -- see pipeline/tier2_estimation/estimate_tier2.py. Peer group: sector = 'Health Care' (25 Tier 1 peers with a real Scope 1 value, floor=5). Revenue-based: median peer Scope 1 tCO2e/$ revenue (3.54491e-06) x this company's revenue ($201,113,993,216) = 712,930 tCO2e. Employee-based: median peer Scope 1 tCO2e/employee (1.88241) x this company's employee count (96,129) = 180,955 tCO2e. Final estimate is the average of the available method(s): 446,943 tCO2e.",415790.5,median_model_revenue+employees,sector:Health Care,18,"Tier 2 Scope 2 ESTIMATE (LSEG median-model style), NOT a disclosure -- see pipeline/tier2_estimation/estimate_tier2.py. Peer group: sector = 'Health Care' (18 Tier 1 peers with a real Scope 2 value, floor=5). Revenue-based: median peer Scope 2 tCO2e/$ revenue (3.19915e-06) x this company's revenue ($201,113,993,216) = 643,393 tCO2e. Employee-based: median peer Scope 2 tCO2e/employee (1.95766) x this company's employee count (96,129) = 188,188 tCO2e. Final estimate is the average of the available method(s): 415,791 tCO2e."
EME,154774.9,median_model_revenue+employees,sector:Industrials,40,"Tier 2 Scope 1 ESTIMATE (LSEG median-model style), NOT a disclosure -- see pipeline/tier2_estimation/estimate_tier2.py. Peer group: sector = 'Industrials' (40 Tier 1 peers with a real Scope 1 value, floor=5). Revenue-based: median peer Scope 1 tCO2e/$ revenue (6.94524e-06) x this company's revenue ($18,597,775,360) = 129,166 tCO2e. Employee-based: median peer Scope 1 tCO2e/employee (4.09963) x this company's employee count (44,000) = 180,384 tCO2e. Final estimate is the average of the available method(s): 154,775 tCO2e.",166750.8,median_model_revenue+employees,sector:Industrials,28,"Tier 2 Scope 2 ESTIMATE (LSEG median-model style), NOT a disclosure -- see pipeline/tier2_estimation/estimate_tier2.py. Peer group: sector = 'Industrials' (28 Tier 1 peers with a real Scope 2 value, floor=5). Revenue-based: median peer Scope 2 tCO2e/$ revenue (9.89188e-06) x this company's revenue ($18,597,775,360) = 183,967 tCO2e. Employee-based: median peer Scope 2 tCO2e/employee (3.39852) x this company's employee count (44,000) = 149,535 tCO2e. Final estimate is the average of the available method(s): 166,751 tCO2e."
EOG,,,,,,466930.0,median_model_revenue+employees,sector:Energy,6,"Tier 2 Scope 2 ESTIMATE (LSEG median-model style), NOT a disclosure -- see pipeline/tier2_estimation/estimate_tier2.py. Peer group: sector = 'Energy' (6 Tier 1 peers with a real Scope 2 value, floor=5). Revenue-based: median peer Scope 2 tCO2e/$ revenue (1.7615e-05) x this company's revenue ($26,720,999,424) = 470,691 tCO2e. Employee-based: median peer Scope 2 tCO2e/employee (136.226) x this company's employee count (3,400) = 463,170 tCO2e. Final estimate is the average of the available method(s): 466,930 tCO2e."
EFX,53126.5,median_model_revenue+employees,sector:Industrials,40,"Tier 2 Scope 1 ESTIMATE (LSEG median-model style), NOT a disclosure -- see pipeline/tier2_estimation/estimate_tier2.py. Peer group: sector = 'Industrials' (40 Tier 1 peers with a real Scope 1 value, floor=5). Revenue-based: median peer Scope 1 tCO2e/$ revenue (6.94524e-06) x this company's revenue ($6,444,499,968) = 44,759 tCO2e. Employee-based: median peer Scope 1 tCO2e/employee (4.09963) x this company's employee count (15,000) = 61,494 tCO2e. Final estimate is the average of the available method(s): 53,127 tCO2e.",57363.0,median_model_revenue+employees,sector:Industrials,28,"Tier 2 Scope 2 ESTIMATE (LSEG median-model style), NOT a disclosure -- see pipeline/tier2_estimation/estimate_tier2.py. Peer group: sector = 'Industrials' (28 Tier 1 peers with a real Scope 2 value, floor=5). Revenue-based: median peer Scope 2 tCO2e/$ revenue (9.89188e-06) x this company's revenue ($6,444,499,968) = 63,748 tCO2e. Employee-based: median peer Scope 2 tCO2e/employee (3.39852) x this company's employee count (15,000) = 50,978 tCO2e. Final estimate is the average of the available method(s): 57,363 tCO2e."
EQIX,56901.1,median_model_revenue+employees,sector:Real Estate,8,"Tier 2 Scope 1 ESTIMATE (LSEG median-model style), NOT a disclosure -- see pipeline/tier2_estimation/estimate_tier2.py. Peer group: sector = 'Real Estate' (8 Tier 1 peers with a real Scope 1 value, floor=5). Revenue-based: median peer Scope 1 tCO2e/$ revenue (5.49255e-06) x this company's revenue ($9,904,000,000) = 54,398 tCO2e. Employee-based: median peer Scope 1 tCO2e/employee (4.331) x this company's employee count (13,716) = 59,404 tCO2e. Final estimate is the average of the available method(s): 56,901 tCO2e.",1465470.4,median_model_revenue+employees,sector:Real Estate,7,"Tier 2 Scope 2 ESTIMATE (LSEG median-model style), NOT a disclosure -- see pipeline/tier2_estimation/estimate_tier2.py. Peer group: sector = 'Real Estate' (7 Tier 1 peers with a real Scope 2 value, floor=5). Revenue-based: median peer Scope 2 tCO2e/$ revenue (7.54576e-06) x this company's revenue ($9,904,000,000) = 74,733 tCO2e. Employee-based: median peer Scope 2 tCO2e/employee (208.239) x this company's employee count (13,716) = 2,856,208 tCO2e. Final estimate is the average of the available method(s): 1,465,470 tCO2e."
ERIE,2145.8,median_model_revenue+employees,sector:Financials,21,"Tier 2 Scope 1 ESTIMATE (LSEG median-model style), NOT a disclosure -- see pipeline/tier2_estimation/estimate_tier2.py. Peer group: sector = 'Financials' (21 Tier 1 peers with a real Scope 1 value, floor=5). Revenue-based: median peer Scope 1 tCO2e/$ revenue (5.36817e-07) x this company's revenue ($4,119,469,056) = 2,211 tCO2e. Employee-based: median peer Scope 1 tCO2e/employee (0.312029) x this company's employee count (6,667) = 2,080 tCO2e. Final estimate is the average of the available method(s): 2,146 tCO2e.",1270.7,median_model_revenue+employees,sector:Financials,17,"Tier 2 Scope 2 ESTIMATE (LSEG median-model style), NOT a disclosure -- see pipeline/tier2_estimation/estimate_tier2.py. Peer group: sector = 'Financials' (17 Tier 1 peers with a real Scope 2 value, floor=5). Revenue-based: median peer Scope 2 tCO2e/$ revenue (1.98278e-07) x this company's revenue ($4,119,469,056) = 817 tCO2e. Employee-based: median peer Scope 2 tCO2e/employee (0.25868) x this company's employee count (6,667) = 1,725 tCO2e. Final estimate is the average of the available method(s): 1,271 tCO2e."
ESS,9090.8,median_model_revenue+employees,sector:Real Estate,8,"Tier 2 Scope 1 ESTIMATE (LSEG median-model style), NOT a disclosure -- see pipeline/tier2_estimation/estimate_tier2.py. Peer group: sector = 'Real Estate' (8 Tier 1 peers with a real Scope 1 value, floor=5). Revenue-based: median peer Scope 1 tCO2e/$ revenue (5.49255e-06) x this company's revenue ($1,980,775,936) = 10,880 tCO2e. Employee-based: median peer Scope 1 tCO2e/employee (4.331) x this company's employee count (1,686) = 7,302 tCO2e. Final estimate is the average of the available method(s): 9,091 tCO2e.",183018.8,median_model_revenue+employees,sector:Real Estate,7,"Tier 2 Scope 2 ESTIMATE (LSEG median-model style), NOT a disclosure -- see pipeline/tier2_estimation/estimate_tier2.py. Peer group: sector = 'Real Estate' (7 Tier 1 peers with a real Scope 2 value, floor=5). Revenue-based: median peer Scope 2 tCO2e/$ revenue (7.54576e-06) x this company's revenue ($1,980,775,936) = 14,946 tCO2e. Employee-based: median peer Scope 2 tCO2e/employee (208.239) x this company's employee count (1,686) = 351,091 tCO2e. Final estimate is the average of the available method(s): 183,019 tCO2e."
EG,4994.0,median_model_revenue+employees,sector:Financials,21,"Tier 2 Scope 1 ESTIMATE (LSEG median-model style), NOT a disclosure -- see pipeline/tier2_estimation/estimate_tier2.py. Peer group: sector = 'Financials' (21 Tier 1 peers with a real Scope 1 value, floor=5). Revenue-based: median peer Scope 1 tCO2e/$ revenue (5.36817e-07) x this company's revenue ($16,824,999,936) = 9,032 tCO2e. Employee-based: median peer Scope 1 tCO2e/employee (0.312029) x this company's employee count (3,064) = 956 tCO2e. Final estimate is the average of the available method(s): 4,994 tCO2e.",2064.3,median_model_revenue+employees,sector:Financials,17,"Tier 2 Scope 2 ESTIMATE (LSEG median-model style), NOT a disclosure -- see pipeline/tier2_estimation/estimate_tier2.py. Peer group: sector = 'Financials' (17 Tier 1 peers with a real Scope 2 value, floor=5). Revenue-based: median peer Scope 2 tCO2e/$ revenue (1.98278e-07) x this company's revenue ($16,824,999,936) = 3,336 tCO2e. Employee-based: median peer Scope 2 tCO2e/employee (0.25868) x this company's employee count (3,064) = 793 tCO2e. Final estimate is the average of the available method(s): 2,064 tCO2e."
EVRG,,,,,,61856.5,median_model_revenue+employees,sector:Utilities,10,"Tier 2 Scope 2 ESTIMATE (LSEG median-model style), NOT a disclosure -- see pipeline/tier2_estimation/estimate_tier2.py. Peer group: sector = 'Utilities' (10 Tier 1 peers with a real Scope 2 value, floor=5). Revenue-based: median peer Scope 2 tCO2e/$ revenue (9.6601e-06) x this company's revenue ($6,093,899,776) = 58,868 tCO2e. Employee-based: median peer Scope 2 tCO2e/employee (13.8233) x this company's employee count (4,691) = 64,845 tCO2e. Final estimate is the average of the available method(s): 61,856 tCO2e."
ES,31610801.3,median_model_revenue+employees,sub_industry:Electric Utilities,14,"Tier 2 Scope 1 ESTIMATE (LSEG median-model style), NOT a disclosure -- see pipeline/tier2_estimation/estimate_tier2.py. Peer group: sub_industry = 'Electric Utilities' (14 Tier 1 peers with a real Scope 1 value, floor=5). Revenue-based: median peer Scope 1 tCO2e/$ revenue (0.0023194) x this company's revenue ($13,998,372,864) = 32,467,798 tCO2e. Employee-based: median peer Scope 1 tCO2e/employee (2865.88) x this company's employee count (10,731) = 30,753,805 tCO2e. Final estimate is the average of the available method(s): 31,610,801 tCO2e.",141781.9,median_model_revenue+employees,sector:Utilities,10,"Tier 2 Scope 2 ESTIMATE (LSEG median-model style), NOT a disclosure -- see pipeline/tier2_estimation/estimate_tier2.py. Peer group: sector = 'Utilities' (10 Tier 1 peers with a real Scope 2 value, floor=5). Revenue-based: median peer Scope 2 tCO2e/$ revenue (9.6601e-06) x this company's revenue ($13,998,372,864) = 135,226 tCO2e. Employee-based: median peer Scope 2 tCO2e/employee (13.8233) x this company's employee count (10,731) = 148,338 tCO2e. Final estimate is the average of the available method(s): 141,782 tCO2e."
EXE,1819889.2,median_model_revenue+employees,sub_industry:Oil & Gas Exploration & Production,6,"Tier 2 Scope 1 ESTIMATE (LSEG median-model style), NOT a disclosure -- see pipeline/tier2_estimation/estimate_tier2.py. Peer group: sub_industry = 'Oil & Gas Exploration & Production' (6 Tier 1 peers with a real Scope 1 value, floor=5). Revenue-based: median peer Scope 1 tCO2e/$ revenue (0.000192331) x this company's revenue ($12,657,999,872) = 2,434,524 tCO2e. Employee-based: median peer Scope 1 tCO2e/employee (753.284) x this company's employee count (1,600) = 1,205,255 tCO2e. Final estimate is the average of the available method(s): 1,819,889 tCO2e.",220466.4,median_model_revenue+employees,sector:Energy,6,"Tier 2 Scope 2 ESTIMATE (LSEG median-model style), NOT a disclosure -- see pipeline/tier2_estimation/estimate_tier2.py. Peer group: sector = 'Energy' (6 Tier 1 peers with a real Scope 2 value, floor=5). Revenue-based: median peer Scope 2 tCO2e/$ revenue (1.7615e-05) x this company's revenue ($12,657,999,872) = 222,971 tCO2e. Employee-based: median peer Scope 2 tCO2e/employee (136.226) x this company's employee count (1,600) = 217,962 tCO2e. Final estimate is the average of the available method(s): 220,466 tCO2e."
EXPE,39248.4,median_model_revenue+employees,sector:Consumer Discretionary,21,"Tier 2 Scope 1 ESTIMATE (LSEG median-model style), NOT a disclosure -- see pipeline/tier2_estimation/estimate_tier2.py. Peer group: sector = 'Consumer Discretionary' (21 Tier 1 peers with a real Scope 1 value, floor=5). Revenue-based: median peer Scope 1 tCO2e/$ revenue (3.71647e-06) x this company's revenue ($15,699,999,744) = 58,349 tCO2e. Employee-based: median peer Scope 1 tCO2e/employee (1.25926) x this company's employee count (16,000) = 20,148 tCO2e. Final estimate is the average of the available method(s): 39,248 tCO2e.",66497.0,median_model_revenue+employees,sector:Consumer Discretionary,18,"Tier 2 Scope 2 ESTIMATE (LSEG median-model style), NOT a disclosure -- see pipeline/tier2_estimation/estimate_tier2.py. Peer group: sector = 'Consumer Discretionary' (18 Tier 1 peers with a real Scope 2 value, floor=5). Revenue-based: median peer Scope 2 tCO2e/$ revenue (6.64506e-06) x this company's revenue ($15,699,999,744) = 104,327 tCO2e. Employee-based: median peer Scope 2 tCO2e/employee (1.79165) x this company's employee count (16,000) = 28,666 tCO2e. Final estimate is the average of the available method(s): 66,497 tCO2e."
EXR,27817.5,median_model_revenue+employees,sector:Real Estate,8,"Tier 2 Scope 1 ESTIMATE (LSEG median-model style), NOT a disclosure -- see pipeline/tier2_estimation/estimate_tier2.py. Peer group: sector = 'Real Estate' (8 Tier 1 peers with a real Scope 1 value, floor=5). Revenue-based: median peer Scope 1 tCO2e/$ revenue (5.49255e-06) x this company's revenue ($3,511,115,008) = 19,285 tCO2e. Employee-based: median peer Scope 1 tCO2e/employee (4.331) x this company's employee count (8,393) = 36,350 tCO2e. Final estimate is the average of the available method(s): 27,818 tCO2e.",887122.4,median_model_revenue+employees,sector:Real Estate,7,"Tier 2 Scope 2 ESTIMATE (LSEG median-model style), NOT a disclosure -- see pipeline/tier2_estimation/estimate_tier2.py. Peer group: sector = 'Real Estate' (7 Tier 1 peers with a real Scope 2 value, floor=5). Revenue-based: median peer Scope 2 tCO2e/$ revenue (7.54576e-06) x this company's revenue ($3,511,115,008) = 26,494 tCO2e. Employee-based: median peer Scope 2 tCO2e/employee (208.239) x this company's employee count (8,393) = 1,747,751 tCO2e. Final estimate is the average of the available method(s): 887,122 tCO2e."
XOM,,,,,,7123789.3,median_model_revenue+employees,sector:Energy,6,"Tier 2 Scope 2 ESTIMATE (LSEG median-model style), NOT a disclosure -- see pipeline/tier2_estimation/estimate_tier2.py. Peer group: sector = 'Energy' (6 Tier 1 peers with a real Scope 2 value, floor=5). Revenue-based: median peer Scope 2 tCO2e/$ revenue (1.7615e-05) x this company's revenue ($361,060,007,936) = 6,360,074 tCO2e. Employee-based: median peer Scope 2 tCO2e/employee (136.226) x this company's employee count (57,900) = 7,887,504 tCO2e. Final estimate is the average of the available method(s): 7,123,789 tCO2e."
FFIV,2962.1,median_model_revenue+employees,sector:Information Technology,37,"Tier 2 Scope 1 ESTIMATE (LSEG median-model style), NOT a disclosure -- see pipeline/tier2_estimation/estimate_tier2.py. Peer group: sector = 'Information Technology' (37 Tier 1 peers with a real Scope 1 value, floor=5). Revenue-based: median peer Scope 1 tCO2e/$ revenue (6.23987e-07) x this company's revenue ($3,309,331,968) = 2,065 tCO2e. Employee-based: median peer Scope 1 tCO2e/employee (0.592647) x this company's employee count (6,512) = 3,859 tCO2e. Final estimate is the average of the available method(s): 2,962 tCO2e.",8591.0,median_model_revenue+employees,sector:Information Technology,29,"Tier 2 Scope 2 ESTIMATE (LSEG median-model style), NOT a disclosure -- see pipeline/tier2_estimation/estimate_tier2.py. Peer group: sector = 'Information Technology' (29 Tier 1 peers with a real Scope 2 value, floor=5). Revenue-based: median peer Scope 2 tCO2e/$ revenue (2.34945e-06) x this company's revenue ($3,309,331,968) = 7,775 tCO2e. Employee-based: median peer Scope 2 tCO2e/employee (1.44455) x this company's employee count (6,512) = 9,407 tCO2e. Final estimate is the average of the available method(s): 8,591 tCO2e."
FDS,2635.0,median_model_revenue+employees,sector:Financials,21,"Tier 2 Scope 1 ESTIMATE (LSEG median-model style), NOT a disclosure -- see pipeline/tier2_estimation/estimate_tier2.py. Peer group: sector = 'Financials' (21 Tier 1 peers with a real Scope 1 value, floor=5). Revenue-based: median peer Scope 1 tCO2e/$ revenue (5.36817e-07) x this company's revenue ($2,438,458,880) = 1,309 tCO2e. Employee-based: median peer Scope 1 tCO2e/employee (0.312029) x this company's employee count (12,694) = 3,961 tCO2e. Final estimate is the average of the available method(s): 2,635 tCO2e.",1883.6,median_model_revenue+employees,sector:Financials,17,"Tier 2 Scope 2 ESTIMATE (LSEG median-model style), NOT a disclosure -- see pipeline/tier2_estimation/estimate_tier2.py. Peer group: sector = 'Financials' (17 Tier 1 peers with a real Scope 2 value, floor=5). Revenue-based: median peer Scope 2 tCO2e/$ revenue (1.98278e-07) x this company's revenue ($2,438,458,880) = 483 tCO2e. Employee-based: median peer Scope 2 tCO2e/employee (0.25868) x this company's employee count (12,694) = 3,284 tCO2e. Final estimate is the average of the available method(s): 1,884 tCO2e."
FICO,669.9,median_model_revenue+employees,sub_industry:Application Software,7,"Tier 2 Scope 1 ESTIMATE (LSEG median-model style), NOT a disclosure -- see pipeline/tier2_estimation/estimate_tier2.py. Peer group: sub_industry = 'Application Software' (7 Tier 1 peers with a real Scope 1 value, floor=5). Revenue-based: median peer Scope 1 tCO2e/$ revenue (2.60656e-07) x this company's revenue ($2,393,574,912) = 624 tCO2e. Employee-based: median peer Scope 1 tCO2e/employee (0.18472) x this company's employee count (3,876) = 716 tCO2e. Final estimate is the average of the available method(s): 670 tCO2e.",2506.8,median_model_revenue+employees,sub_industry:Application Software,7,"Tier 2 Scope 2 ESTIMATE (LSEG median-model style), NOT a disclosure -- see pipeline/tier2_estimation/estimate_tier2.py. Peer group: sub_industry = 'Application Software' (7 Tier 1 peers with a real Scope 2 value, floor=5). Revenue-based: median peer Scope 2 tCO2e/$ revenue (9.10231e-07) x this company's revenue ($2,393,574,912) = 2,179 tCO2e. Employee-based: median peer Scope 2 tCO2e/employee (0.731378) x this company's employee count (3,876) = 2,835 tCO2e. Final estimate is the average of the available method(s): 2,507 tCO2e."
FRT,4347.4,median_model_revenue+employees,sector:Real Estate,8,"Tier 2 Scope 1 ESTIMATE (LSEG median-model style), NOT a disclosure -- see pipeline/tier2_estimation/estimate_tier2.py. Peer group: sector = 'Real Estate' (8 Tier 1 peers with a real Scope 1 value, floor=5). Revenue-based: median peer Scope 1 tCO2e/$ revenue (5.49255e-06) x this company's revenue ($1,335,422,976) = 7,335 tCO2e. Employee-based: median peer Scope 1 tCO2e/employee (4.331) x this company's employee count (314) = 1,360 tCO2e. Final estimate is the average of the available method(s): 4,347 tCO2e.",37731.9,median_model_revenue+employees,sector:Real Estate,7,"Tier 2 Scope 2 ESTIMATE (LSEG median-model style), NOT a disclosure -- see pipeline/tier2_estimation/estimate_tier2.py. Peer group: sector = 'Real Estate' (7 Tier 1 peers with a real Scope 2 value, floor=5). Revenue-based: median peer Scope 2 tCO2e/$ revenue (7.54576e-06) x this company's revenue ($1,335,422,976) = 10,077 tCO2e. Employee-based: median peer Scope 2 tCO2e/employee (208.239) x this company's employee count (314) = 65,387 tCO2e. Final estimate is the average of the available method(s): 37,732 tCO2e."
FDXF,112534.3,median_model_revenue+employees,sector:Industrials,40,"Tier 2 Scope 1 ESTIMATE (LSEG median-model style), NOT a disclosure -- see pipeline/tier2_estimation/estimate_tier2.py. Peer group: sector = 'Industrials' (40 Tier 1 peers with a real Scope 1 value, floor=5). Revenue-based: median peer Scope 1 tCO2e/$ revenue (6.94524e-06) x this company's revenue ($8,794,999,808) = 61,083 tCO2e. Employee-based: median peer Scope 1 tCO2e/employee (4.09963) x this company's employee count (40,000) = 163,985 tCO2e. Final estimate is the average of the available method(s): 112,534 tCO2e.",111469.9,median_model_revenue+employees,sector:Industrials,28,"Tier 2 Scope 2 ESTIMATE (LSEG median-model style), NOT a disclosure -- see pipeline/tier2_estimation/estimate_tier2.py. Peer group: sector = 'Industrials' (28 Tier 1 peers with a real Scope 2 value, floor=5). Revenue-based: median peer Scope 2 tCO2e/$ revenue (9.89188e-06) x this company's revenue ($8,794,999,808) = 86,999 tCO2e. Employee-based: median peer Scope 2 tCO2e/employee (3.39852) x this company's employee count (40,000) = 135,941 tCO2e. Final estimate is the average of the available method(s): 111,470 tCO2e."
FIS,10139.2,median_model_revenue+employees,sector:Financials,21,"Tier 2 Scope 1 ESTIMATE (LSEG median-model style), NOT a disclosure -- see pipeline/tier2_estimation/estimate_tier2.py. Peer group: sector = 'Financials' (21 Tier 1 peers with a real Scope 1 value, floor=5). Revenue-based: median peer Scope 1 tCO2e/$ revenue (5.36817e-07) x this company's revenue ($12,199,999,488) = 6,549 tCO2e. Employee-based: median peer Scope 1 tCO2e/employee (0.312029) x this company's employee count (44,000) = 13,729 tCO2e. Final estimate is the average of the available method(s): 10,139 tCO2e.",6900.5,median_model_revenue+employees,sector:Financials,17,"Tier 2 Scope 2 ESTIMATE (LSEG median-model style), NOT a disclosure -- see pipeline/tier2_estimation/estimate_tier2.py. Peer group: sector = 'Financials' (17 Tier 1 peers with a real Scope 2 value, floor=5). Revenue-based: median peer Scope 2 tCO2e/$ revenue (1.98278e-07) x this company's revenue ($12,199,999,488) = 2,419 tCO2e. Employee-based: median peer Scope 2 tCO2e/employee (0.25868) x this company's employee count (44,000) = 11,382 tCO2e. Final estimate is the average of the available method(s): 6,900 tCO2e."
FE,,,,,,152836.5,median_model_revenue+employees,sector:Utilities,10,"Tier 2 Scope 2 ESTIMATE (LSEG median-model style), NOT a disclosure -- see pipeline/tier2_estimation/estimate_tier2.py. Peer group: sector = 'Utilities' (10 Tier 1 peers with a real Scope 2 value, floor=5). Revenue-based: median peer Scope 2 tCO2e/$ revenue (9.6601e-06) x this company's revenue ($15,635,999,744) = 151,045 tCO2e. Employee-based: median peer Scope 2 tCO2e/employee (13.8233) x this company's employee count (11,186) = 154,628 tCO2e. Final estimate is the average of the available method(s): 152,837 tCO2e."
FISV,11376.8,median_model_revenue,sector:Financials,21,"Tier 2 Scope 1 ESTIMATE (LSEG median-model style), NOT a disclosure -- see pipeline/tier2_estimation/estimate_tier2.py. Peer group: sector = 'Financials' (21 Tier 1 peers with a real Scope 1 value, floor=5). Revenue-based: median peer Scope 1 tCO2e/$ revenue (5.36817e-07) x this company's revenue ($21,193,000,000) = 11,377 tCO2e. Final estimate is the average of the available method(s): 11,377 tCO2e.",4202.1,median_model_revenue,sector:Financials,17,"Tier 2 Scope 2 ESTIMATE (LSEG median-model style), NOT a disclosure -- see pipeline/tier2_estimation/estimate_tier2.py. Peer group: sector = 'Financials' (17 Tier 1 peers with a real Scope 2 value, floor=5). Revenue-based: median peer Scope 2 tCO2e/$ revenue (1.98278e-07) x this company's revenue ($21,193,000,000) = 4,202 tCO2e. Final estimate is the average of the available method(s): 4,202 tCO2e."
FTV,21298.3,median_model_revenue+employees,sub_industry:Industrial Machinery & Supplies & Components,6,"Tier 2 Scope 1 ESTIMATE (LSEG median-model style), NOT a disclosure -- see pipeline/tier2_estimation/estimate_tier2.py. Peer group: sub_industry = 'Industrial Machinery & Supplies & Components' (6 Tier 1 peers with a real Scope 1 value, floor=5). Revenue-based: median peer Scope 1 tCO2e/$ revenue (5.37521e-06) x this company's revenue ($4,315,800,064) = 23,198 tCO2e. Employee-based: median peer Scope 1 tCO2e/employee (1.93983) x this company's employee count (10,000) = 19,398 tCO2e. Final estimate is the average of the available method(s): 21,298 tCO2e.",52264.1,median_model_revenue+employees,sub_industry:Industrial Machinery & Supplies & Components,5,"Tier 2 Scope 2 ESTIMATE (LSEG median-model style), NOT a disclosure -- see pipeline/tier2_estimation/estimate_tier2.py. Peer group: sub_industry = 'Industrial Machinery & Supplies & Components' (5 Tier 1 peers with a real Scope 2 value, floor=5). Revenue-based: median peer Scope 2 tCO2e/$ revenue (1.36744e-05) x this company's revenue ($4,315,800,064) = 59,016 tCO2e. Employee-based: median peer Scope 2 tCO2e/employee (4.55123) x this company's employee count (10,000) = 45,512 tCO2e. Final estimate is the average of the available method(s): 52,264 tCO2e."
FTNT,6933.2,median_model_revenue+employees,sector:Information Technology,37,"Tier 2 Scope 1 ESTIMATE (LSEG median-model style), NOT a disclosure -- see pipeline/tier2_estimation/estimate_tier2.py. Peer group: sector = 'Information Technology' (37 Tier 1 peers with a real Scope 1 value, floor=5). Revenue-based: median peer Scope 1 tCO2e/$ revenue (6.23987e-07) x this company's revenue ($7,527,399,936) = 4,697 tCO2e. Employee-based: median peer Scope 1 tCO2e/employee (0.592647) x this company's employee count (15,472) = 9,169 tCO2e. Final estimate is the average of the available method(s): 6,933 tCO2e.",20017.6,median_model_revenue+employees,sector:Information Technology,29,"Tier 2 Scope 2 ESTIMATE (LSEG median-model style), NOT a disclosure -- see pipeline/tier2_estimation/estimate_tier2.py. Peer group: sector = 'Information Technology' (29 Tier 1 peers with a real Scope 2 value, floor=5). Revenue-based: median peer Scope 2 tCO2e/$ revenue (2.34945e-06) x this company's revenue ($7,527,399,936) = 17,685 tCO2e. Employee-based: median peer Scope 2 tCO2e/employee (1.44455) x this company's employee count (15,472) = 22,350 tCO2e. Final estimate is the average of the available method(s): 20,018 tCO2e."
FOXA,11517.3,median_model_revenue+employees,sector:Communication Services,6,"Tier 2 Scope 1 ESTIMATE (LSEG median-model style), NOT a disclosure -- see pipeline/tier2_estimation/estimate_tier2.py. Peer group: sector = 'Communication Services' (6 Tier 1 peers with a real Scope 1 value, floor=5). Revenue-based: median peer Scope 1 tCO2e/$ revenue (6.73153e-07) x this company's revenue ($17,125,999,616) = 11,528 tCO2e. Employee-based: median peer Scope 1 tCO2e/employee (1.09064) x this company's employee count (10,550) = 11,506 tCO2e. Final estimate is the average of the available method(s): 11,517 tCO2e.",64856.5,median_model_revenue+employees,sector:Communication Services,6,"Tier 2 Scope 2 ESTIMATE (LSEG median-model style), NOT a disclosure -- see pipeline/tier2_estimation/estimate_tier2.py. Peer group: sector = 'Communication Services' (6 Tier 1 peers with a real Scope 2 value, floor=5). Revenue-based: median peer Scope 2 tCO2e/$ revenue (5.2889e-06) x this company's revenue ($17,125,999,616) = 90,578 tCO2e. Employee-based: median peer Scope 2 tCO2e/employee (3.70951) x this company's employee count (10,550) = 39,135 tCO2e. Final estimate is the average of the available method(s): 64,857 tCO2e."
FOX,11517.3,median_model_revenue+employees,sector:Communication Services,6,"Tier 2 Scope 1 ESTIMATE (LSEG median-model style), NOT a disclosure -- see pipeline/tier2_estimation/estimate_tier2.py. Peer group: sector = 'Communication Services' (6 Tier 1 peers with a real Scope 1 value, floor=5). Revenue-based: median peer Scope 1 tCO2e/$ revenue (6.73153e-07) x this company's revenue ($17,125,999,616) = 11,528 tCO2e. Employee-based: median peer Scope 1 tCO2e/employee (1.09064) x this company's employee count (10,550) = 11,506 tCO2e. Final estimate is the average of the available method(s): 11,517 tCO2e.",64856.5,median_model_revenue+employees,sector:Communication Services,6,"Tier 2 Scope 2 ESTIMATE (LSEG median-model style), NOT a disclosure -- see pipeline/tier2_estimation/estimate_tier2.py. Peer group: sector = 'Communication Services' (6 Tier 1 peers with a real Scope 2 value, floor=5). Revenue-based: median peer Scope 2 tCO2e/$ revenue (5.2889e-06) x this company's revenue ($17,125,999,616) = 90,578 tCO2e. Employee-based: median peer Scope 2 tCO2e/employee (3.70951) x this company's employee count (10,550) = 39,135 tCO2e. Final estimate is the average of the available method(s): 64,857 tCO2e."
BEN,4078.4,median_model_revenue+employees,sector:Financials,21,"Tier 2 Scope 1 ESTIMATE (LSEG median-model style), NOT a disclosure -- see pipeline/tier2_estimation/estimate_tier2.py. Peer group: sector = 'Financials' (21 Tier 1 peers with a real Scope 1 value, floor=5). Revenue-based: median peer Scope 1 tCO2e/$ revenue (5.36817e-07) x this company's revenue ($9,324,099,584) = 5,005 tCO2e. Employee-based: median peer Scope 1 tCO2e/employee (0.312029) x this company's employee count (10,100) = 3,151 tCO2e. Final estimate is the average of the available method(s): 4,078 tCO2e.",2230.7,median_model_revenue+employees,sector:Financials,17,"Tier 2 Scope 2 ESTIMATE (LSEG median-model style), NOT a disclosure -- see pipeline/tier2_estimation/estimate_tier2.py. Peer group: sector = 'Financials' (17 Tier 1 peers with a real Scope 2 value, floor=5). Revenue-based: median peer Scope 2 tCO2e/$ revenue (1.98278e-07) x this company's revenue ($9,324,099,584) = 1,849 tCO2e. Employee-based: median peer Scope 2 tCO2e/employee (0.25868) x this company's employee count (10,100) = 2,613 tCO2e. Final estimate is the average of the available method(s): 2,231 tCO2e."
GRMN,28736.8,median_model_revenue+employees,sector:Consumer Discretionary,21,"Tier 2 Scope 1 ESTIMATE (LSEG median-model style), NOT a disclosure -- see pipeline/tier2_estimation/estimate_tier2.py. Peer group: sector = 'Consumer Discretionary' (21 Tier 1 peers with a real Scope 1 value, floor=5). Revenue-based: median peer Scope 1 tCO2e/$ revenue (3.71647e-06) x this company's revenue ($7,671,437,824) = 28,511 tCO2e. Employee-based: median peer Scope 1 tCO2e/employee (1.25926) x this company's employee count (23,000) = 28,963 tCO2e. Final estimate is the average of the available method(s): 28,737 tCO2e.",46092.6,median_model_revenue+employees,sector:Consumer Discretionary,18,"Tier 2 Scope 2 ESTIMATE (LSEG median-model style), NOT a disclosure -- see pipeline/tier2_estimation/estimate_tier2.py. Peer group: sector = 'Consumer Discretionary' (18 Tier 1 peers with a real Scope 2 value, floor=5). Revenue-based: median peer Scope 2 tCO2e/$ revenue (6.64506e-06) x this company's revenue ($7,671,437,824) = 50,977 tCO2e. Employee-based: median peer Scope 2 tCO2e/employee (1.79165) x this company's employee count (23,000) = 41,208 tCO2e. Final estimate is the average of the available method(s): 46,093 tCO2e."
IT,7731.2,median_model_revenue+employees,sector:Information Technology,37,"Tier 2 Scope 1 ESTIMATE (LSEG median-model style), NOT a disclosure -- see pipeline/tier2_estimation/estimate_tier2.py. Peer group: sector = 'Information Technology' (37 Tier 1 peers with a real Scope 1 value, floor=5). Revenue-based: median peer Scope 1 tCO2e/$ revenue (6.23987e-07) x this company's revenue ($6,463,626,240) = 4,033 tCO2e. Employee-based: median peer Scope 1 tCO2e/employee (0.592647) x this company's employee count (19,285) = 11,429 tCO2e. Final estimate is the average of the available method(s): 7,731 tCO2e.",21522.0,median_model_revenue+employees,sector:Information Technology,29,"Tier 2 Scope 2 ESTIMATE (LSEG median-model style), NOT a disclosure -- see pipeline/tier2_estimation/estimate_tier2.py. Peer group: sector = 'Information Technology' (29 Tier 1 peers with a real Scope 2 value, floor=5). Revenue-based: median peer Scope 2 tCO2e/$ revenue (2.34945e-06) x this company's revenue ($6,463,626,240) = 15,186 tCO2e. Employee-based: median peer Scope 2 tCO2e/employee (1.44455) x this company's employee count (19,285) = 27,858 tCO2e. Final estimate is the average of the available method(s): 21,522 tCO2e."
GE,123515.3,median_model_revenue+employees,sub_industry:Aerospace & Defense,9,"Tier 2 Scope 1 ESTIMATE (LSEG median-model style), NOT a disclosure -- see pipeline/tier2_estimation/estimate_tier2.py. Peer group: sub_industry = 'Aerospace & Defense' (9 Tier 1 peers with a real Scope 1 value, floor=5). Revenue-based: median peer Scope 1 tCO2e/$ revenue (3.63289e-06) x this company's revenue ($50,638,999,552) = 183,966 tCO2e. Employee-based: median peer Scope 1 tCO2e/employee (1.1064) x this company's employee count (57,000) = 63,065 tCO2e. Final estimate is the average of the available method(s): 123,515 tCO2e.",347315.1,median_model_revenue+employees,sector:Industrials,28,"Tier 2 Scope 2 ESTIMATE (LSEG median-model style), NOT a disclosure -- see pipeline/tier2_estimation/estimate_tier2.py. Peer group: sector = 'Industrials' (28 Tier 1 peers with a real Scope 2 value, floor=5). Revenue-based: median peer Scope 2 tCO2e/$ revenue (9.89188e-06) x this company's revenue ($50,638,999,552) = 500,915 tCO2e. Employee-based: median peer Scope 2 tCO2e/employee (3.39852) x this company's employee count (57,000) = 193,716 tCO2e. Final estimate is the average of the available method(s): 347,315 tCO2e."
GEHC,75444.6,median_model_revenue+employees,sub_industry:Health Care Equipment,6,"Tier 2 Scope 1 ESTIMATE (LSEG median-model style), NOT a disclosure -- see pipeline/tier2_estimation/estimate_tier2.py. Peer group: sub_industry = 'Health Care Equipment' (6 Tier 1 peers with a real Scope 1 value, floor=5). Revenue-based: median peer Scope 1 tCO2e/$ revenue (3.85286e-06) x this company's revenue ($21,265,999,872) = 81,935 tCO2e. Employee-based: median peer Scope 1 tCO2e/employee (1.27693) x this company's employee count (54,000) = 68,954 tCO2e. Final estimate is the average of the available method(s): 75,445 tCO2e.",68692.8,median_model_revenue+employees,sub_industry:Health Care Equipment,5,"Tier 2 Scope 2 ESTIMATE (LSEG median-model style), NOT a disclosure -- see pipeline/tier2_estimation/estimate_tier2.py. Peer group: sub_industry = 'Health Care Equipment' (5 Tier 1 peers with a real Scope 2 value, floor=5). Revenue-based: median peer Scope 2 tCO2e/$ revenue (3.17691e-06) x this company's revenue ($21,265,999,872) = 67,560 tCO2e. Employee-based: median peer Scope 2 tCO2e/employee (1.29306) x this company's employee count (54,000) = 69,825 tCO2e. Final estimate is the average of the available method(s): 68,693 tCO2e."
GEV,303537.5,median_model_revenue+employees,sector:Industrials,40,"Tier 2 Scope 1 ESTIMATE (LSEG median-model style), NOT a disclosure -- see pipeline/tier2_estimation/estimate_tier2.py. Peer group: sector = 'Industrials' (40 Tier 1 peers with a real Scope 1 value, floor=5). Revenue-based: median peer Scope 1 tCO2e/$ revenue (6.94524e-06) x this company's revenue ($41,366,999,040) = 287,304 tCO2e. Employee-based: median peer Scope 1 tCO2e/employee (4.09963) x this company's employee count (78,000) = 319,771 tCO2e. Final estimate is the average of the available method(s): 303,537 tCO2e.",337140.8,median_model_revenue+employees,sector:Industrials,28,"Tier 2 Scope 2 ESTIMATE (LSEG median-model style), NOT a disclosure -- see pipeline/tier2_estimation/estimate_tier2.py. Peer group: sector = 'Industrials' (28 Tier 1 peers with a real Scope 2 value, floor=5). Revenue-based: median peer Scope 2 tCO2e/$ revenue (9.89188e-06) x this company's revenue ($41,366,999,040) = 409,197 tCO2e. Employee-based: median peer Scope 2 tCO2e/employee (3.39852) x this company's employee count (78,000) = 265,084 tCO2e. Final estimate is the average of the available method(s): 337,141 tCO2e."
GEN,2740.3,median_model_revenue+employees,sector:Information Technology,37,"Tier 2 Scope 1 ESTIMATE (LSEG median-model style), NOT a disclosure -- see pipeline/tier2_estimation/estimate_tier2.py. Peer group: sector = 'Information Technology' (37 Tier 1 peers with a real Scope 1 value, floor=5). Revenue-based: median peer Scope 1 tCO2e/$ revenue (6.23987e-07) x this company's revenue ($5,079,000,064) = 3,169 tCO2e. Employee-based: median peer Scope 1 tCO2e/employee (0.592647) x this company's employee count (3,900) = 2,311 tCO2e. Final estimate is the average of the available method(s): 2,740 tCO2e.",8783.3,median_model_revenue+employees,sector:Information Technology,29,"Tier 2 Scope 2 ESTIMATE (LSEG median-model style), NOT a disclosure -- see pipeline/tier2_estimation/estimate_tier2.py. Peer group: sector = 'Information Technology' (29 Tier 1 peers with a real Scope 2 value, floor=5). Revenue-based: median peer Scope 2 tCO2e/$ revenue (2.34945e-06) x this company's revenue ($5,079,000,064) = 11,933 tCO2e. Employee-based: median peer Scope 2 tCO2e/employee (1.44455) x this company's employee count (3,900) = 5,634 tCO2e. Final estimate is the average of the available method(s): 8,783 tCO2e."
GNRC,34682.3,median_model_revenue+employees,sector:Industrials,40,"Tier 2 Scope 1 ESTIMATE (LSEG median-model style), NOT a disclosure -- see pipeline/tier2_estimation/estimate_tier2.py. Peer group: sector = 'Industrials' (40 Tier 1 peers with a real Scope 1 value, floor=5). Revenue-based: median peer Scope 1 tCO2e/$ revenue (6.94524e-06) x this company's revenue ($4,438,731,776) = 30,828 tCO2e. Employee-based: median peer Scope 1 tCO2e/employee (4.09963) x this company's employee count (9,400) = 38,537 tCO2e. Final estimate is the average of the available method(s): 34,682 tCO2e.",37926.7,median_model_revenue+employees,sector:Industrials,28,"Tier 2 Scope 2 ESTIMATE (LSEG median-model style), NOT a disclosure -- see pipeline/tier2_estimation/estimate_tier2.py. Peer group: sector = 'Industrials' (28 Tier 1 peers with a real Scope 2 value, floor=5). Revenue-based: median peer Scope 2 tCO2e/$ revenue (9.89188e-06) x this company's revenue ($4,438,731,776) = 43,907 tCO2e. Employee-based: median peer Scope 2 tCO2e/employee (3.39852) x this company's employee count (9,400) = 31,946 tCO2e. Final estimate is the average of the available method(s): 37,927 tCO2e."
GIS,,,,,,62522.9,median_model_revenue+employees,sector:Consumer Staples,16,"Tier 2 Scope 2 ESTIMATE (LSEG median-model style), NOT a disclosure -- see pipeline/tier2_estimation/estimate_tier2.py. Peer group: sector = 'Consumer Staples' (16 Tier 1 peers with a real Scope 2 value, floor=5). Revenue-based: median peer Scope 2 tCO2e/$ revenue (2.81277e-06) x this company's revenue ($18,424,600,576) = 51,824 tCO2e. Employee-based: median peer Scope 2 tCO2e/employee (2.44072) x this company's employee count (30,000) = 73,222 tCO2e. Final estimate is the average of the available method(s): 62,523 tCO2e."
GM,,,,,,756171.4,median_model_revenue+employees,sector:Consumer Discretionary,18,"Tier 2 Scope 2 ESTIMATE (LSEG median-model style), NOT a disclosure -- see pipeline/tier2_estimation/estimate_tier2.py. Peer group: sector = 'Consumer Discretionary' (18 Tier 1 peers with a real Scope 2 value, floor=5). Revenue-based: median peer Scope 2 tCO2e/$ revenue (6.64506e-06) x this company's revenue ($185,527,992,320) = 1,232,845 tCO2e. Employee-based: median peer Scope 2 tCO2e/employee (1.79165) x this company's employee count (156,000) = 279,497 tCO2e. Final estimate is the average of the available method(s): 756,171 tCO2e."
GPC,87514.8,median_model_revenue+employees,sector:Consumer Discretionary,21,"Tier 2 Scope 1 ESTIMATE (LSEG median-model style), NOT a disclosure -- see pipeline/tier2_estimation/estimate_tier2.py. Peer group: sector = 'Consumer Discretionary' (21 Tier 1 peers with a real Scope 1 value, floor=5). Revenue-based: median peer Scope 1 tCO2e/$ revenue (3.71647e-06) x this company's revenue ($25,071,538,176) = 93,178 tCO2e. Employee-based: median peer Scope 1 tCO2e/employee (1.25926) x this company's employee count (65,000) = 81,852 tCO2e. Final estimate is the average of the available method(s): 87,515 tCO2e.",141529.6,median_model_revenue+employees,sector:Consumer Discretionary,18,"Tier 2 Scope 2 ESTIMATE (LSEG median-model style), NOT a disclosure -- see pipeline/tier2_estimation/estimate_tier2.py. Peer group: sector = 'Consumer Discretionary' (18 Tier 1 peers with a real Scope 2 value, floor=5). Revenue-based: median peer Scope 2 tCO2e/$ revenue (6.64506e-06) x this company's revenue ($25,071,538,176) = 166,602 tCO2e. Employee-based: median peer Scope 2 tCO2e/employee (1.79165) x this company's employee count (65,000) = 116,457 tCO2e. Final estimate is the average of the available method(s): 141,530 tCO2e."
GILD,69984.1,median_model_revenue+employees,sector:Health Care,25,"Tier 2 Scope 1 ESTIMATE (LSEG median-model style), NOT a disclosure -- see pipeline/tier2_estimation/estimate_tier2.py. Peer group: sector = 'Health Care' (25 Tier 1 peers with a real Scope 1 value, floor=5). Revenue-based: median peer Scope 1 tCO2e/$ revenue (3.54491e-06) x this company's revenue ($30,456,999,936) = 107,967 tCO2e. Employee-based: median peer Scope 1 tCO2e/employee (1.88241) x this company's employee count (17,000) = 32,001 tCO2e. Final estimate is the average of the available method(s): 69,984 tCO2e.",65358.3,median_model_revenue+employees,sector:Health Care,18,"Tier 2 Scope 2 ESTIMATE (LSEG median-model style), NOT a disclosure -- see pipeline/tier2_estimation/estimate_tier2.py. Peer group: sector = 'Health Care' (18 Tier 1 peers with a real Scope 2 value, floor=5). Revenue-based: median peer Scope 2 tCO2e/$ revenue (3.19915e-06) x this company's revenue ($30,456,999,936) = 97,436 tCO2e. Employee-based: median peer Scope 2 tCO2e/employee (1.95766) x this company's employee count (17,000) = 33,280 tCO2e. Final estimate is the average of the available method(s): 65,358 tCO2e."
GL,2238.4,median_model_revenue+employees,sector:Financials,21,"Tier 2 Scope 1 ESTIMATE (LSEG median-model style), NOT a disclosure -- see pipeline/tier2_estimation/estimate_tier2.py. Peer group: sector = 'Financials' (21 Tier 1 peers with a real Scope 1 value, floor=5). Revenue-based: median peer Scope 1 tCO2e/$ revenue (5.36817e-07) x this company's revenue ($6,191,958,016) = 3,324 tCO2e. Employee-based: median peer Scope 1 tCO2e/employee (0.312029) x this company's employee count (3,695) = 1,153 tCO2e. Final estimate is the average of the available method(s): 2,238 tCO2e.",1091.8,median_model_revenue+employees,sector:Financials,17,"Tier 2 Scope 2 ESTIMATE (LSEG median-model style), NOT a disclosure -- see pipeline/tier2_estimation/estimate_tier2.py. Peer group: sector = 'Financials' (17 Tier 1 peers with a real Scope 2 value, floor=5). Revenue-based: median peer Scope 2 tCO2e/$ revenue (1.98278e-07) x this company's revenue ($6,191,958,016) = 1,228 tCO2e. Employee-based: median peer Scope 2 tCO2e/employee (0.25868) x this company's employee count (3,695) = 956 tCO2e. Final estimate is the average of the available method(s): 1,092 tCO2e."
GDDY,3324.5,median_model_revenue+employees,sector:Information Technology,37,"Tier 2 Scope 1 ESTIMATE (LSEG median-model style), NOT a disclosure -- see pipeline/tier2_estimation/estimate_tier2.py. Peer group: sector = 'Information Technology' (37 Tier 1 peers with a real Scope 1 value, floor=5). Revenue-based: median peer Scope 1 tCO2e/$ revenue (6.23987e-07) x this company's revenue ($5,104,099,840) = 3,185 tCO2e. Employee-based: median peer Scope 1 tCO2e/employee (0.592647) x this company's employee count (5,845) = 3,464 tCO2e. Final estimate is the average of the available method(s): 3,324 tCO2e.",10217.6,median_model_revenue+employees,sector:Information Technology,29,"Tier 2 Scope 2 ESTIMATE (LSEG median-model style), NOT a disclosure -- see pipeline/tier2_estimation/estimate_tier2.py. Peer group: sector = 'Information Technology' (29 Tier 1 peers with a real Scope 2 value, floor=5). Revenue-based: median peer Scope 2 tCO2e/$ revenue (2.34945e-06) x this company's revenue ($5,104,099,840) = 11,992 tCO2e. Employee-based: median peer Scope 2 tCO2e/employee (1.44455) x this company's employee count (5,845) = 8,443 tCO2e. Final estimate is the average of the available method(s): 10,218 tCO2e."
GS,,,,,,12674.3,median_model_revenue+employees,sector:Financials,17,"Tier 2 Scope 2 ESTIMATE (LSEG median-model style), NOT a disclosure -- see pipeline/tier2_estimation/estimate_tier2.py. Peer group: sector = 'Financials' (17 Tier 1 peers with a real Scope 2 value, floor=5). Revenue-based: median peer Scope 2 tCO2e/$ revenue (1.98278e-07) x this company's revenue ($67,569,999,872) = 13,398 tCO2e. Employee-based: median peer Scope 2 tCO2e/employee (0.25868) x this company's employee count (46,200) = 11,951 tCO2e. Final estimate is the average of the available method(s): 12,674 tCO2e."
HAL,,,,,,3330255.8,median_model_revenue+employees,sector:Energy,6,"Tier 2 Scope 2 ESTIMATE (LSEG median-model style), NOT a disclosure -- see pipeline/tier2_estimation/estimate_tier2.py. Peer group: sector = 'Energy' (6 Tier 1 peers with a real Scope 2 value, floor=5). Revenue-based: median peer Scope 2 tCO2e/$ revenue (1.7615e-05) x this company's revenue ($22,372,999,168) = 394,101 tCO2e. Employee-based: median peer Scope 2 tCO2e/employee (136.226) x this company's employee count (46,000) = 6,266,411 tCO2e. Final estimate is the average of the available method(s): 3,330,256 tCO2e."
HCA,354752.0,median_model_revenue+employees,sector:Health Care,25,"Tier 2 Scope 1 ESTIMATE (LSEG median-model style), NOT a disclosure -- see pipeline/tier2_estimation/estimate_tier2.py. Peer group: sector = 'Health Care' (25 Tier 1 peers with a real Scope 1 value, floor=5). Revenue-based: median peer Scope 1 tCO2e/$ revenue (3.54491e-06) x this company's revenue ($78,012,997,632) = 276,549 tCO2e. Employee-based: median peer Scope 1 tCO2e/employee (1.88241) x this company's employee count (230,000) = 432,955 tCO2e. Final estimate is the average of the available method(s): 354,752 tCO2e.",349918.1,median_model_revenue+employees,sector:Health Care,18,"Tier 2 Scope 2 ESTIMATE (LSEG median-model style), NOT a disclosure -- see pipeline/tier2_estimation/estimate_tier2.py. Peer group: sector = 'Health Care' (18 Tier 1 peers with a real Scope 2 value, floor=5). Revenue-based: median peer Scope 2 tCO2e/$ revenue (3.19915e-06) x this company's revenue ($78,012,997,632) = 249,575 tCO2e. Employee-based: median peer Scope 2 tCO2e/employee (1.95766) x this company's employee count (230,000) = 450,261 tCO2e. Final estimate is the average of the available method(s): 349,918 tCO2e."
HSIC,47639.1,median_model_revenue+employees,sector:Health Care,25,"Tier 2 Scope 1 ESTIMATE (LSEG median-model style), NOT a disclosure -- see pipeline/tier2_estimation/estimate_tier2.py. Peer group: sector = 'Health Care' (25 Tier 1 peers with a real Scope 1 value, floor=5). Revenue-based: median peer Scope 1 tCO2e/$ revenue (3.54491e-06) x this company's revenue ($13,601,999,872) = 48,218 tCO2e. Employee-based: median peer Scope 1 tCO2e/employee (1.88241) x this company's employee count (25,000) = 47,060 tCO2e. Final estimate is the average of the available method(s): 47,639 tCO2e.",46228.1,median_model_revenue+employees,sector:Health Care,18,"Tier 2 Scope 2 ESTIMATE (LSEG median-model style), NOT a disclosure -- see pipeline/tier2_estimation/estimate_tier2.py. Peer group: sector = 'Health Care' (18 Tier 1 peers with a real Scope 2 value, floor=5). Revenue-based: median peer Scope 2 tCO2e/$ revenue (3.19915e-06) x this company's revenue ($13,601,999,872) = 43,515 tCO2e. Employee-based: median peer Scope 2 tCO2e/employee (1.95766) x this company's employee count (25,000) = 48,941 tCO2e. Final estimate is the average of the available method(s): 46,228 tCO2e."
HSY,183208.3,median_model_revenue+employees,sub_industry:Packaged Foods & Meats,5,"Tier 2 Scope 1 ESTIMATE (LSEG median-model style), NOT a disclosure -- see pipeline/tier2_estimation/estimate_tier2.py. Peer group: sub_industry = 'Packaged Foods & Meats' (5 Tier 1 peers with a real Scope 1 value, floor=5). Revenue-based: median peer Scope 1 tCO2e/$ revenue (1.80644e-05) x this company's revenue ($12,163,911,680) = 219,734 tCO2e. Employee-based: median peer Scope 1 tCO2e/employee (8.35799) x this company's employee count (17,550) = 146,683 tCO2e. Final estimate is the average of the available method(s): 183,208 tCO2e.",38524.5,median_model_revenue+employees,sector:Consumer Staples,16,"Tier 2 Scope 2 ESTIMATE (LSEG median-model style), NOT a disclosure -- see pipeline/tier2_estimation/estimate_tier2.py. Peer group: sector = 'Consumer Staples' (16 Tier 1 peers with a real Scope 2 value, floor=5). Revenue-based: median peer Scope 2 tCO2e/$ revenue (2.81277e-06) x this company's revenue ($12,163,911,680) = 34,214 tCO2e. Employee-based: median peer Scope 2 tCO2e/employee (2.44072) x this company's employee count (17,550) = 42,835 tCO2e. Final estimate is the average of the available method(s): 38,524 tCO2e."
HPE,32917.2,median_model_revenue+employees,sector:Information Technology,37,"Tier 2 Scope 1 ESTIMATE (LSEG median-model style), NOT a disclosure -- see pipeline/tier2_estimation/estimate_tier2.py. Peer group: sector = 'Information Technology' (37 Tier 1 peers with a real Scope 1 value, floor=5). Revenue-based: median peer Scope 1 tCO2e/$ revenue (6.23987e-07) x this company's revenue ($41,870,999,552) = 26,127 tCO2e. Employee-based: median peer Scope 1 tCO2e/employee (0.592647) x this company's employee count (67,000) = 39,707 tCO2e. Final estimate is the average of the available method(s): 32,917 tCO2e.",97579.2,median_model_revenue+employees,sector:Information Technology,29,"Tier 2 Scope 2 ESTIMATE (LSEG median-model style), NOT a disclosure -- see pipeline/tier2_estimation/estimate_tier2.py. Peer group: sector = 'Information Technology' (29 Tier 1 peers with a real Scope 2 value, floor=5). Revenue-based: median peer Scope 2 tCO2e/$ revenue (2.34945e-06) x this company's revenue ($41,870,999,552) = 98,374 tCO2e. Employee-based: median peer Scope 2 tCO2e/employee (1.44455) x this company's employee count (67,000) = 96,785 tCO2e. Final estimate is the average of the available method(s): 97,579 tCO2e."
HONA,49137.6,median_model_revenue+employees,sub_industry:Aerospace & Defense,9,"Tier 2 Scope 1 ESTIMATE (LSEG median-model style), NOT a disclosure -- see pipeline/tier2_estimation/estimate_tier2.py. Peer group: sub_industry = 'Aerospace & Defense' (9 Tier 1 peers with a real Scope 1 value, floor=5). Revenue-based: median peer Scope 1 tCO2e/$ revenue (3.63289e-06) x this company's revenue ($17,915,000,832) = 65,083 tCO2e. Employee-based: median peer Scope 1 tCO2e/employee (1.1064) x this company's employee count (30,000) = 33,192 tCO2e. Final estimate is the average of the available method(s): 49,138 tCO2e.",139584.2,median_model_revenue+employees,sector:Industrials,28,"Tier 2 Scope 2 ESTIMATE (LSEG median-model style), NOT a disclosure -- see pipeline/tier2_estimation/estimate_tier2.py. Peer group: sector = 'Industrials' (28 Tier 1 peers with a real Scope 2 value, floor=5). Revenue-based: median peer Scope 2 tCO2e/$ revenue (9.89188e-06) x this company's revenue ($17,915,000,832) = 177,213 tCO2e. Employee-based: median peer Scope 2 tCO2e/employee (3.39852) x this company's employee count (30,000) = 101,956 tCO2e. Final estimate is the average of the available method(s): 139,584 tCO2e."
HST,17471.1,median_model_revenue+employees,sector:Real Estate,8,"Tier 2 Scope 1 ESTIMATE (LSEG median-model style), NOT a disclosure -- see pipeline/tier2_estimation/estimate_tier2.py. Peer group: sector = 'Real Estate' (8 Tier 1 peers with a real Scope 1 value, floor=5). Revenue-based: median peer Scope 1 tCO2e/$ revenue (5.49255e-06) x this company's revenue ($6,233,999,872) = 34,241 tCO2e. Employee-based: median peer Scope 1 tCO2e/employee (4.331) x this company's employee count (162) = 702 tCO2e. Final estimate is the average of the available method(s): 17,471 tCO2e.",40387.5,median_model_revenue+employees,sector:Real Estate,7,"Tier 2 Scope 2 ESTIMATE (LSEG median-model style), NOT a disclosure -- see pipeline/tier2_estimation/estimate_tier2.py. Peer group: sector = 'Real Estate' (7 Tier 1 peers with a real Scope 2 value, floor=5). Revenue-based: median peer Scope 2 tCO2e/$ revenue (7.54576e-06) x this company's revenue ($6,233,999,872) = 47,040 tCO2e. Employee-based: median peer Scope 2 tCO2e/employee (208.239) x this company's employee count (162) = 33,735 tCO2e. Final estimate is the average of the available method(s): 40,388 tCO2e."
HWM,,,,,,88304.3,median_model_revenue+employees,sector:Industrials,28,"Tier 2 Scope 2 ESTIMATE (LSEG median-model style), NOT a disclosure -- see pipeline/tier2_estimation/estimate_tier2.py. Peer group: sector = 'Industrials' (28 Tier 1 peers with a real Scope 2 value, floor=5). Revenue-based: median peer Scope 2 tCO2e/$ revenue (9.89188e-06) x this company's revenue ($9,116,999,680) = 90,184 tCO2e. Employee-based: median peer Scope 2 tCO2e/employee (3.39852) x this company's employee count (25,430) = 86,424 tCO2e. Final estimate is the average of the available method(s): 88,304 tCO2e."
HPQ,34756.0,median_model_revenue+employees,sector:Information Technology,37,"Tier 2 Scope 1 ESTIMATE (LSEG median-model style), NOT a disclosure -- see pipeline/tier2_estimation/estimate_tier2.py. Peer group: sector = 'Information Technology' (37 Tier 1 peers with a real Scope 1 value, floor=5). Revenue-based: median peer Scope 1 tCO2e/$ revenue (6.23987e-07) x this company's revenue ($59,162,001,408) = 36,916 tCO2e. Employee-based: median peer Scope 1 tCO2e/employee (0.592647) x this company's employee count (55,000) = 32,596 tCO2e. Final estimate is the average of the available method(s): 34,756 tCO2e.",109224.1,median_model_revenue+employees,sector:Information Technology,29,"Tier 2 Scope 2 ESTIMATE (LSEG median-model style), NOT a disclosure -- see pipeline/tier2_estimation/estimate_tier2.py. Peer group: sector = 'Information Technology' (29 Tier 1 peers with a real Scope 2 value, floor=5). Revenue-based: median peer Scope 2 tCO2e/$ revenue (2.34945e-06) x this company's revenue ($59,162,001,408) = 138,998 tCO2e. Employee-based: median peer Scope 2 tCO2e/employee (1.44455) x this company's employee count (55,000) = 79,450 tCO2e. Final estimate is the average of the available method(s): 109,224 tCO2e."
HBAN,6445.8,median_model_revenue+employees,sector:Financials,21,"Tier 2 Scope 1 ESTIMATE (LSEG median-model style), NOT a disclosure -- see pipeline/tier2_estimation/estimate_tier2.py. Peer group: sector = 'Financials' (21 Tier 1 peers with a real Scope 1 value, floor=5). Revenue-based: median peer Scope 1 tCO2e/$ revenue (5.36817e-07) x this company's revenue ($9,176,999,936) = 4,926 tCO2e. Employee-based: median peer Scope 1 tCO2e/employee (0.312029) x this company's employee count (25,527) = 7,965 tCO2e. Final estimate is the average of the available method(s): 6,446 tCO2e.",4211.5,median_model_revenue+employees,sector:Financials,17,"Tier 2 Scope 2 ESTIMATE (LSEG median-model style), NOT a disclosure -- see pipeline/tier2_estimation/estimate_tier2.py. Peer group: sector = 'Financials' (17 Tier 1 peers with a real Scope 2 value, floor=5). Revenue-based: median peer Scope 2 tCO2e/$ revenue (1.98278e-07) x this company's revenue ($9,176,999,936) = 1,820 tCO2e. Employee-based: median peer Scope 2 tCO2e/employee (0.25868) x this company's employee count (25,527) = 6,603 tCO2e. Final estimate is the average of the available method(s): 4,211 tCO2e."
HII,,,,,,141678.9,median_model_revenue+employees,sector:Industrials,28,"Tier 2 Scope 2 ESTIMATE (LSEG median-model style), NOT a disclosure -- see pipeline/tier2_estimation/estimate_tier2.py. Peer group: sector = 'Industrials' (28 Tier 1 peers with a real Scope 2 value, floor=5). Revenue-based: median peer Scope 2 tCO2e/$ revenue (9.89188e-06) x this company's revenue ($13,185,000,448) = 130,424 tCO2e. Employee-based: median peer Scope 2 tCO2e/employee (3.39852) x this company's employee count (45,000) = 152,933 tCO2e. Final estimate is the average of the available method(s): 141,679 tCO2e."
IBM,99875.5,median_model_revenue+employees,sector:Information Technology,37,"Tier 2 Scope 1 ESTIMATE (LSEG median-model style), NOT a disclosure -- see pipeline/tier2_estimation/estimate_tier2.py. Peer group: sector = 'Information Technology' (37 Tier 1 peers with a real Scope 1 value, floor=5). Revenue-based: median peer Scope 1 tCO2e/$ revenue (6.23987e-07) x this company's revenue ($69,094,998,016) = 43,114 tCO2e. Employee-based: median peer Scope 1 tCO2e/employee (0.592647) x this company's employee count (264,300) = 156,637 tCO2e. Final estimate is the average of the available method(s): 99,876 tCO2e.",272064.6,median_model_revenue+employees,sector:Information Technology,29,"Tier 2 Scope 2 ESTIMATE (LSEG median-model style), NOT a disclosure -- see pipeline/tier2_estimation/estimate_tier2.py. Peer group: sector = 'Information Technology' (29 Tier 1 peers with a real Scope 2 value, floor=5). Revenue-based: median peer Scope 2 tCO2e/$ revenue (2.34945e-06) x this company's revenue ($69,094,998,016) = 162,335 tCO2e. Employee-based: median peer Scope 2 tCO2e/employee (1.44455) x this company's employee count (264,300) = 381,794 tCO2e. Final estimate is the average of the available method(s): 272,065 tCO2e."
IEX,18074.1,median_model_revenue+employees,sub_industry:Industrial Machinery & Supplies & Components,6,"Tier 2 Scope 1 ESTIMATE (LSEG median-model style), NOT a disclosure -- see pipeline/tier2_estimation/estimate_tier2.py. Peer group: sub_industry = 'Industrial Machinery & Supplies & Components' (6 Tier 1 peers with a real Scope 1 value, floor=5). Revenue-based: median peer Scope 1 tCO2e/$ revenue (5.37521e-06) x this company's revenue ($3,585,299,968) = 19,272 tCO2e. Employee-based: median peer Scope 1 tCO2e/employee (1.93983) x this company's employee count (8,700) = 16,877 tCO2e. Final estimate is the average of the available method(s): 18,074 tCO2e.",44311.2,median_model_revenue+employees,sub_industry:Industrial Machinery & Supplies & Components,5,"Tier 2 Scope 2 ESTIMATE (LSEG median-model style), NOT a disclosure -- see pipeline/tier2_estimation/estimate_tier2.py. Peer group: sub_industry = 'Industrial Machinery & Supplies & Components' (5 Tier 1 peers with a real Scope 2 value, floor=5). Revenue-based: median peer Scope 2 tCO2e/$ revenue (1.36744e-05) x this company's revenue ($3,585,299,968) = 49,027 tCO2e. Employee-based: median peer Scope 2 tCO2e/employee (4.55123) x this company's employee count (8,700) = 39,596 tCO2e. Final estimate is the average of the available method(s): 44,311 tCO2e."
IDXX,15794.6,median_model_revenue+employees,sub_industry:Health Care Equipment,6,"Tier 2 Scope 1 ESTIMATE (LSEG median-model style), NOT a disclosure -- see pipeline/tier2_estimation/estimate_tier2.py. Peer group: sub_industry = 'Health Care Equipment' (6 Tier 1 peers with a real Scope 1 value, floor=5). Revenue-based: median peer Scope 1 tCO2e/$ revenue (3.85286e-06) x this company's revenue ($4,553,223,168) = 17,543 tCO2e. Employee-based: median peer Scope 1 tCO2e/employee (1.27693) x this company's employee count (11,000) = 14,046 tCO2e. Final estimate is the average of the available method(s): 15,795 tCO2e.",14344.4,median_model_revenue+employees,sub_industry:Health Care Equipment,5,"Tier 2 Scope 2 ESTIMATE (LSEG median-model style), NOT a disclosure -- see pipeline/tier2_estimation/estimate_tier2.py. Peer group: sub_industry = 'Health Care Equipment' (5 Tier 1 peers with a real Scope 2 value, floor=5). Revenue-based: median peer Scope 2 tCO2e/$ revenue (3.17691e-06) x this company's revenue ($4,553,223,168) = 14,465 tCO2e. Employee-based: median peer Scope 2 tCO2e/employee (1.29306) x this company's employee count (11,000) = 14,224 tCO2e. Final estimate is the average of the available method(s): 14,344 tCO2e."
ITW,,,,,,210453.1,median_model_revenue+employees,sub_industry:Industrial Machinery & Supplies & Components,5,"Tier 2 Scope 2 ESTIMATE (LSEG median-model style), NOT a disclosure -- see pipeline/tier2_estimation/estimate_tier2.py. Peer group: sub_industry = 'Industrial Machinery & Supplies & Components' (5 Tier 1 peers with a real Scope 2 value, floor=5). Revenue-based: median peer Scope 2 tCO2e/$ revenue (1.36744e-05) x this company's revenue ($16,469,000,192) = 225,203 tCO2e. Employee-based: median peer Scope 2 tCO2e/employee (4.55123) x this company's employee count (43,000) = 195,703 tCO2e. Final estimate is the average of the available method(s): 210,453 tCO2e."
INCY,12991.6,median_model_revenue+employees,sector:Health Care,25,"Tier 2 Scope 1 ESTIMATE (LSEG median-model style), NOT a disclosure -- see pipeline/tier2_estimation/estimate_tier2.py. Peer group: sector = 'Health Care' (25 Tier 1 peers with a real Scope 1 value, floor=5). Revenue-based: median peer Scope 1 tCO2e/$ revenue (3.54491e-06) x this company's revenue ($5,819,530,240) = 20,630 tCO2e. Employee-based: median peer Scope 1 tCO2e/employee (1.88241) x this company's employee count (2,844) = 5,354 tCO2e. Final estimate is the average of the available method(s): 12,992 tCO2e.",12092.6,median_model_revenue+employees,sector:Health Care,18,"Tier 2 Scope 2 ESTIMATE (LSEG median-model style), NOT a disclosure -- see pipeline/tier2_estimation/estimate_tier2.py. Peer group: sector = 'Health Care' (18 Tier 1 peers with a real Scope 2 value, floor=5). Revenue-based: median peer Scope 2 tCO2e/$ revenue (3.19915e-06) x this company's revenue ($5,819,530,240) = 18,618 tCO2e. Employee-based: median peer Scope 2 tCO2e/employee (1.95766) x this company's employee count (2,844) = 5,568 tCO2e. Final estimate is the average of the available method(s): 12,093 tCO2e."
IR,41713.7,median_model_revenue+employees,sub_industry:Industrial Machinery & Supplies & Components,6,"Tier 2 Scope 1 ESTIMATE (LSEG median-model style), NOT a disclosure -- see pipeline/tier2_estimation/estimate_tier2.py. Peer group: sub_industry = 'Industrial Machinery & Supplies & Components' (6 Tier 1 peers with a real Scope 1 value, floor=5). Revenue-based: median peer Scope 1 tCO2e/$ revenue (5.37521e-06) x this company's revenue ($7,942,199,808) = 42,691 tCO2e. Employee-based: median peer Scope 1 tCO2e/employee (1.93983) x this company's employee count (21,000) = 40,736 tCO2e. Final estimate is the average of the available method(s): 41,714 tCO2e.",102090.2,median_model_revenue+employees,sub_industry:Industrial Machinery & Supplies & Components,5,"Tier 2 Scope 2 ESTIMATE (LSEG median-model style), NOT a disclosure -- see pipeline/tier2_estimation/estimate_tier2.py. Peer group: sub_industry = 'Industrial Machinery & Supplies & Components' (5 Tier 1 peers with a real Scope 2 value, floor=5). Revenue-based: median peer Scope 2 tCO2e/$ revenue (1.36744e-05) x this company's revenue ($7,942,199,808) = 108,605 tCO2e. Employee-based: median peer Scope 2 tCO2e/employee (4.55123) x this company's employee count (21,000) = 95,576 tCO2e. Final estimate is the average of the available method(s): 102,090 tCO2e."
PODD,9329.9,median_model_revenue+employees,sub_industry:Health Care Equipment,6,"Tier 2 Scope 1 ESTIMATE (LSEG median-model style), NOT a disclosure -- see pipeline/tier2_estimation/estimate_tier2.py. Peer group: sub_industry = 'Health Care Equipment' (6 Tier 1 peers with a real Scope 1 value, floor=5). Revenue-based: median peer Scope 1 tCO2e/$ revenue (3.85286e-06) x this company's revenue ($3,053,400,064) = 11,764 tCO2e. Employee-based: median peer Scope 1 tCO2e/employee (1.27693) x this company's employee count (5,400) = 6,895 tCO2e. Final estimate is the average of the available method(s): 9,330 tCO2e.",8341.5,median_model_revenue+employees,sub_industry:Health Care Equipment,5,"Tier 2 Scope 2 ESTIMATE (LSEG median-model style), NOT a disclosure -- see pipeline/tier2_estimation/estimate_tier2.py. Peer group: sub_industry = 'Health Care Equipment' (5 Tier 1 peers with a real Scope 2 value, floor=5). Revenue-based: median peer Scope 2 tCO2e/$ revenue (3.17691e-06) x this company's revenue ($3,053,400,064) = 9,700 tCO2e. Employee-based: median peer Scope 2 tCO2e/employee (1.29306) x this company's employee count (5,400) = 6,983 tCO2e. Final estimate is the average of the available method(s): 8,341 tCO2e."
INTC,,,,,,193298.7,median_model_revenue+employees,sub_industry:Semiconductors,5,"Tier 2 Scope 2 ESTIMATE (LSEG median-model style), NOT a disclosure -- see pipeline/tier2_estimation/estimate_tier2.py. Peer group: sub_industry = 'Semiconductors' (5 Tier 1 peers with a real Scope 2 value, floor=5). Revenue-based: median peer Scope 2 tCO2e/$ revenue (2.34945e-06) x this company's revenue ($57,031,999,488) = 133,994 tCO2e. Employee-based: median peer Scope 2 tCO2e/employee (2.96832) x this company's employee count (85,100) = 252,604 tCO2e. Final estimate is the average of the available method(s): 193,299 tCO2e."
IBKR,2344.0,median_model_revenue+employees,sector:Financials,21,"Tier 2 Scope 1 ESTIMATE (LSEG median-model style), NOT a disclosure -- see pipeline/tier2_estimation/estimate_tier2.py. Peer group: sector = 'Financials' (21 Tier 1 peers with a real Scope 1 value, floor=5). Revenue-based: median peer Scope 1 tCO2e/$ revenue (5.36817e-07) x this company's revenue ($6,834,999,808) = 3,669 tCO2e. Employee-based: median peer Scope 1 tCO2e/employee (0.312029) x this company's employee count (3,265) = 1,019 tCO2e. Final estimate is the average of the available method(s): 2,344 tCO2e.",1099.9,median_model_revenue+employees,sector:Financials,17,"Tier 2 Scope 2 ESTIMATE (LSEG median-model style), NOT a disclosure -- see pipeline/tier2_estimation/estimate_tier2.py. Peer group: sector = 'Financials' (17 Tier 1 peers with a real Scope 2 value, floor=5). Revenue-based: median peer Scope 2 tCO2e/$ revenue (1.98278e-07) x this company's revenue ($6,834,999,808) = 1,355 tCO2e. Employee-based: median peer Scope 2 tCO2e/employee (0.25868) x this company's employee count (3,265) = 845 tCO2e. Final estimate is the average of the available method(s): 1,100 tCO2e."
ICE,4819.1,median_model_revenue+employees,sector:Financials,21,"Tier 2 Scope 1 ESTIMATE (LSEG median-model style), NOT a disclosure -- see pipeline/tier2_estimation/estimate_tier2.py. Peer group: sector = 'Financials' (21 Tier 1 peers with a real Scope 1 value, floor=5). Revenue-based: median peer Scope 1 tCO2e/$ revenue (5.36817e-07) x this company's revenue ($10,558,000,128) = 5,668 tCO2e. Employee-based: median peer Scope 1 tCO2e/employee (0.312029) x this company's employee count (12,725) = 3,971 tCO2e. Final estimate is the average of the available method(s): 4,819 tCO2e.",2692.6,median_model_revenue+employees,sector:Financials,17,"Tier 2 Scope 2 ESTIMATE (LSEG median-model style), NOT a disclosure -- see pipeline/tier2_estimation/estimate_tier2.py. Peer group: sector = 'Financials' (17 Tier 1 peers with a real Scope 2 value, floor=5). Revenue-based: median peer Scope 2 tCO2e/$ revenue (1.98278e-07) x this company's revenue ($10,558,000,128) = 2,093 tCO2e. Employee-based: median peer Scope 2 tCO2e/employee (0.25868) x this company's employee count (12,725) = 3,292 tCO2e. Final estimate is the average of the available method(s): 2,693 tCO2e."
IFF,,,,,,1519868.6,median_model_revenue+employees,sector:Materials,9,"Tier 2 Scope 2 ESTIMATE (LSEG median-model style), NOT a disclosure -- see pipeline/tier2_estimation/estimate_tier2.py. Peer group: sector = 'Materials' (9 Tier 1 peers with a real Scope 2 value, floor=5). Revenue-based: median peer Scope 2 tCO2e/$ revenue (0.000101463) x this company's revenue ($10,780,999,680) = 1,093,875 tCO2e. Employee-based: median peer Scope 2 tCO2e/employee (90.5052) x this company's employee count (21,500) = 1,945,862 tCO2e. Final estimate is the average of the available method(s): 1,519,869 tCO2e."
IP,,,,,,4060760.9,median_model_revenue+employees,sector:Materials,9,"Tier 2 Scope 2 ESTIMATE (LSEG median-model style), NOT a disclosure -- see pipeline/tier2_estimation/estimate_tier2.py. Peer group: sector = 'Materials' (9 Tier 1 peers with a real Scope 2 value, floor=5). Revenue-based: median peer Scope 2 tCO2e/$ revenue (0.000101463) x this company's revenue ($24,202,999,808) = 2,455,715 tCO2e. Employee-based: median peer Scope 2 tCO2e/employee (90.5052) x this company's employee count (62,602) = 5,665,807 tCO2e. Final estimate is the average of the available method(s): 4,060,761 tCO2e."
IVZ,3008.0,median_model_revenue+employees,sector:Financials,21,"Tier 2 Scope 1 ESTIMATE (LSEG median-model style), NOT a disclosure -- see pipeline/tier2_estimation/estimate_tier2.py. Peer group: sector = 'Financials' (21 Tier 1 peers with a real Scope 1 value, floor=5). Revenue-based: median peer Scope 1 tCO2e/$ revenue (5.36817e-07) x this company's revenue ($6,902,499,840) = 3,705 tCO2e. Employee-based: median peer Scope 1 tCO2e/employee (0.312029) x this company's employee count (7,405) = 2,311 tCO2e. Final estimate is the average of the available method(s): 3,008 tCO2e.",1642.1,median_model_revenue+employees,sector:Financials,17,"Tier 2 Scope 2 ESTIMATE (LSEG median-model style), NOT a disclosure -- see pipeline/tier2_estimation/estimate_tier2.py. Peer group: sector = 'Financials' (17 Tier 1 peers with a real Scope 2 value, floor=5). Revenue-based: median peer Scope 2 tCO2e/$ revenue (1.98278e-07) x this company's revenue ($6,902,499,840) = 1,369 tCO2e. Employee-based: median peer Scope 2 tCO2e/employee (0.25868) x this company's employee count (7,405) = 1,916 tCO2e. Final estimate is the average of the available method(s): 1,642 tCO2e."
INVH,11556.9,median_model_revenue+employees,sector:Real Estate,8,"Tier 2 Scope 1 ESTIMATE (LSEG median-model style), NOT a disclosure -- see pipeline/tier2_estimation/estimate_tier2.py. Peer group: sector = 'Real Estate' (8 Tier 1 peers with a real Scope 1 value, floor=5). Revenue-based: median peer Scope 1 tCO2e/$ revenue (5.49255e-06) x this company's revenue ($2,848,004,096) = 15,643 tCO2e. Employee-based: median peer Scope 1 tCO2e/employee (4.331) x this company's employee count (1,725) = 7,471 tCO2e. Final estimate is the average of the available method(s): 11,557 tCO2e.",190351.4,median_model_revenue+employees,sector:Real Estate,7,"Tier 2 Scope 2 ESTIMATE (LSEG median-model style), NOT a disclosure -- see pipeline/tier2_estimation/estimate_tier2.py. Peer group: sector = 'Real Estate' (7 Tier 1 peers with a real Scope 2 value, floor=5). Revenue-based: median peer Scope 2 tCO2e/$ revenue (7.54576e-06) x this company's revenue ($2,848,004,096) = 21,490 tCO2e. Employee-based: median peer Scope 2 tCO2e/employee (208.239) x this company's employee count (1,725) = 359,212 tCO2e. Final estimate is the average of the available method(s): 190,351 tCO2e."
IQV,118575.0,median_model_revenue+employees,sector:Health Care,25,"Tier 2 Scope 1 ESTIMATE (LSEG median-model style), NOT a disclosure -- see pipeline/tier2_estimation/estimate_tier2.py. Peer group: sector = 'Health Care' (25 Tier 1 peers with a real Scope 1 value, floor=5). Revenue-based: median peer Scope 1 tCO2e/$ revenue (3.54491e-06) x this company's revenue ($16,983,000,064) = 60,203 tCO2e. Employee-based: median peer Scope 1 tCO2e/employee (1.88241) x this company's employee count (94,000) = 176,947 tCO2e. Final estimate is the average of the available method(s): 118,575 tCO2e.",119175.5,median_model_revenue+employees,sector:Health Care,18,"Tier 2 Scope 2 ESTIMATE (LSEG median-model style), NOT a disclosure -- see pipeline/tier2_estimation/estimate_tier2.py. Peer group: sector = 'Health Care' (18 Tier 1 peers with a real Scope 2 value, floor=5). Revenue-based: median peer Scope 2 tCO2e/$ revenue (3.19915e-06) x this company's revenue ($16,983,000,064) = 54,331 tCO2e. Employee-based: median peer Scope 2 tCO2e/employee (1.95766) x this company's employee count (94,000) = 184,020 tCO2e. Final estimate is the average of the available method(s): 119,175 tCO2e."
IRM,84434.3,median_model_revenue+employees,sector:Real Estate,8,"Tier 2 Scope 1 ESTIMATE (LSEG median-model style), NOT a disclosure -- see pipeline/tier2_estimation/estimate_tier2.py. Peer group: sector = 'Real Estate' (8 Tier 1 peers with a real Scope 1 value, floor=5). Revenue-based: median peer Scope 1 tCO2e/$ revenue (5.49255e-06) x this company's revenue ($7,562,470,912) = 41,537 tCO2e. Employee-based: median peer Scope 1 tCO2e/employee (4.331) x this company's employee count (29,400) = 127,331 tCO2e. Final estimate is the average of the available method(s): 84,434 tCO2e.",3089647.1,median_model_revenue+employees,sector:Real Estate,7,"Tier 2 Scope 2 ESTIMATE (LSEG median-model style), NOT a disclosure -- see pipeline/tier2_estimation/estimate_tier2.py. Peer group: sector = 'Real Estate' (7 Tier 1 peers with a real Scope 2 value, floor=5). Revenue-based: median peer Scope 2 tCO2e/$ revenue (7.54576e-06) x this company's revenue ($7,562,470,912) = 57,065 tCO2e. Employee-based: median peer Scope 2 tCO2e/employee (208.239) x this company's employee count (29,400) = 6,122,230 tCO2e. Final estimate is the average of the available method(s): 3,089,647 tCO2e."
JBL,50483.5,median_model_revenue+employees,sector:Information Technology,37,"Tier 2 Scope 1 ESTIMATE (LSEG median-model style), NOT a disclosure -- see pipeline/tier2_estimation/estimate_tier2.py. Peer group: sector = 'Information Technology' (37 Tier 1 peers with a real Scope 1 value, floor=5). Revenue-based: median peer Scope 1 tCO2e/$ revenue (6.23987e-07) x this company's revenue ($33,589,999,616) = 20,960 tCO2e. Employee-based: median peer Scope 1 tCO2e/employee (0.592647) x this company's employee count (135,000) = 80,007 tCO2e. Final estimate is the average of the available method(s): 50,484 tCO2e.",136966.0,median_model_revenue+employees,sector:Information Technology,29,"Tier 2 Scope 2 ESTIMATE (LSEG median-model style), NOT a disclosure -- see pipeline/tier2_estimation/estimate_tier2.py. Peer group: sector = 'Information Technology' (29 Tier 1 peers with a real Scope 2 value, floor=5). Revenue-based: median peer Scope 2 tCO2e/$ revenue (2.34945e-06) x this company's revenue ($33,589,999,616) = 78,918 tCO2e. Employee-based: median peer Scope 2 tCO2e/employee (1.44455) x this company's employee count (135,000) = 195,014 tCO2e. Final estimate is the average of the available method(s): 136,966 tCO2e."
JKHY,1821.8,median_model_revenue+employees,sector:Financials,21,"Tier 2 Scope 1 ESTIMATE (LSEG median-model style), NOT a disclosure -- see pipeline/tier2_estimation/estimate_tier2.py. Peer group: sector = 'Financials' (21 Tier 1 peers with a real Scope 1 value, floor=5). Revenue-based: median peer Scope 1 tCO2e/$ revenue (5.36817e-07) x this company's revenue ($2,544,338,944) = 1,366 tCO2e. Employee-based: median peer Scope 1 tCO2e/employee (0.312029) x this company's employee count (7,300) = 2,278 tCO2e. Final estimate is the average of the available method(s): 1,822 tCO2e.",1196.4,median_model_revenue+employees,sector:Financials,17,"Tier 2 Scope 2 ESTIMATE (LSEG median-model style), NOT a disclosure -- see pipeline/tier2_estimation/estimate_tier2.py. Peer group: sector = 'Financials' (17 Tier 1 peers with a real Scope 2 value, floor=5). Revenue-based: median peer Scope 2 tCO2e/$ revenue (1.98278e-07) x this company's revenue ($2,544,338,944) = 504 tCO2e. Employee-based: median peer Scope 2 tCO2e/employee (0.25868) x this company's employee count (7,300) = 1,888 tCO2e. Final estimate is the average of the available method(s): 1,196 tCO2e."
J,145719.3,median_model_revenue+employees,sector:Industrials,40,"Tier 2 Scope 1 ESTIMATE (LSEG median-model style), NOT a disclosure -- see pipeline/tier2_estimation/estimate_tier2.py. Peer group: sector = 'Industrials' (40 Tier 1 peers with a real Scope 1 value, floor=5). Revenue-based: median peer Scope 1 tCO2e/$ revenue (6.94524e-06) x this company's revenue ($14,219,215,872) = 98,756 tCO2e. Employee-based: median peer Scope 1 tCO2e/employee (4.09963) x this company's employee count (47,000) = 192,683 tCO2e. Final estimate is the average of the available method(s): 145,719 tCO2e.",150192.5,median_model_revenue+employees,sector:Industrials,28,"Tier 2 Scope 2 ESTIMATE (LSEG median-model style), NOT a disclosure -- see pipeline/tier2_estimation/estimate_tier2.py. Peer group: sector = 'Industrials' (28 Tier 1 peers with a real Scope 2 value, floor=5). Revenue-based: median peer Scope 2 tCO2e/$ revenue (9.89188e-06) x this company's revenue ($14,219,215,872) = 140,655 tCO2e. Employee-based: median peer Scope 2 tCO2e/employee (3.39852) x this company's employee count (47,000) = 159,730 tCO2e. Final estimate is the average of the available method(s): 150,193 tCO2e."
JNJ,480846.5,median_model_revenue+employees,sub_industry:Pharmaceuticals,6,"Tier 2 Scope 1 ESTIMATE (LSEG median-model style), NOT a disclosure -- see pipeline/tier2_estimation/estimate_tier2.py. Peer group: sub_industry = 'Pharmaceuticals' (6 Tier 1 peers with a real Scope 1 value, floor=5). Revenue-based: median peer Scope 1 tCO2e/$ revenue (3.87393e-06) x this company's revenue ($97,929,003,008) = 379,370 tCO2e. Employee-based: median peer Scope 1 tCO2e/employee (4.21363) x this company's employee count (138,200) = 582,323 tCO2e. Final estimate is the average of the available method(s): 480,847 tCO2e.",291918.8,median_model_revenue+employees,sector:Health Care,18,"Tier 2 Scope 2 ESTIMATE (LSEG median-model style), NOT a disclosure -- see pipeline/tier2_estimation/estimate_tier2.py. Peer group: sector = 'Health Care' (18 Tier 1 peers with a real Scope 2 value, floor=5). Revenue-based: median peer Scope 2 tCO2e/$ revenue (3.19915e-06) x this company's revenue ($97,929,003,008) = 313,289 tCO2e. Employee-based: median peer Scope 2 tCO2e/employee (1.95766) x this company's employee count (138,200) = 270,548 tCO2e. Final estimate is the average of the available method(s): 291,919 tCO2e."
KEY,4707.6,median_model_revenue+employees,sector:Financials,21,"Tier 2 Scope 1 ESTIMATE (LSEG median-model style), NOT a disclosure -- see pipeline/tier2_estimation/estimate_tier2.py. Peer group: sector = 'Financials' (21 Tier 1 peers with a real Scope 1 value, floor=5). Revenue-based: median peer Scope 1 tCO2e/$ revenue (5.36817e-07) x this company's revenue ($7,370,999,808) = 3,957 tCO2e. Employee-based: median peer Scope 1 tCO2e/employee (0.312029) x this company's employee count (17,493) = 5,458 tCO2e. Final estimate is the average of the available method(s): 4,708 tCO2e.",2993.3,median_model_revenue+employees,sector:Financials,17,"Tier 2 Scope 2 ESTIMATE (LSEG median-model style), NOT a disclosure -- see pipeline/tier2_estimation/estimate_tier2.py. Peer group: sector = 'Financials' (17 Tier 1 peers with a real Scope 2 value, floor=5). Revenue-based: median peer Scope 2 tCO2e/$ revenue (1.98278e-07) x this company's revenue ($7,370,999,808) = 1,462 tCO2e. Employee-based: median peer Scope 2 tCO2e/employee (0.25868) x this company's employee count (17,493) = 4,525 tCO2e. Final estimate is the average of the available method(s): 2,993 tCO2e."
KEYS,6972.5,median_model_revenue+employees,sector:Information Technology,37,"Tier 2 Scope 1 ESTIMATE (LSEG median-model style), NOT a disclosure -- see pipeline/tier2_estimation/estimate_tier2.py. Peer group: sector = 'Information Technology' (37 Tier 1 peers with a real Scope 1 value, floor=5). Revenue-based: median peer Scope 1 tCO2e/$ revenue (6.23987e-07) x this company's revenue ($6,582,000,128) = 4,107 tCO2e. Employee-based: median peer Scope 1 tCO2e/employee (0.592647) x this company's employee count (16,600) = 9,838 tCO2e. Final estimate is the average of the available method(s): 6,973 tCO2e.",19721.8,median_model_revenue+employees,sector:Information Technology,29,"Tier 2 Scope 2 ESTIMATE (LSEG median-model style), NOT a disclosure -- see pipeline/tier2_estimation/estimate_tier2.py. Peer group: sector = 'Information Technology' (29 Tier 1 peers with a real Scope 2 value, floor=5). Revenue-based: median peer Scope 2 tCO2e/$ revenue (2.34945e-06) x this company's revenue ($6,582,000,128) = 15,464 tCO2e. Employee-based: median peer Scope 2 tCO2e/employee (1.44455) x this company's employee count (16,600) = 23,979 tCO2e. Final estimate is the average of the available method(s): 19,722 tCO2e."
KMB,,,,,,67253.6,median_model_revenue+employees,sector:Consumer Staples,16,"Tier 2 Scope 2 ESTIMATE (LSEG median-model style), NOT a disclosure -- see pipeline/tier2_estimation/estimate_tier2.py. Peer group: sector = 'Consumer Staples' (16 Tier 1 peers with a real Scope 2 value, floor=5). Revenue-based: median peer Scope 2 tCO2e/$ revenue (2.81277e-06) x this company's revenue ($16,581,999,616) = 46,641 tCO2e. Employee-based: median peer Scope 2 tCO2e/employee (2.44072) x this company's employee count (36,000) = 87,866 tCO2e. Final estimate is the average of the available method(s): 67,254 tCO2e."
KIM,7544.0,median_model_revenue+employees,sector:Real Estate,8,"Tier 2 Scope 1 ESTIMATE (LSEG median-model style), NOT a disclosure -- see pipeline/tier2_estimation/estimate_tier2.py. Peer group: sector = 'Real Estate' (8 Tier 1 peers with a real Scope 1 value, floor=5). Revenue-based: median peer Scope 1 tCO2e/$ revenue (5.49255e-06) x this company's revenue ($2,187,133,952) = 12,013 tCO2e. Employee-based: median peer Scope 1 tCO2e/employee (4.331) x this company's employee count (710) = 3,075 tCO2e. Final estimate is the average of the available method(s): 7,544 tCO2e.",82176.7,median_model_revenue+employees,sector:Real Estate,7,"Tier 2 Scope 2 ESTIMATE (LSEG median-model style), NOT a disclosure -- see pipeline/tier2_estimation/estimate_tier2.py. Peer group: sector = 'Real Estate' (7 Tier 1 peers with a real Scope 2 value, floor=5). Revenue-based: median peer Scope 2 tCO2e/$ revenue (7.54576e-06) x this company's revenue ($2,187,133,952) = 16,504 tCO2e. Employee-based: median peer Scope 2 tCO2e/employee (208.239) x this company's employee count (710) = 147,850 tCO2e. Final estimate is the average of the available method(s): 82,177 tCO2e."
KKR,7720.6,median_model_revenue+employees,sector:Financials,21,"Tier 2 Scope 1 ESTIMATE (LSEG median-model style), NOT a disclosure -- see pipeline/tier2_estimation/estimate_tier2.py. Peer group: sector = 'Financials' (21 Tier 1 peers with a real Scope 1 value, floor=5). Revenue-based: median peer Scope 1 tCO2e/$ revenue (5.36817e-07) x this company's revenue ($25,833,117,696) = 13,868 tCO2e. Employee-based: median peer Scope 1 tCO2e/employee (0.312029) x this company's employee count (5,043) = 1,574 tCO2e. Final estimate is the average of the available method(s): 7,721 tCO2e.",3213.3,median_model_revenue+employees,sector:Financials,17,"Tier 2 Scope 2 ESTIMATE (LSEG median-model style), NOT a disclosure -- see pipeline/tier2_estimation/estimate_tier2.py. Peer group: sector = 'Financials' (17 Tier 1 peers with a real Scope 2 value, floor=5). Revenue-based: median peer Scope 2 tCO2e/$ revenue (1.98278e-07) x this company's revenue ($25,833,117,696) = 5,122 tCO2e. Employee-based: median peer Scope 2 tCO2e/employee (0.25868) x this company's employee count (5,043) = 1,305 tCO2e. Final estimate is the average of the available method(s): 3,213 tCO2e."
KHC,371166.8,median_model_revenue+employees,sub_industry:Packaged Foods & Meats,5,"Tier 2 Scope 1 ESTIMATE (LSEG median-model style), NOT a disclosure -- see pipeline/tier2_estimation/estimate_tier2.py. Peer group: sub_industry = 'Packaged Foods & Meats' (5 Tier 1 peers with a real Scope 1 value, floor=5). Revenue-based: median peer Scope 1 tCO2e/$ revenue (1.80644e-05) x this company's revenue ($24,899,999,744) = 449,804 tCO2e. Employee-based: median peer Scope 1 tCO2e/employee (8.35799) x this company's employee count (35,000) = 292,530 tCO2e. Final estimate is the average of the available method(s): 371,167 tCO2e.",77731.6,median_model_revenue+employees,sector:Consumer Staples,16,"Tier 2 Scope 2 ESTIMATE (LSEG median-model style), NOT a disclosure -- see pipeline/tier2_estimation/estimate_tier2.py. Peer group: sector = 'Consumer Staples' (16 Tier 1 peers with a real Scope 2 value, floor=5). Revenue-based: median peer Scope 2 tCO2e/$ revenue (2.81277e-06) x this company's revenue ($24,899,999,744) = 70,038 tCO2e. Employee-based: median peer Scope 2 tCO2e/employee (2.44072) x this company's employee count (35,000) = 85,425 tCO2e. Final estimate is the average of the available method(s): 77,732 tCO2e."
KR,2308158.8,median_model_revenue+employees,sector:Consumer Staples,24,"Tier 2 Scope 1 ESTIMATE (LSEG median-model style), NOT a disclosure -- see pipeline/tier2_estimation/estimate_tier2.py. Peer group: sector = 'Consumer Staples' (24 Tier 1 peers with a real Scope 1 value, floor=5). Revenue-based: median peer Scope 1 tCO2e/$ revenue (1.05335e-05) x this company's revenue ($149,326,004,224) = 1,572,926 tCO2e. Employee-based: median peer Scope 1 tCO2e/employee (7.60848) x this company's employee count (400,000) = 3,043,391 tCO2e. Final estimate is the average of the available method(s): 2,308,159 tCO2e.",698153.9,median_model_revenue+employees,sector:Consumer Staples,16,"Tier 2 Scope 2 ESTIMATE (LSEG median-model style), NOT a disclosure -- see pipeline/tier2_estimation/estimate_tier2.py. Peer group: sector = 'Consumer Staples' (16 Tier 1 peers with a real Scope 2 value, floor=5). Revenue-based: median peer Scope 2 tCO2e/$ revenue (2.81277e-06) x this company's revenue ($149,326,004,224) = 420,019 tCO2e. Employee-based: median peer Scope 2 tCO2e/employee (2.44072) x this company's employee count (400,000) = 976,288 tCO2e. Final estimate is the average of the available method(s): 698,154 tCO2e."
LMT,,,,,,589915.3,median_model_revenue+employees,sector:Industrials,28,"Tier 2 Scope 2 ESTIMATE (LSEG median-model style), NOT a disclosure -- see pipeline/tier2_estimation/estimate_tier2.py. Peer group: sector = 'Industrials' (28 Tier 1 peers with a real Scope 2 value, floor=5). Revenue-based: median peer Scope 2 tCO2e/$ revenue (9.89188e-06) x this company's revenue ($77,013,999,616) = 761,813 tCO2e. Employee-based: median peer Scope 2 tCO2e/employee (3.39852) x this company's employee count (123,000) = 418,018 tCO2e. Final estimate is the average of the available method(s): 589,915 tCO2e."
L,,,,,,3547.7,median_model_revenue+employees,sector:Financials,17,"Tier 2 Scope 2 ESTIMATE (LSEG median-model style), NOT a disclosure -- see pipeline/tier2_estimation/estimate_tier2.py. Peer group: sector = 'Financials' (17 Tier 1 peers with a real Scope 2 value, floor=5). Revenue-based: median peer Scope 2 tCO2e/$ revenue (1.98278e-07) x this company's revenue ($18,694,000,640) = 3,707 tCO2e. Employee-based: median peer Scope 2 tCO2e/employee (0.25868) x this company's employee count (13,100) = 3,389 tCO2e. Final estimate is the average of the available method(s): 3,548 tCO2e."
MPC,,,,,,2617734.9,median_model_revenue+employees,sector:Energy,6,"Tier 2 Scope 2 ESTIMATE (LSEG median-model style), NOT a disclosure -- see pipeline/tier2_estimation/estimate_tier2.py. Peer group: sector = 'Energy' (6 Tier 1 peers with a real Scope 2 value, floor=5). Revenue-based: median peer Scope 2 tCO2e/$ revenue (1.7615e-05) x this company's revenue ($154,145,996,800) = 2,715,283 tCO2e. Employee-based: median peer Scope 2 tCO2e/employee (136.226) x this company's employee count (18,500) = 2,520,187 tCO2e. Final estimate is the average of the available method(s): 2,617,735 tCO2e."
MLM,,,,,,773718.1,median_model_revenue+employees,sector:Materials,9,"Tier 2 Scope 2 ESTIMATE (LSEG median-model style), NOT a disclosure -- see pipeline/tier2_estimation/estimate_tier2.py. Peer group: sector = 'Materials' (9 Tier 1 peers with a real Scope 2 value, floor=5). Revenue-based: median peer Scope 2 tCO2e/$ revenue (0.000101463) x this company's revenue ($6,688,000,000) = 678,586 tCO2e. Employee-based: median peer Scope 2 tCO2e/employee (90.5052) x this company's employee count (9,600) = 868,850 tCO2e. Final estimate is the average of the available method(s): 773,718 tCO2e."
LH,92256.9,median_model_revenue+employees,sector:Health Care,25,"Tier 2 Scope 1 ESTIMATE (LSEG median-model style), NOT a disclosure -- see pipeline/tier2_estimation/estimate_tier2.py. Peer group: sector = 'Health Care' (25 Tier 1 peers with a real Scope 1 value, floor=5). Revenue-based: median peer Scope 1 tCO2e/$ revenue (3.54491e-06) x this company's revenue ($14,348,000,256) = 50,862 tCO2e. Employee-based: median peer Scope 1 tCO2e/employee (1.88241) x this company's employee count (71,000) = 133,651 tCO2e. Final estimate is the average of the available method(s): 92,257 tCO2e.",92447.5,median_model_revenue+employees,sector:Health Care,18,"Tier 2 Scope 2 ESTIMATE (LSEG median-model style), NOT a disclosure -- see pipeline/tier2_estimation/estimate_tier2.py. Peer group: sector = 'Health Care' (18 Tier 1 peers with a real Scope 2 value, floor=5). Revenue-based: median peer Scope 2 tCO2e/$ revenue (3.19915e-06) x this company's revenue ($14,348,000,256) = 45,901 tCO2e. Employee-based: median peer Scope 2 tCO2e/employee (1.95766) x this company's employee count (71,000) = 138,994 tCO2e. Final estimate is the average of the available method(s): 92,448 tCO2e."
LVS,51308.0,median_model_revenue+employees,sector:Consumer Discretionary,21,"Tier 2 Scope 1 ESTIMATE (LSEG median-model style), NOT a disclosure -- see pipeline/tier2_estimation/estimate_tier2.py. Peer group: sector = 'Consumer Discretionary' (21 Tier 1 peers with a real Scope 1 value, floor=5). Revenue-based: median peer Scope 1 tCO2e/$ revenue (3.71647e-06) x this company's revenue ($13,719,000,064) = 50,986 tCO2e. Employee-based: median peer Scope 1 tCO2e/employee (1.25926) x this company's employee count (41,000) = 51,630 tCO2e. Final estimate is the average of the available method(s): 51,308 tCO2e.",82310.6,median_model_revenue+employees,sector:Consumer Discretionary,18,"Tier 2 Scope 2 ESTIMATE (LSEG median-model style), NOT a disclosure -- see pipeline/tier2_estimation/estimate_tier2.py. Peer group: sector = 'Consumer Discretionary' (18 Tier 1 peers with a real Scope 2 value, floor=5). Revenue-based: median peer Scope 2 tCO2e/$ revenue (6.64506e-06) x this company's revenue ($13,719,000,064) = 91,164 tCO2e. Employee-based: median peer Scope 2 tCO2e/employee (1.79165) x this company's employee count (41,000) = 73,458 tCO2e. Final estimate is the average of the available method(s): 82,311 tCO2e."
LEN,68724.0,median_model_revenue+employees,sector:Consumer Discretionary,21,"Tier 2 Scope 1 ESTIMATE (LSEG median-model style), NOT a disclosure -- see pipeline/tier2_estimation/estimate_tier2.py. Peer group: sector = 'Consumer Discretionary' (21 Tier 1 peers with a real Scope 1 value, floor=5). Revenue-based: median peer Scope 1 tCO2e/$ revenue (3.71647e-06) x this company's revenue ($32,737,234,944) = 121,667 tCO2e. Employee-based: median peer Scope 1 tCO2e/employee (1.25926) x this company's employee count (12,532) = 15,781 tCO2e. Final estimate is the average of the available method(s): 68,724 tCO2e.",119997.0,median_model_revenue+employees,sector:Consumer Discretionary,18,"Tier 2 Scope 2 ESTIMATE (LSEG median-model style), NOT a disclosure -- see pipeline/tier2_estimation/estimate_tier2.py. Peer group: sector = 'Consumer Discretionary' (18 Tier 1 peers with a real Scope 2 value, floor=5). Revenue-based: median peer Scope 2 tCO2e/$ revenue (6.64506e-06) x this company's revenue ($32,737,234,944) = 217,541 tCO2e. Employee-based: median peer Scope 2 tCO2e/employee (1.79165) x this company's employee count (12,532) = 22,453 tCO2e. Final estimate is the average of the available method(s): 119,997 tCO2e."
LII,29481.5,median_model_revenue+employees,sector:Industrials,40,"Tier 2 Scope 1 ESTIMATE (LSEG median-model style), NOT a disclosure -- see pipeline/tier2_estimation/estimate_tier2.py. Peer group: sector = 'Industrials' (40 Tier 1 peers with a real Scope 1 value, floor=5). Revenue-based: median peer Scope 1 tCO2e/$ revenue (6.94524e-06) x this company's revenue ($5,302,199,808) = 36,825 tCO2e. Employee-based: median peer Scope 1 tCO2e/employee (4.09963) x this company's employee count (5,400) = 22,138 tCO2e. Final estimate is the average of the available method(s): 29,482 tCO2e.",35400.3,median_model_revenue+employees,sector:Industrials,28,"Tier 2 Scope 2 ESTIMATE (LSEG median-model style), NOT a disclosure -- see pipeline/tier2_estimation/estimate_tier2.py. Peer group: sector = 'Industrials' (28 Tier 1 peers with a real Scope 2 value, floor=5). Revenue-based: median peer Scope 2 tCO2e/$ revenue (9.89188e-06) x this company's revenue ($5,302,199,808) = 52,449 tCO2e. Employee-based: median peer Scope 2 tCO2e/employee (3.39852) x this company's employee count (5,400) = 18,352 tCO2e. Final estimate is the average of the available method(s): 35,400 tCO2e."
LYV,18494.8,median_model_revenue+employees,sector:Communication Services,6,"Tier 2 Scope 1 ESTIMATE (LSEG median-model style), NOT a disclosure -- see pipeline/tier2_estimation/estimate_tier2.py. Peer group: sector = 'Communication Services' (6 Tier 1 peers with a real Scope 1 value, floor=5). Revenue-based: median peer Scope 1 tCO2e/$ revenue (6.73153e-07) x this company's revenue ($26,272,534,528) = 17,685 tCO2e. Employee-based: median peer Scope 1 tCO2e/employee (1.09064) x this company's employee count (17,700) = 19,304 tCO2e. Final estimate is the average of the available method(s): 18,495 tCO2e.",102305.6,median_model_revenue+employees,sector:Communication Services,6,"Tier 2 Scope 2 ESTIMATE (LSEG median-model style), NOT a disclosure -- see pipeline/tier2_estimation/estimate_tier2.py. Peer group: sector = 'Communication Services' (6 Tier 1 peers with a real Scope 2 value, floor=5). Revenue-based: median peer Scope 2 tCO2e/$ revenue (5.2889e-06) x this company's revenue ($26,272,534,528) = 138,953 tCO2e. Employee-based: median peer Scope 2 tCO2e/employee (3.70951) x this company's employee count (17,700) = 65,658 tCO2e. Final estimate is the average of the available method(s): 102,306 tCO2e."
MTB,5916.3,median_model_revenue+employees,sector:Financials,21,"Tier 2 Scope 1 ESTIMATE (LSEG median-model style), NOT a disclosure -- see pipeline/tier2_estimation/estimate_tier2.py. Peer group: sector = 'Financials' (21 Tier 1 peers with a real Scope 1 value, floor=5). Revenue-based: median peer Scope 1 tCO2e/$ revenue (5.36817e-07) x this company's revenue ($9,450,999,808) = 5,073 tCO2e. Employee-based: median peer Scope 1 tCO2e/employee (0.312029) x this company's employee count (21,662) = 6,759 tCO2e. Final estimate is the average of the available method(s): 5,916 tCO2e.",3738.7,median_model_revenue+employees,sector:Financials,17,"Tier 2 Scope 2 ESTIMATE (LSEG median-model style), NOT a disclosure -- see pipeline/tier2_estimation/estimate_tier2.py. Peer group: sector = 'Financials' (17 Tier 1 peers with a real Scope 2 value, floor=5). Revenue-based: median peer Scope 2 tCO2e/$ revenue (1.98278e-07) x this company's revenue ($9,450,999,808) = 1,874 tCO2e. Employee-based: median peer Scope 2 tCO2e/employee (0.25868) x this company's employee count (21,662) = 5,604 tCO2e. Final estimate is the average of the available method(s): 3,739 tCO2e."
MRSH,22322.6,median_model_revenue+employees,sector:Financials,21,"Tier 2 Scope 1 ESTIMATE (LSEG median-model style), NOT a disclosure -- see pipeline/tier2_estimation/estimate_tier2.py. Peer group: sector = 'Financials' (21 Tier 1 peers with a real Scope 1 value, floor=5). Revenue-based: median peer Scope 1 tCO2e/$ revenue (5.36817e-07) x this company's revenue ($27,946,999,808) = 15,002 tCO2e. Employee-based: median peer Scope 1 tCO2e/employee (0.312029) x this company's employee count (95,000) = 29,643 tCO2e. Final estimate is the average of the available method(s): 22,323 tCO2e.",15058.0,median_model_revenue+employees,sector:Financials,17,"Tier 2 Scope 2 ESTIMATE (LSEG median-model style), NOT a disclosure -- see pipeline/tier2_estimation/estimate_tier2.py. Peer group: sector = 'Financials' (17 Tier 1 peers with a real Scope 2 value, floor=5). Revenue-based: median peer Scope 2 tCO2e/$ revenue (1.98278e-07) x this company's revenue ($27,946,999,808) = 5,541 tCO2e. Employee-based: median peer Scope 2 tCO2e/employee (0.25868) x this company's employee count (95,000) = 24,575 tCO2e. Final estimate is the average of the available method(s): 15,058 tCO2e."
MAS,63358.0,median_model_revenue+employees,sector:Industrials,40,"Tier 2 Scope 1 ESTIMATE (LSEG median-model style), NOT a disclosure -- see pipeline/tier2_estimation/estimate_tier2.py. Peer group: sector = 'Industrials' (40 Tier 1 peers with a real Scope 1 value, floor=5). Revenue-based: median peer Scope 1 tCO2e/$ revenue (6.94524e-06) x this company's revenue ($7,619,999,744) = 52,923 tCO2e. Employee-based: median peer Scope 1 tCO2e/employee (4.09963) x this company's employee count (18,000) = 73,793 tCO2e. Final estimate is the average of the available method(s): 63,358 tCO2e.",68274.7,median_model_revenue+employees,sector:Industrials,28,"Tier 2 Scope 2 ESTIMATE (LSEG median-model style), NOT a disclosure -- see pipeline/tier2_estimation/estimate_tier2.py. Peer group: sector = 'Industrials' (28 Tier 1 peers with a real Scope 2 value, floor=5). Revenue-based: median peer Scope 2 tCO2e/$ revenue (9.89188e-06) x this company's revenue ($7,619,999,744) = 75,376 tCO2e. Employee-based: median peer Scope 2 tCO2e/employee (3.39852) x this company's employee count (18,000) = 61,173 tCO2e. Final estimate is the average of the available method(s): 68,275 tCO2e."
MA,15625.9,median_model_revenue+employees,sector:Financials,21,"Tier 2 Scope 1 ESTIMATE (LSEG median-model style), NOT a disclosure -- see pipeline/tier2_estimation/estimate_tier2.py. Peer group: sector = 'Financials' (21 Tier 1 peers with a real Scope 1 value, floor=5). Revenue-based: median peer Scope 1 tCO2e/$ revenue (5.36817e-07) x this company's revenue ($35,083,001,856) = 18,833 tCO2e. Employee-based: median peer Scope 1 tCO2e/employee (0.312029) x this company's employee count (39,800) = 12,419 tCO2e. Final estimate is the average of the available method(s): 15,626 tCO2e.",8625.8,median_model_revenue+employees,sector:Financials,17,"Tier 2 Scope 2 ESTIMATE (LSEG median-model style), NOT a disclosure -- see pipeline/tier2_estimation/estimate_tier2.py. Peer group: sector = 'Financials' (17 Tier 1 peers with a real Scope 2 value, floor=5). Revenue-based: median peer Scope 2 tCO2e/$ revenue (1.98278e-07) x this company's revenue ($35,083,001,856) = 6,956 tCO2e. Employee-based: median peer Scope 2 tCO2e/employee (0.25868) x this company's employee count (39,800) = 10,295 tCO2e. Final estimate is the average of the available method(s): 8,626 tCO2e."
MRK,,,,,,177936.5,median_model_revenue+employees,sector:Health Care,18,"Tier 2 Scope 2 ESTIMATE (LSEG median-model style), NOT a disclosure -- see pipeline/tier2_estimation/estimate_tier2.py. Peer group: sector = 'Health Care' (18 Tier 1 peers with a real Scope 2 value, floor=5). Revenue-based: median peer Scope 2 tCO2e/$ revenue (3.19915e-06) x this company's revenue ($66,568,998,912) = 212,964 tCO2e. Employee-based: median peer Scope 2 tCO2e/employee (1.95766) x this company's employee count (73,000) = 142,909 tCO2e. Final estimate is the average of the available method(s): 177,937 tCO2e."
MGM,,,,,,112762.5,median_model_revenue+employees,sector:Consumer Discretionary,18,"Tier 2 Scope 2 ESTIMATE (LSEG median-model style), NOT a disclosure -- see pipeline/tier2_estimation/estimate_tier2.py. Peer group: sector = 'Consumer Discretionary' (18 Tier 1 peers with a real Scope 2 value, floor=5). Revenue-based: median peer Scope 2 tCO2e/$ revenue (6.64506e-06) x this company's revenue ($17,761,441,792) = 118,026 tCO2e. Employee-based: median peer Scope 2 tCO2e/employee (1.79165) x this company's employee count (60,000) = 107,499 tCO2e. Final estimate is the average of the available method(s): 112,762 tCO2e."
MCHP,,,,,,32583.7,median_model_revenue+employees,sub_industry:Semiconductors,5,"Tier 2 Scope 2 ESTIMATE (LSEG median-model style), NOT a disclosure -- see pipeline/tier2_estimation/estimate_tier2.py. Peer group: sub_industry = 'Semiconductors' (5 Tier 1 peers with a real Scope 2 value, floor=5). Revenue-based: median peer Scope 2 tCO2e/$ revenue (2.34945e-06) x this company's revenue ($5,122,299,904) = 12,035 tCO2e. Employee-based: median peer Scope 2 tCO2e/employee (2.96832) x this company's employee count (17,900) = 53,133 tCO2e. Final estimate is the average of the available method(s): 32,584 tCO2e."
MU,,,,,,184707.4,median_model_revenue+employees,sub_industry:Semiconductors,5,"Tier 2 Scope 2 ESTIMATE (LSEG median-model style), NOT a disclosure -- see pipeline/tier2_estimation/estimate_tier2.py. Peer group: sub_industry = 'Semiconductors' (5 Tier 1 peers with a real Scope 2 value, floor=5). Revenue-based: median peer Scope 2 tCO2e/$ revenue (2.34945e-06) x this company's revenue ($90,273,996,800) = 212,094 tCO2e. Employee-based: median peer Scope 2 tCO2e/employee (2.96832) x this company's employee count (53,000) = 157,321 tCO2e. Final estimate is the average of the available method(s): 184,707 tCO2e."
TAP,,,,,,35357.5,median_model_revenue+employees,sector:Consumer Staples,16,"Tier 2 Scope 2 ESTIMATE (LSEG median-model style), NOT a disclosure -- see pipeline/tier2_estimation/estimate_tier2.py. Peer group: sector = 'Consumer Staples' (16 Tier 1 peers with a real Scope 2 value, floor=5). Revenue-based: median peer Scope 2 tCO2e/$ revenue (2.81277e-06) x this company's revenue ($11,083,499,520) = 31,175 tCO2e. Employee-based: median peer Scope 2 tCO2e/employee (2.44072) x this company's employee count (16,200) = 39,540 tCO2e. Final estimate is the average of the available method(s): 35,357 tCO2e."
NEM,,,,,,2099122.2,median_model_revenue+employees,sector:Materials,9,"Tier 2 Scope 2 ESTIMATE (LSEG median-model style), NOT a disclosure -- see pipeline/tier2_estimation/estimate_tier2.py. Peer group: sector = 'Materials' (9 Tier 1 peers with a real Scope 2 value, floor=5). Revenue-based: median peer Scope 2 tCO2e/$ revenue (0.000101463) x this company's revenue ($25,767,000,064) = 2,614,403 tCO2e. Employee-based: median peer Scope 2 tCO2e/employee (90.5052) x this company's employee count (17,500) = 1,583,841 tCO2e. Final estimate is the average of the available method(s): 2,099,122 tCO2e."
NI,,,,,,86236.6,median_model_revenue+employees,sector:Utilities,10,"Tier 2 Scope 2 ESTIMATE (LSEG median-model style), NOT a disclosure -- see pipeline/tier2_estimation/estimate_tier2.py. Peer group: sector = 'Utilities' (10 Tier 1 peers with a real Scope 2 value, floor=5). Revenue-based: median peer Scope 2 tCO2e/$ revenue (9.6601e-06) x this company's revenue ($6,881,500,160) = 66,476 tCO2e. Employee-based: median peer Scope 2 tCO2e/employee (13.8233) x this company's employee count (7,668) = 105,997 tCO2e. Final estimate is the average of the available method(s): 86,237 tCO2e."
NOC,,,,,,373570.8,median_model_revenue+employees,sector:Industrials,28,"Tier 2 Scope 2 ESTIMATE (LSEG median-model style), NOT a disclosure -- see pipeline/tier2_estimation/estimate_tier2.py. Peer group: sector = 'Industrials' (28 Tier 1 peers with a real Scope 2 value, floor=5). Revenue-based: median peer Scope 2 tCO2e/$ revenue (9.89188e-06) x this company's revenue ($42,892,001,280) = 424,282 tCO2e. Employee-based: median peer Scope 2 tCO2e/employee (3.39852) x this company's employee count (95,000) = 322,859 tCO2e. Final estimate is the average of the available method(s): 373,571 tCO2e."
NRG,,,,,,275434.0,median_model_revenue+employees,sector:Utilities,10,"Tier 2 Scope 2 ESTIMATE (LSEG median-model style), NOT a disclosure -- see pipeline/tier2_estimation/estimate_tier2.py. Peer group: sector = 'Utilities' (10 Tier 1 peers with a real Scope 2 value, floor=5). Revenue-based: median peer Scope 2 tCO2e/$ revenue (9.6601e-06) x this company's revenue ($33,124,999,168) = 319,991 tCO2e. Employee-based: median peer Scope 2 tCO2e/employee (13.8233) x this company's employee count (16,702) = 230,877 tCO2e. Final estimate is the average of the available method(s): 275,434 tCO2e."
NUE,,,,,,3324798.2,median_model_revenue+employees,sector:Materials,9,"Tier 2 Scope 2 ESTIMATE (LSEG median-model style), NOT a disclosure -- see pipeline/tier2_estimation/estimate_tier2.py. Peer group: sector = 'Materials' (9 Tier 1 peers with a real Scope 2 value, floor=5). Revenue-based: median peer Scope 2 tCO2e/$ revenue (0.000101463) x this company's revenue ($36,101,001,216) = 3,662,925 tCO2e. Employee-based: median peer Scope 2 tCO2e/employee (90.5052) x this company's employee count (33,000) = 2,986,672 tCO2e. Final estimate is the average of the available method(s): 3,324,798 tCO2e."
OXY,,,,,,919922.6,median_model_revenue+employees,sector:Energy,6,"Tier 2 Scope 2 ESTIMATE (LSEG median-model style), NOT a disclosure -- see pipeline/tier2_estimation/estimate_tier2.py. Peer group: sector = 'Energy' (6 Tier 1 peers with a real Scope 2 value, floor=5). Revenue-based: median peer Scope 2 tCO2e/$ revenue (1.7615e-05) x this company's revenue ($23,925,999,616) = 421,457 tCO2e. Employee-based: median peer Scope 2 tCO2e/employee (136.226) x this company's employee count (10,412) = 1,418,389 tCO2e. Final estimate is the average of the available method(s): 919,923 tCO2e."
OKE,,,,,,777600.0,median_model_revenue+employees,sector:Energy,6,"Tier 2 Scope 2 ESTIMATE (LSEG median-model style), NOT a disclosure -- see pipeline/tier2_estimation/estimate_tier2.py. Peer group: sector = 'Energy' (6 Tier 1 peers with a real Scope 2 value, floor=5). Revenue-based: median peer Scope 2 tCO2e/$ revenue (1.7615e-05) x this company's revenue ($39,366,000,640) = 693,432 tCO2e. Employee-based: median peer Scope 2 tCO2e/employee (136.226) x this company's employee count (6,326) = 861,768 tCO2e. Final estimate is the average of the available method(s): 777,600 tCO2e."
MCK,767602.5,median_model_revenue+employees,sector:Health Care,25,"Tier 2 Scope 1 ESTIMATE (LSEG median-model style), NOT a disclosure -- see pipeline/tier2_estimation/estimate_tier2.py. Peer group: sector = 'Health Care' (25 Tier 1 peers with a real Scope 1 value, floor=5). Revenue-based: median peer Scope 1 tCO2e/$ revenue (3.54491e-06) x this company's revenue ($410,983,006,208) = 1,456,897 tCO2e. Employee-based: median peer Scope 1 tCO2e/employee (1.88241) x this company's employee count (41,600) = 78,308 tCO2e. Final estimate is the average of the available method(s): 767,603 tCO2e.",698116.9,median_model_revenue+employees,sector:Health Care,18,"Tier 2 Scope 2 ESTIMATE (LSEG median-model style), NOT a disclosure -- see pipeline/tier2_estimation/estimate_tier2.py. Peer group: sector = 'Health Care' (18 Tier 1 peers with a real Scope 2 value, floor=5). Revenue-based: median peer Scope 2 tCO2e/$ revenue (3.19915e-06) x this company's revenue ($410,983,006,208) = 1,314,795 tCO2e. Employee-based: median peer Scope 2 tCO2e/employee (1.95766) x this company's employee count (41,600) = 81,439 tCO2e. Final estimate is the average of the available method(s): 698,117 tCO2e."
MDT,132976.3,median_model_revenue+employees,sub_industry:Health Care Equipment,6,"Tier 2 Scope 1 ESTIMATE (LSEG median-model style), NOT a disclosure -- see pipeline/tier2_estimation/estimate_tier2.py. Peer group: sub_industry = 'Health Care Equipment' (6 Tier 1 peers with a real Scope 1 value, floor=5). Revenue-based: median peer Scope 1 tCO2e/$ revenue (3.85286e-06) x this company's revenue ($37,541,998,592) = 144,644 tCO2e. Employee-based: median peer Scope 1 tCO2e/employee (1.27693) x this company's employee count (95,000) = 121,309 tCO2e. Final estimate is the average of the available method(s): 132,976 tCO2e.",121054.3,median_model_revenue+employees,sub_industry:Health Care Equipment,5,"Tier 2 Scope 2 ESTIMATE (LSEG median-model style), NOT a disclosure -- see pipeline/tier2_estimation/estimate_tier2.py. Peer group: sub_industry = 'Health Care Equipment' (5 Tier 1 peers with a real Scope 2 value, floor=5). Revenue-based: median peer Scope 2 tCO2e/$ revenue (3.17691e-06) x this company's revenue ($37,541,998,592) = 119,268 tCO2e. Employee-based: median peer Scope 2 tCO2e/employee (1.29306) x this company's employee count (95,000) = 122,841 tCO2e. Final estimate is the average of the available method(s): 121,054 tCO2e."
MTD,22951.1,median_model_revenue+employees,sector:Health Care,25,"Tier 2 Scope 1 ESTIMATE (LSEG median-model style), NOT a disclosure -- see pipeline/tier2_estimation/estimate_tier2.py. Peer group: sector = 'Health Care' (25 Tier 1 peers with a real Scope 1 value, floor=5). Revenue-based: median peer Scope 1 tCO2e/$ revenue (3.54491e-06) x this company's revenue ($4,133,874,944) = 14,654 tCO2e. Employee-based: median peer Scope 1 tCO2e/employee (1.88241) x this company's employee count (16,600) = 31,248 tCO2e. Final estimate is the average of the available method(s): 22,951 tCO2e.",22861.0,median_model_revenue+employees,sector:Health Care,18,"Tier 2 Scope 2 ESTIMATE (LSEG median-model style), NOT a disclosure -- see pipeline/tier2_estimation/estimate_tier2.py. Peer group: sector = 'Health Care' (18 Tier 1 peers with a real Scope 2 value, floor=5). Revenue-based: median peer Scope 2 tCO2e/$ revenue (3.19915e-06) x this company's revenue ($4,133,874,944) = 13,225 tCO2e. Employee-based: median peer Scope 2 tCO2e/employee (1.95766) x this company's employee count (16,600) = 32,497 tCO2e. Final estimate is the average of the available method(s): 22,861 tCO2e."
MAA,11522.3,median_model_revenue+employees,sector:Real Estate,8,"Tier 2 Scope 1 ESTIMATE (LSEG median-model style), NOT a disclosure -- see pipeline/tier2_estimation/estimate_tier2.py. Peer group: sector = 'Real Estate' (8 Tier 1 peers with a real Scope 1 value, floor=5). Revenue-based: median peer Scope 1 tCO2e/$ revenue (5.49255e-06) x this company's revenue ($2,218,780,928) = 12,187 tCO2e. Employee-based: median peer Scope 1 tCO2e/employee (4.331) x this company's employee count (2,507) = 10,858 tCO2e. Final estimate is the average of the available method(s): 11,522 tCO2e.",269398.9,median_model_revenue+employees,sector:Real Estate,7,"Tier 2 Scope 2 ESTIMATE (LSEG median-model style), NOT a disclosure -- see pipeline/tier2_estimation/estimate_tier2.py. Peer group: sector = 'Real Estate' (7 Tier 1 peers with a real Scope 2 value, floor=5). Revenue-based: median peer Scope 2 tCO2e/$ revenue (7.54576e-06) x this company's revenue ($2,218,780,928) = 16,742 tCO2e. Employee-based: median peer Scope 2 tCO2e/employee (208.239) x this company's employee count (2,507) = 522,055 tCO2e. Final estimate is the average of the available method(s): 269,399 tCO2e."
MRNA,8372.7,median_model_revenue+employees,sector:Health Care,25,"Tier 2 Scope 1 ESTIMATE (LSEG median-model style), NOT a disclosure -- see pipeline/tier2_estimation/estimate_tier2.py. Peer group: sector = 'Health Care' (25 Tier 1 peers with a real Scope 1 value, floor=5). Revenue-based: median peer Scope 1 tCO2e/$ revenue (3.54491e-06) x this company's revenue ($2,228,000,000) = 7,898 tCO2e. Employee-based: median peer Scope 1 tCO2e/employee (1.88241) x this company's employee count (4,700) = 8,847 tCO2e. Final estimate is the average of the available method(s): 8,373 tCO2e.",8164.3,median_model_revenue+employees,sector:Health Care,18,"Tier 2 Scope 2 ESTIMATE (LSEG median-model style), NOT a disclosure -- see pipeline/tier2_estimation/estimate_tier2.py. Peer group: sector = 'Health Care' (18 Tier 1 peers with a real Scope 2 value, floor=5). Revenue-based: median peer Scope 2 tCO2e/$ revenue (3.19915e-06) x this company's revenue ($2,228,000,000) = 7,128 tCO2e. Employee-based: median peer Scope 2 tCO2e/employee (1.95766) x this company's employee count (4,700) = 9,201 tCO2e. Final estimate is the average of the available method(s): 8,164 tCO2e."
MDLZ,738641.4,median_model_revenue+employees,sub_industry:Packaged Foods & Meats,5,"Tier 2 Scope 1 ESTIMATE (LSEG median-model style), NOT a disclosure -- see pipeline/tier2_estimation/estimate_tier2.py. Peer group: sub_industry = 'Packaged Foods & Meats' (5 Tier 1 peers with a real Scope 1 value, floor=5). Revenue-based: median peer Scope 1 tCO2e/$ revenue (1.80644e-05) x this company's revenue ($39,674,998,784) = 716,705 tCO2e. Employee-based: median peer Scope 1 tCO2e/employee (8.35799) x this company's employee count (91,000) = 760,577 tCO2e. Final estimate is the average of the available method(s): 738,641 tCO2e.",166851.1,median_model_revenue+employees,sector:Consumer Staples,16,"Tier 2 Scope 2 ESTIMATE (LSEG median-model style), NOT a disclosure -- see pipeline/tier2_estimation/estimate_tier2.py. Peer group: sector = 'Consumer Staples' (16 Tier 1 peers with a real Scope 2 value, floor=5). Revenue-based: median peer Scope 2 tCO2e/$ revenue (2.81277e-06) x this company's revenue ($39,674,998,784) = 111,597 tCO2e. Employee-based: median peer Scope 2 tCO2e/employee (2.44072) x this company's employee count (91,000) = 222,106 tCO2e. Final estimate is the average of the available method(s): 166,851 tCO2e."
MS,33838.9,median_model_revenue+employees,sector:Financials,21,"Tier 2 Scope 1 ESTIMATE (LSEG median-model style), NOT a disclosure -- see pipeline/tier2_estimation/estimate_tier2.py. Peer group: sector = 'Financials' (21 Tier 1 peers with a real Scope 1 value, floor=5). Revenue-based: median peer Scope 1 tCO2e/$ revenue (5.36817e-07) x this company's revenue ($77,827,997,696) = 41,779 tCO2e. Employee-based: median peer Scope 1 tCO2e/employee (0.312029) x this company's employee count (83,000) = 25,898 tCO2e. Final estimate is the average of the available method(s): 33,839 tCO2e.",18451.0,median_model_revenue+employees,sector:Financials,17,"Tier 2 Scope 2 ESTIMATE (LSEG median-model style), NOT a disclosure -- see pipeline/tier2_estimation/estimate_tier2.py. Peer group: sector = 'Financials' (17 Tier 1 peers with a real Scope 2 value, floor=5). Revenue-based: median peer Scope 2 tCO2e/$ revenue (1.98278e-07) x this company's revenue ($77,827,997,696) = 15,432 tCO2e. Employee-based: median peer Scope 2 tCO2e/employee (0.25868) x this company's employee count (83,000) = 21,470 tCO2e. Final estimate is the average of the available method(s): 18,451 tCO2e."
MSI,10633.3,median_model_revenue+employees,sector:Information Technology,37,"Tier 2 Scope 1 ESTIMATE (LSEG median-model style), NOT a disclosure -- see pipeline/tier2_estimation/estimate_tier2.py. Peer group: sector = 'Information Technology' (37 Tier 1 peers with a real Scope 1 value, floor=5). Revenue-based: median peer Scope 1 tCO2e/$ revenue (6.23987e-07) x this company's revenue ($12,236,999,680) = 7,636 tCO2e. Employee-based: median peer Scope 1 tCO2e/employee (0.592647) x this company's employee count (23,000) = 13,631 tCO2e. Final estimate is the average of the available method(s): 10,633 tCO2e.",30987.4,median_model_revenue+employees,sector:Information Technology,29,"Tier 2 Scope 2 ESTIMATE (LSEG median-model style), NOT a disclosure -- see pipeline/tier2_estimation/estimate_tier2.py. Peer group: sector = 'Information Technology' (29 Tier 1 peers with a real Scope 2 value, floor=5). Revenue-based: median peer Scope 2 tCO2e/$ revenue (2.34945e-06) x this company's revenue ($12,236,999,680) = 28,750 tCO2e. Employee-based: median peer Scope 2 tCO2e/employee (1.44455) x this company's employee count (23,000) = 33,225 tCO2e. Final estimate is the average of the available method(s): 30,987 tCO2e."
NDAQ,3009.3,median_model_revenue+employees,sector:Financials,21,"Tier 2 Scope 1 ESTIMATE (LSEG median-model style), NOT a disclosure -- see pipeline/tier2_estimation/estimate_tier2.py. Peer group: sector = 'Financials' (21 Tier 1 peers with a real Scope 1 value, floor=5). Revenue-based: median peer Scope 1 tCO2e/$ revenue (5.36817e-07) x this company's revenue ($5,614,000,128) = 3,014 tCO2e. Employee-based: median peer Scope 1 tCO2e/employee (0.312029) x this company's employee count (9,630) = 3,005 tCO2e. Final estimate is the average of the available method(s): 3,009 tCO2e.",1802.1,median_model_revenue+employees,sector:Financials,17,"Tier 2 Scope 2 ESTIMATE (LSEG median-model style), NOT a disclosure -- see pipeline/tier2_estimation/estimate_tier2.py. Peer group: sector = 'Financials' (17 Tier 1 peers with a real Scope 2 value, floor=5). Revenue-based: median peer Scope 2 tCO2e/$ revenue (1.98278e-07) x this company's revenue ($5,614,000,128) = 1,113 tCO2e. Employee-based: median peer Scope 2 tCO2e/employee (0.25868) x this company's employee count (9,630) = 2,491 tCO2e. Final estimate is the average of the available method(s): 1,802 tCO2e."
NTAP,5772.9,median_model_revenue+employees,sector:Information Technology,37,"Tier 2 Scope 1 ESTIMATE (LSEG median-model style), NOT a disclosure -- see pipeline/tier2_estimation/estimate_tier2.py. Peer group: sector = 'Information Technology' (37 Tier 1 peers with a real Scope 1 value, floor=5). Revenue-based: median peer Scope 1 tCO2e/$ revenue (6.23987e-07) x this company's revenue ($7,391,000,064) = 4,612 tCO2e. Employee-based: median peer Scope 1 tCO2e/employee (0.592647) x this company's employee count (11,700) = 6,934 tCO2e. Final estimate is the average of the available method(s): 5,773 tCO2e.",17133.0,median_model_revenue+employees,sector:Information Technology,29,"Tier 2 Scope 2 ESTIMATE (LSEG median-model style), NOT a disclosure -- see pipeline/tier2_estimation/estimate_tier2.py. Peer group: sector = 'Information Technology' (29 Tier 1 peers with a real Scope 2 value, floor=5). Revenue-based: median peer Scope 2 tCO2e/$ revenue (2.34945e-06) x this company's revenue ($7,391,000,064) = 17,365 tCO2e. Employee-based: median peer Scope 2 tCO2e/employee (1.44455) x this company's employee count (11,700) = 16,901 tCO2e. Final estimate is the average of the available method(s): 17,133 tCO2e."
NFLX,25005.6,median_model_revenue+employees,sector:Communication Services,6,"Tier 2 Scope 1 ESTIMATE (LSEG median-model style), NOT a disclosure -- see pipeline/tier2_estimation/estimate_tier2.py. Peer group: sector = 'Communication Services' (6 Tier 1 peers with a real Scope 1 value, floor=5). Revenue-based: median peer Scope 1 tCO2e/$ revenue (6.73153e-07) x this company's revenue ($48,370,765,824) = 32,561 tCO2e. Employee-based: median peer Scope 1 tCO2e/employee (1.09064) x this company's employee count (16,000) = 17,450 tCO2e. Final estimate is the average of the available method(s): 25,006 tCO2e.",157590.2,median_model_revenue+employees,sector:Communication Services,6,"Tier 2 Scope 2 ESTIMATE (LSEG median-model style), NOT a disclosure -- see pipeline/tier2_estimation/estimate_tier2.py. Peer group: sector = 'Communication Services' (6 Tier 1 peers with a real Scope 2 value, floor=5). Revenue-based: median peer Scope 2 tCO2e/$ revenue (5.2889e-06) x this company's revenue ($48,370,765,824) = 255,828 tCO2e. Employee-based: median peer Scope 2 tCO2e/employee (3.70951) x this company's employee count (16,000) = 59,352 tCO2e. Final estimate is the average of the available method(s): 157,590 tCO2e."
NWSA,14872.0,median_model_revenue+employees,sector:Communication Services,6,"Tier 2 Scope 1 ESTIMATE (LSEG median-model style), NOT a disclosure -- see pipeline/tier2_estimation/estimate_tier2.py. Peer group: sector = 'Communication Services' (6 Tier 1 peers with a real Scope 1 value, floor=5). Revenue-based: median peer Scope 1 tCO2e/$ revenue (6.73153e-07) x this company's revenue ($9,027,999,744) = 6,077 tCO2e. Employee-based: median peer Scope 1 tCO2e/employee (1.09064) x this company's employee count (21,700) = 23,667 tCO2e. Final estimate is the average of the available method(s): 14,872 tCO2e.",64122.3,median_model_revenue+employees,sector:Communication Services,6,"Tier 2 Scope 2 ESTIMATE (LSEG median-model style), NOT a disclosure -- see pipeline/tier2_estimation/estimate_tier2.py. Peer group: sector = 'Communication Services' (6 Tier 1 peers with a real Scope 2 value, floor=5). Revenue-based: median peer Scope 2 tCO2e/$ revenue (5.2889e-06) x this company's revenue ($9,027,999,744) = 47,748 tCO2e. Employee-based: median peer Scope 2 tCO2e/employee (3.70951) x this company's employee count (21,700) = 80,496 tCO2e. Final estimate is the average of the available method(s): 64,122 tCO2e."
NWS,14872.0,median_model_revenue+employees,sector:Communication Services,6,"Tier 2 Scope 1 ESTIMATE (LSEG median-model style), NOT a disclosure -- see pipeline/tier2_estimation/estimate_tier2.py. Peer group: sector = 'Communication Services' (6 Tier 1 peers with a real Scope 1 value, floor=5). Revenue-based: median peer Scope 1 tCO2e/$ revenue (6.73153e-07) x this company's revenue ($9,027,999,744) = 6,077 tCO2e. Employee-based: median peer Scope 1 tCO2e/employee (1.09064) x this company's employee count (21,700) = 23,667 tCO2e. Final estimate is the average of the available method(s): 14,872 tCO2e.",64122.3,median_model_revenue+employees,sector:Communication Services,6,"Tier 2 Scope 2 ESTIMATE (LSEG median-model style), NOT a disclosure -- see pipeline/tier2_estimation/estimate_tier2.py. Peer group: sector = 'Communication Services' (6 Tier 1 peers with a real Scope 2 value, floor=5). Revenue-based: median peer Scope 2 tCO2e/$ revenue (5.2889e-06) x this company's revenue ($9,027,999,744) = 47,748 tCO2e. Employee-based: median peer Scope 2 tCO2e/employee (3.70951) x this company's employee count (21,700) = 80,496 tCO2e. Final estimate is the average of the available method(s): 64,122 tCO2e."
NDSN,15961.8,median_model_revenue+employees,sub_industry:Industrial Machinery & Supplies & Components,6,"Tier 2 Scope 1 ESTIMATE (LSEG median-model style), NOT a disclosure -- see pipeline/tier2_estimation/estimate_tier2.py. Peer group: sub_industry = 'Industrial Machinery & Supplies & Components' (6 Tier 1 peers with a real Scope 1 value, floor=5). Revenue-based: median peer Scope 1 tCO2e/$ revenue (5.37521e-06) x this company's revenue ($2,979,794,944) = 16,017 tCO2e. Employee-based: median peer Scope 1 tCO2e/employee (1.93983) x this company's employee count (8,200) = 15,907 tCO2e. Final estimate is the average of the available method(s): 15,962 tCO2e.",39033.5,median_model_revenue+employees,sub_industry:Industrial Machinery & Supplies & Components,5,"Tier 2 Scope 2 ESTIMATE (LSEG median-model style), NOT a disclosure -- see pipeline/tier2_estimation/estimate_tier2.py. Peer group: sub_industry = 'Industrial Machinery & Supplies & Components' (5 Tier 1 peers with a real Scope 2 value, floor=5). Revenue-based: median peer Scope 2 tCO2e/$ revenue (1.36744e-05) x this company's revenue ($2,979,794,944) = 40,747 tCO2e. Employee-based: median peer Scope 2 tCO2e/employee (4.55123) x this company's employee count (8,200) = 37,320 tCO2e. Final estimate is the average of the available method(s): 39,033 tCO2e."
NTRS,6120.6,median_model_revenue+employees,sector:Financials,21,"Tier 2 Scope 1 ESTIMATE (LSEG median-model style), NOT a disclosure -- see pipeline/tier2_estimation/estimate_tier2.py. Peer group: sector = 'Financials' (21 Tier 1 peers with a real Scope 1 value, floor=5). Revenue-based: median peer Scope 1 tCO2e/$ revenue (5.36817e-07) x this company's revenue ($9,085,500,416) = 4,877 tCO2e. Employee-based: median peer Scope 1 tCO2e/employee (0.312029) x this company's employee count (23,600) = 7,364 tCO2e. Final estimate is the average of the available method(s): 6,121 tCO2e.",3953.2,median_model_revenue+employees,sector:Financials,17,"Tier 2 Scope 2 ESTIMATE (LSEG median-model style), NOT a disclosure -- see pipeline/tier2_estimation/estimate_tier2.py. Peer group: sector = 'Financials' (17 Tier 1 peers with a real Scope 2 value, floor=5). Revenue-based: median peer Scope 2 tCO2e/$ revenue (1.98278e-07) x this company's revenue ($9,085,500,416) = 1,801 tCO2e. Employee-based: median peer Scope 2 tCO2e/employee (0.25868) x this company's employee count (23,600) = 6,105 tCO2e. Final estimate is the average of the available method(s): 3,953 tCO2e."
NCLH,46887.6,median_model_revenue+employees,sector:Consumer Discretionary,21,"Tier 2 Scope 1 ESTIMATE (LSEG median-model style), NOT a disclosure -- see pipeline/tier2_estimation/estimate_tier2.py. Peer group: sector = 'Consumer Discretionary' (21 Tier 1 peers with a real Scope 1 value, floor=5). Revenue-based: median peer Scope 1 tCO2e/$ revenue (3.71647e-06) x this company's revenue ($10,154,306,560) = 37,738 tCO2e. Employee-based: median peer Scope 1 tCO2e/employee (1.25926) x this company's employee count (44,500) = 56,037 tCO2e. Final estimate is the average of the available method(s): 46,888 tCO2e.",73602.2,median_model_revenue+employees,sector:Consumer Discretionary,18,"Tier 2 Scope 2 ESTIMATE (LSEG median-model style), NOT a disclosure -- see pipeline/tier2_estimation/estimate_tier2.py. Peer group: sector = 'Consumer Discretionary' (18 Tier 1 peers with a real Scope 2 value, floor=5). Revenue-based: median peer Scope 2 tCO2e/$ revenue (6.64506e-06) x this company's revenue ($10,154,306,560) = 67,476 tCO2e. Employee-based: median peer Scope 2 tCO2e/employee (1.79165) x this company's employee count (44,500) = 79,728 tCO2e. Final estimate is the average of the available method(s): 73,602 tCO2e."
NVR,21864.0,median_model_revenue+employees,sector:Consumer Discretionary,21,"Tier 2 Scope 1 ESTIMATE (LSEG median-model style), NOT a disclosure -- see pipeline/tier2_estimation/estimate_tier2.py. Peer group: sector = 'Consumer Discretionary' (21 Tier 1 peers with a real Scope 1 value, floor=5). Revenue-based: median peer Scope 1 tCO2e/$ revenue (3.71647e-06) x this company's revenue ($9,631,335,424) = 35,795 tCO2e. Employee-based: median peer Scope 1 tCO2e/employee (1.25926) x this company's employee count (6,300) = 7,933 tCO2e. Final estimate is the average of the available method(s): 21,864 tCO2e.",37644.1,median_model_revenue+employees,sector:Consumer Discretionary,18,"Tier 2 Scope 2 ESTIMATE (LSEG median-model style), NOT a disclosure -- see pipeline/tier2_estimation/estimate_tier2.py. Peer group: sector = 'Consumer Discretionary' (18 Tier 1 peers with a real Scope 2 value, floor=5). Revenue-based: median peer Scope 2 tCO2e/$ revenue (6.64506e-06) x this company's revenue ($9,631,335,424) = 64,001 tCO2e. Employee-based: median peer Scope 2 tCO2e/employee (1.79165) x this company's employee count (6,300) = 11,287 tCO2e. Final estimate is the average of the available method(s): 37,644 tCO2e."
NXPI,37961.1,median_model_revenue+employees,sub_industry:Semiconductors,13,"Tier 2 Scope 1 ESTIMATE (LSEG median-model style), NOT a disclosure -- see pipeline/tier2_estimation/estimate_tier2.py. Peer group: sub_industry = 'Semiconductors' (13 Tier 1 peers with a real Scope 1 value, floor=5). Revenue-based: median peer Scope 1 tCO2e/$ revenue (2.16397e-06) x this company's revenue ($13,185,000,448) = 28,532 tCO2e. Employee-based: median peer Scope 1 tCO2e/employee (1.47316) x this company's employee count (32,169) = 47,390 tCO2e. Final estimate is the average of the available method(s): 37,961 tCO2e.",63232.6,median_model_revenue+employees,sub_industry:Semiconductors,5,"Tier 2 Scope 2 ESTIMATE (LSEG median-model style), NOT a disclosure -- see pipeline/tier2_estimation/estimate_tier2.py. Peer group: sub_industry = 'Semiconductors' (5 Tier 1 peers with a real Scope 2 value, floor=5). Revenue-based: median peer Scope 2 tCO2e/$ revenue (2.34945e-06) x this company's revenue ($13,185,000,448) = 30,977 tCO2e. Employee-based: median peer Scope 2 tCO2e/employee (2.96832) x this company's employee count (32,169) = 95,488 tCO2e. Final estimate is the average of the available method(s): 63,233 tCO2e."
ORLY,94844.6,median_model_revenue+employees,sector:Consumer Discretionary,21,"Tier 2 Scope 1 ESTIMATE (LSEG median-model style), NOT a disclosure -- see pipeline/tier2_estimation/estimate_tier2.py. Peer group: sector = 'Consumer Discretionary' (21 Tier 1 peers with a real Scope 1 value, floor=5). Revenue-based: median peer Scope 1 tCO2e/$ revenue (3.71647e-06) x this company's revenue ($18,572,562,432) = 69,024 tCO2e. Employee-based: median peer Scope 1 tCO2e/employee (1.25926) x this company's employee count (95,822) = 120,665 tCO2e. Final estimate is the average of the available method(s): 94,845 tCO2e.",147547.7,median_model_revenue+employees,sector:Consumer Discretionary,18,"Tier 2 Scope 2 ESTIMATE (LSEG median-model style), NOT a disclosure -- see pipeline/tier2_estimation/estimate_tier2.py. Peer group: sector = 'Consumer Discretionary' (18 Tier 1 peers with a real Scope 2 value, floor=5). Revenue-based: median peer Scope 2 tCO2e/$ revenue (6.64506e-06) x this company's revenue ($18,572,562,432) = 123,416 tCO2e. Employee-based: median peer Scope 2 tCO2e/employee (1.79165) x this company's employee count (95,822) = 171,680 tCO2e. Final estimate is the average of the available method(s): 147,548 tCO2e."
ODFL,60806.3,median_model_revenue+employees,sector:Industrials,40,"Tier 2 Scope 1 ESTIMATE (LSEG median-model style), NOT a disclosure -- see pipeline/tier2_estimation/estimate_tier2.py. Peer group: sector = 'Industrials' (40 Tier 1 peers with a real Scope 1 value, floor=5). Revenue-based: median peer Scope 1 tCO2e/$ revenue (6.94524e-06) x this company's revenue ($5,602,506,752) = 38,911 tCO2e. Employee-based: median peer Scope 1 tCO2e/employee (4.09963) x this company's employee count (20,173) = 82,702 tCO2e. Final estimate is the average of the available method(s): 60,806 tCO2e.",61988.8,median_model_revenue+employees,sector:Industrials,28,"Tier 2 Scope 2 ESTIMATE (LSEG median-model style), NOT a disclosure -- see pipeline/tier2_estimation/estimate_tier2.py. Peer group: sector = 'Industrials' (28 Tier 1 peers with a real Scope 2 value, floor=5). Revenue-based: median peer Scope 2 tCO2e/$ revenue (9.89188e-06) x this company's revenue ($5,602,506,752) = 55,419 tCO2e. Employee-based: median peer Scope 2 tCO2e/employee (3.39852) x this company's employee count (20,173) = 68,558 tCO2e. Final estimate is the average of the available method(s): 61,989 tCO2e."
OMC,72967.8,median_model_revenue+employees,sector:Communication Services,6,"Tier 2 Scope 1 ESTIMATE (LSEG median-model style), NOT a disclosure -- see pipeline/tier2_estimation/estimate_tier2.py. Peer group: sector = 'Communication Services' (6 Tier 1 peers with a real Scope 1 value, floor=5). Revenue-based: median peer Scope 1 tCO2e/$ revenue (6.73153e-07) x this company's revenue ($22,371,299,328) = 15,059 tCO2e. Employee-based: median peer Scope 1 tCO2e/employee (1.09064) x this company's employee count (120,000) = 130,876 tCO2e. Final estimate is the average of the available method(s): 72,968 tCO2e.",281730.6,median_model_revenue+employees,sector:Communication Services,6,"Tier 2 Scope 2 ESTIMATE (LSEG median-model style), NOT a disclosure -- see pipeline/tier2_estimation/estimate_tier2.py. Peer group: sector = 'Communication Services' (6 Tier 1 peers with a real Scope 2 value, floor=5). Revenue-based: median peer Scope 2 tCO2e/$ revenue (5.2889e-06) x this company's revenue ($22,371,299,328) = 118,320 tCO2e. Employee-based: median peer Scope 2 tCO2e/employee (3.70951) x this company's employee count (120,000) = 445,142 tCO2e. Final estimate is the average of the available method(s): 281,731 tCO2e."
ON,23352.7,median_model_revenue+employees,sub_industry:Semiconductors,13,"Tier 2 Scope 1 ESTIMATE (LSEG median-model style), NOT a disclosure -- see pipeline/tier2_estimation/estimate_tier2.py. Peer group: sub_industry = 'Semiconductors' (13 Tier 1 peers with a real Scope 1 value, floor=5). Revenue-based: median peer Scope 1 tCO2e/$ revenue (2.16397e-06) x this company's revenue ($6,197,799,936) = 13,412 tCO2e. Employee-based: median peer Scope 1 tCO2e/employee (1.47316) x this company's employee count (22,600) = 33,294 tCO2e. Final estimate is the average of the available method(s): 23,353 tCO2e.",40822.7,median_model_revenue+employees,sub_industry:Semiconductors,5,"Tier 2 Scope 2 ESTIMATE (LSEG median-model style), NOT a disclosure -- see pipeline/tier2_estimation/estimate_tier2.py. Peer group: sub_industry = 'Semiconductors' (5 Tier 1 peers with a real Scope 2 value, floor=5). Revenue-based: median peer Scope 2 tCO2e/$ revenue (2.34945e-06) x this company's revenue ($6,197,799,936) = 14,561 tCO2e. Employee-based: median peer Scope 2 tCO2e/employee (2.96832) x this company's employee count (22,600) = 67,084 tCO2e. Final estimate is the average of the available method(s): 40,823 tCO2e."
OTIS,109908.7,median_model_revenue+employees,sub_industry:Industrial Machinery & Supplies & Components,6,"Tier 2 Scope 1 ESTIMATE (LSEG median-model style), NOT a disclosure -- see pipeline/tier2_estimation/estimate_tier2.py. Peer group: sub_industry = 'Industrial Machinery & Supplies & Components' (6 Tier 1 peers with a real Scope 1 value, floor=5). Revenue-based: median peer Scope 1 tCO2e/$ revenue (5.37521e-06) x this company's revenue ($14,910,999,552) = 80,150 tCO2e. Employee-based: median peer Scope 1 tCO2e/employee (1.93983) x this company's employee count (72,000) = 139,668 tCO2e. Final estimate is the average of the available method(s): 109,909 tCO2e.",265793.6,median_model_revenue+employees,sub_industry:Industrial Machinery & Supplies & Components,5,"Tier 2 Scope 2 ESTIMATE (LSEG median-model style), NOT a disclosure -- see pipeline/tier2_estimation/estimate_tier2.py. Peer group: sub_industry = 'Industrial Machinery & Supplies & Components' (5 Tier 1 peers with a real Scope 2 value, floor=5). Revenue-based: median peer Scope 2 tCO2e/$ revenue (1.36744e-05) x this company's revenue ($14,910,999,552) = 203,899 tCO2e. Employee-based: median peer Scope 2 tCO2e/employee (4.55123) x this company's employee count (72,000) = 327,689 tCO2e. Final estimate is the average of the available method(s): 265,794 tCO2e."
PKG,2227500.3,median_model_revenue+employees,sector:Materials,19,"Tier 2 Scope 1 ESTIMATE (LSEG median-model style), NOT a disclosure -- see pipeline/tier2_estimation/estimate_tier2.py. Peer group: sector = 'Materials' (19 Tier 1 peers with a real Scope 1 value, floor=5). Revenue-based: median peer Scope 1 tCO2e/$ revenue (0.000159601) x this company's revenue ($9,534,600,192) = 1,521,736 tCO2e. Employee-based: median peer Scope 1 tCO2e/employee (174.599) x this company's employee count (16,800) = 2,933,265 tCO2e. Final estimate is the average of the available method(s): 2,227,500 tCO2e.",1243949.4,median_model_revenue+employees,sector:Materials,9,"Tier 2 Scope 2 ESTIMATE (LSEG median-model style), NOT a disclosure -- see pipeline/tier2_estimation/estimate_tier2.py. Peer group: sector = 'Materials' (9 Tier 1 peers with a real Scope 2 value, floor=5). Revenue-based: median peer Scope 2 tCO2e/$ revenue (0.000101463) x this company's revenue ($9,534,600,192) = 967,411 tCO2e. Employee-based: median peer Scope 2 tCO2e/employee (90.5052) x this company's employee count (16,800) = 1,520,487 tCO2e. Final estimate is the average of the available method(s): 1,243,949 tCO2e."
PLTR,1208.8,median_model_revenue+employees,sub_industry:Application Software,7,"Tier 2 Scope 1 ESTIMATE (LSEG median-model style), NOT a disclosure -- see pipeline/tier2_estimation/estimate_tier2.py. Peer group: sub_industry = 'Application Software' (7 Tier 1 peers with a real Scope 1 value, floor=5). Revenue-based: median peer Scope 1 tCO2e/$ revenue (2.60656e-07) x this company's revenue ($6,155,940,864) = 1,605 tCO2e. Employee-based: median peer Scope 1 tCO2e/employee (0.18472) x this company's employee count (4,401) = 813 tCO2e. Final estimate is the average of the available method(s): 1,209 tCO2e.",4411.1,median_model_revenue+employees,sub_industry:Application Software,7,"Tier 2 Scope 2 ESTIMATE (LSEG median-model style), NOT a disclosure -- see pipeline/tier2_estimation/estimate_tier2.py. Peer group: sub_industry = 'Application Software' (7 Tier 1 peers with a real Scope 2 value, floor=5). Revenue-based: median peer Scope 2 tCO2e/$ revenue (9.10231e-07) x this company's revenue ($6,155,940,864) = 5,603 tCO2e. Employee-based: median peer Scope 2 tCO2e/employee (0.731378) x this company's employee count (4,401) = 3,219 tCO2e. Final estimate is the average of the available method(s): 4,411 tCO2e."
PSKY,19395.3,median_model_revenue+employees,sector:Communication Services,6,"Tier 2 Scope 1 ESTIMATE (LSEG median-model style), NOT a disclosure -- see pipeline/tier2_estimation/estimate_tier2.py. Peer group: sector = 'Communication Services' (6 Tier 1 peers with a real Scope 1 value, floor=5). Revenue-based: median peer Scope 1 tCO2e/$ revenue (6.73153e-07) x this company's revenue ($29,109,999,616) = 19,595 tCO2e. Employee-based: median peer Scope 1 tCO2e/employee (1.09064) x this company's employee count (17,600) = 19,195 tCO2e. Final estimate is the average of the available method(s): 19,395 tCO2e.",109623.7,median_model_revenue+employees,sector:Communication Services,6,"Tier 2 Scope 2 ESTIMATE (LSEG median-model style), NOT a disclosure -- see pipeline/tier2_estimation/estimate_tier2.py. Peer group: sector = 'Communication Services' (6 Tier 1 peers with a real Scope 2 value, floor=5). Revenue-based: median peer Scope 2 tCO2e/$ revenue (5.2889e-06) x this company's revenue ($29,109,999,616) = 153,960 tCO2e. Employee-based: median peer Scope 2 tCO2e/employee (3.70951) x this company's employee count (17,600) = 65,287 tCO2e. Final estimate is the average of the available method(s): 109,624 tCO2e."
PAYX,49856.1,median_model_revenue+employees,sector:Industrials,40,"Tier 2 Scope 1 ESTIMATE (LSEG median-model style), NOT a disclosure -- see pipeline/tier2_estimation/estimate_tier2.py. Peer group: sector = 'Industrials' (40 Tier 1 peers with a real Scope 1 value, floor=5). Revenue-based: median peer Scope 1 tCO2e/$ revenue (6.94524e-06) x this company's revenue ($3,968,000,000) = 27,559 tCO2e. Employee-based: median peer Scope 1 tCO2e/employee (4.09963) x this company's employee count (17,600) = 72,154 tCO2e. Final estimate is the average of the available method(s): 49,856 tCO2e.",,,,,
PYPL,12873.4,median_model_revenue+employees,sector:Financials,21,"Tier 2 Scope 1 ESTIMATE (LSEG median-model style), NOT a disclosure -- see pipeline/tier2_estimation/estimate_tier2.py. Peer group: sector = 'Financials' (21 Tier 1 peers with a real Scope 1 value, floor=5). Revenue-based: median peer Scope 1 tCO2e/$ revenue (5.36817e-07) x this company's revenue ($34,127,998,976) = 18,320 tCO2e. Employee-based: median peer Scope 1 tCO2e/employee (0.312029) x this company's employee count (23,800) = 7,426 tCO2e. Final estimate is the average of the available method(s): 12,873 tCO2e.",,,,,
PNR,19511.4,median_model_revenue+employees,sub_industry:Industrial Machinery & Supplies & Components,6,"Tier 2 Scope 1 ESTIMATE (LSEG median-model style), NOT a disclosure -- see pipeline/tier2_estimation/estimate_tier2.py. Peer group: sub_industry = 'Industrial Machinery & Supplies & Components' (6 Tier 1 peers with a real Scope 1 value, floor=5). Revenue-based: median peer Scope 1 tCO2e/$ revenue (5.37521e-06) x this company's revenue ($4,011,800,064) = 21,564 tCO2e. Employee-based: median peer Scope 1 tCO2e/employee (1.93983) x this company's employee count (9,000) = 17,458 tCO2e. Final estimate is the average of the available method(s): 19,511 tCO2e.",47910.0,median_model_revenue+employees,sub_industry:Industrial Machinery & Supplies & Components,5,"Tier 2 Scope 2 ESTIMATE (LSEG median-model style), NOT a disclosure -- see pipeline/tier2_estimation/estimate_tier2.py. Peer group: sub_industry = 'Industrial Machinery & Supplies & Components' (5 Tier 1 peers with a real Scope 2 value, floor=5). Revenue-based: median peer Scope 2 tCO2e/$ revenue (1.36744e-05) x this company's revenue ($4,011,800,064) = 54,859 tCO2e. Employee-based: median peer Scope 2 tCO2e/employee (4.55123) x this company's employee count (9,000) = 40,961 tCO2e. Final estimate is the average of the available method(s): 47,910 tCO2e."
PEP,,,,,,509714.5,median_model_revenue+employees,sector:Consumer Staples,16,"Tier 2 Scope 2 ESTIMATE (LSEG median-model style), NOT a disclosure -- see pipeline/tier2_estimation/estimate_tier2.py. Peer group: sector = 'Consumer Staples' (16 Tier 1 peers with a real Scope 2 value, floor=5). Revenue-based: median peer Scope 2 tCO2e/$ revenue (2.81277e-06) x this company's revenue ($96,904,003,584) = 272,569 tCO2e. Employee-based: median peer Scope 2 tCO2e/employee (2.44072) x this company's employee count (306,000) = 746,861 tCO2e. Final estimate is the average of the available method(s): 509,715 tCO2e."
PFE,,,,,,175298.6,median_model_revenue+employees,sector:Health Care,18,"Tier 2 Scope 2 ESTIMATE (LSEG median-model style), NOT a disclosure -- see pipeline/tier2_estimation/estimate_tier2.py. Peer group: sector = 'Health Care' (18 Tier 1 peers with a real Scope 2 value, floor=5). Revenue-based: median peer Scope 2 tCO2e/$ revenue (3.19915e-06) x this company's revenue ($63,695,998,976) = 203,773 tCO2e. Employee-based: median peer Scope 2 tCO2e/employee (1.95766) x this company's employee count (75,000) = 146,824 tCO2e. Final estimate is the average of the available method(s): 175,299 tCO2e."
PCG,,,,,,325301.4,median_model_revenue+employees,sector:Utilities,10,"Tier 2 Scope 2 ESTIMATE (LSEG median-model style), NOT a disclosure -- see pipeline/tier2_estimation/estimate_tier2.py. Peer group: sector = 'Utilities' (10 Tier 1 peers with a real Scope 2 value, floor=5). Revenue-based: median peer Scope 2 tCO2e/$ revenue (9.6601e-06) x this company's revenue ($25,837,000,704) = 249,588 tCO2e. Employee-based: median peer Scope 2 tCO2e/employee (13.8233) x this company's employee count (29,010) = 401,015 tCO2e. Final estimate is the average of the available method(s): 325,301 tCO2e."
PSX,,,,,,2198437.2,median_model_revenue+employees,sector:Energy,6,"Tier 2 Scope 2 ESTIMATE (LSEG median-model style), NOT a disclosure -- see pipeline/tier2_estimation/estimate_tier2.py. Peer group: sector = 'Energy' (6 Tier 1 peers with a real Scope 2 value, floor=5). Revenue-based: median peer Scope 2 tCO2e/$ revenue (1.7615e-05) x this company's revenue ($152,167,006,208) = 2,680,423 tCO2e. Employee-based: median peer Scope 2 tCO2e/employee (136.226) x this company's employee count (12,600) = 1,716,452 tCO2e. Final estimate is the average of the available method(s): 2,198,437 tCO2e."
PNW,,,,,,72513.4,median_model_revenue+employees,sector:Utilities,10,"Tier 2 Scope 2 ESTIMATE (LSEG median-model style), NOT a disclosure -- see pipeline/tier2_estimation/estimate_tier2.py. Peer group: sector = 'Utilities' (10 Tier 1 peers with a real Scope 2 value, floor=5). Revenue-based: median peer Scope 2 tCO2e/$ revenue (9.6601e-06) x this company's revenue ($5,554,253,824) = 53,655 tCO2e. Employee-based: median peer Scope 2 tCO2e/employee (13.8233) x this company's employee count (6,610) = 91,372 tCO2e. Final estimate is the average of the available method(s): 72,513 tCO2e."
PNC,15218.1,median_model_revenue+employees,sector:Financials,21,"Tier 2 Scope 1 ESTIMATE (LSEG median-model style), NOT a disclosure -- see pipeline/tier2_estimation/estimate_tier2.py. Peer group: sector = 'Financials' (21 Tier 1 peers with a real Scope 1 value, floor=5). Revenue-based: median peer Scope 1 tCO2e/$ revenue (5.36817e-07) x this company's revenue ($24,319,000,576) = 13,055 tCO2e. Employee-based: median peer Scope 1 tCO2e/employee (0.312029) x this company's employee count (55,704) = 17,381 tCO2e. Final estimate is the average of the available method(s): 15,218 tCO2e.",9615.7,median_model_revenue+employees,sector:Financials,17,"Tier 2 Scope 2 ESTIMATE (LSEG median-model style), NOT a disclosure -- see pipeline/tier2_estimation/estimate_tier2.py. Peer group: sector = 'Financials' (17 Tier 1 peers with a real Scope 2 value, floor=5). Revenue-based: median peer Scope 2 tCO2e/$ revenue (1.98278e-07) x this company's revenue ($24,319,000,576) = 4,822 tCO2e. Employee-based: median peer Scope 2 tCO2e/employee (0.25868) x this company's employee count (55,704) = 14,410 tCO2e. Final estimate is the average of the available method(s): 9,616 tCO2e."
PPG,,,,,,2801552.2,median_model_revenue+employees,sector:Materials,9,"Tier 2 Scope 2 ESTIMATE (LSEG median-model style), NOT a disclosure -- see pipeline/tier2_estimation/estimate_tier2.py. Peer group: sector = 'Materials' (9 Tier 1 peers with a real Scope 2 value, floor=5). Revenue-based: median peer Scope 2 tCO2e/$ revenue (0.000101463) x this company's revenue ($16,421,000,192) = 1,666,128 tCO2e. Employee-based: median peer Scope 2 tCO2e/employee (90.5052) x this company's employee count (43,500) = 3,936,976 tCO2e. Final estimate is the average of the available method(s): 2,801,552 tCO2e."
PPL,,,,,,90636.6,median_model_revenue+employees,sector:Utilities,10,"Tier 2 Scope 2 ESTIMATE (LSEG median-model style), NOT a disclosure -- see pipeline/tier2_estimation/estimate_tier2.py. Peer group: sector = 'Utilities' (10 Tier 1 peers with a real Scope 2 value, floor=5). Revenue-based: median peer Scope 2 tCO2e/$ revenue (9.6601e-06) x this company's revenue ($9,397,999,616) = 90,786 tCO2e. Employee-based: median peer Scope 2 tCO2e/employee (13.8233) x this company's employee count (6,546) = 90,488 tCO2e. Final estimate is the average of the available method(s): 90,637 tCO2e."
PFG,7285.7,median_model_revenue+employees,sector:Financials,21,"Tier 2 Scope 1 ESTIMATE (LSEG median-model style), NOT a disclosure -- see pipeline/tier2_estimation/estimate_tier2.py. Peer group: sector = 'Financials' (21 Tier 1 peers with a real Scope 1 value, floor=5). Revenue-based: median peer Scope 1 tCO2e/$ revenue (5.36817e-07) x this company's revenue ($15,693,200,384) = 8,424 tCO2e. Employee-based: median peer Scope 1 tCO2e/employee (0.312029) x this company's employee count (19,700) = 6,147 tCO2e. Final estimate is the average of the available method(s): 7,286 tCO2e.",4103.8,median_model_revenue+employees,sector:Financials,17,"Tier 2 Scope 2 ESTIMATE (LSEG median-model style), NOT a disclosure -- see pipeline/tier2_estimation/estimate_tier2.py. Peer group: sector = 'Financials' (17 Tier 1 peers with a real Scope 2 value, floor=5). Revenue-based: median peer Scope 2 tCO2e/$ revenue (1.98278e-07) x this company's revenue ($15,693,200,384) = 3,112 tCO2e. Employee-based: median peer Scope 2 tCO2e/employee (0.25868) x this company's employee count (19,700) = 5,096 tCO2e. Final estimate is the average of the available method(s): 4,104 tCO2e."
PG,,,,,,249317.9,median_model_revenue+employees,sector:Consumer Staples,16,"Tier 2 Scope 2 ESTIMATE (LSEG median-model style), NOT a disclosure -- see pipeline/tier2_estimation/estimate_tier2.py. Peer group: sector = 'Consumer Staples' (16 Tier 1 peers with a real Scope 2 value, floor=5). Revenue-based: median peer Scope 2 tCO2e/$ revenue (2.81277e-06) x this company's revenue ($87,031,996,416) = 244,801 tCO2e. Employee-based: median peer Scope 2 tCO2e/employee (2.44072) x this company's employee count (104,000) = 253,835 tCO2e. Final estimate is the average of the available method(s): 249,318 tCO2e."
PGR,35359.5,median_model_revenue+employees,sector:Financials,21,"Tier 2 Scope 1 ESTIMATE (LSEG median-model style), NOT a disclosure -- see pipeline/tier2_estimation/estimate_tier2.py. Peer group: sector = 'Financials' (21 Tier 1 peers with a real Scope 1 value, floor=5). Revenue-based: median peer Scope 1 tCO2e/$ revenue (5.36817e-07) x this company's revenue ($91,019,001,856) = 48,861 tCO2e. Employee-based: median peer Scope 1 tCO2e/employee (0.312029) x this company's employee count (70,053) = 21,859 tCO2e. Final estimate is the average of the available method(s): 35,360 tCO2e.",18084.2,median_model_revenue+employees,sector:Financials,17,"Tier 2 Scope 2 ESTIMATE (LSEG median-model style), NOT a disclosure -- see pipeline/tier2_estimation/estimate_tier2.py. Peer group: sector = 'Financials' (17 Tier 1 peers with a real Scope 2 value, floor=5). Revenue-based: median peer Scope 2 tCO2e/$ revenue (1.98278e-07) x this company's revenue ($91,019,001,856) = 18,047 tCO2e. Employee-based: median peer Scope 2 tCO2e/employee (0.25868) x this company's employee count (70,053) = 18,121 tCO2e. Final estimate is the average of the available method(s): 18,084 tCO2e."
PRU,23217.9,median_model_revenue+employees,sector:Financials,21,"Tier 2 Scope 1 ESTIMATE (LSEG median-model style), NOT a disclosure -- see pipeline/tier2_estimation/estimate_tier2.py. Peer group: sector = 'Financials' (21 Tier 1 peers with a real Scope 1 value, floor=5). Revenue-based: median peer Scope 1 tCO2e/$ revenue (5.36817e-07) x this company's revenue ($65,223,999,488) = 35,013 tCO2e. Employee-based: median peer Scope 1 tCO2e/employee (0.312029) x this company's employee count (36,607) = 11,422 tCO2e. Final estimate is the average of the available method(s): 23,218 tCO2e.",11201.0,median_model_revenue+employees,sector:Financials,17,"Tier 2 Scope 2 ESTIMATE (LSEG median-model style), NOT a disclosure -- see pipeline/tier2_estimation/estimate_tier2.py. Peer group: sector = 'Financials' (17 Tier 1 peers with a real Scope 2 value, floor=5). Revenue-based: median peer Scope 2 tCO2e/$ revenue (1.98278e-07) x this company's revenue ($65,223,999,488) = 12,932 tCO2e. Employee-based: median peer Scope 2 tCO2e/employee (0.25868) x this company's employee count (36,607) = 9,470 tCO2e. Final estimate is the average of the available method(s): 11,201 tCO2e."
PEG,,,,,,151741.3,median_model_revenue+employees,sector:Utilities,10,"Tier 2 Scope 2 ESTIMATE (LSEG median-model style), NOT a disclosure -- see pipeline/tier2_estimation/estimate_tier2.py. Peer group: sector = 'Utilities' (10 Tier 1 peers with a real Scope 2 value, floor=5). Revenue-based: median peer Scope 2 tCO2e/$ revenue (9.6601e-06) x this company's revenue ($12,542,999,552) = 121,167 tCO2e. Employee-based: median peer Scope 2 tCO2e/employee (13.8233) x this company's employee count (13,189) = 182,316 tCO2e. Final estimate is the average of the available method(s): 151,741 tCO2e."
PTC,1031.5,median_model_revenue+employees,sub_industry:Application Software,7,"Tier 2 Scope 1 ESTIMATE (LSEG median-model style), NOT a disclosure -- see pipeline/tier2_estimation/estimate_tier2.py. Peer group: sub_industry = 'Application Software' (7 Tier 1 peers with a real Scope 1 value, floor=5). Revenue-based: median peer Scope 1 tCO2e/$ revenue (2.60656e-07) x this company's revenue ($2,953,971,968) = 770 tCO2e. Employee-based: median peer Scope 1 tCO2e/employee (0.18472) x this company's employee count (7,000) = 1,293 tCO2e. Final estimate is the average of the available method(s): 1,032 tCO2e.",3904.2,median_model_revenue+employees,sub_industry:Application Software,7,"Tier 2 Scope 2 ESTIMATE (LSEG median-model style), NOT a disclosure -- see pipeline/tier2_estimation/estimate_tier2.py. Peer group: sub_industry = 'Application Software' (7 Tier 1 peers with a real Scope 2 value, floor=5). Revenue-based: median peer Scope 2 tCO2e/$ revenue (9.10231e-07) x this company's revenue ($2,953,971,968) = 2,689 tCO2e. Employee-based: median peer Scope 2 tCO2e/employee (0.731378) x this company's employee count (7,000) = 5,120 tCO2e. Final estimate is the average of the available method(s): 3,904 tCO2e."
PSA,25980.4,median_model_revenue+employees,sector:Real Estate,8,"Tier 2 Scope 1 ESTIMATE (LSEG median-model style), NOT a disclosure -- see pipeline/tier2_estimation/estimate_tier2.py. Peer group: sector = 'Real Estate' (8 Tier 1 peers with a real Scope 1 value, floor=5). Revenue-based: median peer Scope 1 tCO2e/$ revenue (5.49255e-06) x this company's revenue ($4,910,444,032) = 26,971 tCO2e. Employee-based: median peer Scope 1 tCO2e/employee (4.331) x this company's employee count (5,770) = 24,990 tCO2e. Final estimate is the average of the available method(s): 25,980 tCO2e.",619296.3,median_model_revenue+employees,sector:Real Estate,7,"Tier 2 Scope 2 ESTIMATE (LSEG median-model style), NOT a disclosure -- see pipeline/tier2_estimation/estimate_tier2.py. Peer group: sector = 'Real Estate' (7 Tier 1 peers with a real Scope 2 value, floor=5). Revenue-based: median peer Scope 2 tCO2e/$ revenue (7.54576e-06) x this company's revenue ($4,910,444,032) = 37,053 tCO2e. Employee-based: median peer Scope 2 tCO2e/employee (208.239) x this company's employee count (5,770) = 1,201,540 tCO2e. Final estimate is the average of the available method(s): 619,296 tCO2e."
PHM,34584.6,median_model_revenue+employees,sector:Consumer Discretionary,21,"Tier 2 Scope 1 ESTIMATE (LSEG median-model style), NOT a disclosure -- see pipeline/tier2_estimation/estimate_tier2.py. Peer group: sector = 'Consumer Discretionary' (21 Tier 1 peers with a real Scope 1 value, floor=5). Revenue-based: median peer Scope 1 tCO2e/$ revenue (3.71647e-06) x this company's revenue ($16,407,075,840) = 60,976 tCO2e. Employee-based: median peer Scope 1 tCO2e/employee (1.25926) x this company's employee count (6,506) = 8,193 tCO2e. Final estimate is the average of the available method(s): 34,585 tCO2e.",60341.3,median_model_revenue+employees,sector:Consumer Discretionary,18,"Tier 2 Scope 2 ESTIMATE (LSEG median-model style), NOT a disclosure -- see pipeline/tier2_estimation/estimate_tier2.py. Peer group: sector = 'Consumer Discretionary' (18 Tier 1 peers with a real Scope 2 value, floor=5). Revenue-based: median peer Scope 2 tCO2e/$ revenue (6.64506e-06) x this company's revenue ($16,407,075,840) = 109,026 tCO2e. Employee-based: median peer Scope 2 tCO2e/employee (1.79165) x this company's employee count (6,506) = 11,656 tCO2e. Final estimate is the average of the available method(s): 60,341 tCO2e."
PWR,256729.2,median_model_revenue+employees,sector:Industrials,40,"Tier 2 Scope 1 ESTIMATE (LSEG median-model style), NOT a disclosure -- see pipeline/tier2_estimation/estimate_tier2.py. Peer group: sector = 'Industrials' (40 Tier 1 peers with a real Scope 1 value, floor=5). Revenue-based: median peer Scope 1 tCO2e/$ revenue (6.94524e-06) x this company's revenue ($32,905,140,224) = 228,534 tCO2e. Employee-based: median peer Scope 1 tCO2e/employee (4.09963) x this company's employee count (69,500) = 284,924 tCO2e. Final estimate is the average of the available method(s): 256,729 tCO2e.",280845.3,median_model_revenue+employees,sector:Industrials,28,"Tier 2 Scope 2 ESTIMATE (LSEG median-model style), NOT a disclosure -- see pipeline/tier2_estimation/estimate_tier2.py. Peer group: sector = 'Industrials' (28 Tier 1 peers with a real Scope 2 value, floor=5). Revenue-based: median peer Scope 2 tCO2e/$ revenue (9.89188e-06) x this company's revenue ($32,905,140,224) = 325,494 tCO2e. Employee-based: median peer Scope 2 tCO2e/employee (3.39852) x this company's employee count (69,500) = 236,197 tCO2e. Final estimate is the average of the available method(s): 280,845 tCO2e."
QCOM,,,,,,128945.1,median_model_revenue+employees,sub_industry:Semiconductors,5,"Tier 2 Scope 2 ESTIMATE (LSEG median-model style), NOT a disclosure -- see pipeline/tier2_estimation/estimate_tier2.py. Peer group: sub_industry = 'Semiconductors' (5 Tier 1 peers with a real Scope 2 value, floor=5). Revenue-based: median peer Scope 2 tCO2e/$ revenue (2.34945e-06) x this company's revenue ($44,068,999,168) = 103,538 tCO2e. Employee-based: median peer Scope 2 tCO2e/employee (2.96832) x this company's employee count (52,000) = 154,352 tCO2e. Final estimate is the average of the available method(s): 128,945 tCO2e."
Q,4588.7,median_model_revenue+employees,sector:Information Technology,37,"Tier 2 Scope 1 ESTIMATE (LSEG median-model style), NOT a disclosure -- see pipeline/tier2_estimation/estimate_tier2.py. Peer group: sector = 'Information Technology' (37 Tier 1 peers with a real Scope 1 value, floor=5). Revenue-based: median peer Scope 1 tCO2e/$ revenue (6.23987e-07) x this company's revenue ($5,209,999,872) = 3,251 tCO2e. Employee-based: median peer Scope 1 tCO2e/employee (0.592647) x this company's employee count (10,000) = 5,926 tCO2e. Final estimate is the average of the available method(s): 4,589 tCO2e.",13343.1,median_model_revenue+employees,sector:Information Technology,29,"Tier 2 Scope 2 ESTIMATE (LSEG median-model style), NOT a disclosure -- see pipeline/tier2_estimation/estimate_tier2.py. Peer group: sector = 'Information Technology' (29 Tier 1 peers with a real Scope 2 value, floor=5). Revenue-based: median peer Scope 2 tCO2e/$ revenue (2.34945e-06) x this company's revenue ($5,209,999,872) = 12,241 tCO2e. Employee-based: median peer Scope 2 tCO2e/employee (1.44455) x this company's employee count (10,000) = 14,445 tCO2e. Final estimate is the average of the available method(s): 13,343 tCO2e."
RTX,,,,,,768311.8,median_model_revenue+employees,sector:Industrials,28,"Tier 2 Scope 2 ESTIMATE (LSEG median-model style), NOT a disclosure -- see pipeline/tier2_estimation/estimate_tier2.py. Peer group: sector = 'Industrials' (28 Tier 1 peers with a real Scope 2 value, floor=5). Revenue-based: median peer Scope 2 tCO2e/$ revenue (9.89188e-06) x this company's revenue ($93,499,998,208) = 924,890 tCO2e. Employee-based: median peer Scope 2 tCO2e/employee (3.39852) x this company's employee count (180,000) = 611,733 tCO2e. Final estimate is the average of the available method(s): 768,312 tCO2e."
RSG,,,,,,154910.7,median_model_revenue+employees,sector:Industrials,28,"Tier 2 Scope 2 ESTIMATE (LSEG median-model style), NOT a disclosure -- see pipeline/tier2_estimation/estimate_tier2.py. Peer group: sector = 'Industrials' (28 Tier 1 peers with a real Scope 2 value, floor=5). Revenue-based: median peer Scope 2 tCO2e/$ revenue (9.89188e-06) x this company's revenue ($16,890,999,808) = 167,084 tCO2e. Employee-based: median peer Scope 2 tCO2e/employee (3.39852) x this company's employee count (42,000) = 142,738 tCO2e. Final estimate is the average of the available method(s): 154,911 tCO2e."
RJF,7132.8,median_model_revenue+employees,sector:Financials,21,"Tier 2 Scope 1 ESTIMATE (LSEG median-model style), NOT a disclosure -- see pipeline/tier2_estimation/estimate_tier2.py. Peer group: sector = 'Financials' (21 Tier 1 peers with a real Scope 1 value, floor=5). Revenue-based: median peer Scope 1 tCO2e/$ revenue (5.36817e-07) x this company's revenue ($15,239,999,488) = 8,181 tCO2e. Employee-based: median peer Scope 1 tCO2e/employee (0.312029) x this company's employee count (19,500) = 6,085 tCO2e. Final estimate is the average of the available method(s): 7,133 tCO2e.",4033.0,median_model_revenue+employees,sector:Financials,17,"Tier 2 Scope 2 ESTIMATE (LSEG median-model style), NOT a disclosure -- see pipeline/tier2_estimation/estimate_tier2.py. Peer group: sector = 'Financials' (17 Tier 1 peers with a real Scope 2 value, floor=5). Revenue-based: median peer Scope 2 tCO2e/$ revenue (1.98278e-07) x this company's revenue ($15,239,999,488) = 3,022 tCO2e. Employee-based: median peer Scope 2 tCO2e/employee (0.25868) x this company's employee count (19,500) = 5,044 tCO2e. Final estimate is the average of the available method(s): 4,033 tCO2e."
RDDT,2328.6,median_model_revenue+employees,sector:Communication Services,6,"Tier 2 Scope 1 ESTIMATE (LSEG median-model style), NOT a disclosure -- see pipeline/tier2_estimation/estimate_tier2.py. Peer group: sector = 'Communication Services' (6 Tier 1 peers with a real Scope 1 value, floor=5). Revenue-based: median peer Scope 1 tCO2e/$ revenue (6.73153e-07) x this company's revenue ($2,778,833,920) = 1,871 tCO2e. Employee-based: median peer Scope 1 tCO2e/employee (1.09064) x this company's employee count (2,555) = 2,787 tCO2e. Final estimate is the average of the available method(s): 2,329 tCO2e.",12087.4,median_model_revenue+employees,sector:Communication Services,6,"Tier 2 Scope 2 ESTIMATE (LSEG median-model style), NOT a disclosure -- see pipeline/tier2_estimation/estimate_tier2.py. Peer group: sector = 'Communication Services' (6 Tier 1 peers with a real Scope 2 value, floor=5). Revenue-based: median peer Scope 2 tCO2e/$ revenue (5.2889e-06) x this company's revenue ($2,778,833,920) = 14,697 tCO2e. Employee-based: median peer Scope 2 tCO2e/employee (3.70951) x this company's employee count (2,555) = 9,478 tCO2e. Final estimate is the average of the available method(s): 12,087 tCO2e."
O,17835.6,median_model_revenue+employees,sector:Real Estate,8,"Tier 2 Scope 1 ESTIMATE (LSEG median-model style), NOT a disclosure -- see pipeline/tier2_estimation/estimate_tier2.py. Peer group: sector = 'Real Estate' (8 Tier 1 peers with a real Scope 1 value, floor=5). Revenue-based: median peer Scope 1 tCO2e/$ revenue (5.49255e-06) x this company's revenue ($6,065,508,864) = 33,315 tCO2e. Employee-based: median peer Scope 1 tCO2e/employee (4.331) x this company's employee count (544) = 2,356 tCO2e. Final estimate is the average of the available method(s): 17,836 tCO2e.",79525.5,median_model_revenue+employees,sector:Real Estate,7,"Tier 2 Scope 2 ESTIMATE (LSEG median-model style), NOT a disclosure -- see pipeline/tier2_estimation/estimate_tier2.py. Peer group: sector = 'Real Estate' (7 Tier 1 peers with a real Scope 2 value, floor=5). Revenue-based: median peer Scope 2 tCO2e/$ revenue (7.54576e-06) x this company's revenue ($6,065,508,864) = 45,769 tCO2e. Employee-based: median peer Scope 2 tCO2e/employee (208.239) x this company's employee count (544) = 113,282 tCO2e. Final estimate is the average of the available method(s): 79,525 tCO2e."
REG,5718.2,median_model_revenue+employees,sector:Real Estate,8,"Tier 2 Scope 1 ESTIMATE (LSEG median-model style), NOT a disclosure -- see pipeline/tier2_estimation/estimate_tier2.py. Peer group: sector = 'Real Estate' (8 Tier 1 peers with a real Scope 1 value, floor=5). Revenue-based: median peer Scope 1 tCO2e/$ revenue (5.49255e-06) x this company's revenue ($1,685,532,032) = 9,258 tCO2e. Employee-based: median peer Scope 1 tCO2e/employee (4.331) x this company's employee count (503) = 2,178 tCO2e. Final estimate is the average of the available method(s): 5,718 tCO2e.",58731.4,median_model_revenue+employees,sector:Real Estate,7,"Tier 2 Scope 2 ESTIMATE (LSEG median-model style), NOT a disclosure -- see pipeline/tier2_estimation/estimate_tier2.py. Peer group: sector = 'Real Estate' (7 Tier 1 peers with a real Scope 2 value, floor=5). Revenue-based: median peer Scope 2 tCO2e/$ revenue (7.54576e-06) x this company's revenue ($1,685,532,032) = 12,719 tCO2e. Employee-based: median peer Scope 2 tCO2e/employee (208.239) x this company's employee count (503) = 104,744 tCO2e. Final estimate is the average of the available method(s): 58,731 tCO2e."
RF,5063.5,median_model_revenue+employees,sector:Financials,21,"Tier 2 Scope 1 ESTIMATE (LSEG median-model style), NOT a disclosure -- see pipeline/tier2_estimation/estimate_tier2.py. Peer group: sector = 'Financials' (21 Tier 1 peers with a real Scope 1 value, floor=5). Revenue-based: median peer Scope 1 tCO2e/$ revenue (5.36817e-07) x this company's revenue ($7,238,000,128) = 3,885 tCO2e. Employee-based: median peer Scope 1 tCO2e/employee (0.312029) x this company's employee count (20,003) = 6,242 tCO2e. Final estimate is the average of the available method(s): 5,063 tCO2e.",3304.8,median_model_revenue+employees,sector:Financials,17,"Tier 2 Scope 2 ESTIMATE (LSEG median-model style), NOT a disclosure -- see pipeline/tier2_estimation/estimate_tier2.py. Peer group: sector = 'Financials' (17 Tier 1 peers with a real Scope 2 value, floor=5). Revenue-based: median peer Scope 2 tCO2e/$ revenue (1.98278e-07) x this company's revenue ($7,238,000,128) = 1,435 tCO2e. Employee-based: median peer Scope 2 tCO2e/employee (0.25868) x this company's employee count (20,003) = 5,174 tCO2e. Final estimate is the average of the available method(s): 3,305 tCO2e."
RMD,18150.3,median_model_revenue+employees,sub_industry:Health Care Equipment,6,"Tier 2 Scope 1 ESTIMATE (LSEG median-model style), NOT a disclosure -- see pipeline/tier2_estimation/estimate_tier2.py. Peer group: sub_industry = 'Health Care Equipment' (6 Tier 1 peers with a real Scope 1 value, floor=5). Revenue-based: median peer Scope 1 tCO2e/$ revenue (3.85286e-06) x this company's revenue ($5,653,443,072) = 21,782 tCO2e. Employee-based: median peer Scope 1 tCO2e/employee (1.27693) x this company's employee count (11,370) = 14,519 tCO2e. Final estimate is the average of the available method(s): 18,150 tCO2e.",16331.3,median_model_revenue+employees,sub_industry:Health Care Equipment,5,"Tier 2 Scope 2 ESTIMATE (LSEG median-model style), NOT a disclosure -- see pipeline/tier2_estimation/estimate_tier2.py. Peer group: sub_industry = 'Health Care Equipment' (5 Tier 1 peers with a real Scope 2 value, floor=5). Revenue-based: median peer Scope 2 tCO2e/$ revenue (3.17691e-06) x this company's revenue ($5,653,443,072) = 17,960 tCO2e. Employee-based: median peer Scope 2 tCO2e/employee (1.29306) x this company's employee count (11,370) = 14,702 tCO2e. Final estimate is the average of the available method(s): 16,331 tCO2e."
RVTY,12632.5,median_model_revenue+employees,sub_industry:Health Care Equipment,6,"Tier 2 Scope 1 ESTIMATE (LSEG median-model style), NOT a disclosure -- see pipeline/tier2_estimation/estimate_tier2.py. Peer group: sub_industry = 'Health Care Equipment' (6 Tier 1 peers with a real Scope 1 value, floor=5). Revenue-based: median peer Scope 1 tCO2e/$ revenue (3.85286e-06) x this company's revenue ($2,911,811,072) = 11,219 tCO2e. Employee-based: median peer Scope 1 tCO2e/employee (1.27693) x this company's employee count (11,000) = 14,046 tCO2e. Final estimate is the average of the available method(s): 12,633 tCO2e.",11737.1,median_model_revenue+employees,sub_industry:Health Care Equipment,5,"Tier 2 Scope 2 ESTIMATE (LSEG median-model style), NOT a disclosure -- see pipeline/tier2_estimation/estimate_tier2.py. Peer group: sub_industry = 'Health Care Equipment' (5 Tier 1 peers with a real Scope 2 value, floor=5). Revenue-based: median peer Scope 2 tCO2e/$ revenue (3.17691e-06) x this company's revenue ($2,911,811,072) = 9,251 tCO2e. Employee-based: median peer Scope 2 tCO2e/employee (1.29306) x this company's employee count (11,000) = 14,224 tCO2e. Final estimate is the average of the available method(s): 11,737 tCO2e."
HOOD,1776.2,median_model_revenue+employees,sector:Financials,21,"Tier 2 Scope 1 ESTIMATE (LSEG median-model style), NOT a disclosure -- see pipeline/tier2_estimation/estimate_tier2.py. Peer group: sector = 'Financials' (21 Tier 1 peers with a real Scope 1 value, floor=5). Revenue-based: median peer Scope 1 tCO2e/$ revenue (5.36817e-07) x this company's revenue ($4,931,999,744) = 2,648 tCO2e. Employee-based: median peer Scope 1 tCO2e/employee (0.312029) x this company's employee count (2,900) = 905 tCO2e. Final estimate is the average of the available method(s): 1,776 tCO2e.",864.0,median_model_revenue+employees,sector:Financials,17,"Tier 2 Scope 2 ESTIMATE (LSEG median-model style), NOT a disclosure -- see pipeline/tier2_estimation/estimate_tier2.py. Peer group: sector = 'Financials' (17 Tier 1 peers with a real Scope 2 value, floor=5). Revenue-based: median peer Scope 2 tCO2e/$ revenue (1.98278e-07) x this company's revenue ($4,931,999,744) = 978 tCO2e. Employee-based: median peer Scope 2 tCO2e/employee (0.25868) x this company's employee count (2,900) = 750 tCO2e. Final estimate is the average of the available method(s): 864 tCO2e."
ROK,84455.0,median_model_revenue+employees,sector:Industrials,40,"Tier 2 Scope 1 ESTIMATE (LSEG median-model style), NOT a disclosure -- see pipeline/tier2_estimation/estimate_tier2.py. Peer group: sector = 'Industrials' (40 Tier 1 peers with a real Scope 1 value, floor=5). Revenue-based: median peer Scope 1 tCO2e/$ revenue (6.94524e-06) x this company's revenue ($8,972,999,680) = 62,320 tCO2e. Employee-based: median peer Scope 1 tCO2e/employee (4.09963) x this company's employee count (26,000) = 106,590 tCO2e. Final estimate is the average of the available method(s): 84,455 tCO2e.",88560.6,median_model_revenue+employees,sector:Industrials,28,"Tier 2 Scope 2 ESTIMATE (LSEG median-model style), NOT a disclosure -- see pipeline/tier2_estimation/estimate_tier2.py. Peer group: sector = 'Industrials' (28 Tier 1 peers with a real Scope 2 value, floor=5). Revenue-based: median peer Scope 2 tCO2e/$ revenue (9.89188e-06) x this company's revenue ($8,972,999,680) = 88,760 tCO2e. Employee-based: median peer Scope 2 tCO2e/employee (3.39852) x this company's employee count (26,000) = 88,361 tCO2e. Final estimate is the average of the available method(s): 88,561 tCO2e."
ROL,58722.6,median_model_revenue+employees,sector:Industrials,40,"Tier 2 Scope 1 ESTIMATE (LSEG median-model style), NOT a disclosure -- see pipeline/tier2_estimation/estimate_tier2.py. Peer group: sector = 'Industrials' (40 Tier 1 peers with a real Scope 1 value, floor=5). Revenue-based: median peer Scope 1 tCO2e/$ revenue (6.94524e-06) x this company's revenue ($3,924,018,944) = 27,253 tCO2e. Employee-based: median peer Scope 1 tCO2e/employee (4.09963) x this company's employee count (22,000) = 90,192 tCO2e. Final estimate is the average of the available method(s): 58,723 tCO2e.",56791.7,median_model_revenue+employees,sector:Industrials,28,"Tier 2 Scope 2 ESTIMATE (LSEG median-model style), NOT a disclosure -- see pipeline/tier2_estimation/estimate_tier2.py. Peer group: sector = 'Industrials' (28 Tier 1 peers with a real Scope 2 value, floor=5). Revenue-based: median peer Scope 2 tCO2e/$ revenue (9.89188e-06) x this company's revenue ($3,924,018,944) = 38,816 tCO2e. Employee-based: median peer Scope 2 tCO2e/employee (3.39852) x this company's employee count (22,000) = 74,767 tCO2e. Final estimate is the average of the available method(s): 56,792 tCO2e."
ROP,8332.1,median_model_revenue+employees,sector:Information Technology,37,"Tier 2 Scope 1 ESTIMATE (LSEG median-model style), NOT a disclosure -- see pipeline/tier2_estimation/estimate_tier2.py. Peer group: sector = 'Information Technology' (37 Tier 1 peers with a real Scope 1 value, floor=5). Revenue-based: median peer Scope 1 tCO2e/$ revenue (6.23987e-07) x this company's revenue ($8,280,300,032) = 5,167 tCO2e. Employee-based: median peer Scope 1 tCO2e/employee (0.592647) x this company's employee count (19,400) = 11,497 tCO2e. Final estimate is the average of the available method(s): 8,332 tCO2e.",23739.2,median_model_revenue+employees,sector:Information Technology,29,"Tier 2 Scope 2 ESTIMATE (LSEG median-model style), NOT a disclosure -- see pipeline/tier2_estimation/estimate_tier2.py. Peer group: sector = 'Information Technology' (29 Tier 1 peers with a real Scope 2 value, floor=5). Revenue-based: median peer Scope 2 tCO2e/$ revenue (2.34945e-06) x this company's revenue ($8,280,300,032) = 19,454 tCO2e. Employee-based: median peer Scope 2 tCO2e/employee (1.44455) x this company's employee count (19,400) = 28,024 tCO2e. Final estimate is the average of the available method(s): 23,739 tCO2e."
ROST,115437.6,median_model_revenue+employees,sector:Consumer Discretionary,21,"Tier 2 Scope 1 ESTIMATE (LSEG median-model style), NOT a disclosure -- see pipeline/tier2_estimation/estimate_tier2.py. Peer group: sector = 'Consumer Discretionary' (21 Tier 1 peers with a real Scope 1 value, floor=5). Revenue-based: median peer Scope 1 tCO2e/$ revenue (3.71647e-06) x this company's revenue ($24,511,797,248) = 91,097 tCO2e. Employee-based: median peer Scope 1 tCO2e/employee (1.25926) x this company's employee count (111,000) = 139,778 tCO2e. Final estimate is the average of the available method(s): 115,438 tCO2e.",180877.8,median_model_revenue+employees,sector:Consumer Discretionary,18,"Tier 2 Scope 2 ESTIMATE (LSEG median-model style), NOT a disclosure -- see pipeline/tier2_estimation/estimate_tier2.py. Peer group: sector = 'Consumer Discretionary' (18 Tier 1 peers with a real Scope 2 value, floor=5). Revenue-based: median peer Scope 2 tCO2e/$ revenue (6.64506e-06) x this company's revenue ($24,511,797,248) = 162,882 tCO2e. Employee-based: median peer Scope 2 tCO2e/employee (1.79165) x this company's employee count (111,000) = 198,873 tCO2e. Final estimate is the average of the available method(s): 180,878 tCO2e."
RCL,102684.1,median_model_revenue+employees,sector:Consumer Discretionary,21,"Tier 2 Scope 1 ESTIMATE (LSEG median-model style), NOT a disclosure -- see pipeline/tier2_estimation/estimate_tier2.py. Peer group: sector = 'Consumer Discretionary' (21 Tier 1 peers with a real Scope 1 value, floor=5). Revenue-based: median peer Scope 1 tCO2e/$ revenue (3.71647e-06) x this company's revenue ($18,681,999,360) = 69,431 tCO2e. Employee-based: median peer Scope 1 tCO2e/employee (1.25926) x this company's employee count (107,950) = 135,937 tCO2e. Final estimate is the average of the available method(s): 102,684 tCO2e.",158775.9,median_model_revenue+employees,sector:Consumer Discretionary,18,"Tier 2 Scope 2 ESTIMATE (LSEG median-model style), NOT a disclosure -- see pipeline/tier2_estimation/estimate_tier2.py. Peer group: sector = 'Consumer Discretionary' (18 Tier 1 peers with a real Scope 2 value, floor=5). Revenue-based: median peer Scope 2 tCO2e/$ revenue (6.64506e-06) x this company's revenue ($18,681,999,360) = 124,143 tCO2e. Employee-based: median peer Scope 2 tCO2e/employee (1.79165) x this company's employee count (107,950) = 193,409 tCO2e. Final estimate is the average of the available method(s): 158,776 tCO2e."
SPGI,11269.9,median_model_revenue+employees,sector:Financials,21,"Tier 2 Scope 1 ESTIMATE (LSEG median-model style), NOT a disclosure -- see pipeline/tier2_estimation/estimate_tier2.py. Peer group: sector = 'Financials' (21 Tier 1 peers with a real Scope 1 value, floor=5). Revenue-based: median peer Scope 1 tCO2e/$ revenue (5.36817e-07) x this company's revenue ($16,122,000,384) = 8,655 tCO2e. Employee-based: median peer Scope 1 tCO2e/employee (0.312029) x this company's employee count (44,500) = 13,885 tCO2e. Final estimate is the average of the available method(s): 11,270 tCO2e.",7354.0,median_model_revenue+employees,sector:Financials,17,"Tier 2 Scope 2 ESTIMATE (LSEG median-model style), NOT a disclosure -- see pipeline/tier2_estimation/estimate_tier2.py. Peer group: sector = 'Financials' (17 Tier 1 peers with a real Scope 2 value, floor=5). Revenue-based: median peer Scope 2 tCO2e/$ revenue (1.98278e-07) x this company's revenue ($16,122,000,384) = 3,197 tCO2e. Employee-based: median peer Scope 2 tCO2e/employee (0.25868) x this company's employee count (44,500) = 11,511 tCO2e. Final estimate is the average of the available method(s): 7,354 tCO2e."
SNDK,9606.4,median_model_revenue+employees,sector:Information Technology,37,"Tier 2 Scope 1 ESTIMATE (LSEG median-model style), NOT a disclosure -- see pipeline/tier2_estimation/estimate_tier2.py. Peer group: sector = 'Information Technology' (37 Tier 1 peers with a real Scope 1 value, floor=5). Revenue-based: median peer Scope 1 tCO2e/$ revenue (6.23987e-07) x this company's revenue ($20,248,000,512) = 12,634 tCO2e. Employee-based: median peer Scope 1 tCO2e/employee (0.592647) x this company's employee count (11,100) = 6,578 tCO2e. Final estimate is the average of the available method(s): 9,606 tCO2e.",31803.1,median_model_revenue+employees,sector:Information Technology,29,"Tier 2 Scope 2 ESTIMATE (LSEG median-model style), NOT a disclosure -- see pipeline/tier2_estimation/estimate_tier2.py. Peer group: sector = 'Information Technology' (29 Tier 1 peers with a real Scope 2 value, floor=5). Revenue-based: median peer Scope 2 tCO2e/$ revenue (2.34945e-06) x this company's revenue ($20,248,000,512) = 47,572 tCO2e. Employee-based: median peer Scope 2 tCO2e/employee (1.44455) x this company's employee count (11,100) = 16,034 tCO2e. Final estimate is the average of the available method(s): 31,803 tCO2e."
SWKS,,,,,,19557.0,median_model_revenue+employees,sub_industry:Semiconductors,5,"Tier 2 Scope 2 ESTIMATE (LSEG median-model style), NOT a disclosure -- see pipeline/tier2_estimation/estimate_tier2.py. Peer group: sub_industry = 'Semiconductors' (5 Tier 1 peers with a real Scope 2 value, floor=5). Revenue-based: median peer Scope 2 tCO2e/$ revenue (2.34945e-06) x this company's revenue ($4,014,099,968) = 9,431 tCO2e. Employee-based: median peer Scope 2 tCO2e/employee (2.96832) x this company's employee count (10,000) = 29,683 tCO2e. Final estimate is the average of the available method(s): 19,557 tCO2e."
SO,,,,,,349674.0,median_model_revenue+employees,sector:Utilities,10,"Tier 2 Scope 2 ESTIMATE (LSEG median-model style), NOT a disclosure -- see pipeline/tier2_estimation/estimate_tier2.py. Peer group: sector = 'Utilities' (10 Tier 1 peers with a real Scope 2 value, floor=5). Revenue-based: median peer Scope 2 tCO2e/$ revenue (9.6601e-06) x this company's revenue ($30,179,000,320) = 291,532 tCO2e. Employee-based: median peer Scope 2 tCO2e/employee (13.8233) x this company's employee count (29,502) = 407,816 tCO2e. Final estimate is the average of the available method(s): 349,674 tCO2e."
STLD,,,,,,1693597.9,median_model_revenue+employees,sector:Materials,9,"Tier 2 Scope 2 ESTIMATE (LSEG median-model style), NOT a disclosure -- see pipeline/tier2_estimation/estimate_tier2.py. Peer group: sector = 'Materials' (9 Tier 1 peers with a real Scope 2 value, floor=5). Revenue-based: median peer Scope 2 tCO2e/$ revenue (0.000101463) x this company's revenue ($20,538,677,248) = 2,083,921 tCO2e. Employee-based: median peer Scope 2 tCO2e/employee (90.5052) x this company's employee count (14,400) = 1,303,275 tCO2e. Final estimate is the average of the available method(s): 1,693,598 tCO2e."
TRGP,,,,,,390614.8,median_model_revenue+employees,sector:Energy,6,"Tier 2 Scope 2 ESTIMATE (LSEG median-model style), NOT a disclosure -- see pipeline/tier2_estimation/estimate_tier2.py. Peer group: sector = 'Energy' (6 Tier 1 peers with a real Scope 2 value, floor=5). Revenue-based: median peer Scope 2 tCO2e/$ revenue (1.7615e-05) x this company's revenue ($16,741,499,904) = 294,902 tCO2e. Employee-based: median peer Scope 2 tCO2e/employee (136.226) x this company's employee count (3,570) = 486,328 tCO2e. Final estimate is the average of the available method(s): 390,615 tCO2e."
TSLA,,,,,,465021.2,median_model_revenue+employees,sector:Consumer Discretionary,18,"Tier 2 Scope 2 ESTIMATE (LSEG median-model style), NOT a disclosure -- see pipeline/tier2_estimation/estimate_tier2.py. Peer group: sector = 'Consumer Discretionary' (18 Tier 1 peers with a real Scope 2 value, floor=5). Revenue-based: median peer Scope 2 tCO2e/$ revenue (6.64506e-06) x this company's revenue ($103,619,002,368) = 688,555 tCO2e. Employee-based: median peer Scope 2 tCO2e/employee (1.79165) x this company's employee count (134,785) = 241,488 tCO2e. Final estimate is the average of the available method(s): 465,021 tCO2e."
TXN,,,,,,71829.1,median_model_revenue+employees,sub_industry:Semiconductors,5,"Tier 2 Scope 2 ESTIMATE (LSEG median-model style), NOT a disclosure -- see pipeline/tier2_estimation/estimate_tier2.py. Peer group: sub_industry = 'Semiconductors' (5 Tier 1 peers with a real Scope 2 value, floor=5). Revenue-based: median peer Scope 2 tCO2e/$ revenue (2.34945e-06) x this company's revenue ($19,452,999,680) = 45,704 tCO2e. Employee-based: median peer Scope 2 tCO2e/employee (2.96832) x this company's employee count (33,000) = 97,954 tCO2e. Final estimate is the average of the available method(s): 71,829 tCO2e."
TXT,,,,,,133442.7,median_model_revenue+employees,sector:Industrials,28,"Tier 2 Scope 2 ESTIMATE (LSEG median-model style), NOT a disclosure -- see pipeline/tier2_estimation/estimate_tier2.py. Peer group: sector = 'Industrials' (28 Tier 1 peers with a real Scope 2 value, floor=5). Revenue-based: median peer Scope 2 tCO2e/$ revenue (9.89188e-06) x this company's revenue ($15,299,000,320) = 151,336 tCO2e. Employee-based: median peer Scope 2 tCO2e/employee (3.39852) x this company's employee count (34,000) = 115,550 tCO2e. Final estimate is the average of the available method(s): 133,443 tCO2e."
TMO,,,,,,196471.4,median_model_revenue+employees,sector:Health Care,18,"Tier 2 Scope 2 ESTIMATE (LSEG median-model style), NOT a disclosure -- see pipeline/tier2_estimation/estimate_tier2.py. Peer group: sector = 'Health Care' (18 Tier 1 peers with a real Scope 2 value, floor=5). Revenue-based: median peer Scope 2 tCO2e/$ revenue (3.19915e-06) x this company's revenue ($46,336,000,000) = 148,236 tCO2e. Employee-based: median peer Scope 2 tCO2e/employee (1.95766) x this company's employee count (125,000) = 244,707 tCO2e. Final estimate is the average of the available method(s): 196,471 tCO2e."
TSN,,,,,,240635.1,median_model_revenue+employees,sector:Consumer Staples,16,"Tier 2 Scope 2 ESTIMATE (LSEG median-model style), NOT a disclosure -- see pipeline/tier2_estimation/estimate_tier2.py. Peer group: sector = 'Consumer Staples' (16 Tier 1 peers with a real Scope 2 value, floor=5). Revenue-based: median peer Scope 2 tCO2e/$ revenue (2.81277e-06) x this company's revenue ($55,694,000,128) = 156,654 tCO2e. Employee-based: median peer Scope 2 tCO2e/employee (2.44072) x this company's employee count (133,000) = 324,616 tCO2e. Final estimate is the average of the available method(s): 240,635 tCO2e."
SBAC,11876.7,median_model_revenue+employees,sector:Real Estate,8,"Tier 2 Scope 1 ESTIMATE (LSEG median-model style), NOT a disclosure -- see pipeline/tier2_estimation/estimate_tier2.py. Peer group: sector = 'Real Estate' (8 Tier 1 peers with a real Scope 1 value, floor=5). Revenue-based: median peer Scope 1 tCO2e/$ revenue (5.49255e-06) x this company's revenue ($2,870,621,952) = 15,767 tCO2e. Employee-based: median peer Scope 1 tCO2e/employee (4.331) x this company's employee count (1,844) = 7,986 tCO2e. Final estimate is the average of the available method(s): 11,877 tCO2e.",202827.0,median_model_revenue+employees,sector:Real Estate,7,"Tier 2 Scope 2 ESTIMATE (LSEG median-model style), NOT a disclosure -- see pipeline/tier2_estimation/estimate_tier2.py. Peer group: sector = 'Real Estate' (7 Tier 1 peers with a real Scope 2 value, floor=5). Revenue-based: median peer Scope 2 tCO2e/$ revenue (7.54576e-06) x this company's revenue ($2,870,621,952) = 21,661 tCO2e. Employee-based: median peer Scope 2 tCO2e/employee (208.239) x this company's employee count (1,844) = 383,993 tCO2e. Final estimate is the average of the available method(s): 202,827 tCO2e."
SRE,25727564.5,median_model_revenue+employees,sub_industry:Multi-Utilities,11,"Tier 2 Scope 1 ESTIMATE (LSEG median-model style), NOT a disclosure -- see pipeline/tier2_estimation/estimate_tier2.py. Peer group: sub_industry = 'Multi-Utilities' (11 Tier 1 peers with a real Scope 1 value, floor=5). Revenue-based: median peer Scope 1 tCO2e/$ revenue (0.00151254) x this company's revenue ($13,552,000,000) = 20,497,951 tCO2e. Employee-based: median peer Scope 1 tCO2e/employee (1942.35) x this company's employee count (15,938) = 30,957,178 tCO2e. Final estimate is the average of the available method(s): 25,727,565 tCO2e.",175614.9,median_model_revenue+employees,sector:Utilities,10,"Tier 2 Scope 2 ESTIMATE (LSEG median-model style), NOT a disclosure -- see pipeline/tier2_estimation/estimate_tier2.py. Peer group: sector = 'Utilities' (10 Tier 1 peers with a real Scope 2 value, floor=5). Revenue-based: median peer Scope 2 tCO2e/$ revenue (9.6601e-06) x this company's revenue ($13,552,000,000) = 130,914 tCO2e. Employee-based: median peer Scope 2 tCO2e/employee (13.8233) x this company's employee count (15,938) = 220,316 tCO2e. Final estimate is the average of the available method(s): 175,615 tCO2e."
SPG,25774.2,median_model_revenue+employees,sector:Real Estate,8,"Tier 2 Scope 1 ESTIMATE (LSEG median-model style), NOT a disclosure -- see pipeline/tier2_estimation/estimate_tier2.py. Peer group: sector = 'Real Estate' (8 Tier 1 peers with a real Scope 1 value, floor=5). Revenue-based: median peer Scope 1 tCO2e/$ revenue (5.49255e-06) x this company's revenue ($6,940,724,224) = 38,122 tCO2e. Employee-based: median peer Scope 1 tCO2e/employee (4.331) x this company's employee count (3,100) = 13,426 tCO2e. Final estimate is the average of the available method(s): 25,774 tCO2e.",348957.1,median_model_revenue+employees,sector:Real Estate,7,"Tier 2 Scope 2 ESTIMATE (LSEG median-model style), NOT a disclosure -- see pipeline/tier2_estimation/estimate_tier2.py. Peer group: sector = 'Real Estate' (7 Tier 1 peers with a real Scope 2 value, floor=5). Revenue-based: median peer Scope 2 tCO2e/$ revenue (7.54576e-06) x this company's revenue ($6,940,724,224) = 52,373 tCO2e. Employee-based: median peer Scope 2 tCO2e/employee (208.239) x this company's employee count (3,100) = 645,541 tCO2e. Final estimate is the average of the available method(s): 348,957 tCO2e."
SW,10880594.1,median_model_revenue+employees,sector:Materials,19,"Tier 2 Scope 1 ESTIMATE (LSEG median-model style), NOT a disclosure -- see pipeline/tier2_estimation/estimate_tier2.py. Peer group: sector = 'Materials' (19 Tier 1 peers with a real Scope 1 value, floor=5). Revenue-based: median peer Scope 1 tCO2e/$ revenue (0.000159601) x this company's revenue ($31,325,999,104) = 4,999,674 tCO2e. Employee-based: median peer Scope 1 tCO2e/employee (174.599) x this company's employee count (96,000) = 16,761,515 tCO2e. Final estimate is the average of the available method(s): 10,880,594 tCO2e.",5933468.6,median_model_revenue+employees,sector:Materials,9,"Tier 2 Scope 2 ESTIMATE (LSEG median-model style), NOT a disclosure -- see pipeline/tier2_estimation/estimate_tier2.py. Peer group: sector = 'Materials' (9 Tier 1 peers with a real Scope 2 value, floor=5). Revenue-based: median peer Scope 2 tCO2e/$ revenue (0.000101463) x this company's revenue ($31,325,999,104) = 3,178,437 tCO2e. Employee-based: median peer Scope 2 tCO2e/employee (90.5052) x this company's employee count (96,000) = 8,688,500 tCO2e. Final estimate is the average of the available method(s): 5,933,469 tCO2e."
SNA,26785.7,median_model_revenue+employees,sub_industry:Industrial Machinery & Supplies & Components,6,"Tier 2 Scope 1 ESTIMATE (LSEG median-model style), NOT a disclosure -- see pipeline/tier2_estimation/estimate_tier2.py. Peer group: sub_industry = 'Industrial Machinery & Supplies & Components' (6 Tier 1 peers with a real Scope 1 value, floor=5). Revenue-based: median peer Scope 1 tCO2e/$ revenue (5.37521e-06) x this company's revenue ($5,274,899,968) = 28,354 tCO2e. Employee-based: median peer Scope 1 tCO2e/employee (1.93983) x this company's employee count (13,000) = 25,218 tCO2e. Final estimate is the average of the available method(s): 26,786 tCO2e.",65648.5,median_model_revenue+employees,sub_industry:Industrial Machinery & Supplies & Components,5,"Tier 2 Scope 2 ESTIMATE (LSEG median-model style), NOT a disclosure -- see pipeline/tier2_estimation/estimate_tier2.py. Peer group: sub_industry = 'Industrial Machinery & Supplies & Components' (5 Tier 1 peers with a real Scope 2 value, floor=5). Revenue-based: median peer Scope 2 tCO2e/$ revenue (1.36744e-05) x this company's revenue ($5,274,899,968) = 72,131 tCO2e. Employee-based: median peer Scope 2 tCO2e/employee (4.55123) x this company's employee count (13,000) = 59,166 tCO2e. Final estimate is the average of the available method(s): 65,648 tCO2e."
SOLV,34102.9,median_model_revenue+employees,sector:Health Care,25,"Tier 2 Scope 1 ESTIMATE (LSEG median-model style), NOT a disclosure -- see pipeline/tier2_estimation/estimate_tier2.py. Peer group: sector = 'Health Care' (25 Tier 1 peers with a real Scope 1 value, floor=5). Revenue-based: median peer Scope 1 tCO2e/$ revenue (3.54491e-06) x this company's revenue ($8,310,000,128) = 29,458 tCO2e. Employee-based: median peer Scope 1 tCO2e/employee (1.88241) x this company's employee count (20,584) = 38,748 tCO2e. Final estimate is the average of the available method(s): 34,103 tCO2e.",33440.7,median_model_revenue+employees,sector:Health Care,18,"Tier 2 Scope 2 ESTIMATE (LSEG median-model style), NOT a disclosure -- see pipeline/tier2_estimation/estimate_tier2.py. Peer group: sector = 'Health Care' (18 Tier 1 peers with a real Scope 2 value, floor=5). Revenue-based: median peer Scope 2 tCO2e/$ revenue (3.19915e-06) x this company's revenue ($8,310,000,128) = 26,585 tCO2e. Employee-based: median peer Scope 2 tCO2e/employee (1.95766) x this company's employee count (20,584) = 40,296 tCO2e. Final estimate is the average of the available method(s): 33,441 tCO2e."
LUV,255003.3,median_model_revenue+employees,sector:Industrials,40,"Tier 2 Scope 1 ESTIMATE (LSEG median-model style), NOT a disclosure -- see pipeline/tier2_estimation/estimate_tier2.py. Peer group: sector = 'Industrials' (40 Tier 1 peers with a real Scope 1 value, floor=5). Revenue-based: median peer Scope 1 tCO2e/$ revenue (6.94524e-06) x this company's revenue ($30,072,999,936) = 208,864 tCO2e. Employee-based: median peer Scope 1 tCO2e/employee (4.09963) x this company's employee count (73,456) = 301,142 tCO2e. Final estimate is the average of the available method(s): 255,003 tCO2e.",273560.0,median_model_revenue+employees,sector:Industrials,28,"Tier 2 Scope 2 ESTIMATE (LSEG median-model style), NOT a disclosure -- see pipeline/tier2_estimation/estimate_tier2.py. Peer group: sector = 'Industrials' (28 Tier 1 peers with a real Scope 2 value, floor=5). Revenue-based: median peer Scope 2 tCO2e/$ revenue (9.89188e-06) x this company's revenue ($30,072,999,936) = 297,478 tCO2e. Employee-based: median peer Scope 2 tCO2e/employee (3.39852) x this company's employee count (73,456) = 249,642 tCO2e. Final estimate is the average of the available method(s): 273,560 tCO2e."
SWK,80746.3,median_model_revenue+employees,sub_industry:Industrial Machinery & Supplies & Components,6,"Tier 2 Scope 1 ESTIMATE (LSEG median-model style), NOT a disclosure -- see pipeline/tier2_estimation/estimate_tier2.py. Peer group: sub_industry = 'Industrial Machinery & Supplies & Components' (6 Tier 1 peers with a real Scope 1 value, floor=5). Revenue-based: median peer Scope 1 tCO2e/$ revenue (5.37521e-06) x this company's revenue ($15,247,699,968) = 81,960 tCO2e. Employee-based: median peer Scope 1 tCO2e/employee (1.93983) x this company's employee count (41,000) = 79,533 tCO2e. Final estimate is the average of the available method(s): 80,746 tCO2e.",197551.6,median_model_revenue+employees,sub_industry:Industrial Machinery & Supplies & Components,5,"Tier 2 Scope 2 ESTIMATE (LSEG median-model style), NOT a disclosure -- see pipeline/tier2_estimation/estimate_tier2.py. Peer group: sub_industry = 'Industrial Machinery & Supplies & Components' (5 Tier 1 peers with a real Scope 2 value, floor=5). Revenue-based: median peer Scope 2 tCO2e/$ revenue (1.36744e-05) x this company's revenue ($15,247,699,968) = 208,503 tCO2e. Employee-based: median peer Scope 2 tCO2e/employee (4.55123) x this company's employee count (41,000) = 186,600 tCO2e. Final estimate is the average of the available method(s): 197,552 tCO2e."
SBUX,311130.5,median_model_revenue+employees,sector:Consumer Discretionary,21,"Tier 2 Scope 1 ESTIMATE (LSEG median-model style), NOT a disclosure -- see pipeline/tier2_estimation/estimate_tier2.py. Peer group: sector = 'Consumer Discretionary' (21 Tier 1 peers with a real Scope 1 value, floor=5). Revenue-based: median peer Scope 1 tCO2e/$ revenue (3.71647e-06) x this company's revenue ($38,338,301,952) = 142,483 tCO2e. Employee-based: median peer Scope 1 tCO2e/employee (1.25926) x this company's employee count (381,000) = 479,778 tCO2e. Final estimate is the average of the available method(s): 311,131 tCO2e.",468689.7,median_model_revenue+employees,sector:Consumer Discretionary,18,"Tier 2 Scope 2 ESTIMATE (LSEG median-model style), NOT a disclosure -- see pipeline/tier2_estimation/estimate_tier2.py. Peer group: sector = 'Consumer Discretionary' (18 Tier 1 peers with a real Scope 2 value, floor=5). Revenue-based: median peer Scope 2 tCO2e/$ revenue (6.64506e-06) x this company's revenue ($38,338,301,952) = 254,760 tCO2e. Employee-based: median peer Scope 2 tCO2e/employee (1.79165) x this company's employee count (381,000) = 682,619 tCO2e. Final estimate is the average of the available method(s): 468,690 tCO2e."
STT,12067.5,median_model_revenue+employees,sector:Financials,21,"Tier 2 Scope 1 ESTIMATE (LSEG median-model style), NOT a disclosure -- see pipeline/tier2_estimation/estimate_tier2.py. Peer group: sector = 'Financials' (21 Tier 1 peers with a real Scope 1 value, floor=5). Revenue-based: median peer Scope 1 tCO2e/$ revenue (5.36817e-07) x this company's revenue ($15,022,999,552) = 8,065 tCO2e. Employee-based: median peer Scope 1 tCO2e/employee (0.312029) x this company's employee count (51,503) = 16,070 tCO2e. Final estimate is the average of the available method(s): 12,068 tCO2e.",8150.8,median_model_revenue+employees,sector:Financials,17,"Tier 2 Scope 2 ESTIMATE (LSEG median-model style), NOT a disclosure -- see pipeline/tier2_estimation/estimate_tier2.py. Peer group: sector = 'Financials' (17 Tier 1 peers with a real Scope 2 value, floor=5). Revenue-based: median peer Scope 2 tCO2e/$ revenue (1.98278e-07) x this company's revenue ($15,022,999,552) = 2,979 tCO2e. Employee-based: median peer Scope 2 tCO2e/employee (0.25868) x this company's employee count (51,503) = 13,323 tCO2e. Final estimate is the average of the available method(s): 8,151 tCO2e."
STE,23083.0,median_model_revenue+employees,sub_industry:Health Care Equipment,6,"Tier 2 Scope 1 ESTIMATE (LSEG median-model style), NOT a disclosure -- see pipeline/tier2_estimation/estimate_tier2.py. Peer group: sub_industry = 'Health Care Equipment' (6 Tier 1 peers with a real Scope 1 value, floor=5). Revenue-based: median peer Scope 1 tCO2e/$ revenue (3.85286e-06) x this company's revenue ($6,037,499,904) = 23,262 tCO2e. Employee-based: median peer Scope 1 tCO2e/employee (1.27693) x this company's employee count (17,937) = 22,904 tCO2e. Final estimate is the average of the available method(s): 23,083 tCO2e.",21187.1,median_model_revenue+employees,sub_industry:Health Care Equipment,5,"Tier 2 Scope 2 ESTIMATE (LSEG median-model style), NOT a disclosure -- see pipeline/tier2_estimation/estimate_tier2.py. Peer group: sub_industry = 'Health Care Equipment' (5 Tier 1 peers with a real Scope 2 value, floor=5). Revenue-based: median peer Scope 2 tCO2e/$ revenue (3.17691e-06) x this company's revenue ($6,037,499,904) = 19,181 tCO2e. Employee-based: median peer Scope 2 tCO2e/employee (1.29306) x this company's employee count (17,937) = 23,194 tCO2e. Final estimate is the average of the available method(s): 21,187 tCO2e."
SYK,85527.3,median_model_revenue+employees,sub_industry:Health Care Equipment,6,"Tier 2 Scope 1 ESTIMATE (LSEG median-model style), NOT a disclosure -- see pipeline/tier2_estimation/estimate_tier2.py. Peer group: sub_industry = 'Health Care Equipment' (6 Tier 1 peers with a real Scope 1 value, floor=5). Revenue-based: median peer Scope 1 tCO2e/$ revenue (3.85286e-06) x this company's revenue ($25,837,000,704) = 99,546 tCO2e. Employee-based: median peer Scope 1 tCO2e/employee (1.27693) x this company's employee count (56,000) = 71,508 tCO2e. Final estimate is the average of the available method(s): 85,527 tCO2e.",77246.7,median_model_revenue+employees,sub_industry:Health Care Equipment,5,"Tier 2 Scope 2 ESTIMATE (LSEG median-model style), NOT a disclosure -- see pipeline/tier2_estimation/estimate_tier2.py. Peer group: sub_industry = 'Health Care Equipment' (5 Tier 1 peers with a real Scope 2 value, floor=5). Revenue-based: median peer Scope 2 tCO2e/$ revenue (3.17691e-06) x this company's revenue ($25,837,000,704) = 82,082 tCO2e. Employee-based: median peer Scope 2 tCO2e/employee (1.29306) x this company's employee count (56,000) = 72,412 tCO2e. Final estimate is the average of the available method(s): 77,247 tCO2e."
SMCI,14261.7,median_model_revenue+employees,sector:Information Technology,37,"Tier 2 Scope 1 ESTIMATE (LSEG median-model style), NOT a disclosure -- see pipeline/tier2_estimation/estimate_tier2.py. Peer group: sector = 'Information Technology' (37 Tier 1 peers with a real Scope 1 value, floor=5). Revenue-based: median peer Scope 1 tCO2e/$ revenue (6.23987e-07) x this company's revenue ($39,063,072,768) = 24,375 tCO2e. Employee-based: median peer Scope 1 tCO2e/employee (0.592647) x this company's employee count (7,000) = 4,149 tCO2e. Final estimate is the average of the available method(s): 14,262 tCO2e.",50944.3,median_model_revenue+employees,sector:Information Technology,29,"Tier 2 Scope 2 ESTIMATE (LSEG median-model style), NOT a disclosure -- see pipeline/tier2_estimation/estimate_tier2.py. Peer group: sector = 'Information Technology' (29 Tier 1 peers with a real Scope 2 value, floor=5). Revenue-based: median peer Scope 2 tCO2e/$ revenue (2.34945e-06) x this company's revenue ($39,063,072,768) = 91,777 tCO2e. Employee-based: median peer Scope 2 tCO2e/employee (1.44455) x this company's employee count (7,000) = 10,112 tCO2e. Final estimate is the average of the available method(s): 50,944 tCO2e."
SYF,5779.7,median_model_revenue+employees,sector:Financials,21,"Tier 2 Scope 1 ESTIMATE (LSEG median-model style), NOT a disclosure -- see pipeline/tier2_estimation/estimate_tier2.py. Peer group: sector = 'Financials' (21 Tier 1 peers with a real Scope 1 value, floor=5). Revenue-based: median peer Scope 1 tCO2e/$ revenue (5.36817e-07) x this company's revenue ($9,907,999,744) = 5,319 tCO2e. Employee-based: median peer Scope 1 tCO2e/employee (0.312029) x this company's employee count (20,000) = 6,241 tCO2e. Final estimate is the average of the available method(s): 5,780 tCO2e.",3569.1,median_model_revenue+employees,sector:Financials,17,"Tier 2 Scope 2 ESTIMATE (LSEG median-model style), NOT a disclosure -- see pipeline/tier2_estimation/estimate_tier2.py. Peer group: sector = 'Financials' (17 Tier 1 peers with a real Scope 2 value, floor=5). Revenue-based: median peer Scope 2 tCO2e/$ revenue (1.98278e-07) x this company's revenue ($9,907,999,744) = 1,965 tCO2e. Employee-based: median peer Scope 2 tCO2e/employee (0.25868) x this company's employee count (20,000) = 5,174 tCO2e. Final estimate is the average of the available method(s): 3,569 tCO2e."
TROW,3214.7,median_model_revenue+employees,sector:Financials,21,"Tier 2 Scope 1 ESTIMATE (LSEG median-model style), NOT a disclosure -- see pipeline/tier2_estimation/estimate_tier2.py. Peer group: sector = 'Financials' (21 Tier 1 peers with a real Scope 1 value, floor=5). Revenue-based: median peer Scope 1 tCO2e/$ revenue (5.36817e-07) x this company's revenue ($7,592,000,000) = 4,076 tCO2e. Employee-based: median peer Scope 1 tCO2e/employee (0.312029) x this company's employee count (7,544) = 2,354 tCO2e. Final estimate is the average of the available method(s): 3,215 tCO2e.",1728.4,median_model_revenue+employees,sector:Financials,17,"Tier 2 Scope 2 ESTIMATE (LSEG median-model style), NOT a disclosure -- see pipeline/tier2_estimation/estimate_tier2.py. Peer group: sector = 'Financials' (17 Tier 1 peers with a real Scope 2 value, floor=5). Revenue-based: median peer Scope 2 tCO2e/$ revenue (1.98278e-07) x this company's revenue ($7,592,000,000) = 1,505 tCO2e. Employee-based: median peer Scope 2 tCO2e/employee (0.25868) x this company's employee count (7,544) = 1,951 tCO2e. Final estimate is the average of the available method(s): 1,728 tCO2e."
TTWO,9290.0,median_model_revenue+employees,sector:Communication Services,6,"Tier 2 Scope 1 ESTIMATE (LSEG median-model style), NOT a disclosure -- see pipeline/tier2_estimation/estimate_tier2.py. Peer group: sector = 'Communication Services' (6 Tier 1 peers with a real Scope 1 value, floor=5). Revenue-based: median peer Scope 1 tCO2e/$ revenue (6.73153e-07) x this company's revenue ($6,686,499,840) = 4,501 tCO2e. Employee-based: median peer Scope 1 tCO2e/employee (1.09064) x this company's employee count (12,909) = 14,079 tCO2e. Final estimate is the average of the available method(s): 9,290 tCO2e.",41625.2,median_model_revenue+employees,sector:Communication Services,6,"Tier 2 Scope 2 ESTIMATE (LSEG median-model style), NOT a disclosure -- see pipeline/tier2_estimation/estimate_tier2.py. Peer group: sector = 'Communication Services' (6 Tier 1 peers with a real Scope 2 value, floor=5). Revenue-based: median peer Scope 2 tCO2e/$ revenue (5.2889e-06) x this company's revenue ($6,686,499,840) = 35,364 tCO2e. Employee-based: median peer Scope 2 tCO2e/employee (3.70951) x this company's employee count (12,909) = 47,886 tCO2e. Final estimate is the average of the available method(s): 41,625 tCO2e."
TER,3348.5,median_model_revenue+employees,sector:Information Technology,37,"Tier 2 Scope 1 ESTIMATE (LSEG median-model style), NOT a disclosure -- see pipeline/tier2_estimation/estimate_tier2.py. Peer group: sector = 'Information Technology' (37 Tier 1 peers with a real Scope 1 value, floor=5). Revenue-based: median peer Scope 1 tCO2e/$ revenue (6.23987e-07) x this company's revenue ($4,464,031,232) = 2,785 tCO2e. Employee-based: median peer Scope 1 tCO2e/employee (0.592647) x this company's employee count (6,600) = 3,911 tCO2e. Final estimate is the average of the available method(s): 3,348 tCO2e.",10011.0,median_model_revenue+employees,sector:Information Technology,29,"Tier 2 Scope 2 ESTIMATE (LSEG median-model style), NOT a disclosure -- see pipeline/tier2_estimation/estimate_tier2.py. Peer group: sector = 'Information Technology' (29 Tier 1 peers with a real Scope 2 value, floor=5). Revenue-based: median peer Scope 2 tCO2e/$ revenue (2.34945e-06) x this company's revenue ($4,464,031,232) = 10,488 tCO2e. Employee-based: median peer Scope 2 tCO2e/employee (1.44455) x this company's employee count (6,600) = 9,534 tCO2e. Final estimate is the average of the available method(s): 10,011 tCO2e."
TPL,129249.6,median_model_revenue+employees,sub_industry:Oil & Gas Exploration & Production,6,"Tier 2 Scope 1 ESTIMATE (LSEG median-model style), NOT a disclosure -- see pipeline/tier2_estimation/estimate_tier2.py. Peer group: sub_industry = 'Oil & Gas Exploration & Production' (6 Tier 1 peers with a real Scope 1 value, floor=5). Revenue-based: median peer Scope 1 tCO2e/$ revenue (0.000192331) x this company's revenue ($897,540,992) = 172,625 tCO2e. Employee-based: median peer Scope 1 tCO2e/employee (753.284) x this company's employee count (114) = 85,874 tCO2e. Final estimate is the average of the available method(s): 129,250 tCO2e.",15670.0,median_model_revenue+employees,sector:Energy,6,"Tier 2 Scope 2 ESTIMATE (LSEG median-model style), NOT a disclosure -- see pipeline/tier2_estimation/estimate_tier2.py. Peer group: sector = 'Energy' (6 Tier 1 peers with a real Scope 2 value, floor=5). Revenue-based: median peer Scope 2 tCO2e/$ revenue (1.7615e-05) x this company's revenue ($897,540,992) = 15,810 tCO2e. Employee-based: median peer Scope 2 tCO2e/employee (136.226) x this company's employee count (114) = 15,530 tCO2e. Final estimate is the average of the available method(s): 15,670 tCO2e."
TKO,3965.8,median_model_revenue+employees,sector:Communication Services,6,"Tier 2 Scope 1 ESTIMATE (LSEG median-model style), NOT a disclosure -- see pipeline/tier2_estimation/estimate_tier2.py. Peer group: sector = 'Communication Services' (6 Tier 1 peers with a real Scope 1 value, floor=5). Revenue-based: median peer Scope 1 tCO2e/$ revenue (6.73153e-07) x this company's revenue ($5,301,862,912) = 3,569 tCO2e. Employee-based: median peer Scope 1 tCO2e/employee (1.09064) x this company's employee count (4,000) = 4,363 tCO2e. Final estimate is the average of the available method(s): 3,966 tCO2e.",21439.5,median_model_revenue+employees,sector:Communication Services,6,"Tier 2 Scope 2 ESTIMATE (LSEG median-model style), NOT a disclosure -- see pipeline/tier2_estimation/estimate_tier2.py. Peer group: sector = 'Communication Services' (6 Tier 1 peers with a real Scope 2 value, floor=5). Revenue-based: median peer Scope 2 tCO2e/$ revenue (5.2889e-06) x this company's revenue ($5,301,862,912) = 28,041 tCO2e. Employee-based: median peer Scope 2 tCO2e/employee (3.70951) x this company's employee count (4,000) = 14,838 tCO2e. Final estimate is the average of the available method(s): 21,440 tCO2e."
TTD,3102.1,median_model_revenue+employees,sector:Communication Services,6,"Tier 2 Scope 1 ESTIMATE (LSEG median-model style), NOT a disclosure -- see pipeline/tier2_estimation/estimate_tier2.py. Peer group: sector = 'Communication Services' (6 Tier 1 peers with a real Scope 1 value, floor=5). Revenue-based: median peer Scope 1 tCO2e/$ revenue (6.73153e-07) x this company's revenue ($2,990,138,112) = 2,013 tCO2e. Employee-based: median peer Scope 1 tCO2e/employee (1.09064) x this company's employee count (3,843) = 4,191 tCO2e. Final estimate is the average of the available method(s): 3,102 tCO2e.",15035.1,median_model_revenue+employees,sector:Communication Services,6,"Tier 2 Scope 2 ESTIMATE (LSEG median-model style), NOT a disclosure -- see pipeline/tier2_estimation/estimate_tier2.py. Peer group: sector = 'Communication Services' (6 Tier 1 peers with a real Scope 2 value, floor=5). Revenue-based: median peer Scope 2 tCO2e/$ revenue (5.2889e-06) x this company's revenue ($2,990,138,112) = 15,815 tCO2e. Employee-based: median peer Scope 2 tCO2e/employee (3.70951) x this company's employee count (3,843) = 14,256 tCO2e. Final estimate is the average of the available method(s): 15,035 tCO2e."
TDG,27303.1,median_model_revenue+employees,sub_industry:Aerospace & Defense,9,"Tier 2 Scope 1 ESTIMATE (LSEG median-model style), NOT a disclosure -- see pipeline/tier2_estimation/estimate_tier2.py. Peer group: sub_industry = 'Aerospace & Defense' (9 Tier 1 peers with a real Scope 1 value, floor=5). Revenue-based: median peer Scope 1 tCO2e/$ revenue (3.63289e-06) x this company's revenue ($10,005,999,616) = 36,351 tCO2e. Employee-based: median peer Scope 1 tCO2e/employee (1.1064) x this company's employee count (16,500) = 18,256 tCO2e. Final estimate is the average of the available method(s): 27,303 tCO2e.",77526.8,median_model_revenue+employees,sector:Industrials,28,"Tier 2 Scope 2 ESTIMATE (LSEG median-model style), NOT a disclosure -- see pipeline/tier2_estimation/estimate_tier2.py. Peer group: sector = 'Industrials' (28 Tier 1 peers with a real Scope 2 value, floor=5). Revenue-based: median peer Scope 2 tCO2e/$ revenue (9.89188e-06) x this company's revenue ($10,005,999,616) = 98,978 tCO2e. Employee-based: median peer Scope 2 tCO2e/employee (3.39852) x this company's employee count (16,500) = 56,076 tCO2e. Final estimate is the average of the available method(s): 77,527 tCO2e."
TRV,18450.9,median_model_revenue+employees,sector:Financials,21,"Tier 2 Scope 1 ESTIMATE (LSEG median-model style), NOT a disclosure -- see pipeline/tier2_estimation/estimate_tier2.py. Peer group: sector = 'Financials' (21 Tier 1 peers with a real Scope 1 value, floor=5). Revenue-based: median peer Scope 1 tCO2e/$ revenue (5.36817e-07) x this company's revenue ($48,979,001,344) = 26,293 tCO2e. Employee-based: median peer Scope 1 tCO2e/employee (0.312029) x this company's employee count (34,000) = 10,609 tCO2e. Final estimate is the average of the available method(s): 18,451 tCO2e.",9253.3,median_model_revenue+employees,sector:Financials,17,"Tier 2 Scope 2 ESTIMATE (LSEG median-model style), NOT a disclosure -- see pipeline/tier2_estimation/estimate_tier2.py. Peer group: sector = 'Financials' (17 Tier 1 peers with a real Scope 2 value, floor=5). Revenue-based: median peer Scope 2 tCO2e/$ revenue (1.98278e-07) x this company's revenue ($48,979,001,344) = 9,711 tCO2e. Employee-based: median peer Scope 2 tCO2e/employee (0.25868) x this company's employee count (34,000) = 8,795 tCO2e. Final estimate is the average of the available method(s): 9,253 tCO2e."
TRMB,1555.2,median_model_revenue+employees,sub_industry:Application Software,7,"Tier 2 Scope 1 ESTIMATE (LSEG median-model style), NOT a disclosure -- see pipeline/tier2_estimation/estimate_tier2.py. Peer group: sub_industry = 'Application Software' (7 Tier 1 peers with a real Scope 1 value, floor=5). Revenue-based: median peer Scope 1 tCO2e/$ revenue (2.60656e-07) x this company's revenue ($3,782,899,968) = 986 tCO2e. Employee-based: median peer Scope 1 tCO2e/employee (0.18472) x this company's employee count (11,500) = 2,124 tCO2e. Final estimate is the average of the available method(s): 1,555 tCO2e.",5927.1,median_model_revenue+employees,sub_industry:Application Software,7,"Tier 2 Scope 2 ESTIMATE (LSEG median-model style), NOT a disclosure -- see pipeline/tier2_estimation/estimate_tier2.py. Peer group: sub_industry = 'Application Software' (7 Tier 1 peers with a real Scope 2 value, floor=5). Revenue-based: median peer Scope 2 tCO2e/$ revenue (9.10231e-07) x this company's revenue ($3,782,899,968) = 3,443 tCO2e. Employee-based: median peer Scope 2 tCO2e/employee (0.731378) x this company's employee count (11,500) = 8,411 tCO2e. Final estimate is the average of the available method(s): 5,927 tCO2e."
TYL,1044.4,median_model_revenue+employees,sub_industry:Application Software,7,"Tier 2 Scope 1 ESTIMATE (LSEG median-model style), NOT a disclosure -- see pipeline/tier2_estimation/estimate_tier2.py. Peer group: sub_industry = 'Application Software' (7 Tier 1 peers with a real Scope 1 value, floor=5). Revenue-based: median peer Scope 1 tCO2e/$ revenue (2.60656e-07) x this company's revenue ($2,429,657,088) = 633 tCO2e. Employee-based: median peer Scope 1 tCO2e/employee (0.18472) x this company's employee count (7,879) = 1,455 tCO2e. Final estimate is the average of the available method(s): 1,044 tCO2e.",3987.0,median_model_revenue+employees,sub_industry:Application Software,7,"Tier 2 Scope 2 ESTIMATE (LSEG median-model style), NOT a disclosure -- see pipeline/tier2_estimation/estimate_tier2.py. Peer group: sub_industry = 'Application Software' (7 Tier 1 peers with a real Scope 2 value, floor=5). Revenue-based: median peer Scope 2 tCO2e/$ revenue (9.10231e-07) x this company's revenue ($2,429,657,088) = 2,212 tCO2e. Employee-based: median peer Scope 2 tCO2e/employee (0.731378) x this company's employee count (7,879) = 5,763 tCO2e. Final estimate is the average of the available method(s): 3,987 tCO2e."
VLO,,,,,,1832864.9,median_model_revenue+employees,sector:Energy,6,"Tier 2 Scope 2 ESTIMATE (LSEG median-model style), NOT a disclosure -- see pipeline/tier2_estimation/estimate_tier2.py. Peer group: sector = 'Energy' (6 Tier 1 peers with a real Scope 2 value, floor=5). Revenue-based: median peer Scope 2 tCO2e/$ revenue (1.7615e-05) x this company's revenue ($132,429,996,032) = 2,332,755 tCO2e. Employee-based: median peer Scope 2 tCO2e/employee (136.226) x this company's employee count (9,785) = 1,332,975 tCO2e. Final estimate is the average of the available method(s): 1,832,865 tCO2e."
VTRS,,,,,,52938.3,median_model_revenue+employees,sector:Health Care,18,"Tier 2 Scope 2 ESTIMATE (LSEG median-model style), NOT a disclosure -- see pipeline/tier2_estimation/estimate_tier2.py. Peer group: sector = 'Health Care' (18 Tier 1 peers with a real Scope 2 value, floor=5). Revenue-based: median peer Scope 2 tCO2e/$ revenue (3.19915e-06) x this company's revenue ($14,737,300,480) = 47,147 tCO2e. Employee-based: median peer Scope 2 tCO2e/employee (1.95766) x this company's employee count (30,000) = 58,730 tCO2e. Final estimate is the average of the available method(s): 52,938 tCO2e."
VST,,,,,,136960.4,median_model_revenue+employees,sector:Utilities,10,"Tier 2 Scope 2 ESTIMATE (LSEG median-model style), NOT a disclosure -- see pipeline/tier2_estimation/estimate_tier2.py. Peer group: sector = 'Utilities' (10 Tier 1 peers with a real Scope 2 value, floor=5). Revenue-based: median peer Scope 2 tCO2e/$ revenue (9.6601e-06) x this company's revenue ($19,211,999,232) = 185,590 tCO2e. Employee-based: median peer Scope 2 tCO2e/employee (13.8233) x this company's employee count (6,390) = 88,331 tCO2e. Final estimate is the average of the available method(s): 136,960 tCO2e."
WM,,,,,,229752.6,median_model_revenue+employees,sector:Industrials,28,"Tier 2 Scope 2 ESTIMATE (LSEG median-model style), NOT a disclosure -- see pipeline/tier2_estimation/estimate_tier2.py. Peer group: sector = 'Industrials' (28 Tier 1 peers with a real Scope 2 value, floor=5). Revenue-based: median peer Scope 2 tCO2e/$ revenue (9.89188e-06) x this company's revenue ($25,667,000,320) = 253,895 tCO2e. Employee-based: median peer Scope 2 tCO2e/employee (3.39852) x this company's employee count (60,500) = 205,610 tCO2e. Final estimate is the average of the available method(s): 229,753 tCO2e."
WEC,,,,,,97345.8,median_model_revenue+employees,sector:Utilities,10,"Tier 2 Scope 2 ESTIMATE (LSEG median-model style), NOT a disclosure -- see pipeline/tier2_estimation/estimate_tier2.py. Peer group: sector = 'Utilities' (10 Tier 1 peers with a real Scope 2 value, floor=5). Revenue-based: median peer Scope 2 tCO2e/$ revenue (9.6601e-06) x this company's revenue ($10,137,400,320) = 97,928 tCO2e. Employee-based: median peer Scope 2 tCO2e/employee (13.8233) x this company's employee count (7,000) = 96,763 tCO2e. Final estimate is the average of the available method(s): 97,346 tCO2e."
WY,,,,,,1014987.5,median_model_revenue+employees,sector:Real Estate,7,"Tier 2 Scope 2 ESTIMATE (LSEG median-model style), NOT a disclosure -- see pipeline/tier2_estimation/estimate_tier2.py. Peer group: sector = 'Real Estate' (7 Tier 1 peers with a real Scope 2 value, floor=5). Revenue-based: median peer Scope 2 tCO2e/$ revenue (7.54576e-06) x this company's revenue ($6,851,999,744) = 51,704 tCO2e. Employee-based: median peer Scope 2 tCO2e/employee (208.239) x this company's employee count (9,500) = 1,978,271 tCO2e. Final estimate is the average of the available method(s): 1,014,988 tCO2e."
XEL,,,,,,150315.1,median_model_revenue+employees,sector:Utilities,10,"Tier 2 Scope 2 ESTIMATE (LSEG median-model style), NOT a disclosure -- see pipeline/tier2_estimation/estimate_tier2.py. Peer group: sector = 'Utilities' (10 Tier 1 peers with a real Scope 2 value, floor=5). Revenue-based: median peer Scope 2 tCO2e/$ revenue (9.6601e-06) x this company's revenue ($14,616,000,512) = 141,192 tCO2e. Employee-based: median peer Scope 2 tCO2e/employee (13.8233) x this company's employee count (11,534) = 159,438 tCO2e. Final estimate is the average of the available method(s): 150,315 tCO2e."
UBER,266805.6,median_model_revenue+employees,sector:Industrials,40,"Tier 2 Scope 1 ESTIMATE (LSEG median-model style), NOT a disclosure -- see pipeline/tier2_estimation/estimate_tier2.py. Peer group: sector = 'Industrials' (40 Tier 1 peers with a real Scope 1 value, floor=5). Revenue-based: median peer Scope 1 tCO2e/$ revenue (6.94524e-06) x this company's revenue ($55,226,998,784) = 383,565 tCO2e. Employee-based: median peer Scope 1 tCO2e/employee (4.09963) x this company's employee count (36,600) = 150,046 tCO2e. Final estimate is the average of the available method(s): 266,806 tCO2e.",335342.2,median_model_revenue+employees,sector:Industrials,28,"Tier 2 Scope 2 ESTIMATE (LSEG median-model style), NOT a disclosure -- see pipeline/tier2_estimation/estimate_tier2.py. Peer group: sector = 'Industrials' (28 Tier 1 peers with a real Scope 2 value, floor=5). Revenue-based: median peer Scope 2 tCO2e/$ revenue (9.89188e-06) x this company's revenue ($55,226,998,784) = 546,299 tCO2e. Employee-based: median peer Scope 2 tCO2e/employee (3.39852) x this company's employee count (36,600) = 124,386 tCO2e. Final estimate is the average of the available method(s): 335,342 tCO2e."
UDR,7925.8,median_model_revenue+employees,sector:Real Estate,8,"Tier 2 Scope 1 ESTIMATE (LSEG median-model style), NOT a disclosure -- see pipeline/tier2_estimation/estimate_tier2.py. Peer group: sector = 'Real Estate' (8 Tier 1 peers with a real Scope 1 value, floor=5). Revenue-based: median peer Scope 1 tCO2e/$ revenue (5.49255e-06) x this company's revenue ($1,766,329,984) = 9,702 tCO2e. Employee-based: median peer Scope 1 tCO2e/employee (4.331) x this company's employee count (1,420) = 6,150 tCO2e. Final estimate is the average of the available method(s): 7,926 tCO2e.",154513.9,median_model_revenue+employees,sector:Real Estate,7,"Tier 2 Scope 2 ESTIMATE (LSEG median-model style), NOT a disclosure -- see pipeline/tier2_estimation/estimate_tier2.py. Peer group: sector = 'Real Estate' (7 Tier 1 peers with a real Scope 2 value, floor=5). Revenue-based: median peer Scope 2 tCO2e/$ revenue (7.54576e-06) x this company's revenue ($1,766,329,984) = 13,328 tCO2e. Employee-based: median peer Scope 2 tCO2e/employee (208.239) x this company's employee count (1,420) = 295,700 tCO2e. Final estimate is the average of the available method(s): 154,514 tCO2e."
ULTA,37537.2,median_model_revenue+employees,sector:Consumer Discretionary,21,"Tier 2 Scope 1 ESTIMATE (LSEG median-model style), NOT a disclosure -- see pipeline/tier2_estimation/estimate_tier2.py. Peer group: sector = 'Consumer Discretionary' (21 Tier 1 peers with a real Scope 1 value, floor=5). Revenue-based: median peer Scope 1 tCO2e/$ revenue (3.71647e-06) x this company's revenue ($12,955,516,928) = 48,149 tCO2e. Employee-based: median peer Scope 1 tCO2e/employee (1.25926) x this company's employee count (21,382) = 26,925 tCO2e. Final estimate is the average of the available method(s): 37,537 tCO2e.",62199.7,median_model_revenue+employees,sector:Consumer Discretionary,18,"Tier 2 Scope 2 ESTIMATE (LSEG median-model style), NOT a disclosure -- see pipeline/tier2_estimation/estimate_tier2.py. Peer group: sector = 'Consumer Discretionary' (18 Tier 1 peers with a real Scope 2 value, floor=5). Revenue-based: median peer Scope 2 tCO2e/$ revenue (6.64506e-06) x this company's revenue ($12,955,516,928) = 86,090 tCO2e. Employee-based: median peer Scope 2 tCO2e/employee (1.79165) x this company's employee count (21,382) = 38,309 tCO2e. Final estimate is the average of the available method(s): 62,200 tCO2e."
UAL,459288.1,median_model_revenue+employees,sector:Industrials,40,"Tier 2 Scope 1 ESTIMATE (LSEG median-model style), NOT a disclosure -- see pipeline/tier2_estimation/estimate_tier2.py. Peer group: sector = 'Industrials' (40 Tier 1 peers with a real Scope 1 value, floor=5). Revenue-based: median peer Scope 1 tCO2e/$ revenue (6.94524e-06) x this company's revenue ($62,902,001,664) = 436,870 tCO2e. Employee-based: median peer Scope 1 tCO2e/employee (4.09963) x this company's employee count (117,500) = 481,707 tCO2e. Final estimate is the average of the available method(s): 459,288 tCO2e.",510772.3,median_model_revenue+employees,sector:Industrials,28,"Tier 2 Scope 2 ESTIMATE (LSEG median-model style), NOT a disclosure -- see pipeline/tier2_estimation/estimate_tier2.py. Peer group: sector = 'Industrials' (28 Tier 1 peers with a real Scope 2 value, floor=5). Revenue-based: median peer Scope 2 tCO2e/$ revenue (9.89188e-06) x this company's revenue ($62,902,001,664) = 622,219 tCO2e. Employee-based: median peer Scope 2 tCO2e/employee (3.39852) x this company's employee count (117,500) = 399,326 tCO2e. Final estimate is the average of the available method(s): 510,772 tCO2e."
UPS,1255207.8,median_model_revenue+employees,sector:Industrials,40,"Tier 2 Scope 1 ESTIMATE (LSEG median-model style), NOT a disclosure -- see pipeline/tier2_estimation/estimate_tier2.py. Peer group: sector = 'Industrials' (40 Tier 1 peers with a real Scope 1 value, floor=5). Revenue-based: median peer Scope 1 tCO2e/$ revenue (6.94524e-06) x this company's revenue ($89,929,998,336) = 624,585 tCO2e. Employee-based: median peer Scope 1 tCO2e/employee (4.09963) x this company's employee count (460,000) = 1,885,830 tCO2e. Final estimate is the average of the available method(s): 1,255,208 tCO2e.",1226447.4,median_model_revenue+employees,sector:Industrials,28,"Tier 2 Scope 2 ESTIMATE (LSEG median-model style), NOT a disclosure -- see pipeline/tier2_estimation/estimate_tier2.py. Peer group: sector = 'Industrials' (28 Tier 1 peers with a real Scope 2 value, floor=5). Revenue-based: median peer Scope 2 tCO2e/$ revenue (9.89188e-06) x this company's revenue ($89,929,998,336) = 889,576 tCO2e. Employee-based: median peer Scope 2 tCO2e/employee (3.39852) x this company's employee count (460,000) = 1,563,318 tCO2e. Final estimate is the average of the available method(s): 1,226,447 tCO2e."
URI,116870.9,median_model_revenue+employees,sector:Industrials,40,"Tier 2 Scope 1 ESTIMATE (LSEG median-model style), NOT a disclosure -- see pipeline/tier2_estimation/estimate_tier2.py. Peer group: sector = 'Industrials' (40 Tier 1 peers with a real Scope 1 value, floor=5). Revenue-based: median peer Scope 1 tCO2e/$ revenue (6.94524e-06) x this company's revenue ($16,832,000,000) = 116,902 tCO2e. Employee-based: median peer Scope 1 tCO2e/employee (4.09963) x this company's employee count (28,500) = 116,839 tCO2e. Final estimate is the average of the available method(s): 116,871 tCO2e.",131678.9,median_model_revenue+employees,sector:Industrials,28,"Tier 2 Scope 2 ESTIMATE (LSEG median-model style), NOT a disclosure -- see pipeline/tier2_estimation/estimate_tier2.py. Peer group: sector = 'Industrials' (28 Tier 1 peers with a real Scope 2 value, floor=5). Revenue-based: median peer Scope 2 tCO2e/$ revenue (9.89188e-06) x this company's revenue ($16,832,000,000) = 166,500 tCO2e. Employee-based: median peer Scope 2 tCO2e/employee (3.39852) x this company's employee count (28,500) = 96,858 tCO2e. Final estimate is the average of the available method(s): 131,679 tCO2e."
UHS,128110.2,median_model_revenue+employees,sector:Health Care,25,"Tier 2 Scope 1 ESTIMATE (LSEG median-model style), NOT a disclosure -- see pipeline/tier2_estimation/estimate_tier2.py. Peer group: sector = 'Health Care' (25 Tier 1 peers with a real Scope 1 value, floor=5). Revenue-based: median peer Scope 1 tCO2e/$ revenue (3.54491e-06) x this company's revenue ($18,114,486,272) = 64,214 tCO2e. Employee-based: median peer Scope 1 tCO2e/employee (1.88241) x this company's employee count (102,000) = 192,006 tCO2e. Final estimate is the average of the available method(s): 128,110 tCO2e.",128816.0,median_model_revenue+employees,sector:Health Care,18,"Tier 2 Scope 2 ESTIMATE (LSEG median-model style), NOT a disclosure -- see pipeline/tier2_estimation/estimate_tier2.py. Peer group: sector = 'Health Care' (18 Tier 1 peers with a real Scope 2 value, floor=5). Revenue-based: median peer Scope 2 tCO2e/$ revenue (3.19915e-06) x this company's revenue ($18,114,486,272) = 57,951 tCO2e. Employee-based: median peer Scope 2 tCO2e/employee (1.95766) x this company's employee count (102,000) = 199,681 tCO2e. Final estimate is the average of the available method(s): 128,816 tCO2e."
VEEV,13591.2,median_model_revenue+employees,sector:Health Care,25,"Tier 2 Scope 1 ESTIMATE (LSEG median-model style), NOT a disclosure -- see pipeline/tier2_estimation/estimate_tier2.py. Peer group: sector = 'Health Care' (25 Tier 1 peers with a real Scope 1 value, floor=5). Revenue-based: median peer Scope 1 tCO2e/$ revenue (3.54491e-06) x this company's revenue ($3,458,097,920) = 12,259 tCO2e. Employee-based: median peer Scope 1 tCO2e/employee (1.88241) x this company's employee count (7,928) = 14,924 tCO2e. Final estimate is the average of the available method(s): 13,591 tCO2e.",13291.6,median_model_revenue+employees,sector:Health Care,18,"Tier 2 Scope 2 ESTIMATE (LSEG median-model style), NOT a disclosure -- see pipeline/tier2_estimation/estimate_tier2.py. Peer group: sector = 'Health Care' (18 Tier 1 peers with a real Scope 2 value, floor=5). Revenue-based: median peer Scope 2 tCO2e/$ revenue (3.19915e-06) x this company's revenue ($3,458,097,920) = 11,063 tCO2e. Employee-based: median peer Scope 2 tCO2e/employee (1.95766) x this company's employee count (7,928) = 15,520 tCO2e. Final estimate is the average of the available method(s): 13,292 tCO2e."
VLTO,54626.9,median_model_revenue+employees,sector:Industrials,40,"Tier 2 Scope 1 ESTIMATE (LSEG median-model style), NOT a disclosure -- see pipeline/tier2_estimation/estimate_tier2.py. Peer group: sector = 'Industrials' (40 Tier 1 peers with a real Scope 1 value, floor=5). Revenue-based: median peer Scope 1 tCO2e/$ revenue (6.94524e-06) x this company's revenue ($5,696,000,000) = 39,560 tCO2e. Employee-based: median peer Scope 1 tCO2e/employee (4.09963) x this company's employee count (17,000) = 69,694 tCO2e. Final estimate is the average of the available method(s): 54,627 tCO2e.",57059.5,median_model_revenue+employees,sector:Industrials,28,"Tier 2 Scope 2 ESTIMATE (LSEG median-model style), NOT a disclosure -- see pipeline/tier2_estimation/estimate_tier2.py. Peer group: sector = 'Industrials' (28 Tier 1 peers with a real Scope 2 value, floor=5). Revenue-based: median peer Scope 2 tCO2e/$ revenue (9.89188e-06) x this company's revenue ($5,696,000,000) = 56,344 tCO2e. Employee-based: median peer Scope 2 tCO2e/employee (3.39852) x this company's employee count (17,000) = 57,775 tCO2e. Final estimate is the average of the available method(s): 57,059 tCO2e."
VRSN,807.2,median_model_revenue+employees,sector:Information Technology,37,"Tier 2 Scope 1 ESTIMATE (LSEG median-model style), NOT a disclosure -- see pipeline/tier2_estimation/estimate_tier2.py. Peer group: sector = 'Information Technology' (37 Tier 1 peers with a real Scope 1 value, floor=5). Revenue-based: median peer Scope 1 tCO2e/$ revenue (6.23987e-07) x this company's revenue ($1,707,900,032) = 1,066 tCO2e. Employee-based: median peer Scope 1 tCO2e/employee (0.592647) x this company's employee count (926) = 549 tCO2e. Final estimate is the average of the available method(s): 807 tCO2e.",2675.1,median_model_revenue+employees,sector:Information Technology,29,"Tier 2 Scope 2 ESTIMATE (LSEG median-model style), NOT a disclosure -- see pipeline/tier2_estimation/estimate_tier2.py. Peer group: sector = 'Information Technology' (29 Tier 1 peers with a real Scope 2 value, floor=5). Revenue-based: median peer Scope 2 tCO2e/$ revenue (2.34945e-06) x this company's revenue ($1,707,900,032) = 4,013 tCO2e. Employee-based: median peer Scope 2 tCO2e/employee (1.44455) x this company's employee count (926) = 1,338 tCO2e. Final estimate is the average of the available method(s): 2,675 tCO2e."
VRSK,27288.7,median_model_revenue+employees,sector:Industrials,40,"Tier 2 Scope 1 ESTIMATE (LSEG median-model style), NOT a disclosure -- see pipeline/tier2_estimation/estimate_tier2.py. Peer group: sector = 'Industrials' (40 Tier 1 peers with a real Scope 1 value, floor=5). Revenue-based: median peer Scope 1 tCO2e/$ revenue (6.94524e-06) x this company's revenue ($3,136,000,000) = 21,780 tCO2e. Employee-based: median peer Scope 1 tCO2e/employee (4.09963) x this company's employee count (8,000) = 32,797 tCO2e. Final estimate is the average of the available method(s): 27,289 tCO2e.",29104.5,median_model_revenue+employees,sector:Industrials,28,"Tier 2 Scope 2 ESTIMATE (LSEG median-model style), NOT a disclosure -- see pipeline/tier2_estimation/estimate_tier2.py. Peer group: sector = 'Industrials' (28 Tier 1 peers with a real Scope 2 value, floor=5). Revenue-based: median peer Scope 2 tCO2e/$ revenue (9.89188e-06) x this company's revenue ($3,136,000,000) = 31,021 tCO2e. Employee-based: median peer Scope 2 tCO2e/employee (3.39852) x this company's employee count (8,000) = 27,188 tCO2e. Final estimate is the average of the available method(s): 29,105 tCO2e."
VZ,99971.8,median_model_revenue+employees,sector:Communication Services,6,"Tier 2 Scope 1 ESTIMATE (LSEG median-model style), NOT a disclosure -- see pipeline/tier2_estimation/estimate_tier2.py. Peer group: sector = 'Communication Services' (6 Tier 1 peers with a real Scope 1 value, floor=5). Revenue-based: median peer Scope 1 tCO2e/$ revenue (6.73153e-07) x this company's revenue ($138,894,999,552) = 93,498 tCO2e. Employee-based: median peer Scope 1 tCO2e/employee (1.09064) x this company's employee count (97,600) = 106,446 tCO2e. Final estimate is the average of the available method(s): 99,972 tCO2e.",548325.1,median_model_revenue+employees,sector:Communication Services,6,"Tier 2 Scope 2 ESTIMATE (LSEG median-model style), NOT a disclosure -- see pipeline/tier2_estimation/estimate_tier2.py. Peer group: sector = 'Communication Services' (6 Tier 1 peers with a real Scope 2 value, floor=5). Revenue-based: median peer Scope 2 tCO2e/$ revenue (5.2889e-06) x this company's revenue ($138,894,999,552) = 734,602 tCO2e. Employee-based: median peer Scope 2 tCO2e/employee (3.70951) x this company's employee count (97,600) = 362,048 tCO2e. Final estimate is the average of the available method(s): 548,325 tCO2e."
VRTX,28334.0,median_model_revenue+employees,sector:Health Care,25,"Tier 2 Scope 1 ESTIMATE (LSEG median-model style), NOT a disclosure -- see pipeline/tier2_estimation/estimate_tier2.py. Peer group: sector = 'Health Care' (25 Tier 1 peers with a real Scope 1 value, floor=5). Revenue-based: median peer Scope 1 tCO2e/$ revenue (3.54491e-06) x this company's revenue ($12,587,200,512) = 44,620 tCO2e. Employee-based: median peer Scope 1 tCO2e/employee (1.88241) x this company's employee count (6,400) = 12,047 tCO2e. Final estimate is the average of the available method(s): 28,334 tCO2e.",26398.7,median_model_revenue+employees,sector:Health Care,18,"Tier 2 Scope 2 ESTIMATE (LSEG median-model style), NOT a disclosure -- see pipeline/tier2_estimation/estimate_tier2.py. Peer group: sector = 'Health Care' (18 Tier 1 peers with a real Scope 2 value, floor=5). Revenue-based: median peer Scope 2 tCO2e/$ revenue (3.19915e-06) x this company's revenue ($12,587,200,512) = 40,268 tCO2e. Employee-based: median peer Scope 2 tCO2e/employee (1.95766) x this company's employee count (6,400) = 12,529 tCO2e. Final estimate is the average of the available method(s): 26,399 tCO2e."
VRT,109558.0,median_model_revenue+employees,sector:Industrials,40,"Tier 2 Scope 1 ESTIMATE (LSEG median-model style), NOT a disclosure -- see pipeline/tier2_estimation/estimate_tier2.py. Peer group: sector = 'Industrials' (40 Tier 1 peers with a real Scope 1 value, floor=5). Revenue-based: median peer Scope 1 tCO2e/$ revenue (6.94524e-06) x this company's revenue ($11,479,600,128) = 79,729 tCO2e. Employee-based: median peer Scope 1 tCO2e/employee (4.09963) x this company's employee count (34,000) = 139,387 tCO2e. Final estimate is the average of the available method(s): 109,558 tCO2e.",114552.2,median_model_revenue+employees,sector:Industrials,28,"Tier 2 Scope 2 ESTIMATE (LSEG median-model style), NOT a disclosure -- see pipeline/tier2_estimation/estimate_tier2.py. Peer group: sector = 'Industrials' (28 Tier 1 peers with a real Scope 2 value, floor=5). Revenue-based: median peer Scope 2 tCO2e/$ revenue (9.89188e-06) x this company's revenue ($11,479,600,128) = 113,555 tCO2e. Employee-based: median peer Scope 2 tCO2e/employee (3.39852) x this company's employee count (34,000) = 115,550 tCO2e. Final estimate is the average of the available method(s): 114,552 tCO2e."
VICI,11313.8,median_model_revenue+employees,sector:Real Estate,8,"Tier 2 Scope 1 ESTIMATE (LSEG median-model style), NOT a disclosure -- see pipeline/tier2_estimation/estimate_tier2.py. Peer group: sector = 'Real Estate' (8 Tier 1 peers with a real Scope 1 value, floor=5). Revenue-based: median peer Scope 1 tCO2e/$ revenue (5.49255e-06) x this company's revenue ($4,097,604,096) = 22,506 tCO2e. Employee-based: median peer Scope 1 tCO2e/employee (4.331) x this company's employee count (28) = 121 tCO2e. Final estimate is the average of the available method(s): 11,314 tCO2e.",18375.1,median_model_revenue+employees,sector:Real Estate,7,"Tier 2 Scope 2 ESTIMATE (LSEG median-model style), NOT a disclosure -- see pipeline/tier2_estimation/estimate_tier2.py. Peer group: sector = 'Real Estate' (7 Tier 1 peers with a real Scope 2 value, floor=5). Revenue-based: median peer Scope 2 tCO2e/$ revenue (7.54576e-06) x this company's revenue ($4,097,604,096) = 30,920 tCO2e. Employee-based: median peer Scope 2 tCO2e/employee (208.239) x this company's employee count (28) = 5,831 tCO2e. Final estimate is the average of the available method(s): 18,375 tCO2e."
VMC,1655781.8,median_model_revenue+employees,sector:Materials,19,"Tier 2 Scope 1 ESTIMATE (LSEG median-model style), NOT a disclosure -- see pipeline/tier2_estimation/estimate_tier2.py. Peer group: sector = 'Materials' (19 Tier 1 peers with a real Scope 1 value, floor=5). Revenue-based: median peer Scope 1 tCO2e/$ revenue (0.000159601) x this company's revenue ($8,115,800,064) = 1,295,293 tCO2e. Employee-based: median peer Scope 1 tCO2e/employee (174.599) x this company's employee count (11,548) = 2,016,271 tCO2e. Final estimate is the average of the available method(s): 1,655,782 tCO2e.",934304.7,median_model_revenue+employees,sector:Materials,9,"Tier 2 Scope 2 ESTIMATE (LSEG median-model style), NOT a disclosure -- see pipeline/tier2_estimation/estimate_tier2.py. Peer group: sector = 'Materials' (9 Tier 1 peers with a real Scope 2 value, floor=5). Revenue-based: median peer Scope 2 tCO2e/$ revenue (0.000101463) x this company's revenue ($8,115,800,064) = 823,455 tCO2e. Employee-based: median peer Scope 2 tCO2e/employee (90.5052) x this company's employee count (11,548) = 1,045,154 tCO2e. Final estimate is the average of the available method(s): 934,305 tCO2e."
WRB,5371.8,median_model_revenue+employees,sector:Financials,21,"Tier 2 Scope 1 ESTIMATE (LSEG median-model style), NOT a disclosure -- see pipeline/tier2_estimation/estimate_tier2.py. Peer group: sector = 'Financials' (21 Tier 1 peers with a real Scope 1 value, floor=5). Revenue-based: median peer Scope 1 tCO2e/$ revenue (5.36817e-07) x this company's revenue ($14,896,102,400) = 7,996 tCO2e. Employee-based: median peer Scope 1 tCO2e/employee (0.312029) x this company's employee count (8,804) = 2,747 tCO2e. Final estimate is the average of the available method(s): 5,372 tCO2e.",2615.5,median_model_revenue+employees,sector:Financials,17,"Tier 2 Scope 2 ESTIMATE (LSEG median-model style), NOT a disclosure -- see pipeline/tier2_estimation/estimate_tier2.py. Peer group: sector = 'Financials' (17 Tier 1 peers with a real Scope 2 value, floor=5). Revenue-based: median peer Scope 2 tCO2e/$ revenue (1.98278e-07) x this company's revenue ($14,896,102,400) = 2,954 tCO2e. Employee-based: median peer Scope 2 tCO2e/employee (0.25868) x this company's employee count (8,804) = 2,277 tCO2e. Final estimate is the average of the available method(s): 2,615 tCO2e."
WAB,105146.3,median_model_revenue+employees,sector:Industrials,40,"Tier 2 Scope 1 ESTIMATE (LSEG median-model style), NOT a disclosure -- see pipeline/tier2_estimation/estimate_tier2.py. Peer group: sector = 'Industrials' (40 Tier 1 peers with a real Scope 1 value, floor=5). Revenue-based: median peer Scope 1 tCO2e/$ revenue (6.94524e-06) x this company's revenue ($11,980,000,256) = 83,204 tCO2e. Employee-based: median peer Scope 1 tCO2e/employee (4.09963) x this company's employee count (31,000) = 127,089 tCO2e. Final estimate is the average of the available method(s): 105,146 tCO2e.",111929.4,median_model_revenue+employees,sector:Industrials,28,"Tier 2 Scope 2 ESTIMATE (LSEG median-model style), NOT a disclosure -- see pipeline/tier2_estimation/estimate_tier2.py. Peer group: sector = 'Industrials' (28 Tier 1 peers with a real Scope 2 value, floor=5). Revenue-based: median peer Scope 2 tCO2e/$ revenue (9.89188e-06) x this company's revenue ($11,980,000,256) = 118,505 tCO2e. Employee-based: median peer Scope 2 tCO2e/employee (3.39852) x this company's employee count (31,000) = 105,354 tCO2e. Final estimate is the average of the available method(s): 111,929 tCO2e."
WMT,11864389.3,median_model_revenue+employees,sector:Consumer Staples,24,"Tier 2 Scope 1 ESTIMATE (LSEG median-model style), NOT a disclosure -- see pipeline/tier2_estimation/estimate_tier2.py. Peer group: sector = 'Consumer Staples' (24 Tier 1 peers with a real Scope 1 value, floor=5). Revenue-based: median peer Scope 1 tCO2e/$ revenue (1.05335e-05) x this company's revenue ($735,839,977,472) = 7,750,974 tCO2e. Employee-based: median peer Scope 1 tCO2e/employee (7.60848) x this company's employee count (2,100,000) = 15,977,804 tCO2e. Final estimate is the average of the available method(s): 11,864,389 tCO2e.",3597630.5,median_model_revenue+employees,sector:Consumer Staples,16,"Tier 2 Scope 2 ESTIMATE (LSEG median-model style), NOT a disclosure -- see pipeline/tier2_estimation/estimate_tier2.py. Peer group: sector = 'Consumer Staples' (16 Tier 1 peers with a real Scope 2 value, floor=5). Revenue-based: median peer Scope 2 tCO2e/$ revenue (2.81277e-06) x this company's revenue ($735,839,977,472) = 2,069,748 tCO2e. Employee-based: median peer Scope 2 tCO2e/employee (2.44072) x this company's employee count (2,100,000) = 5,125,514 tCO2e. Final estimate is the average of the available method(s): 3,597,631 tCO2e."
WFC,53092.4,median_model_revenue+employees,sector:Financials,21,"Tier 2 Scope 1 ESTIMATE (LSEG median-model style), NOT a disclosure -- see pipeline/tier2_estimation/estimate_tier2.py. Peer group: sector = 'Financials' (21 Tier 1 peers with a real Scope 1 value, floor=5). Revenue-based: median peer Scope 1 tCO2e/$ revenue (5.36817e-07) x this company's revenue ($83,026,001,920) = 44,570 tCO2e. Employee-based: median peer Scope 1 tCO2e/employee (0.312029) x this company's employee count (197,466) = 61,615 tCO2e. Final estimate is the average of the available method(s): 53,092 tCO2e.",33771.4,median_model_revenue+employees,sector:Financials,17,"Tier 2 Scope 2 ESTIMATE (LSEG median-model style), NOT a disclosure -- see pipeline/tier2_estimation/estimate_tier2.py. Peer group: sector = 'Financials' (17 Tier 1 peers with a real Scope 2 value, floor=5). Revenue-based: median peer Scope 2 tCO2e/$ revenue (1.98278e-07) x this company's revenue ($83,026,001,920) = 16,462 tCO2e. Employee-based: median peer Scope 2 tCO2e/employee (0.25868) x this company's employee count (197,466) = 51,081 tCO2e. Final estimate is the average of the available method(s): 33,771 tCO2e."
WST,16061.6,median_model_revenue+employees,sector:Health Care,25,"Tier 2 Scope 1 ESTIMATE (LSEG median-model style), NOT a disclosure -- see pipeline/tier2_estimation/estimate_tier2.py. Peer group: sector = 'Health Care' (25 Tier 1 peers with a real Scope 1 value, floor=5). Revenue-based: median peer Scope 1 tCO2e/$ revenue (3.54491e-06) x this company's revenue ($3,326,799,872) = 11,793 tCO2e. Employee-based: median peer Scope 1 tCO2e/employee (1.88241) x this company's employee count (10,800) = 20,330 tCO2e. Final estimate is the average of the available method(s): 16,062 tCO2e.",15892.8,median_model_revenue+employees,sector:Health Care,18,"Tier 2 Scope 2 ESTIMATE (LSEG median-model style), NOT a disclosure -- see pipeline/tier2_estimation/estimate_tier2.py. Peer group: sector = 'Health Care' (18 Tier 1 peers with a real Scope 2 value, floor=5). Revenue-based: median peer Scope 2 tCO2e/$ revenue (3.19915e-06) x this company's revenue ($3,326,799,872) = 10,643 tCO2e. Employee-based: median peer Scope 2 tCO2e/employee (1.95766) x this company's employee count (10,800) = 21,143 tCO2e. Final estimate is the average of the available method(s): 15,893 tCO2e."
WSM,27342.1,median_model_revenue+employees,sector:Consumer Discretionary,21,"Tier 2 Scope 1 ESTIMATE (LSEG median-model style), NOT a disclosure -- see pipeline/tier2_estimation/estimate_tier2.py. Peer group: sector = 'Consumer Discretionary' (21 Tier 1 peers with a real Scope 1 value, floor=5). Revenue-based: median peer Scope 1 tCO2e/$ revenue (3.71647e-06) x this company's revenue ($8,005,155,840) = 29,751 tCO2e. Employee-based: median peer Scope 1 tCO2e/employee (1.25926) x this company's employee count (19,800) = 24,933 tCO2e. Final estimate is the average of the available method(s): 27,342 tCO2e.",44334.7,median_model_revenue+employees,sector:Consumer Discretionary,18,"Tier 2 Scope 2 ESTIMATE (LSEG median-model style), NOT a disclosure -- see pipeline/tier2_estimation/estimate_tier2.py. Peer group: sector = 'Consumer Discretionary' (18 Tier 1 peers with a real Scope 2 value, floor=5). Revenue-based: median peer Scope 2 tCO2e/$ revenue (6.64506e-06) x this company's revenue ($8,005,155,840) = 53,195 tCO2e. Employee-based: median peer Scope 2 tCO2e/employee (1.79165) x this company's employee count (19,800) = 35,475 tCO2e. Final estimate is the average of the available method(s): 44,335 tCO2e."
WTW,10215.8,median_model_revenue+employees,sector:Financials,21,"Tier 2 Scope 1 ESTIMATE (LSEG median-model style), NOT a disclosure -- see pipeline/tier2_estimation/estimate_tier2.py. Peer group: sector = 'Financials' (21 Tier 1 peers with a real Scope 1 value, floor=5). Revenue-based: median peer Scope 1 tCO2e/$ revenue (5.36817e-07) x this company's revenue ($10,101,999,616) = 5,423 tCO2e. Employee-based: median peer Scope 1 tCO2e/employee (0.312029) x this company's employee count (48,100) = 15,009 tCO2e. Final estimate is the average of the available method(s): 10,216 tCO2e.",7222.8,median_model_revenue+employees,sector:Financials,17,"Tier 2 Scope 2 ESTIMATE (LSEG median-model style), NOT a disclosure -- see pipeline/tier2_estimation/estimate_tier2.py. Peer group: sector = 'Financials' (17 Tier 1 peers with a real Scope 2 value, floor=5). Revenue-based: median peer Scope 2 tCO2e/$ revenue (1.98278e-07) x this company's revenue ($10,101,999,616) = 2,003 tCO2e. Employee-based: median peer Scope 2 tCO2e/employee (0.25868) x this company's employee count (48,100) = 12,443 tCO2e. Final estimate is the average of the available method(s): 7,223 tCO2e."
WDAY,3253.4,median_model_revenue+employees,sub_industry:Application Software,7,"Tier 2 Scope 1 ESTIMATE (LSEG median-model style), NOT a disclosure -- see pipeline/tier2_estimation/estimate_tier2.py. Peer group: sub_industry = 'Application Software' (7 Tier 1 peers with a real Scope 1 value, floor=5). Revenue-based: median peer Scope 1 tCO2e/$ revenue (2.60656e-07) x this company's revenue ($10,154,999,808) = 2,647 tCO2e. Employee-based: median peer Scope 1 tCO2e/employee (0.18472) x this company's employee count (20,896) = 3,860 tCO2e. Final estimate is the average of the available method(s): 3,253 tCO2e.",12263.1,median_model_revenue+employees,sub_industry:Application Software,7,"Tier 2 Scope 2 ESTIMATE (LSEG median-model style), NOT a disclosure -- see pipeline/tier2_estimation/estimate_tier2.py. Peer group: sub_industry = 'Application Software' (7 Tier 1 peers with a real Scope 2 value, floor=5). Revenue-based: median peer Scope 2 tCO2e/$ revenue (9.10231e-07) x this company's revenue ($10,154,999,808) = 9,243 tCO2e. Employee-based: median peer Scope 2 tCO2e/employee (0.731378) x this company's employee count (20,896) = 15,283 tCO2e. Final estimate is the average of the available method(s): 12,263 tCO2e."
WYNN,31720.3,median_model_revenue+employees,sector:Consumer Discretionary,21,"Tier 2 Scope 1 ESTIMATE (LSEG median-model style), NOT a disclosure -- see pipeline/tier2_estimation/estimate_tier2.py. Peer group: sector = 'Consumer Discretionary' (21 Tier 1 peers with a real Scope 1 value, floor=5). Revenue-based: median peer Scope 1 tCO2e/$ revenue (3.71647e-06) x this company's revenue ($7,413,425,152) = 27,552 tCO2e. Employee-based: median peer Scope 1 tCO2e/employee (1.25926) x this company's employee count (28,500) = 35,889 tCO2e. Final estimate is the average of the available method(s): 31,720 tCO2e.",50162.4,median_model_revenue+employees,sector:Consumer Discretionary,18,"Tier 2 Scope 2 ESTIMATE (LSEG median-model style), NOT a disclosure -- see pipeline/tier2_estimation/estimate_tier2.py. Peer group: sector = 'Consumer Discretionary' (18 Tier 1 peers with a real Scope 2 value, floor=5). Revenue-based: median peer Scope 2 tCO2e/$ revenue (6.64506e-06) x this company's revenue ($7,413,425,152) = 49,263 tCO2e. Employee-based: median peer Scope 2 tCO2e/employee (1.79165) x this company's employee count (28,500) = 51,062 tCO2e. Final estimate is the average of the available method(s): 50,162 tCO2e."
ZBH,27245.5,median_model_revenue+employees,sub_industry:Health Care Equipment,6,"Tier 2 Scope 1 ESTIMATE (LSEG median-model style), NOT a disclosure -- see pipeline/tier2_estimation/estimate_tier2.py. Peer group: sub_industry = 'Health Care Equipment' (6 Tier 1 peers with a real Scope 1 value, floor=5). Revenue-based: median peer Scope 1 tCO2e/$ revenue (3.85286e-06) x this company's revenue ($8,508,800,000) = 32,783 tCO2e. Employee-based: median peer Scope 1 tCO2e/employee (1.27693) x this company's employee count (17,000) = 21,708 tCO2e. Final estimate is the average of the available method(s): 27,246 tCO2e.",24506.9,median_model_revenue+employees,sub_industry:Health Care Equipment,5,"Tier 2 Scope 2 ESTIMATE (LSEG median-model style), NOT a disclosure -- see pipeline/tier2_estimation/estimate_tier2.py. Peer group: sub_industry = 'Health Care Equipment' (5 Tier 1 peers with a real Scope 2 value, floor=5). Revenue-based: median peer Scope 2 tCO2e/$ revenue (3.17691e-06) x this company's revenue ($8,508,800,000) = 27,032 tCO2e. Employee-based: median peer Scope 2 tCO2e/employee (1.29306) x this company's employee count (17,000) = 21,982 tCO2e. Final estimate is the average of the available method(s): 24,507 tCO2e."
