Ticker;SimFinId;Currency;Fiscal Year;Fiscal Period;Report Date;Publish Date;Restated Date;Shares (Basic);Shares (Diluted);Net Income/Starting Line;Depreciation & Amortization;Provision for Loan Losses;Non-Cash Items;Change in Working Capital;Net Cash from Operating Activities;Change in Fixed Assets & Intangibles;Net Change in Loans & Interbank;Net Cash from Acquisitions & Divestitures;Net Cash from Investing Activities;Dividends Paid;Cash from (Repayment of) Debt;Cash from (Repurchase of) Equity;Net Cash from Financing Activities;Effect of Foreign Exchange Rates;Net Change in Cash
ABCB;919504;USD;2020;FY;2020-12-31;2021-02-26;2023-02-28;69256000;69426000;261988000;35371000;145380000;9659103000;-9303446000;798396000;-17398000;-1663092000;-2417000;-1200726000;-41685000;-978665000;-5733000;1897787000;;1495457000
ABCB;919504;USD;2021;FY;2021-12-31;2022-02-28;2024-02-28;69398594;69738426;376913000;32190000;-35365000;7458289000;-7822887000;9140000;-23490000;-409434000;-126664000;-420984000;-41798000;-296325000;-4907000;2359195000;;1947351000
ABTX;953887;USD;2020;FY;2020-12-31;2021-03-10;2022-02-25;20415000;20546000;45534000;7638000;27374000;459000;-19942000;61063000;-3155000;-592793000;;-961104000;-8165000;548402000;-16013000;976559000;;76518000
ABTX;953887;USD;2021;FY;2021-12-31;2022-02-25;2022-02-25;20260000;20423000;81553000;7550000;-2322000;14331000;6269000;107381000;-1194000;275906000;;-754824000;-9697000;455212000;-1847000;982186000;;334743000
ACBI;9076197;USD;2020;FY;2020-12-31;2021-03-16;2021-03-16;21342086;21427722;22540000;5145000;17446000;46614000;28512000;120257000;-2351000;-422637000;;-597841000;;25000000;-22803000;664658000;;187074000
ACNB;9075814;USD;2020;FY;2020-12-31;2021-03-05;2022-03-14;8635681;8635681;18394000;3651000;9140000;134532000;-140247000;25470000;362000;-38755000;35262000;-114848000;-8685000;-16972000;824000;374374000;;284996000
ACNB;9075814;USD;2021;FY;2021-12-31;2022-03-14;2023-03-03;8725392;8725392;27834000;3441000;50000;113452000;-102651000;42126000;-1174000;168013000;;60521000;-8968000;-22307000;-1457000;208132000;;310779000
AJX;90767;USD;2020;FY;2020-12-31;2021-03-05;2023-03-03;22641636;22641636;33608000;;;-36371000;-11294000;-14057000;11100000;117413000;;339529000;-17499000;-387780000;124671000;-282668000;;42804000
AJX;90767;USD;2021;FY;2021-12-31;2022-03-04;2024-02-28;22862429;30407649;41775000;;;-28353000;-31658000;-18236000;6566000;37829000;;510428000;-28774000;-446444000;476000;-514913000;;-22721000
AJX;90767;USD;2022;FY;2022-12-31;2023-03-03;2024-02-28;22852948;30262467;-14936000;;;7750000;8321000;1135000;4950000;135898000;-5801000;406981000;-29947000;-286283000;-124545000;-444697000;;-36581000
AJX;90767;USD;2023;FY;2023-12-31;2024-02-28;2025-02-18;24286999;24286999;-46957000;;;8569000;-8076000;-46464000;;180623000;-980000;172820000;-20586000;-58492000;28181000;-121367000;;4989000
AJX;90767;USD;2024;FY;2024-12-31;2025-02-18;2026-02-18;40195479;40195479;-93050000;;;64678000;28662000;290000;;493328000;;297275000;-11445000;-258196000;14000000;-286147000;;11418000
ALRS;10656542;USD;2020;FY;2020-12-31;2021-03-12;2023-03-13;17106000;17438000;44675000;8950000;10900000;-57834000;-28943000;-22252000;-3382000;-256322000;-9279000;-538390000;-10387000;-210000;-482000;589598000;;28956000
ALRS;10656542;USD;2021;FY;2021-12-31;2022-03-11;2024-03-08;17189000;17486000;52681000;8868000;-3500000;92102000;-319000;149832000;-1077000;221006000;;-417658000;-10751000;80000;-712000;337175000;;69349000
ALTA;363174;USD;2020;FY;2020-12-31;2021-03-15;2021-03-15;18821361;18965624;43502000;3649000;2750000;358602000;-357085000;51418000;-2236000;-15940000;;-935748000;-10543000;64554000;411000;912223000;;27893000
AMAL;10656460;USD;2020;FY;2020-12-31;2021-03-15;2023-03-09;31133000;31229000;46188000;7564000;24791000;150769000;-163541000;65771000;-1612000;-191378000;-31039000;-758242000;-9987000;;-3924000;608702000;;-83769000
AMAL;10656460;USD;2021;FY;2021-12-31;2022-03-11;2024-03-07;31104000;31512000;52937000;4845000;-287000;134352000;-121309000;70538000;-2396000;93306000;-5764000;-865624000;-9978000;83831000;-4595000;1086802000;;291716000
AMAL;10656460;USD;2022;FY;2022-12-31;2023-03-09;2025-03-06;31104000;31512000;81477000;10350000;15002000;50131000;-9638000;147322000;-1668000;-623009000;;-1176604000;-11211000;574367000;-39601000;762337000;;-266945000
AMAL;10656460;USD;2023;FY;2023-12-31;2024-03-07;2026-03-05;30555000;30785000;87978000;6397000;14670000;26371000;-18949000;116467000;-1477000;-317211000;;-158868000;-12333000;-351666000;16479000;69431000;;27030000
AMAL;10656460;USD;2024;FY;2024-12-31;2025-03-06;2026-03-05;30588000;30936000;106434000;5433000;10284000;52398000;-48576000;125973000;-1775000;-323567000;;-306551000;-14234000;10400000;-14026000;150757000;;-29821000
AMNB;7962980;USD;2020;FY;2020-12-31;2021-03-08;2023-03-14;10981623;10985790;30045000;2188000;8916000;150640000;-171563000;20226000;-2693000;-183996000;;-267448000;-11842000;299476000;-4938000;536260000;;289038000
AMNB;7962980;USD;2021;FY;2021-12-31;2022-03-14;2024-03-15;10873817;10877231;43526000;4089000;-2825000;147186000;-141126000;50850000;1031000;175650000;;-62168000;-11827000;-7500000;-8721000;149516000;;138198000
AMNB;7962980;USD;2022;FY;2022-12-31;2023-03-14;2024-03-15;10672314;10674613;34428000;3892000;1597000;67544000;-57036000;50425000;-1192000;-531289000;;-525560000;-12144000;100531000;-7493000;41657000;;-433478000
AMNB;7962980;USD;2023;FY;2023-12-31;2024-03-15;2024-03-15;10627709;10628559;26159000;3132000;495000;82454000;-82077000;30163000;-907000;116212000;;188517000;-12755000;-65531000;-975000;-225301000;;-6621000
AMTB;10656428;USD;2020;FY;2020-12-31;2021-03-19;2023-03-01;41737216;41737216;-1722000;9385000;;63399000;-13815000;57247000;7903000;-128271000;;277440000;;-145830000;-69378000;-241625000;;93062000
AMTB;10656428;USD;2021;FY;2021-12-31;2022-03-04;2024-03-07;37169283;37527523;110311000;7269000;;-45566000;-4583000;67431000;-6549000;259650000;-1037000;367774000;;-226573000;-45895000;-375383000;;59822000
ARI;498489;USD;2020;FY;2020-12-31;2021-02-10;2023-02-08;148004385;148004385;18377000;;;152877000;-7202000;164052000;;-201560000;;-215720000;-251291000;287813000;-94029000;-75116000;;-126784000
ARI;498489;USD;2021;FY;2021-12-31;2022-02-08;2024-02-06;139891777;170884172;223515000;2645000;;-33044000;-24933000;168183000;-133000;-1403333000;;-1325762000;-212610000;1416132000;;1175187000;;17608000
ARI;498489;USD;2022;FY;2022-12-31;2023-02-08;2025-02-10;140534635;165504660;265232000;704000;;12224000;-10455000;267705000;-33035000;-1423518000;;-1339353000;-212846000;1029451000;;957974000;;-113674000
AROW;7962934;USD;2020;FY;2020-12-31;2021-03-10;2023-07-18;17928173;17944403;40827000;6867000;9319000;81702000;-96401000;42314000;-2654000;-200554000;;-187317000;-15740000;-148650000;1491000;455773000;;310770000
ASB;1234037;USD;2020;FY;2020-12-31;2021-02-09;2023-02-13;153005000;153642000;306771000;60759000;174006000;1796220000;-1787738000;550018000;-54882000;-1640524000;224993000;-793736000;-130381000;-1796493000;29507000;371020000;;127302000
ASB;1234037;USD;2021;FY;2021-12-31;2022-02-08;2024-02-08;153005000;153642000;350994000;89422000;-88011000;1116257000;-1561595000;-92933000;-22448000;198631000;;-992783000;-133172000;-312452000;-276558000;1395187000;;309471000
ATLO;9075938;USD;2020;FY;2020-12-31;2021-03-12;2022-03-11;9148244;9148244;18850000;2272000;5681000;93400000;-90491000;29712000;-1249000;-81845000;-310000;-184264000;-9072000;-2000000;-1992000;205833000;;51281000
ATLO;9075938;USD;2021;FY;2021-12-31;2022-03-11;2023-03-10;9114379;9114379;23913000;2027000;-757000;75001000;-69714000;30470000;-1874000;-12417000;12000;-268567000;-9389000;;-710000;154129000;;-83968000
ATLO;9075938;USD;2022;FY;2022-12-31;2023-03-10;2024-03-08;9127099;9127099;19293000;1998000;-874000;30345000;-29531000;21231000;-2733000;-78275000;;-127384000;-9675000;36120000;-2300000;44908000;;-61245000
ATLO;9075938;USD;2023;FY;2023-12-31;2024-03-08;2025-03-12;8992167;8992167;10817000;1752000;774000;21276000;-15412000;19207000;-4894000;-47139000;;19062000;-9712000;71468000;;-11052000;;27217000
AUB;10384197;USD;2020;FY;2020-12-31;2021-02-26;2023-02-24;78858726;78875668;158228000;43106000;87141000;741725000;-798278000;231922000;-25510000;;;-1918306000;-84518000;314371000;117490000;1743646000;;57262000
AUB;10384197;USD;2021;FY;2021-12-31;2022-02-25;2024-02-22;77399902;77417801;263917000;50732000;-60888000;63333000;-661785000;-344691000;1916000;;;337040000;-96175000;-301149000;-125000000;316858000;;309207000
AUB;10384197;USD;2022;FY;2022-12-31;2023-02-24;2025-02-27;74949109;74953398;234510000;45432000;19028000;8917000;-209923000;97964000;10683000;;;-955699000;-98767000;849493000;-48231000;375182000;;-482553000
AUB;10384197;USD;2023;FY;2023-12-31;2024-02-22;2026-02-26;74961390;74962363;201818000;40958000;31618000;19513000;-154140000;139767000;51361000;;;-465000000;-103285000;1408475000;778000;383416000;;58183000
AUB;10384197;USD;2024;FY;2024-12-31;2025-02-27;2026-02-26;86149978;87909237;209131000;35312000;50089000;18196000;-213701000;99027000;-24000;;54988000;-86258000;-123875000;-71673000;228000;-36826000;;-24057000
AX;6767487;USD;2021;FY;2021-06-30;2021-08-26;2023-08-29;59229495;60519611;215707000;24124000;23750000;-354027000;503028000;412582000;-10742000;-5684873000;;-5880586000;-103000;5111565000;-21907000;4555262000;;-912742000
AX;6767487;USD;2022;FY;2022-06-30;2022-09-08;2024-08-22;59523626;60610954;240716000;24596000;23750000;966948000;-1039613000;216397000;-21504000;-2697147000;-54597000;-2782799000;;-10700000;;3103324000;;536922000
AXP;413080;USD;2020;FY;2020-12-31;2021-02-12;2023-02-10;805000000;806000000;3135000000;1543000000;4730000000;-7000000;-3810000000;5591000000;-1478000000;26906000000;-597000000;11632000000;-1474000000;-20151000000;-985000000;-9068000000;364000000;8519000000
AXP;413080;USD;2021;FY;2021-12-31;2022-02-11;2024-02-09;768000000;769000000;8060000000;1695000000;-1419000000;624000000;5685000000;14645000000;-1550000000;-27557000000;1000000;-10529000000;-1448000000;-3413000000;-7604000000;-14933000000;-120000000;-10937000000
AXP;413080;USD;2022;FY;2022-12-31;2023-02-10;2025-02-07;789000000;790000000;7514000000;1626000000;2182000000;-537000000;10294000000;21079000000;-1855000000;;-15000000;-33689000000;-1565000000;3618000000;-3446000000;24509000000;-13000000;11886000000
AXP;413080;USD;2023;FY;2023-12-31;2024-02-09;2026-02-06;735000000;736000000;8374000000;1651000000;4923000000;-820000000;4431000000;18559000000;-1563000000;;-64000000;-24433000000;-1780000000;4866000000;-3622000000;18379000000;177000000;12682000000
AXP;413080;USD;2024;FY;2024-12-31;2025-02-07;2026-02-06;712000000;713000000;10129000000;1676000000;5185000000;-486000000;-2454000000;14050000000;-1911000000;;-454000000;-24402000000;-1999000000;2050000000;-5920000000;4436000000;-40000000;-5956000000
BAC;71941;USD;2020;FY;2020-12-31;2021-02-24;2023-02-22;8753200000;8796900000;17894000000;1843000000;11320000000;23033000000;-16097000000;37993000000;;20461000000;;-177665000000;-8799000000;59515000000;-7025000000;355819000000;2756000000;218903000000
BAC;71941;USD;2021;FY;2021-12-31;2022-02-22;2024-02-20;8226500000;8304700000;31978000000;1898000000;-4594000000;42429000000;-78904000000;-7193000000;;5695000000;;-313291000000;-10026000000;105282000000;-25126000000;291650000000;-3408000000;-32242000000
BAC;71941;USD;2022;FY;2022-12-31;2023-02-22;2025-02-25;8493300000;8558400000;27528000000;1978000000;2543000000;37208000000;-75584000000;-6327000000;;-76107000000;;-2529000000;-9230000000;76821000000;-5073000000;-106039000000;-3123000000;-118018000000
BAC;71941;USD;2023;FY;2023-12-31;2024-02-20;2026-02-25;8028600000;8080500000;26305000000;2057000000;4394000000;1938000000;10288000000;44982000000;;-19453000000;;-35387000000;-9087000000;158810000000;-4576000000;93345000000;-70000000;102870000000
BAC;71941;USD;2024;FY;2024-12-31;2025-02-25;2026-02-25;7855500000;7935800000;26973000000;2189000000;5821000000;2005000000;-45793000000;-8805000000;;-34596000000;;-90693000000;-14757000000;117128000000;-13104000000;60369000000;-3830000000;-42959000000
BANF;6767471;USD;2023;FY;2023-12-31;2024-02-27;2026-02-26;32919348;33494487;212465000;22189000;7458000;1183000;-10250000;233045000;-22504000;-719287000;8045000;-669705000;-53642000;3051000;723000;-334787000;;-771447000
BANF;6767471;USD;2024;FY;2024-12-31;2025-02-28;2026-02-26;33055152;33617015;216354000;21681000;9004000;-5932000;20093000;261200000;-36652000;-387852000;;-71390000;-57773000;-3351000;9199000;966499000;;1156309000
BCBP;9075898;USD;2024;FY;2024-12-31;2025-03-07;2026-03-09;17007000;17018000;18623000;1713000;11570000;44599000;-8778000;67727000;-1221000;228676000;;222772000;-12276000;-12746000;504000;-252740000;;37759000
BCML;9075888;USD;2020;FY;2020-12-31;2021-03-23;2023-03-31;11965245;11965245;13726000;1864000;10320000;17745000;-33658000;9997000;-2555000;-82215000;-8432000;-73657000;;66797000;-18257000;67607000;;3947000
BCML;9075888;USD;2021;FY;2021-12-31;2022-03-31;2024-03-15;10882344;10882344;20691000;2043000;466000;43128000;-55899000;10429000;-1263000;-2918000;-45000;-60362000;;-5000000;-11551000;130291000;;80358000
BFC;10384319;USD;2020;FY;2020-12-31;2021-03-12;2023-03-10;7441256;7481077;38046000;3172000;7125000;203246000;-145826000;105763000;-8087000;-343581000;35296000;-267828000;-6147000;-50705000;-4348000;245832000;;83767000
BFH;68960;USD;2020;FY;2020-12-31;2021-02-26;2023-02-28;59893400;60018700;214000000;184000000;1266000000;-64000000;242000000;1842000000;-54000000;1784000000;-267000000;1815000000;-61000000;-1721000000;;-4167000000;15000000;-495000000
BFH;68960;USD;2021;FY;2021-12-31;2022-02-25;2024-02-20;47800000;47900000;801000000;123000000;544000000;110000000;-35000000;1543000000;;-2028000000;-75000000;-1691000000;-42000000;-4712000000;;608000000;;460000000
BFH;68960;USD;2022;FY;2022-12-31;2023-02-28;2025-02-14;49900000;50000000;223000000;113000000;1594000000;-102000000;20000000;1848000000;;-5026000000;;-5111000000;-43000000;560000000;-12000000;3267000000;;4000000
BFH;68960;USD;2023;FY;2023-12-31;2024-02-20;2026-02-13;49800000;50000000;718000000;116000000;1229000000;-129000000;53000000;1987000000;;-1627000000;;788000000;-42000000;-2696000000;-35000000;-3086000000;;-311000000
BFH;68960;USD;2024;FY;2024-12-31;2025-02-14;2026-02-13;49600000;50400000;277000000;90000000;1397000000;188000000;-93000000;1859000000;;-1217000000;;-1169000000;-43000000;69000000;-55000000;-592000000;;98000000
BFIN;9076030;USD;2020;FY;2020-12-31;2021-02-25;2022-03-01;14951656;14951656;9163000;1791000;55000;1591000;917000;13517000;-1934000;167357000;;199072000;-5982000;3939000;-4610000;100582000;;313171000
BFIN;9076030;USD;2021;FY;2021-12-31;2022-03-01;2023-03-09;13981132;13981132;7410000;2072000;-1240000;397000;-871000;7768000;-3826000;-38410000;;-101130000;-5619000;21000000;-17122000;92028000;;-1334000
BFIN;9076030;USD;2022;FY;2022-12-31;2023-03-09;2024-03-01;13071742;13071742;10494000;1262000;1828000;-145000;-2844000;10595000;-957000;-184208000;;-318073000;-5231000;-4319000;-4866000;-127913000;;-435391000
BFIN;9076030;USD;2023;FY;2023-12-31;2024-03-01;2025-03-24;12622882;12622882;9393000;1541000;313000;1936000;-3876000;9307000;-822000;173923000;;197837000;-5056000;25329000;-2393000;-95431000;;111713000
BFST;7962918;USD;2020;FY;2020-12-31;2021-03-05;2023-03-02;18169599;18243445;29994000;3164000;11435000;-3515000;-11739000;29339000;872000;-376385000;106000000;-475295000;-7520000;-89626000;-6759000;505716000;;59760000
BFST;7962918;USD;2021;FY;2021-12-31;2022-03-01;2024-03-01;20502249;20634281;52136000;11184000;8047000;-16111000;1191000;56447000;3669000;-240521000;-20983000;-675358000;-9436000;80522000;-10351000;538155000;;-80756000
BFST;7962918;USD;2022;FY;2022-12-31;2023-03-02;2025-03-07;22633478;22817493;54255000;4818000;10886000;-3359000;2977000;69577000;-7099000;-1060027000;163460000;-700521000;-12174000;327192000;119320000;715309000;;84365000
BFST;7962918;USD;2023;FY;2023-12-31;2024-03-01;2026-02-26;25079106;25296200;71043000;4670000;4483000;-7486000;18259000;90969000;-10408000;-357712000;-14506000;-521141000;-18056000;92198000;;503542000;;73370000
BFST;7962918;USD;2024;FY;2024-12-31;2025-03-07;2026-02-26;26253846;26452084;65107000;5257000;10873000;-5869000;-13959000;61409000;-941000;-344063000;96824000;-294920000;-20264000;-177512000;-31000;326499000;;92988000
BHB;7962922;USD;2020;FY;2020-12-31;2021-03-10;2023-03-14;15246000;15272000;33244000;4392000;5625000;-20611000;-1966000;20684000;-5873000;70617000;-3090000;160236000;-13417000;-195302000;-13568000;-11823000;;169097000
BHLB;998454;USD;2020;FY;2020-12-31;2021-03-01;2023-03-01;50270000;50270000;-513175000;18100000;75878000;574421000;-31247000;227641000;-7208000;1111904000;;641103000;-36564000;-256371000;191000;109302000;;978046000
BK;467599;USD;2020;FY;2020-12-31;2021-02-25;2023-02-27;890839000;892514000;3617000000;1630000000;336000000;-251000000;-294000000;5038000000;-1222000000;-46214000000;;-78455000000;-1296000000;-6797000000;53000000;75508000000;61000000;2152000000
BK;467599;USD;2021;FY;2021-12-31;2022-02-25;2024-02-28;884536082;884536082;3759000000;1867000000;-231000000;256000000;-2675000000;2976000000;-1181000000;26353000000;-170000000;19672000000;-1323000000;1351000000;-4217000000;-22100000000;-84000000;464000000
BK;467599;USD;2022;FY;2022-12-31;2023-02-27;2024-02-28;851798561;856359000;2573000000;1636000000;39000000;1271000000;8061000000;13580000000;-1301000000;16133000000;0;19874000000;-1376000000;6375000000;-101000000;-32166000000;358000000;1646000000
BK;467599;USD;2023;FY;2023-12-31;2024-02-28;2024-02-28;784004250;788081500;3286000000;1748000000;119000000;-356000000;-3910000000;887000000;-1220000000;-22111000000;0;-5810000000;-1487000000;2649000000;-3088000000;1506000000;230000000;-3187000000
BLFY;10656566;USD;2020;FY;2020-12-31;2021-03-14;2022-03-14;27772500;27772500;-31506000;1925000;2518000;26004000;-193000;-1252000;-7293000;139148000;;101393000;;32500000;;92270000;;192411000
BLFY;10656566;USD;2021;FY;2021-12-31;2022-03-14;2023-03-30;12171050;12171050;-36342000;2347000;;19608000;245000;-14142000;-5868000;-4660000;;-105334000;;-143900000;250780000;-3523000;;-122999000
BLX;7962710;USD;2020;FY;2020-12-31;2021-04-29;2023-04-28;39656000;39656000;63593000;4340000;;2780000;356644000;427357000;-997000;820052000;-1311000;500148000;-44669000;-1195432000;;-1241215000;;-313710000
BLX;7962710;USD;2021;FY;2021-12-31;2022-04-28;2024-04-25;38796000;38796000;62697000;3491000;2328000;419000;-65791000;3144000;-453000;-874858000;-353000;-1320940000;-38570000;1782665000;-60079000;1682789000;;364993000
BLX;7962710;USD;2022;FY;2022-12-31;2023-04-28;2025-04-15;36304000;36304000;92040000;2715000;19521000;2372000;-886301000;-769653000;-1651000;49681000;-1070000;-166659000;-36141000;953383000;;916247000;;-20065000
BMRC;9075832;USD;2020;FY;2020-12-31;2021-03-15;2023-03-16;13525000;13617000;30242000;2149000;;14136000;-5682000;40845000;-981000;;;-173443000;-12506000;-172000;-5479000;149530000;;16932000
BMRC;9075832;USD;2021;FY;2021-12-31;2022-03-15;2024-03-14;14340000;14422000;33228000;2875000;;4475000;4675000;45253000;-1044000;256458000;;-481243000;-13107000;122480000;-40175000;583311000;;147321000
BMTC;9076267;USD;2020;FY;2020-12-31;2021-03-01;2021-03-01;19970921;20042345;32573000;11372000;41677000;107081000;-121427000;71276000;1818000;55150000;;-99853000;-21356000;-433559000;-7390000;70959000;;42382000
BOCH;9076295;USD;2020;FY;2020-12-31;2021-03-05;2021-03-05;16663000;16731000;14164000;2005000;5355000;-995000;2244000;22773000;-1133000;-106033000;-7000;-260811000;-3406000;5000000;-12653000;264420000;;26382000
BOH;998597;USD;2020;FY;2020-12-31;2021-03-01;2023-03-01;39726210;39892107;153804000;20205000;117800000;377190000;-522583000;146416000;-31306000;-990169000;;-2373282000;-107434000;-28800000;-8617000;2282296000;;55430000
BOH;998597;USD;2021;FY;2021-12-31;2022-03-01;2024-02-29;39741063;39955525;253372000;21084000;-50500000;533416000;-380221000;377151000;10246000;-342767000;;-2423334000;-113608000;-200190000;157840000;1992529000;;-53654000
BOKF;344670;USD;2020;FY;2020-12-31;2021-02-24;2023-03-01;69840977;69844172;435071000;99013000;222592000;3739390000;-4912322000;-416256000;-67999000;-1103752000;;-2458835000;-144437000;-5091026000;-80763000;2796843000;;-78248000
BOKF;344670;USD;2021;FY;2021-12-31;2022-02-23;2024-02-21;68069160;68070910;616325000;120761000;-100000000;2807564000;-7137227000;-3692577000;-39247000;2853326000;;2602672000;-144105000;-1419241000;-122812000;2746742000;;1656837000
BPFH;9076319;USD;2020;FY;2020-12-31;2021-03-01;2021-03-01;82292450;82764339;45153000;21748000;31998000;102088000;-140239000;60748000;-11086000;-116596000;;-375001000;-29683000;-236170000;-10452000;1077362000;;763109000
BRBS;12444335;USD;2024;FY;2024-12-31;2025-03-10;2026-03-12;49123861;49123861;-15385000;2615000;-2200000;245983000;-237323000;-6310000;36938000;325409000;;419033000;;-125000000;;-357882000;;54841000
BSBK;12444445;USD;2023;FY;2023-12-31;2024-03-28;2024-03-28;12891847;12891847;642535;458400;-125000;-75882;537298;1437351;-318035;4205323;;21520165;;65407578;-3810196;-14868962;;8088554
BSBK;12444445;USD;2024;FY;2024-12-31;2025-03-27;2026-03-27;12767410;12767410;-2170420;489696;;-206594;-672588;-2559906;11468346;2845289;;10126861;;4503358;-1695432;19735782;;27302737
BSVN;11820256;USD;2020;FY;2020-12-31;2021-03-25;2023-03-24;9378769;9379154;19266000;1093000;5350000;8642000;-9116000;25235000;-411000;-119131000;;-119542000;-7803000;;-9076000;131080000;;36773000
BSVN;11820256;USD;2021;FY;2021-12-31;2022-03-31;2024-03-25;9056117;9091536;23159000;1031000;4175000;24823000;-23055000;30133000;-582000;-64776000;20432000;-43463000;-3982000;;-208000;64280000;;50950000
BSVN;11820256;USD;2022;FY;2022-12-31;2023-03-24;2025-03-12;9101523;9204716;29638000;1406000;4468000;34166000;-29964000;39714000;3076000;-244342000;;-342762000;-4366000;;-461000;207311000;;-95737000
BSVN;11820256;USD;2023;FY;2023-12-31;2024-03-25;2026-03-17;9161565;9264307;28275000;1302000;21145000;11429000;-13026000;49125000;-2830000;-118967000;-16482000;-130857000;-6323000;;-513000;153658000;;71926000
BSVN;11820256;USD;2024;FY;2024-12-31;2025-03-12;2026-03-17;9290051;9447751;45698000;1057000;;21525000;-13234000;55046000;-3979000;-27678000;;80158000;-8057000;;-666000;-82052000;;53152000
BUSE;6767795;USD;2023;FY;2023-12-31;2024-02-23;2026-02-26;55432322;56256148;122565000;19920000;2860000;33963000;-40936000;138372000;-5108000;100258000;;586005000;-53076000;-393464000;-4473000;-231960000;;492417000
BWB;9075816;USD;2020;FY;2020-12-31;2021-03-11;2023-03-07;28582064;29170220;27194000;1397000;12750000;491000;-19019000;22813000;-24554000;-411320000;;-530126000;;-32217000;-10017000;636053000;;128740000
BWFG;9075916;USD;2020;FY;2020-12-31;2021-03-10;2022-03-08;7728328;7748453;5904000;3276000;7605000;-577000;-17720000;-1512000;3337000;-21811000;;-21944000;-4389000;25000000;-1021000;355003000;;331547000
BWFG;9075916;USD;2021;FY;2021-12-31;2022-03-08;2023-03-08;7706407;7761811;26586000;3583000;-57000;670000;3776000;34558000;4257000;-268258000;;-270025000;-5025000;-116082000;-5024000;170551000;;-64916000
BWFG;9075916;USD;2022;FY;2022-12-31;2023-03-08;2024-03-12;7563363;7640218;37429000;3366000;5437000;-1239000;37675000;82668000;-4958000;-838031000;;-811161000;-6189000;74352000;-5492000;739490000;;10997000
BWFG;9075916;USD;2023;FY;2023-12-31;2024-03-12;2025-03-05;7587768;7647411;36663000;3623000;866000;1000;-7795000;33358000;-2045000;20830000;;38950000;-6241000;;155000;-158830000;;-86522000
BWFG;9075916;USD;2024;FY;2024-12-31;2025-03-05;2026-03-04;7710076;7737952;9770000;3775000;22620000;1057000;-7286000;29936000;-613000;-22189000;;-33961000;-6283000;56786000;-2137000;42392000;;38367000
C;89126;USD;2020;FY;2020-12-31;2021-02-26;2023-02-27;2085800000;2099000000;11067000000;3937000000;17368000000;-3924000000;-51936000000;-23488000000;-3396000000;-27646000000;;-92445000000;-5352000000;-2479000000;-2925000000;233595000000;-1966000000;115696000000
C;89126;USD;2021;FY;2021-12-31;2022-02-28;2024-02-23;1984300000;2001600000;21879000000;3964000000;-3778000000;1654000000;36561000000;60280000000;-3929000000;-30831000000;;-110746000000;-5198000000;;-8086000000;-13621000000;;-64087000000
C;89126;USD;2022;FY;2022-12-31;2023-02-27;2025-02-21;1946700000;1964300000;14845000000;4262000000;5239000000;-936000000;6845000000;30255000000;-5569000000;-44254000000;;-79455000000;-5003000000;66786000000;-3250000000;137763000000;27192000000;115755000000
C;89126;USD;2023;FY;2023-12-31;2024-02-23;2026-02-20;1930100000;1955800000;9228000000;4560000000;9186000000;-3743000000;-92648000000;-73417000000;-6527000000;-21416000000;;-8459000000;-5212000000;-8779000000;-3383000000;687000000;95000000;-81094000000
C;89126;USD;2024;FY;2024-12-31;2025-02-21;2026-02-20;1901400000;1940100000;12682000000;4311000000;10109000000;-1793000000;-44980000000;-19671000000;-6278000000;55799000000;;86250000000;-5199000000;17166000000;-2242000000;-38304000000;-12677000000;15598000000
CAC;7962846;USD;2020;FY;2020-12-31;2021-03-15;2023-03-10;14985235;15023767;59486000;4510000;12418000;-25061000;-33123000;18230000;-2926000;-114823000;;-294452000;-19842000;-91512000;-9805000;346360000;;70138000
CAC;7962846;USD;2021;FY;2021-12-31;2022-03-11;2024-03-08;14903855;14971578;69014000;4363000;-3190000;-5498000;-406691000;-342002000;-1852000;272973000;;-164375000;-21081000;9017000;-10353000;581228000;;74851000
CAC;7962846;USD;2022;FY;2022-12-31;2023-03-10;2025-03-07;14644170;14701010;61439000;4115000;4500000;5194000;-126165000;-50917000;-1717000;-423263000;;-331622000;-23512000;53408000;-10595000;237341000;;-145198000
CAC;7962846;USD;2023;FY;2023-12-31;2024-03-08;2026-03-06;14563380;14609345;43383000;3963000;2100000;11684000;6378000;67508000;-2622000;-90292000;;-7029000;-24536000;220003000;-2000000;-36102000;;24377000
CAC;7962846;USD;2024;FY;2024-12-31;2025-03-07;2026-03-06;14579276;14633803;53004000;3866000;-404000;4118000;349000;60933000;-5576000;-20267000;;30329000;-24558000;14503000;-1609000;23897000;;115159000
CALB;10656714;USD;2020;FY;2020-12-31;2021-03-25;2022-03-23;8131325;8169082;4303000;1399000;4880000;2796000;1375000;14753000;-3507000;-421048000;;-453838000;;199043000;247000;743260000;;304175000
CALB;10656714;USD;2021;FY;2021-12-31;2022-03-23;2023-03-24;8222749;8292942;13368000;1569000;4000;-2820000;4088000;16209000;-181000;-8922000;;-59013000;;-53432000;243000;94743000;;51939000
CARE;11818501;USD;2022;FY;2022-12-31;2023-03-10;2025-03-07;24595789;24595789;50118000;11812000;2928000;13345000;-7412000;70791000;-5482000;-350265000;;-382071000;;191420000;-42927000;80350000;;-230930000
CARE;11818501;USD;2023;FY;2023-12-31;2024-03-08;2026-03-05;23240543;23240543;23384000;12602000;6401000;11147000;-6804000;46730000;-9798000;-359407000;;-307011000;;194980000;-16416000;267941000;;7660000
CARE;11818501;USD;2024;FY;2024-12-31;2025-03-07;2026-03-05;22817149;22817149;24523000;10647000;-5046000;12466000;-5652000;36938000;-8133000;-135888000;;-68402000;;-323400000;;108106000;;76642000
CARV;11035484;USD;2020;FY;2021-03-31;2021-06-29;2022-07-14;3415154;3415154;-3896000;1017000;-100000;-6000;5197000;2212000;-256000;-55148000;;-76984000;;23705000;8874000;102823000;;28051000
CARV;11035484;USD;2021;FY;2022-03-31;2022-07-14;2023-06-29;3588523;3588523;-847000;1029000;603000;396000;5971000;7152000;-192000;-96154000;;-79079000;;-21202000;6998000;57354000;;-14573000
CASH;6767715;USD;2021;FY;2021-09-30;2021-11-23;2023-11-21;31729596;31751522;145745000;59047000;49766000;281380000;45707000;581645000;-37538000;-493838000;;-1118402000;-6400000;-5643000;-96842000;422933000;476000;-113348000
CASH;6767715;USD;2022;FY;2022-09-30;2022-11-22;2024-11-26;29227071;29232247;159354000;61601000;28538000;51798000;-32482000;268809000;-368315000;366523000;;-310872000;-5921000;-57826000;-165348000;117818000;-1736000;74019000
CATC;7962900;USD;2020;FY;2020-12-31;2021-03-15;2023-03-16;6289481;6344409;31959000;-8134000;;20613000;-7641000;36797000;-2218000;-39300000;43063000;-58928000;-13083000;-234989000;;36581000;;14450000
CATY;6767519;USD;2021;FY;2021-12-31;2022-03-01;2024-02-29;78268369;78570638;298304000;7956000;-16008000;75858000;-31793000;334317000;-3728000;-715862000;;-859924000;-99322000;-130000000;-163541000;1554233000;;1028626000
CATY;6767519;USD;2022;FY;2022-12-31;2023-02-28;2025-02-28;76566481;76914817;360642000;9958000;14543000;55158000;27056000;467357000;-3390000;-1272235000;-73882000;-1849400000;-100955000;465000000;-137596000;94741000;;-1287302000
CATY;6767519;USD;2023;FY;2023-12-31;2024-02-29;2026-03-02;72573025;72862628;354124000;8371000;25978000;75067000;-78798000;384742000;-3401000;-1327048000;;-1477080000;-98638000;55000000;-13176000;758737000;;-333601000
CATY;6767519;USD;2024;FY;2024-12-31;2025-02-28;2026-03-02;72068850;72327017;285979000;7183000;37500000;47322000;-48829000;329155000;-3636000;136942000;;184030000;-97967000;-480000000;-81770000;-302466000;;210719000
CBAN;12444275;USD;2020;FY;2020-12-31;2021-03-23;2022-03-18;9498783;9498783;11815000;5859000;6558000;271489000;-314815000;-19094000;-843000;-94623000;;-130266000;-3800000;3710000;;228774000;;79414000
CBAN;12444275;USD;2021;FY;2021-12-31;2022-03-18;2023-03-16;11254130;11254130;18659000;8628000;700000;450436000;-442319000;36104000;-4461000;28450000;37511000;-208332000;-4463000;104110000;;185954000;;13726000
CBAN;12444275;USD;2022;FY;2022-12-31;2023-03-16;2024-03-14;17191079;17191079;19542000;11629000;3370000;340308000;-325143000;49706000;-2376000;-399871000;;-448193000;-7158000;213800000;58928000;281933000;;-116554000
CBAN;12444275;USD;2023;FY;2023-12-31;2024-03-14;2025-03-14;17578294;17578294;21747000;8702000;3600000;246780000;-259846000;20983000;-2773000;-148601000;;-98752000;-7722000;158971000;-406000;80413000;;2644000
CBAN;12444275;USD;2024;FY;2024-12-31;2025-03-14;2026-03-13;17557743;17557743;23868000;8130000;3050000;291728000;-303375000;23401000;266000;36966000;;101158000;-7899000;69362000;-1305000;23153000;;147712000
CBFV;9075998;USD;2020;FY;2020-12-31;2021-03-17;2022-03-11;5406290;5406290;-10640000;3340000;4000000;51384000;-34007000;14077000;-296000;-89594000;;-36896000;-5183000;4484000;-1998000;103513000;;80694000
CBFV;9075998;USD;2021;FY;2021-12-31;2022-03-11;2023-03-10;5382441;5392729;11570000;2435000;-1125000;9690000;-9515000;13055000;-1540000;25108000;;-157734000;-5168000;7812000;-4045000;103442000;;-41237000
CBFV;9075998;USD;2022;FY;2022-12-31;2023-03-10;2024-03-13;5136670;5149312;11247000;2704000;3784000;-216000;-3368000;14151000;-29000;-2143000;;-28307000;-4920000;-34206000;-4582000;-1818000;;-15974000
CBFV;9075998;USD;2023;FY;2023-12-31;2024-03-13;2025-03-19;5113978;5122916;22550000;2737000;-502000;-13734000;820000;11871000;-3246000;-45393000;26924000;-52362000;-5111000;11940000;-471000;5014000;;-35477000
CBKM;259775;USD;2021;FY;2021-06-30;2021-09-16;2022-09-15;3019118;3019118;8988000;967000;850000;288000;2920000;14013000;-1137000;-17661000;;-89001000;-1785000;-7851000;;83858000;;8870000
CBKM;259775;USD;2022;FY;2022-06-30;2022-09-15;2023-09-07;3016107;3016107;11192000;1045000;735000;992000;983000;14947000;-1459000;-23558000;66552000;-65222000;-1949000;-702000;174000;52698000;;2423000
CBKM;259775;USD;2023;FY;2023-06-30;2023-09-07;2024-09-06;3071473;3096552;10674000;1107000;855000;21967000;-20942000;13661000;-1821000;-97665000;;-92564000;-2095000;5592000;;69706000;;-9197000
CBKM;259775;USD;2024;FY;2024-06-30;2024-09-06;2025-09-05;3109263;3109263;8580000;1152000;619000;119000;-747000;9723000;-983000;-47114000;;-30793000;-2246000;8573000;;27038000;;5968000
CBNK;10656598;USD;2020;FY;2020-12-31;2021-03-15;2022-03-15;13793000;13800000;25823000;;11242000;1268617000;-1300225000;5457000;-267000;-348337000;;-385512000;;98157000;-2798000;412141000;;32086000
CBNK;10656598;USD;2021;FY;2021-12-31;2022-03-15;2023-03-15;13798620;14081403;39978000;;3359000;1094932000;-1006193000;132076000;3169000;-117359000;;-238231000;-1382000;-36036000;967000;142640000;;36485000
CBSH;593216;USD;2020;FY;2020-12-31;2021-02-24;2023-02-22;148584002;148584002;353885000;43769000;137190000;325067000;-235919000;623992000;-31256000;-1643775000;;-5390504000;-127568000;245995000;-204174000;6067032000;;1300520000
CBTX;6767595;USD;2020;FY;2020-12-31;2021-02-26;2023-03-15;24761000;24803000;45534000;7638000;27374000;201000;-19684000;61063000;-3155000;-592793000;;-961104000;-8165000;548402000;-16013000;976559000;;76518000
CBTX;6767595;USD;2021;FY;2021-12-31;2022-02-25;2024-02-29;24432000;24544000;81553000;7550000;-2322000;14415000;6185000;107381000;-1194000;796687000;;-234043000;-9697000;-65569000;-1847000;461405000;;334743000
CBTX;6767595;USD;2022;FY;2022-12-31;2023-03-15;2025-03-03;34738000;35007000;51432000;14254000;;54341000;-10961000;109066000;-1489000;-1277091000;370448000;-636575000;-15378000;-26000000;-23605000;141705000;;-385804000
CBTX;6767595;USD;2023;FY;2023-12-31;2024-02-29;2026-02-26;53229000;53313000;130497000;34467000;;-9501000;12754000;168217000;2123000;-143481000;;295254000;-27698000;275189000;-76000;-435939000;;27532000
CBTX;6767595;USD;2024;FY;2024-12-31;2025-03-03;2026-02-26;53469000;53510000;115003000;32027000;;-15275000;864000;132619000;2997000;535420000;;246091000;-28308000;135526000;-3340000;133269000;;511979000
CBU;6767453;USD;2020;FY;2020-12-31;2021-03-01;2023-03-01;52969000;53321000;164676000;30260000;14212000;-12726000;-16939000;179483000;-14395000;-185131000;34360000;-398720000;-87131000;18846000;15606000;1660012000;;1440775000
CBU;6767453;USD;2021;FY;2021-12-31;2022-03-01;2024-02-29;53977000;54400000;189694000;29643000;-8839000;-10016000;2064000;202546000;-13176000;49929000;-29329000;-1530775000;-91051000;-41378000;4715000;1557488000;;229259000
CBU;6767453;USD;2022;FY;2022-12-31;2023-03-01;2025-02-28;54043875;54509770;188081000;29625000;14773000;-11648000;-6231000;214600000;-10490000;-1003741000;-668000;-2138985000;-93387000;790237000;-15430000;259217000;;-1665168000
CBU;6767453;USD;2023;FY;2023-12-31;2024-02-29;2026-02-27;53601000;53725000;131924000;27502000;11203000;56685000;1106000;228420000;-11112000;-923280000;-8517000;335776000;-95102000;-372429000;-29001000;-583130000;;-18934000
CBU;6767453;USD;2024;FY;2024-12-31;2025-02-28;2026-02-27;52755000;52883000;182481000;27935000;22773000;14965000;-5878000;242276000;-14960000;-765581000;-15620000;-835617000;-95777000;224885000;-38745000;599383000;;6042000
CCB;7962838;USD;2022;FY;2022-12-31;2023-03-16;2025-03-17;12949266;13514952;40625000;1809000;79064000;-8722000;-45678000;67098000;-2838000;-930718000;;-987948000;;-5374000;1468000;449828000;;-471022000
CCNE;7962896;USD;2020;FY;2020-12-31;2021-03-04;2023-03-03;16000000;16000000;32743000;;15354000;78277000;-97616000;28758000;-4978000;-237635000;72852000;-168680000;-12128000;474545000;59735000;479642000;;339720000
CFBK;12444609;USD;2020;FY;2020-12-31;2021-03-23;2023-03-31;6029097;6106987;29608000;-1129000;10915000;-158910000;-3949000;-123465000;-385000;1439000;-1839000;-259754000;-195000;192926000;-612000;558934000;;175715000
CFBK;12444609;USD;2021;FY;2021-12-31;2022-03-16;2024-03-29;6508156;6650447;18453000;-2070000;-1600000;2594323000;-2355803000;253303000;-2591000;-296548000;-1468000;-419148000;-848000;-124700000;-2926000;110842000;;-55003000
CFFI;9075922;USD;2020;FY;2020-12-31;2021-03-03;2023-02-28;3648696;3648696;22424000;4189000;11080000;1640072000;-1758139000;-80374000;-9890000;16037000;27105000;-183286000;-5546000;-97707000;-1061000;184896000;;-78764000
CFFN;7962638;USD;2021;FY;2021-09-30;2021-11-24;2023-11-29;135481232;135495595;76082000;10950000;-8510000;-2605000;-1450000;74467000;-6791000;158186000;;-326668000;-117890000;-208077000;-4244000;82785000;;-169416000
CFFN;7962638;USD;2022;FY;2022-09-30;2022-11-23;2024-11-27;135700447;135700447;84453000;10737000;337000;-3942000;5716000;97301000;-5557000;-381561000;;-167576000;-103131000;547500000;;49177000;;-21098000
CFFN;7962638;USD;2023;FY;2023-09-30;2023-11-29;2025-11-26;133225000;133225000;-101659000;10108000;6838000;139451000;-7207000;47531000;-6281000;-156175000;;-329103000;-83172000;745328000;-23453000;477983000;;196411000
CFFN;7962638;USD;2024;FY;2024-09-30;2024-11-27;2025-11-26;130670780;130670780;38010000;8703000;1259000;1527000;-18315000;31184000;-6555000;83174000;;629109000;-44522000;-702191000;-19448000;-688591000;;-28298000
CFG;378202;USD;2020;FY;2020-12-31;2021-02-23;2023-02-17;427062537;428157780;1057000000;578000000;1616000000;-194000000;-2946000000;111000000;-118000000;-8118000000;-3000000;-6136000000;-770000000;-5818000000;125000000;15372000000;;9347000000
CFG;378202;USD;2021;FY;2021-12-31;2022-02-23;2024-02-16;424697880;426868106;2319000000;625000000;-411000000;704000000;-962000000;2275000000;-124000000;-6031000000;-165000000;-10486000000;-783000000;-1507000000;-249000000;4636000000;;-3575000000
CFG;378202;USD;2022;FY;2022-12-31;2023-02-17;2025-02-13;475959815;477803142;2073000000;565000000;474000000;132000000;875000000;4119000000;-126000000;-6244000000;-255000000;-12637000000;-892000000;4831000000;-153000000;9907000000;;1389000000
CFR;419929;USD;2020;FY;2020-12-31;2021-02-05;2023-02-03;62727053;63003837;331151000;64370000;241230000;-5165000;-107343000;524243000;-89361000;-2818860000;;-1631047000;-182600000;421655000;-7776000;7607476000;;6500672000
CFR;419929;USD;2021;FY;2021-12-31;2022-02-04;2024-02-06;63652000;64097000;443079000;69289000;;123027000;15205000;650600000;-57997000;3145815000;;-2527322000;-195943000;636324000;50553000;8170869000;;6294147000
CFR;419929;USD;2022;FY;2022-12-31;2023-02-03;2025-02-06;63652000;64097000;579150000;71344000;;105545000;-31410000;724629000;-99853000;-821656000;;-8279377000;-216455000;1945567000;12268000;2999880000;;-4554868000
CFR;419929;USD;2023;FY;2023-12-31;2024-02-06;2026-02-05;64204239;64404833;597973000;76442000;;102672000;-296305000;480782000;-156765000;218023000;;-944688000;-238998000;-570903000;-33421000;-2876950000;;-3340856000
CFR;419929;USD;2024;FY;2024-12-31;2025-02-06;2026-02-05;64120455;64262646;582542000;82817000;;96238000;229758000;991355000;-125144000;-1839534000;;-182702000;-249121000;223528000;-38258000;738329000;;1546982000
CHCO;6767633;USD;2024;FY;2024-12-31;2025-02-26;2026-02-25;14676000;14697000;117101000;13199000;1820000;13117000;-13341000;131896000;-2608000;-147840000;;-252260000;-43482000;257717000;-17202000;189477000;;69113000
CHMG;9075924;USD;2022;FY;2022-12-31;2023-03-22;2024-03-13;4684000;4684000;28783000;6002000;-554000;9430000;-7204000;36457000;-426000;-312359000;;-252835000;-5797000;45812000;-509000;245266000;;28888000
CHMG;9075924;USD;2023;FY;2023-12-31;2024-03-13;2025-03-14;4732000;4732000;25000000;2001000;3425000;9041000;-6879000;32588000;-462000;-144162000;;-82494000;-5840000;-109552000;285000;30884000;;-19022000
CHMG;9075924;USD;2024;FY;2024-12-31;2025-03-14;2026-03-13;4770000;4770000;23671000;1814000;-46000;16274000;-11898000;29815000;-3582000;-100464000;;-54104000;-7365000;77919000;-3533000;34477000;;10188000
CIT;335466;USD;2020;FY;2020-12-31;2021-02-19;2021-02-19;98405000;98405000;-615300000;327400000;800300000;199000000;-231000000;480400000;;1166500000;-706400000;1189100000;-171500000;25600000;;-345700000;2300000;1326100000
CIVB;9075840;USD;2020;FY;2020-12-31;2021-03-15;2023-04-03;16080863;16080863;32192000;3166000;10112000;297405000;-310221000;32654000;-1960000;-343348000;;-340982000;-7118000;-91260000;-13454000;398802000;;90474000
CLBK;883513;USD;2020;FY;2020-12-31;2021-03-01;2023-03-01;241463033;241463033;57603000;7591000;;29670000;-45820000;49044000;-4624000;66879000;155248000;257645000;;-646544000;-108340000;40721000;;347410000
CMA;378118;USD;2020;FY;2020-12-31;2021-02-09;2023-02-14;139000000;140000000;497000000;123000000;537000000;-114000000;-115000000;928000000;-74000000;-2136000000;;-6277000000;-383000000;323000000;-195000000;15298000000;;9949000000
CMA;378118;USD;2021;FY;2021-12-31;2022-02-16;2024-02-28;130769231;132870000;1168000000;135000000;-384000000;39000000;-324000000;634000000;-62000000;4067000000;;-1188000000;-392000000;;-695000000;7466000000;;6912000000
CMA;378118;USD;2022;FY;2022-12-31;2023-02-14;2024-02-28;134911243;136566000;1151000000;122000000;60000000;-60000000;-635000000;638000000;-79000000;-4824000000;;-9954000000;-376000000;3211000000;-15000000;-7081000000;;-16397000000
CMA;378118;USD;2023;FY;2023-12-31;2024-02-28;2024-02-28;132000000;133000000;881000000;106000000;89000000;-103000000;278000000;1251000000;-109000000;1265000000;;2317000000;-394000000;354000000;1000000;-348000000;;3220000000
CMTV;12444685;USD;2020;FY;2020-12-31;2021-03-26;2022-03-24;5345988;5345988;10758502000;894687000;1589000000;36426101000;-36993073000;12675217000;-452402000;-102746364000;;-116081220000;-3001560000;88335000;;169893711000;;66487708000
CMTV;12444685;USD;2021;FY;2021-12-31;2022-03-24;2023-03-27;5345988;5345988;13138338000;1104918000;624165000;17484178000;-18306919000;14044680000;-895739000;19139595000;0;-104593446000;-3435252000;-1698653000;;85857771000;;-4690995000
CMTV;12444685;USD;2022;FY;2022-12-31;2023-03-27;2023-03-27;5403938;5403938;13739940000;1141727000;978000000;12802652000;-12927074000;15735245000;-615549000;-59368049000;-2601000000;-95001755000;-3779313000;-213055000;;40047912000;;-39218598000
CNBKA;9076333;USD;2020;FY;2020-12-31;2021-03-10;2021-03-10;5567909;5567909;42209000;-1070000;5825000;-1069000;-1520000;44375000;-8376000;-558759000;;-750787000;-2490000;-193946000;;821719000;;115307000
CNOB;7962750;USD;2021;FY;2021-12-31;2022-02-24;2024-02-23;39626000;39886000;130353000;5737000;-5500000;66344000;5377000;202311000;-2670000;-596389000;974000;-689898000;-19210000;-7725000;101632000;449367000;;-38220000
CNOB;7962750;USD;2022;FY;2022-12-31;2023-02-24;2025-02-21;35286058;35286058;125211000;5548000;17750000;25579000;2743000;176831000;-2604000;-1292938000;;-1536321000;-29465000;389389000;-13003000;1362269000;;2779000
CNOB;7962750;USD;2023;FY;2023-12-31;2024-02-23;2026-02-24;38809000;38962000;87003000;5941000;8200000;37762000;-45990000;92916000;-7433000;-255556000;;-248063000;-31948000;936000;-17401000;129546000;;-25601000
CNOB;7962750;USD;2024;FY;2024-12-31;2025-02-21;2026-02-24;38270000;38481000;73793000;5657000;13800000;24762000;-57312000;60700000;-2518000;57941000;;55151000;-33317000;-245537000;-5820000;-2077000;;113774000
COF;378103;USD;2020;FY;2020-12-31;2021-02-25;2023-02-24;457800000;458900000;2714000000;3501000000;10264000000;7881000000;-7664000000;16699000000;-710000000;4136000000;-7000000;-14841000000;-740000000;-16480000000;-197000000;25164000000;;27022000000
COF;378103;USD;2021;FY;2021-12-31;2022-02-25;2024-02-23;422500000;424300000;12390000000;3481000000;-1944000000;10104000000;-11715000000;12310000000;-698000000;-33833000000;-669000000;-31501000000;-1422000000;3554000000;-7400000000;474000000;;-18717000000
COF;378103;USD;2022;FY;2022-12-31;2023-02-24;2025-02-20;422500000;424300000;7360000000;3210000000;5847000000;9074000000;-11679000000;13809000000;-934000000;-35885000000;-1176000000;-29738000000;-1178000000;8423000000;-4672000000;25131000000;;9202000000
COF;378103;USD;2023;FY;2023-12-31;2024-02-23;2026-02-19;382400000;383400000;4887000000;3226000000;10426000000;4313000000;-2277000000;20575000000;-961000000;-17822000000;-2785000000;-21920000000;;;;15172000000;;13827000000
COF;378103;USD;2024;FY;2024-12-31;2025-02-20;2026-02-19;382700000;383600000;4750000000;3237000000;11716000000;3715000000;-5255000000;18159000000;-1204000000;-21431000000;0;-26410000000;;;;14156000000;;5905000000
COFS;12444269;USD;2020;FY;2020-12-31;2021-04-01;2023-03-23;7521771;7531617;15613000;7706000;4000000;314182000;-333023000;8478000;-1852000;-79594000;;-250751000;;-23871000;134000;262234000;;19961000
COFS;12444269;USD;2021;FY;2021-12-31;2022-03-18;2024-03-13;7685459;7702714;22042000;12425000;;-5687000;-197090000;-168310000;-2759000;45384000;;-315365000;-7200000;73174000;-7647000;436043000;;-47632000
COLB;6481027;USD;2020;FY;2020-12-31;2021-02-26;2023-02-24;220218000;220218000;154244000;14893000;77700000;461513000;-516058000;192292000;-5772000;-669578000;;-1918785000;-95509000;-936578000;-20494000;2132586000;;406093000
COLB;6481027;USD;2021;FY;2021-12-31;2022-02-25;2024-02-27;219032000;219581000;420300000;31498000;-42651000;4856908000;-4603332000;662723000;-15478000;-488755000;;-1534275000;-183734000;-765000000;-80656000;1059992000;;188440000
COLB;6481027;USD;2022;FY;2022-12-31;2023-02-24;2025-02-25;216980000;217403000;336752000;28305000;84016000;2055659000;-1439703000;1065029000;-27086000;-3595515000;;-3533092000;-182273000;900000000;-4109000;1001085000;;-1466978000
COLB;6481027;USD;2023;FY;2023-12-31;2024-02-27;2026-02-26;195304000;195871000;534000000;150000000;106000000;473000000;-604000000;659000000;-36000000;-371000000;;114000000;-300000000;-850000000;-6000000;-1058000000;;-285000000
COLB;6481027;USD;2024;FY;2024-12-31;2025-02-25;2025-02-25;208463000;209337000;533675000;149869000;105924000;473737000;-604339000;658866000;-35665000;-370950000;;114571000;-300221000;-850000000;-5715000;-1057716000;;-284279000
COOP;1306307;USD;2022;FY;2022-12-31;2023-02-16;2025-02-20;71885000;73818000;923000000;37000000;;30819000000;-28012000000;3767000000;-17000000;;;-3435000000;;;-239000000;-671000000;;-339000000
COOP;1306307;USD;2023;FY;2023-12-31;2024-02-28;2025-02-20;67070000;68549000;500000000;38000000;;13167000000;-12809000000;896000000;-18000000;;-556000000;-461000000;;;-276000000;-397000000;;38000000
COOP;1306307;USD;2024;FY;2024-12-31;2025-02-20;2025-02-20;64322000;65683000;669000000;44000000;;22471000000;-23908000000;-724000000;-38000000;;-1311000000;-500000000;;1750000000;-147000000;1457000000;;233000000
CPF;7962886;USD;2020;FY;2020-12-31;2021-02-23;2022-02-23;28108648;28313014;37273000;6223000;42111000;398165000;-406980000;76792000;-25784000;-522086000;;-596946000;-25935000;-124162000;-4749000;521249000;;1095000
CPF;7962886;USD;2021;FY;2021-12-31;2022-02-23;2024-02-21;28003744;28257323;79894000;6984000;-14591000;177423000;-139222000;110488000;-22161000;-138117000;;-662296000;-26959000;-22000000;-17433000;776648000;;224840000
CPF;7962886;USD;2022;FY;2022-12-31;2023-02-21;2025-02-26;27398445;27567780;73928000;6865000;-1273000;98913000;-64312000;114121000;-18440000;-456903000;;-384483000;-28505000;5000000;-20061000;53499000;;-216863000
CPF;7962886;USD;2023;FY;2023-12-31;2024-02-21;2026-02-27;27027681;27080518;58669000;6943000;15698000;42663000;-18861000;105112000;-6434000;100982000;;179661000;-28117000;45000000;-2632000;125620000;;410393000
CPF;7962886;USD;2024;FY;2024-12-31;2025-02-26;2026-02-27;27057329;27157120;53412000;6878000;9826000;80463000;-60060000;90519000;-15092000;91552000;;654000;-28143000;;-945000;-232669000;;-141496000
CSBB;12444763;USD;2020;FY;2020-12-31;2021-03-16;2022-04-07;2742350;2742350;10568000;853000;1650000;59182000;-58081000;14172000;-1179000;-51267000;;-136114000;;;;;;-121942000
CSBB;12444763;USD;2021;FY;2021-12-31;2022-03-16;2023-03-16;2742350;2742350;10837000;890000;-655000;45872000;-41927000;15017000;-1989000;67034000;;-57985000;-3331000;-1942000;-939000;104973000;;62005000
CSBB;12444763;USD;2022;FY;2022-12-31;2023-03-16;2024-03-15;2720633;2720633;13313000;960000;-895000;992000;127000;14497000;-366000;-56623000;;-183564000;-3526000;-4926000;-388000;11830000;;-157237000
CSBB;12444763;USD;2023;FY;2023-12-31;2024-03-15;2025-03-14;2679902;2679902;14756000;921000;198000;424000;-812000;15487000;-415000;-53249000;;-38988000;-4013000;2586000;-1425000;1158000;;-22343000
CSBB;12444763;USD;2024;FY;2024-12-31;2025-03-14;2026-03-16;2661308;2661308;10012000;941000;7244000;-390000;-1920000;15887000;-1960000;-20431000;;-8301000;-4204000;-10648000;-762000;1846000;;9432000
CSTR;9075788;USD;2020;FY;2020-12-31;2021-03-05;2023-03-03;20162038;20185589;24696000;3201000;11479000;1329772000;-1349970000;19178000;4686000;-163626000;63482000;-265538000;-4035000;29387000;-1374000;422530000;;176170000
CUBI;7962764;USD;2023;FY;2023-12-31;2024-02-29;2026-02-27;31435647;32158788;250143000;31813000;74611000;-274102000;42264000;124729000;-38695000;2376237000;;3157723000;-14636000;400000000;-36694000;108088000;;3390540000
CUBI;7962764;USD;2024;FY;2024-12-31;2025-02-28;2026-02-27;31509179;32719134;181469000;33552000;73451000;-10604000;-132811000;145057000;-46621000;-1657637000;-5140000;-1006091000;-15147000;-95000000;-17482000;800619000;;-60415000
CVBF;6767555;USD;2023;FY;2023-12-31;2024-02-28;2026-02-27;138333000;138462000;;;;295632000;;295632000;-4521000;181669000;9615000;536277000;-111686000;1075000000;-21006000;-754084000;;77825000
CVBF;6767555;USD;2024;FY;2024-12-31;2025-02-28;2026-02-27;138415000;138579000;;;;249765000;;249765000;-5135000;360480000;;852746000;-111830000;-1570000000;-2252000;-1179098000;;-76587000
CVLY;9075932;USD;2020;FY;2020-12-31;2021-03-09;2022-03-08;9782000;9809000;8442000;3424433;14675000;74580000;-5735541;11914000;-1141000;;;-72455000;-5081000;-3783000;724000;264743000;;204202000
CVLY;9075932;USD;2021;FY;2021-12-31;2022-03-08;2023-03-14;9715000;9753000;14659000;3214034;3663000;95661000;2540000;27833000;-1036000;0;;-61384000;-5270000;-22779000;-8803000;243252000;;209701000
CVLY;9075932;USD;2022;FY;2022-12-31;2023-03-14;2024-03-12;9506000;9548000;20092000;3217217;2890000;24506000;37985;33958000;-1841000;10298000;;-244607000;-5714000;-9156000;1239000;-214406000;;-425055000
CVLY;9075932;USD;2023;FY;2023-12-31;2024-03-12;2024-03-12;9608000;9625000;24973000;1740000;-244000;4126000;-5171497;22071000;-221000;1336000;;-78362000;-6337000;44936000;1034000;-30457000;;-86748000
CWBC;12444735;USD;2020;FY;2020-12-31;2021-03-15;2023-03-31;8500000;8500000;8245000;821000;1223000;64561000;-59007000;15843000;-338000;;;-91567000;-1652000;40000000;4000;53603000;;-22121000
CZNC;9075792;USD;2020;FY;2020-12-31;2021-03-05;2023-03-16;14743386;14747048;19222000;1981000;3913000;159009000;-159341000;24784000;75080000;10060000;;96580000;-14469000;-128909000;-32000;-56469000;;64895000
CZNC;9075792;USD;2021;FY;2021-12-31;2022-02-22;2024-03-11;15765639;15771955;30554000;2130000;3661000;103753000;-105254000;34844000;-89000;81263000;;-103895000;-15976000;-13149000;-7374000;68882000;;-169000
CZNC;9075792;USD;2022;FY;2022-12-31;2023-03-16;2025-03-06;15630094;15635892;26618000;2389000;7255000;28627000;-30290000;34599000;-2641000;-166599000;;-234688000;-15865000;104304000;-9189000;151939000;;-48150000
CZNC;9075792;USD;2023;FY;2023-12-31;2024-03-11;2026-03-06;15241859;15241859;24148000;4213000;186000;26936000;-21935000;33548000;-1998000;-84722000;;-53311000;-15569000;29853000;-6784000;24843000;;5080000
CZNC;9075792;USD;2024;FY;2024-12-31;2025-03-06;2026-03-06;15262504;15262504;25958000;3828000;2195000;33723000;-32669000;33035000;-1613000;-41691000;;-20971000;-15530000;-4249000;-629000;58732000;;70796000
CZWI;12444747;USD;2021;FY;2021-09-30;2021-12-06;2022-03-02;10505000;10514000;12725000;3576000;7750000;-8567000;8301000;23785000;589000;-61494000;;-61788000;-2372000;7177000;-2820000;101603000;;63600000
CZWI;12444747;USD;2022;FY;2022-09-30;2022-11-30;2023-03-07;10505000;10514000;21266000;3851000;;-6490000;2972000;21599000;-3183000;-71395000;;-163172000;-2511000;-4000000;-7899000;69824000;;-71749000
CZWI;12444747;USD;2023;FY;2023-09-30;2023-12-05;2023-03-07;10481250;10481250;17761000;3806000;2125000;-1007000;6603000;29288000;-1791000;-99973000;;-119184000;-2742000;59585000;-1693000;77568000;;-12328000
DCOM;11795242;USD;2020;FY;2020-12-31;2021-03-15;2023-02-28;21537948;21538448;42318000;5069000;26165000;69351000;-82971000;59932000;-954000;-357628000;;-324385000;-23494000;121760000;81251000;352568000;;88115000
DFS;378127;USD;2020;FY;2020-12-31;2021-02-17;2023-02-23;307000000;307000000;1141000000;485000000;5134000000;-818000000;254000000;6196000000;-261000000;3045000000;;1514000000;-576000000;-4792000000;155000000;-1085000000;;6625000000
DFS;378127;USD;2021;FY;2021-12-31;2022-02-24;2024-02-23;307000000;307000000;5422000000;531000000;218000000;-102000000;-50000000;6019000000;-194000000;-4574000000;;40000000;-636000000;-2623000000;-524000000;-8316000000;;-2257000000
EBMT;10656742;USD;2021;FY;2021-12-31;2022-03-09;2023-03-08;6653935;6655735;14419000;3490000;;1076522000;-1037977000;56454000;-10839000;;358000;-232921000;-3018000;-12070000;-6279000;168099000;;-8368000
EBMT;10656742;USD;2022;FY;2022-12-31;2023-03-08;2024-03-06;7790188;7792467;10701000;4910000;2001000;556058000;-531759000;41911000;-15917000;41032000;13397000;-234724000;-4061000;94394000;-4747000;153190000;;-39623000
EBMT;10656742;USD;2023;FY;2023-12-31;2024-03-06;2025-03-14;7793352;7798243;10056000;5521000;1456000;344566000;-352253000;9346000;-13180000;;;-104103000;-4442000;106343000;-231000;97491000;;2734000
EBMT;10656742;USD;2024;FY;2024-12-31;2025-03-14;2026-03-09;7838822;7853792;9778000;6561000;518000;211823000;-200141000;28539000;-14020000;1413000;;-27797000;-4535000;-34807000;-419000;6272000;;7014000
EBSB;9076335;USD;2020;FY;2020-12-31;2021-03-01;2021-03-01;50283704;50418169;65051000;3961000;26456000;-11069000;-18562000;65837000;-565000;236857000;;244635000;-16292000;72000000;-17591000;197732000;;508204000
EBTC;7962932;USD;2023;FY;2023-12-31;2024-03-08;2025-03-07;12223626;12244036;38058000;6188000;9249000;4805000;-1143000;57157000;-6019000;-387218000;-59000;-222464000;-9734000;22552000;224000;-45690000;;-210997000
EBTC;7962932;USD;2024;FY;2024-12-31;2025-03-07;2025-03-07;12386669;12398062;38733000;5610000;1985000;10826000;-10623000;46531000;-2467000;-415473000;-4691000;-346541000;-10277000;127368000;400000;327259000;;27249000
EFSC;6767611;USD;2020;FY;2020-12-31;2021-02-19;2023-02-24;26954000;26989000;74384000;11825000;65398000;208128000;-224221000;135514000;652000;-702355000;62114000;-702829000;-19795000;345070000;-15347000;937762000;;370447000
EFSC;6767611;USD;2021;FY;2021-12-31;2022-02-25;2024-02-26;34436000;34496000;133055000;11837000;13385000;37024000;-180083000;15218000;3415000;302319000;212642000;130932000;-26153000;491560000;11399000;1337836000;;1483986000
EFSC;6767611;USD;2022;FY;2022-12-31;2023-02-24;2025-02-28;36898000;36947000;203043000;10940000;-611000;92224000;-88956000;216640000;4216000;-724607000;;-1383784000;-37643000;-558689000;-32923000;-563186000;;-1730330000
EFSC;6767611;USD;2023;FY;2023-12-31;2024-02-26;2026-02-27;37370000;37507000;194059000;9691000;36605000;25938000;-12033000;254260000;-6199000;-1174731000;;-1293804000;-41118000;1904920000;;1181214000;;141670000
EFSC;6767611;USD;2024;FY;2024-12-31;2025-02-28;2026-02-27;37357000;37567000;185266000;8983000;21508000;24795000;-5123000;235429000;-7475000;-350757000;;-784900000;-43300000;427784000;-29641000;880612000;;331141000
EFSI;12444431;USD;2020;FY;2020-12-31;2021-03-30;2022-03-30;3416514;3416514;11172000;1439000;1457000;-206000;-2856000;11006000;-393000;-191411000;;-201474000;-3198000;;-1627000;236729000;;46261000
EFSI;12444431;USD;2021;FY;2021-12-31;2022-03-30;2023-03-29;3444062;3444062;11021000;1668000;1483000;-1596000;3883000;16459000;-520000;-150660000;;-193217000;-3261000;;30000;160906000;;-15852000
EGBN;7962666;USD;2022;FY;2022-12-31;2023-03-01;2025-02-27;32037099;32037099;140930000;3319000;266000;363285000;-312898000;194902000;-2113000;-601603000;;-927077000;-55776000;675001000;-32242000;-670193000;;-1402368000
EMYB;12444419;USD;2020;FY;2020-12-31;2021-03-12;2022-03-18;7469952;7523595;12810000;760000;2520000;-742000;-1714000;13634000;-1983000;-129483000;;-173772000;-1644000;47378000;-702000;252059000;;91921000
EMYB;12444419;USD;2021;FY;2021-12-31;2022-03-18;2023-03-17;7517669;7554785;16786000;864000;915000;-2747000;-569000;15249000;-1512000;-18279000;;-156210000;-2253000;-50794000;-609000;178746000;;37785000
EMYB;12444419;USD;2022;FY;2022-12-31;2023-03-17;2024-03-28;7508105;7545469;17702000;883000;895000;-733000;1164000;19911000;-719000;-100686000;;-161316000;-2644000;-14651000;89000;39008000;;-102397000
EMYB;12444419;USD;2023;FY;2023-12-31;2024-03-28;2025-03-17;7599729;7599729;12656000;915000;;-755000;6682000;19498000;-806000;-45372000;;3255000;-3041000;35000000;-63000;-11125000;;11628000
EMYB;12444419;USD;2024;FY;2024-12-31;2025-03-17;2026-03-16;7614258;7614258;10440000;1147000;-433000;-1450000;240000;9944000;-739000;-14554000;;-36153000;-3199000;-19375000;-2000;43808000;;17599000
EQBK;7962924;USD;2020;FY;2020-12-31;2021-03-09;2023-03-09;15098512;15098512;-74970000;7624000;24255000;210088000;-123376000;43621000;-7537000;-11144000;25925000;96004000;;-250432000;-18732000;51782000;;191407000
EQBK;7962924;USD;2021;FY;2021-12-31;2022-03-09;2024-03-07;15019221;15306431;52480000;8428000;-8480000;136152000;-85882000;102698000;-4916000;-156494000;173863000;-315339000;-1149000;-24489000;-14248000;191897000;;-20744000
EQBK;7962924;USD;2022;FY;2022-12-31;2023-03-09;2025-03-07;16865167;17141174;57688000;8652000;125000;52601000;-44993000;74073000;26573000;-185600000;;-214184000;-5564000;138864000;-30383000;-15415000;;-155526000
EQBK;7962924;USD;2023;FY;2023-12-31;2024-03-07;2026-03-06;15535772;15648842;7821000;8034000;1873000;77612000;-18813000;76527000;-15302000;-25512000;;232170000;-6614000;101136000;-16913000;-34026000;;274671000
ESQ;7962956;USD;2023;FY;2023-12-31;2024-03-29;2026-03-13;7716367;8345586;41011000;707000;4525000;-2917000;-925000;42401000;-605000;-209660000;;-215404000;-3719000;-2000;-176000;174090000;;1087000
ESQ;7962956;USD;2024;FY;2024-12-31;2025-03-17;2026-03-13;7817626;8487041;43658000;880000;4700000;3159000;-10185000;42212000;-714000;-189476000;;-308266000;-4846000;-2000;505000;227174000;;-38880000
ESSA;9075950;USD;2021;FY;2021-09-30;2021-12-14;2022-12-14;9945528;9947504;16424000;1326000;2700000;-284000;-791000;19375000;469000;76450000;;31793000;-4694000;-125877000;-7078000;-48139000;;3029000
ESSA;9075950;USD;2022;FY;2022-09-30;2022-12-14;2023-12-14;9761437;9765157;20070000;1312000;;1005000;320000;22707000;-102000;-93586000;;-128129000;-5273000;230810000;-1884000;-25587000;;-131009000
EVBN;9075954;USD;2020;FY;2020-12-31;2021-03-19;2023-03-03;5232881;5268560;;;;70052000;-62265000;7787000;-3340000;-191684000;-6490000;-213391000;-5991000;3855000;717000;264351000;;58747000
EWBC;335579;USD;2020;FY;2020-12-31;2021-02-26;2023-02-27;142336000;142991000;567797000;119908000;;292234000;-287295000;692644000;295000;-3983019000;;-6863436000;-158222000;-274122000;-143640000;6898608000;29006000;756822000
EWBC;335579;USD;2021;FY;2021-12-31;2022-02-28;2024-02-29;141564000;141564000;872981000;156792000;;88110000;50539000;1168422000;54338000;-2387601000;;-9117204000;-188762000;-427349000;2573000;7835045000;8701000;-105036000
FBC;9076327;USD;2020;FY;2020-12-31;2021-02-26;2022-03-01;56094542;56505813;538000000;76000000;149000000;-49828000000;-763000000;-49828000000;-54000000;-4650000000;414000000;44785000000;-11000000;432000000;-150000000;5241000000;;198000000
FBC;9076327;USD;2021;FY;2021-12-31;2022-03-01;2022-03-01;52792931;53519086;533000000;84000000;-112000000;-52358000000;-361000000;-52214000000;-33000000;2771000000;79000000;57016000000;-13000000;-2066000000;;-4364000000;;438000000
FBK;6767691;USD;2021;FY;2021-12-31;2022-02-25;2024-02-27;47431102;47955880;190301000;13889000;;6193391000;-6342686000;54895000;-6102000;-309766000;;-849558000;-20866000;-66483000;-6115000;1274505000;;479842000
FBMS;7962650;USD;2020;FY;2020-12-31;2021-03-12;2023-03-01;20718544000;20822650000;52505000;12354000;25151000;294885000;-333710000;51185000;-2982000;-131589000;29245000;-259128000;-8589000;-45447000;-8561000;601633000;;393690000
FCBC;7962836;USD;2020;FY;2020-12-31;2021-03-12;2023-02-22;17781748;17815380;35926000;5908000;12668000;-1996000;-6662000;45844000;-334000;-69259000;;17798000;-17876000;-677000;-21872000;175910000;;239552000
FCBC;7962836;USD;2021;FY;2021-12-31;2022-03-03;2024-03-08;17335615;17402936;51168000;5917000;-8471000;-1699000;1300000;48215000;-422000;27467000;;35350000;-18059000;572000;-28344000;137313000;;220878000
FCBC;7962836;USD;2022;FY;2022-12-31;2023-02-22;2025-03-07;16519848;16562257;46662000;5600000;6572000;-3481000;3671000;59024000;382000;-236620000;-59039000;-536779000;-18515000;338000;-21139000;-28838000;;-506593000
FCBC;7962836;USD;2023;FY;2023-12-31;2024-03-08;2026-03-06;17996373;18027151;48020000;5685000;7985000;-4095000;4233000;61828000;-943000;64538000;176684000;288662000;-21089000;-755000;-22947000;-404916000;;-54426000
FCBC;7962836;USD;2024;FY;2024-12-31;2025-03-07;2026-03-06;18349498;18430206;51604000;6480000;3597000;-3643000;-299000;57739000;-1678000;152942000;;263910000;-22017000;-213000;-7307000;-60615000;;261034000
FCBP;6767413;USD;2020;FY;2020-12-31;2021-03-15;2021-03-15;11705684;11705684;28951000;1852000;5900000;201061000;-209876000;27888000;-1237000;-498556000;;-513288000;-11699000;252119000;-905000;559980000;;74580000
FCCO;9075956;USD;2020;FY;2020-12-31;2021-03-12;2023-03-22;7446000;7482000;10099000;2000000;3663000;-32238000;-570000;-17046000;-1087000;-106874000;;-171521000;-3573000;-211000;361000;205867000;;17300000
FCCY;9076301;USD;2020;FY;2020-12-31;2021-03-15;2021-03-15;10220319;10260965;18086000;2053000;6698000;-24610000;4432000;6659000;-421000;-217616000;;-198878000;-3676000;-82225000;-204000;199372000;;7153000
FCF;998470;USD;2020;FY;2020-12-31;2021-03-01;2023-02-28;96130751;97758965;73447000;11653000;56718000;381748000;-417867000;105699000;-2084000;-554597000;;-483138000;-42982000;-85569000;-20683000;612164000;;234725000
FCF;998470;USD;2021;FY;2021-12-31;2022-03-01;2024-02-29;94233152;95020353;138257000;11442000;-1376000;397400000;-380677000;165046000;-2841000;-85253000;;-565305000;-43611000;-30207000;-31079000;439050000;;38791000
FCNCA;446741;USD;2020;FY;2020-12-31;2021-02-24;2023-02-24;10056654;10056654;492000000;133000000;58000000;897000000;-1204000000;376000000;-132000000;-7041000000;-60000000;-9908000000;-30000000;659000000;6000000;9517000000;;-15000000
FCNCA;446741;USD;2021;FY;2021-12-31;2022-02-25;2024-02-23;9816405;9816405;547000000;143000000;-37000000;927000000;-1864000000;-284000000;-106000000;-4344000000;;-7568000000;-42000000;-54000000;;7828000000;;-24000000
FDBC;9075818;USD;2020;FY;2020-12-31;2021-03-19;2023-03-20;4586224;4586224;13035000;4539000;5250000;154613000;-177141000;296000;-267000;-132541000;53004000;-164243000;-5378000;-55549000;219000;217630000;;53683000
FDBC;9075818;USD;2021;FY;2021-12-31;2022-03-23;2023-03-20;5321687;5321687;24008000;5423000;2000000;159416000;-183648000;7199000;34000;7134000;-3746000;-303243000;-6608000;-21984000;270000;323575000;;27531000
FDBC;9075818;USD;2022;FY;2022-12-31;2023-03-20;2024-03-20;4589789;4622340;30021000;5255000;2100000;79858000;-67807000;49427000;-3358000;-116055000;;-115388000;-7709000;9831000;-1031000;-1825000;;-67786000
FDBC;9075818;USD;2023;FY;2023-12-31;2024-03-20;2025-03-13;5676711;5716702;18210000;5703000;1326000;57820000;-53367000;29692000;-6108000;-122032000;;-35275000;-6750000;103589000;63000;88441000;;82858000
FDBC;9075818;USD;2024;FY;2024-12-31;2025-03-13;2026-03-13;5732532;5772697;20794000;5668000;1465000;57464000;-55828000;29563000;-4389000;-114540000;;-113588000;-8849000;-118320000;201000;55429000;;-28596000
FFIC;7962962;USD;2020;FY;2020-12-31;2021-03-16;2023-03-14;29301000;29301000;34674000;6320000;23129000;7802000;-647000;71278000;-2309000;-226455000;31504000;93098000;-24813000;-197030000;-3877000;-56775000;;107601000
FFIN;998435;USD;2020;FY;2020-12-31;2021-02-22;2023-02-23;142032420;142544991;202034000;12793000;19517000;28929000;-52605000;210668000;-14994000;-529144000;61028000;-1262202000;-70318000;891879000;-3291000;1498014000;;446480000
FFIN;998435;USD;2021;FY;2021-12-31;2022-02-22;2024-02-26;142437804;143251521;227562000;13061000;-1139000;71933000;43734000;355151000;-18382000;-211786000;;-2611650000;-79712000;1334197000;3985000;2056003000;;-200496000
FFIN;998435;USD;2022;FY;2022-12-31;2023-02-23;2025-02-21;142032420;142544991;234475000;12762000;17427000;65270000;-5664000;324270000;-14598000;-1049925000;;-838005000;-91315000;128816000;-3234000;315825000;;-197910000
FFIN;998435;USD;2023;FY;2023-12-31;2024-02-26;2026-02-25;142688585;142938977;198977000;12578000;10631000;62107000;529000;284822000;-13480000;-708432000;;127292000;-99965000;520569000;-603000;-206201000;;205913000
FFIN;998435;USD;2024;FY;2024-12-31;2025-02-21;2026-02-25;142822880;143232520;223511000;13427000;13821000;48972000;9910000;309641000;-14822000;-765702000;;-736878000;-102913000;841357000;3160000;654059000;;226822000
FFNW;9076024;USD;2023;FY;2023-12-31;2024-03-13;2025-03-20;9126209;9152617;6305000;2028000;-208000;1318000;-5272000;4171000;-507000;-9134000;;2727000;;;;;;6898000
FFNW;9076024;USD;2024;FY;2024-12-31;2025-03-20;2025-03-20;9183900;9238016;1072000;1915000;-50000;639000;-2451000;1125000;-414000;35789000;;94608000;;;;;;95733000
FFWM;9075802;USD;2020;FY;2020-12-31;2021-02-26;2023-02-28;44639430;44900805;84369000;3205000;26000;7151000;-26306000;68445000;-2862000;-241157000;;-25899000;-12504000;-474000000;-1909000;521774000;;564320000
FFWM;9075802;USD;2021;FY;2021-12-31;2022-02-28;2024-02-28;45272183;45459540;109511000;4897000;10547000;-11184000;-15837000;97934000;-3207000;-1042874000;;-83883000;-16173000;-234404000;1037000;477999000;;492050000
FFWM;9075802;USD;2022;FY;2022-12-31;2023-02-28;2025-03-17;56422450;56490060;110512000;4036000;;9655000;-22713000;101490000;-1195000;-3318750000;;-3239609000;-24830000;947030000;-4605000;2672856000;;-465263000
FFWM;9075802;USD;2023;FY;2023-12-31;2024-02-28;2026-03-16;56426093;56426093;-199064000;4426000;;209300000;-6676000;7986000;-8211000;540971000;;132030000;-9020000;520733000;-380000;530119000;;670135000
FGBI;9075974;USD;2020;FY;2020-12-31;2021-03-16;2022-03-16;11786916;11786916;20318000;3781000;14877000;-11949000;-3268000;23759000;-6186000;-322745000;;-128455000;-6234000;29900000;;336876000;;232180000
FGBI;9075974;USD;2021;FY;2021-12-31;2022-03-16;2023-03-16;10716796;10716796;27297000;4775000;2055000;-1260000;-6347000;26520000;-2127000;-320502000;;-452645000;-7777000;-67003000;33058000;388452000;;-37673000
FGBI;9075974;USD;2022;FY;2022-12-31;2023-03-16;2024-03-15;10716796;10716796;28884000;4109000;3656000;37000;179000;36865000;-2573000;-369874000;;-467911000;-9187000;134220000;;252333000;;-178713000
FGBI;9075974;USD;2023;FY;2023-12-31;2024-03-15;2025-03-17;10716796;10716796;9219000;4026000;3714000;744000;4011000;21714000;-14531000;-243052000;;-206088000;-9698000;92006000;20000000;387610000;;203236000
FGBI;9075974;USD;2024;FY;2024-12-31;2025-03-17;2026-03-31;12501035;12501035;12448000;4432000;20034000;-17193000;14008000;33729000;11937000;32311000;;-142069000;-7455000;-73618000;;386093000;;277753000
FHB;210774;USD;2020;FY;2020-12-31;2021-02-25;2023-02-24;129890225;130220077;185754000;63071000;121718000;298532000;-459569000;209506000;-33390000;-105029000;;-2103763000;-135099000;-400009000;-4688000;2241184000;;346927000
FHB;210774;USD;2021;FY;2021-12-31;2022-02-25;2024-02-28;127893011;128512257;265735000;51844000;-39000000;123480000;15066000;417125000;-16437000;287082000;;-2376319000;-134133000;-200010000;-74453000;2176719000;;217525000
FHB;210774;USD;2022;FY;2022-12-31;2023-02-24;2025-02-28;127893011;128512257;265685000;56747000;1392000;50492000;56298000;430614000;4009000;-1149914000;;-965100000;-132588000;75000000;-9099000;-197359000;;-731845000
FHN;1234769;USD;2021;FY;2021-12-31;2022-03-01;2024-02-23;537000000;542000000;1010000000;117000000;-310000000;-200000000;1889000000;2506000000;-11000000;-3031000000;;-6382000000;-366000000;-183000000;-254000000;4016000000;;140000000
FHN;1234769;USD;2022;FY;2022-12-31;2023-03-01;2025-02-27;535033000;566004000;912000000;85000000;95000000;245000000;954000000;2291000000;-10000000;10319000000;;8333000000;-367000000;;518000000;-11255000000;;-631000000
FIBK;6767459;USD;2020;FY;2020-12-31;2021-03-01;2023-02-24;63611891;63729470;161200000;45100000;;1493300000;-1431300000;268300000;-30200000;;;-1869800000;-128600000;492300000;-115700000;2801500000;;1200000000
FIBK;6767459;USD;2021;FY;2021-12-31;2022-02-25;2024-02-29;61650312;61741828;192100000;44400000;;879600000;-833800000;282300000;-10300000;;;-2120000000;-101600000;-40300000;-5000000;1905700000;;68000000
FINW;12444710;USD;2020;FY;2020-12-31;2021-03-30;2022-03-30;8669724;9108163;11198000;1012000;5234000;825000;1316000;19585000;-592000;-128734000;;-130216000;;101007000;-227000;123235000;;12604000
FINW;12444710;USD;2021;FY;2021-12-31;2022-03-30;2023-03-30;8669724;9108163;31583000;1038000;8039000;6281220000;-6331112000;-9232000;-2334000;35622000;;24257000;;-99957000;35887000;23346000;;38371000
FINW;12444710;USD;2022;FY;2022-12-31;2023-03-30;2024-03-25;12729898;13357022;25115000;2107000;13519000;23182000;-2770000;61153000;-7213000;-17330000;;-35834000;;-736000;-876000;-10506000;;14813000
FISI;9075822;USD;2020;FY;2020-12-31;2021-03-15;2023-03-09;16022000;16063000;38332000;7893000;27184000;90426000;-120380000;43455000;-3745000;-390932000;;-531071000;-17957000;-235200000;-209000;468547000;;-19069000
FISI;9075822;USD;2021;FY;2021-12-31;2022-03-10;2024-03-13;15841000;15937000;77697000;8049000;-8336000;87771000;-92219000;72962000;-5893000;-90058000;-1420000;-633422000;-18451000;24700000;-9278000;545694000;;-14766000
FISI;9075822;USD;2022;FY;2022-12-31;2023-03-09;2025-03-12;15384000;15471000;56573000;8112000;13311000;29576000;26001000;133573000;-8369000;-376251000;;-325160000;-19053000;175000000;-15340000;242941000;;51354000
FITB;378145;USD;2020;FY;2020-12-31;2021-02-26;2023-02-24;714729585;719735415;1427000000;492000000;1097000000;12611000000;-15256000000;371000000;-272000000;-294000000;-4000000;-31902000000;-858000000;-60000000;346000000;31400000000;;-131000000
FITB;378145;USD;2021;FY;2021-12-31;2022-02-25;2024-02-27;688370000;697532000;2770000000;349000000;-377000000;17089000000;-17127000000;2704000000;-290000000;-3003000000;-297000000;-7968000000;-897000000;-3234000000;-1393000000;5111000000;;-153000000
FITB;378145;USD;2022;FY;2022-12-31;2023-02-24;2025-02-24;688370000;697532000;2446000000;436000000;563000000;13012000000;-10029000000;6428000000;-346000000;-8837000000;-851000000;-4871000000;-927000000;6021000000;-100000000;-1085000000;;472000000
FITB;378145;USD;2023;FY;2023-12-31;2024-02-27;2026-02-24;684172079;687678291;2349000000;462000000;515000000;5072000000;-3914000000;4484000000;-484000000;3802000000;;-9463000000;-1060000000;748000000;-200000000;4655000000;;-324000000
FITB;378145;USD;2024;FY;2024-12-31;2025-02-24;2026-02-24;682160985;687300837;2314000000;495000000;530000000;4358000000;-4868000000;2829000000;-390000000;-3121000000;6000000;1034000000;-1176000000;-465000000;-625000000;-3991000000;;-128000000
FKYS;12444425;USD;2020;FY;2020-12-31;2021-03-15;2022-03-14;5841000;5841000;11837000;1131000;1200000;15650000;-31775000;-1957000;-217000;-57415000;;-135264000;-6308000;-20173000;1298000;150677000;;13456000
FKYS;12444425;USD;2021;FY;2021-12-31;2022-03-14;2023-03-15;5908000;5908000;14688000;1038000;860000;31643000;-32974000;15255000;-464000;-29960000;;-111345000;-6617000;-2127000;1511000;133248000;;37158000
FKYS;12444425;USD;2022;FY;2022-12-31;2023-03-15;2024-03-29;5908000;5908000;14024000;1056000;;8925000;-7477000;16528000;-1892000;-103362000;;-93634000;-6690000;116031000;1635000;26506000;;-50600000
FKYS;12444425;USD;2023;FY;2023-12-31;2024-03-29;2025-03-26;6054000;6054000;5560000;798000;-217000;5437000;-5673000;5905000;-1656000;-52480000;;-76833000;-6780000;97043000;;77203000;;6275000
FKYS;12444425;USD;2024;FY;2024-12-31;2025-03-26;2026-03-30;6170000;6170000;-13203000;946000;1640000;22665000;-3403000;8645000;-1728000;-37740000;;-33158000;-5645000;-35042000;;24754000;;241000
FLIC;9075854;USD;2020;FY;2020-12-31;2021-03-12;2021-03-12;23859119;23913034;41203000;4195000;3006000;2176000;-4545000;46035000;-3008000;152649000;;198795000;-17421000;-224644000;-8123000;-72616000;;172214000
FLIC;9075854;USD;2021;FY;2021-12-31;2022-03-09;2024-03-08;23655635;23762983;43089000;4905000;-2573000;4789000;-2522000;47688000;-7697000;-72215000;;-180901000;-18261000;4204000;-13894000;-34294000;;-167507000
FMAO;939566;USD;2020;FY;2020-12-31;2021-02-24;2023-02-24;11061391;11061391;20095000;3251000;6981000;207657000;-210602000;27382000;-2996000;-344000;;-177724000;-7186000;-25327000;-383000;274752000;;124410000
FMBH;743187;USD;2020;FY;2020-12-31;2021-03-08;2023-03-03;16716880;16762856;45270000;11721000;16103000;186631000;-196184000;63541000;-409000;-445694000;;-562422000;-12814000;74253000;397000;831082000;;332201000
FMBH;743187;USD;2021;FY;2021-12-31;2022-03-02;2023-03-03;18086949;18135380;51490000;14449000;15151000;145997000;-157491000;69596000;5801000;-32032000;27061000;-482499000;-14721000;-35083000;1611000;164224000;;-248679000
FMBI;1143185;USD;2020;FY;2020-12-31;2021-03-01;2021-03-01;112355000;112702000;107898000;27658000;98615000;829842000;-928972000;135041000;-9563000;-1176679000;140271000;-1095409000;-72585000;-123876000;198630000;1778391000;;818023000
FMCB;11795230;USD;2020;FY;2020-12-31;2021-03-15;2023-03-15;793337;793337;58734000;2769000;4500000;-843000;-7041000;58119000;-7628000;-427049000;;-736754000;-11700000;;-2834000;767714000;;89079000
FMCB;11795230;USD;2021;FY;2021-12-31;2022-03-16;2024-03-14;789646;789646;66336000;2632000;1910000;-1108000;-9807000;59963000;-373000;-137216000;;-296150000;-12075000;;;567810000;;331623000
FMNB;7962852;USD;2020;FY;2020-12-31;2021-03-04;2023-03-09;28266509;28393996;41876000;3122000;9100000;-8708000;3676000;49066000;-3696000;-86741000;-2204000;-159887000;-12654000;-97089000;-14238000;294682000;;183861000
FMNB;7962852;USD;2021;FY;2021-12-31;2022-03-09;2024-03-07;29167357;29279787;51844000;7094000;4649000;-8943000;289000;54933000;-1375000;231516000;83773000;-423613000;-14072000;2000;-164000;226849000;;-141831000
FMNB;7962852;USD;2022;FY;2022-12-31;2023-03-09;2025-03-06;31677778;32074000;60597000;9716000;250000;-2036000;12559000;81086000;-2559000;-77198000;-1033000;-205092000;-22004000;95000000;0;86767000;;-37239000
FMNB;7962852;USD;2023;FY;2023-12-31;2024-03-07;2026-03-05;37384122;37498269;49932000;8252000;8718000;-1932000;-2540000;62430000;-3880000;-55134000;-13175000;78434000;-25396000;185000000;-11544000;-112757000;;28107000
FMNB;7962852;USD;2024;FY;2024-12-31;2025-03-06;2026-03-05;37327848;37511885;45949000;6955000;8244000;-1515000;4301000;63934000;-11692000;-76768000;-600000;-92444000;-25388000;-52535000;0;10590000;;-17920000
FNB;446814;USD;2020;FY;2020-12-31;2021-02-25;2023-02-24;323368639;325487964;286000000;-3000000;123000000;1759000000;-2052000000;113000000;-41000000;-2604000000;;-1822000000;;-1658000000;-203000000;2493000000;;784000000
FNB;446814;USD;2021;FY;2021-12-31;2022-02-24;2024-02-26;321520000;323024522;405000000;10000000;1000000;-35000000;149000000;530000000;-58000000;558000000;;-153000000;;-680000000;-207000000;1733000000;;2110000000
FNB;446814;USD;2022;FY;2022-12-31;2023-02-24;2025-02-27;323215116;323215116;439000000;73000000;64000000;1206000000;-564000000;1218000000;-95000000;-2831000000;188000000;-3055000000;;-29000000;-222000000;18000000;;-1819000000
FNB;446814;USD;2023;FY;2023-12-31;2024-02-26;2026-02-24;360743462;362897806;485000000;78000000;72000000;1120000000;-1332000000;423000000;-88000000;-2442000000;;-2261000000;;2012000000;-218000000;1740000000;;-98000000
FNB;446814;USD;2024;FY;2024-12-31;2025-02-27;2026-02-24;361444439;362637604;465000000;67000000;80000000;1452000000;-1422000000;642000000;-139000000;-1314000000;;-1703000000;;-211000000;-291000000;1904000000;;843000000
FNCB;12444423;USD;2020;FY;2020-12-31;2021-03-12;2022-03-11;20210439;20212187;15347000;1628000;1941000;11360000;4209199;19575000;-1689000;-70820000;;-132749000;-4447000;-46909000;37000;234420000;;121246000
FNCB;12444423;USD;2021;FY;2021-12-31;2022-03-11;2023-03-10;20111430;20126853;21371000;1567000;166000;5538000;2835946;24158000;-1290000;-73238000;;-260763000;-5427000;20000000;-2339000;179814000;;-56791000
FNLC;9075794;USD;2020;FY;2020-12-31;2021-03-05;2023-03-10;10851600;10939113;27129000;2221000;6050000;124063000;-136765000;22698000;-2473000;-203921000;-6777000;-250071000;-13329000;77083000;514000;239152000;;11779000
FNLC;9075794;USD;2021;FY;2021-12-31;2022-03-11;2024-03-08;10903844;10987179;36269000;2039000;-375000;115881000;-97121000;56693000;-3754000;-181772000;;-201749000;-13948000;-125696000;436000;139478000;;-5578000
FNLC;9075794;USD;2022;FY;2022-12-31;2023-03-10;2025-03-07;10972414;10972414;38990000;2053000;;25744000;-25574000;41213000;-1366000;-204639000;;-247580000;-14779000;-32859000;519000;208461000;;2094000
FNLC;9075794;USD;2023;FY;2023-12-31;2024-03-08;2026-03-06;10998041;11081888;29518000;2133000;;5240000;28000;36919000;-2632000;-214872000;;-199808000;-15418000;-33831000;567000;172103000;;9214000
FNLC;9075794;USD;2024;FY;2024-12-31;2025-03-07;2026-03-06;11051829;11138835;27045000;2235000;;8970000;-12203000;26047000;-1471000;-230769000;;-217420000;-15803000;76626000;655000;187067000;;-4306000
FNRN;12444646;USD;2020;FY;2020-12-31;2021-03-08;2022-03-14;17182277;17335533;12161000;943000;;82331000;-82845000;12590000;-862000;-112559000;;-201539000;-8000;5000000;111000;344633000;;155684000
FNRN;12444646;USD;2021;FY;2021-12-31;2022-03-14;2023-03-10;17914564;18142816;14186000;764000;-1500000;74441000;-62616000;25275000;-803000;27114000;;-186378000;-8000;-5000000;-5277000;239855000;;78752000
FNWB;9076010;USD;2020;FY;2020-12-31;2021-03-15;2022-03-18;9133953;9402198;10340000;1375000;5046000;-11578000;8073000;13256000;-1818000;-267994000;;-315954000;-2185000;-2953000;-7413000;319114000;;16416000
FNWB;9076010;USD;2021;FY;2021-12-31;2022-03-18;2023-03-17;9133953;9228740;14979000;1437000;1350000;-3713000;1102000;15155000;-6019000;-210120000;63545000;-136864000;-2533000;9246000;-5979000;182570000;;60861000
FRAF;12444429;USD;2020;FY;2020-12-31;2021-03-11;2022-03-18;4357000;4366000;12800000;1330000;4625000;97425000;-109745000;6435000;-484000;-80511000;;-277314000;-5226000;19541000;701000;244197000;;-26682000
FRAF;12444429;USD;2021;FY;2021-12-31;2022-03-10;2023-03-10;4420000;4440000;19616000;1202000;-2100000;113129000;-105498000;26349000;-8807000;14796000;;-133938000;-5524000;;1330000;225592000;;118003000
FRAF;12444429;USD;2022;FY;2022-12-31;2023-03-10;2024-03-11;4357000;4357000;14938000;1437000;650000;59381000;-51162000;25244000;-12218000;-56029000;;-95055000;-5658000;;-1870000;-40439000;;-110250000
FRAF;12444429;USD;2023;FY;2023-12-31;2024-03-11;2025-03-14;4374000;4381000;13598000;2016000;2724000;18813000;-10586000;26565000;-499000;-198193000;;-178267000;-5595000;130000000;-992000;109943000;;-41759000
FRAF;12444429;USD;2024;FY;2024-12-31;2025-03-14;2026-03-13;4403000;4414000;11099000;2090000;1983000;47519000;-40936000;21755000;-2567000;-136922000;;-184366000;-5629000;70000000;1044000;343084000;;180473000
FRBK;1169746;USD;2020;FY;2020-12-31;2021-03-11;2022-10-26;58853000;58904000;5054000;8177000;4200000;477055000;-726663;-10729000;-14391000;-896991000;;-1078205000;-923000;633866000;48366000;1695915000;;606981000
FRBK;1169746;USD;2021;FY;2021-12-31;2022-10-26;2022-10-26;58853000;58904000;25176000;8416000;5750000;408471000;4169806;82626000;-12686000;144733000;;-1279310000;-3500000;-633866000;205000;540268000;;-656416000
FRST;10656638;USD;2022;FY;2022-12-31;2023-03-15;2025-04-29;24438309;24600555;14148000;7433000;11271000;-24569000;4152000;12435000;-1012000;-613700000;-4554000;-616855000;-9853000;205746000;561000;152113000;;-452307000
FSBC;10656502;USD;2020;FY;2020-12-31;2021-02-25;2022-02-25;16265273;16265273;35928000;461000;9000000;103976000;-97890000;51475000;-833000;-334598000;;-372630000;-26369000;-25000000;13400000;434282000;;113127000
FSBC;10656502;USD;2021;FY;2021-12-31;2022-02-25;2023-02-24;14972637;14995213;42441000;607000;1700000;37047000;-53138000;28657000;-717000;-417641000;;-455011000;-51942000;;111243000;561190000;;134836000
FSBC;10656502;USD;2022;FY;2022-12-31;2023-02-24;2025-02-28;17128282;17165610;44801000;1636000;6700000;51420000;-58884000;45673000;-481000;-843668000;;-836620000;-15301000;146250000;;625609000;;-165338000
FSBC;10656502;USD;2023;FY;2023-12-31;2024-02-23;2026-02-27;17166592;17187969;47734000;1612000;4000000;36201000;-50633000;38914000;-653000;-280323000;;-279278000;-12943000;70000000;;301949000;;61585000
FSBC;10656502;USD;2024;FY;2024-12-31;2025-02-28;2026-02-27;20154385;20205440;45671000;1877000;6950000;19934000;-22646000;51786000;-628000;-441106000;;-446744000;-16243000;-170000000;80870000;425725000;;30767000
FSBW;9075842;USD;2020;FY;2020-12-31;2021-03-16;2023-03-16;17183370;17509030;39264000;13618000;13036000;1623197000;-1721432000;-32317000;-1379000;-221905000;;-270690000;-3574000;80945000;-9963000;348805000;;45798000
FULT;1234770;USD;2020;FY;2020-12-31;2021-03-01;2022-02-28;162242000;163071000;178040000;60132000;76920000;1481687000;-1639414000;157365000;-20237000;-2072831000;-1884000;-2499480000;-90956000;157313000;160505000;3672156000;;1330041000
FULT;1234770;USD;2021;FY;2021-12-31;2022-02-28;2024-03-01;161210000;162355000;275497000;29391000;-14600000;1052159000;-1004056000;338391000;16283000;714116000;-1982000;-210086000;-112028000;-923315000;-36472000;-337523000;;-209218000
FUNC;9076046;USD;2020;FY;2020-12-31;2021-03-25;2022-03-25;7004000;7013000;13841000;3301000;5401000;-4273000;-2101000;16169000;-1604000;-122589000;;-191281000;-3646000;432000;-2556000;274565000;;99453000
FUNC;9076046;USD;2021;FY;2021-12-31;2022-03-25;2023-03-24;6710000;6717000;19770000;3269000;-817000;-675000;-1526000;20021000;-1088000;17018000;;-28425000;-3891000;-61461000;-6964000;-25308000;;-33712000
GBCI;1059909;USD;2020;FY;2020-12-31;2021-03-01;2023-02-24;94883864;94932353;266400000;30790000;39765000;-113154000;-34256000;189545000;-11717000;-1131097000;43713000;-3563696000;-131263000;-38025000;993000;3676332000;;302181000
GCBC;7962976;USD;2021;FY;2021-06-30;2021-08-10;2022-09-09;34053656;34053656;23942000;775000;3974000;-2683000;1745000;27753000;-952000;-92797000;;-417137000;-2430000;-2907000;;498696000;;109312000
GCBC;7962976;USD;2022;FY;2022-06-30;2022-09-09;2023-09-08;34053656;34053656;27986000;826000;3278000;-1725000;4989000;35354000;-976000;-143406000;;-471183000;-2634000;150201000;;355063000;;-80766000
GCBC;7962976;USD;2023;FY;2023-06-30;2023-09-08;2024-09-06;17026828;17026828;30785000;871000;-1071000;1588000;-4064000;28109000;-1335000;-153318000;;661000;-2191000;-123700000;;98666000;;127436000
GCBC;7962976;USD;2024;FY;2024-06-30;2024-09-06;2025-09-05;17026828;17026828;24769000;928000;766000;-1464000;-91000;24908000;-1144000;-96305000;;-129235000;-3240000;149456000;;98277000;;-6050000
GS;60439;USD;2020;FY;2020-12-31;2021-02-22;2023-02-24;356400000;360300000;9459000000;1902000000;3098000000;-11921000000;-21073000000;-18535000000;-3339000000;-11173000000;-231000000;-34356000000;-2336000000;6714000000;-1940000000;70380000000;4807000000;22296000000
GS;60439;USD;2021;FY;2021-12-31;2022-02-25;2024-02-23;346600000;352300000;21635000000;2015000000;357000000;-67705000000;49996000000;6298000000;-734000000;-35520000000;;-30465000000;-2725000000;39131000000;-5703000000;134738000000;-5377000000;105194000000
GS;60439;USD;2022;FY;2022-12-31;2023-02-24;2025-02-27;346600000;352300000;11261000000;2455000000;2715000000;-99325000000;91602000000;8708000000;-1042000000;-25228000000;-2115000000;-75960000000;-3682000000;38147000000;-3500000000;59602000000;-11561000000;-19211000000
GS;60439;USD;2023;FY;2023-12-31;2024-02-23;2026-02-25;340800000;345800000;8516000000;4856000000;1028000000;160952000000;-187939000000;-12587000000;962000000;-5353000000;487000000;-17312000000;-4189000000;-4713000000;-5300000000;27800000000;1851000000;-248000000
GS;60439;USD;2024;FY;2024-12-31;2025-02-27;2026-02-25;328100000;333600000;14276000000;2392000000;1348000000;70445000000;-101673000000;-13212000000;-478000000;-17045000000;3622000000;-49624000000;-4497000000;10581000000;-5961000000;7323000000;-3972000000;-59485000000
HAFC;7962842;USD;2021;FY;2021-12-31;2022-02-28;2024-02-29;30393559;30471747;98677000;13797000;;-29109000;10364000;93729000;-2679000;-264104000;;-447039000;-16514000;82386000;-6135000;570426000;;217116000
HBAN;378164;USD;2020;FY;2020-12-31;2021-02-26;2023-02-17;1017117000;1032683000;817000000;367000000;1048000000;-16000000;-893000000;1323000000;-119000000;-6614000000;;-8639000000;-698000000;-4039000000;896000000;12741000000;;5425000000
HBAN;378164;USD;2021;FY;2021-12-31;2022-02-18;2024-02-16;1444000000;1471000000;1297000000;391000000;25000000;53000000;296000000;2062000000;-247000000;3339000000;-152000000;-4010000000;-888000000;-3874000000;-864000000;875000000;;-1073000000
HBAN;378164;USD;2022;FY;2022-12-31;2023-02-17;2025-02-14;1017000000;1017000000;2249000000;484000000;289000000;424000000;581000000;4027000000;-214000000;-9452000000;-223000000;-11634000000;-1010000000;5148000000;;8789000000;;1182000000
HBAN;378164;USD;2023;FY;2023-12-31;2024-02-16;2026-02-13;1446449000;1468016000;1971000000;798000000;402000000;-205000000;-309000000;2657000000;-140000000;-4706000000;;-2997000000;-1034000000;1294000000;235000000;3765000000;;3425000000
HBAN;378164;USD;2024;FY;2024-12-31;2025-02-14;2026-02-13;1451421000;1476442000;1960000000;622000000;420000000;72000000;-1259000000;1815000000;-143000000;-10568000000;;-12119000000;-1046000000;3316000000;-410000000;13022000000;;2718000000
HBCP;9075828;USD;2020;FY;2020-12-31;2021-03-09;2023-03-09;8674000;8704000;24765000;3063000;12728000;293721000;-285247000;49030000;1443000;-271730000;;-262290000;-7903000;-9572000;-13996000;361365000;;148105000
HBCP;9075828;USD;2021;FY;2021-12-31;2022-03-10;2024-03-08;8379000;8428000;48621000;3084000;;196862000;-192852000;55715000;435000;133808000;;54930000;-7867000;-2798000;-8517000;302846000;;413491000
HBCP;9075828;USD;2022;FY;2022-12-31;2023-03-09;2025-03-12;8379512;8428227;34072000;3464000;7489000;71860000;-65686000;51199000;26000;-295573000;;-495352000;-7777000;204042000;-10634000;-69889000;;-514042000
HBIA;11795250;USD;2020;FY;2020-12-31;2021-03-05;2023-03-03;9369265;9372905;38647000;3128000;;445592000;-479221000;8146000;-1860000;;;-116387000;-8325000;-80000000;-2293000;440586000;;332345000
HBIA;11795250;USD;2021;FY;2021-12-31;2022-03-04;2024-03-05;9307202;9310862;48085000;3052000;-5507000;471282000;-431838000;85074000;-1464000;;;-102226000;-8773000;-104751000;-3142000;224760000;;207608000
HBIA;11795250;USD;2022;FY;2022-12-31;2023-03-03;2025-03-14;9298713;9302444;47753000;2683000;;122109000;-116084000;56461000;-1911000;;;-731610000;-9304000;121812000;-6009000;-70128000;;-745277000
HBMD;9076232;USD;2020;FY;2020-12-31;2021-03-16;2021-03-16;18766000;18766000;-16991000;5152000;9845000;137782000;-75121000;60667000;-410000;-119537000;;-273207000;;-77493000;-6374000;177182000;;-35358000
HBNC;7962870;USD;2023;FY;2023-12-31;2024-03-15;2026-03-13;43630160;43843880;27981000;10938000;2459000;35085000;-133449000;-56986000;-7775000;-118927000;;475440000;-28311000;208810000;;-15444000;;403010000
HBNC;7962870;USD;2024;FY;2024-12-31;2025-03-14;2026-03-13;43702314;44064490;35429000;10331000;5389000;31139000;-511442000;-429154000;-5084000;-20083000;4146000;386892000;-28328000;-50764000;;-190822000;;-233084000
HBT;10656432;USD;2020;FY;2020-12-31;2021-03-12;2023-03-08;27457306;27457306;36845000;4173000;10532000;359947000;-380242000;31255000;219000;-80030000;;-380444000;-16518000;39211000;;377669000;;28480000
HBT;10656432;USD;2021;FY;2021-12-31;2022-03-11;2024-03-06;27795806;27811293;56271000;4128000;-8077000;-7358000;-197479000;-152515000;4794000;145694000;-4771000;-154075000;-16753000;-12520000;-4906000;403407000;;96817000
HBT;10656432;USD;2022;FY;2022-12-31;2023-03-08;2025-03-07;28853697;28919316;56456000;3916000;-706000;-419000;-48689000;10558000;-545000;-51152000;;-273095000;-18584000;160000000;-4783000;-32572000;;-295109000
HBT;10656432;USD;2023;FY;2023-12-31;2024-03-06;2026-03-06;31626308;31738147;65842000;5778000;7573000;76005000;-89369000;65829000;1532000;-142910000;-14454000;132663000;-21873000;-234195000;-8907000;-171399000;;27093000
HBT;10656432;USD;2024;FY;2024-12-31;2025-03-07;2026-03-06;31590117;31712480;71780000;5783000;3031000;66643000;-57865000;89372000;-4108000;-56680000;;32346000;-24183000;207000;-4423000;-125278000;;-3560000
HOMB;447371;USD;2022;FY;2022-12-31;2023-02-24;2025-02-27;163859000;164306000;;;;;;;;;;;-128424000;167994000;-70700000;-2314427000;;-2314427000
HONE;10656472;USD;2020;FY;2020-12-31;2021-03-12;2023-03-10;54313368;54319835;44792000;5676000;34815000;2336737000;-2448972000;-26952000;2795000;-306421000;;-318852000;-3258000;-205035000;-15923000;340058000;;-5746000
HOPE;6767797;USD;2022;FY;2022-12-31;2023-02-28;2025-02-26;119824970;120472345;218277000;;9850000;253333000;4075000;485535000;-9111000;-1724294000;;-1473626000;-67126000;565000000;-14136000;1178601000;;190510000
HOPE;6767797;USD;2023;FY;2023-12-31;2024-02-28;2026-02-25;119906109;120393257;133673000;;31592000;149689000;158823000;473777000;-13123000;1121987000;6030000;1289883000;-67125000;714085000;1000;-341469000;;1422191000
HOPE;6767797;USD;2024;FY;2024-12-31;2025-02-26;2026-02-25;120583147;121108594;99630000;;17280000;106094000;-106282000;116722000;-9814000;-17810000;;466518000;-67511000;-1556726000;;-2054008000;;-1470768000
HTBK;7962830;USD;2020;FY;2020-12-31;2021-03-05;2023-03-09;59478343;60169139;35299000;4702000;13233000;2601000;1460000;57295000;-2369000;-85646000;;146383000;-31079000;-328000;1714000;470025000;;673703000
HTH;492790;USD;2020;FY;2020-12-31;2021-02-17;2023-02-17;89280000;89304000;469677000;21930000;96491000;25889890000;-26164549000;280436000;-16234000;-457540000;;-827666000;-32524000;-603572000;-208664000;1257744000;;710514000
HTH;492790;USD;2021;FY;2021-12-31;2022-02-15;2024-02-14;78933000;79427000;386096000;24628000;-58213000;-813247000;-27418620000;-27879356000;-398000;28770293000;;28091704000;-38978000;102202000;-123631000;1479612000;;1691960000
HTH;492790;USD;2022;FY;2022-12-31;2023-02-17;2025-02-14;70434000;70626000;119294000;32625000;8309000;-217321000;-14137640000;-14194733000;-5254000;14868855000;;14506879000;-42963000;66655000;-442336000;-1709510000;;-1397364000
HTH;492790;USD;2023;FY;2023-12-31;2024-02-14;2026-02-13;65043000;65045000;117979000;19630000;18392000;-160023000;-9208135000;-9212157000;-4228000;9583761000;662000;9813518000;-41604000;-70929000;-5100000;-332515000;;268846000
HTH;492790;USD;2024;FY;2024-12-31;2025-02-14;2026-02-13;65036000;65046000;123210000;19948000;941000;-214603000;-9797019000;-9867523000;515000;10252371000;-75000;10495676000;-44257000;-65330000;-19864000;-174308000;;453845000
HUSI;998414;USD;2022;FY;2022-12-31;2023-02-21;2025-02-19;;;548000000;112000000;154000000;2005000000;-883000000;1936000000;-42000000;-11095000000;;-18296000000;-77000000;2309000000;-1000000000;-13304000000;;-29664000000
HWBK;12444329;USD;2020;FY;2020-12-31;2021-03-12;2023-03-29;7576207;7576207;14293000;2265000;;196576000;-192117000;21017000;-1650000;-119273000;;-139561000;-3030000;137114000;-906000;220786000;;102242000
HWBK;12444329;USD;2021;FY;2021-12-31;2022-03-17;2023-03-29;7438598;7438598;22517000;2283000;;200413000;-195001000;30212000;-545000;-15449000;;-127535000;-3616000;43969000;-2148000;76869000;;-20454000
HWBK;12444329;USD;2022;FY;2022-12-31;2023-03-29;2023-03-29;7026959;7026959;20751000;2141000;;84350000;-86963000;20279000;-2249000;-219646000;;-206535000;-4240000;107184000;-2892000;110067000;;-76189000
HWC;734515;USD;2020;FY;2020-12-31;2021-03-01;2023-02-27;86533000;86533000;-45174000;93270000;602904000;-6601000;-289208000;355191000;-19946000;-980046000;;-3177472000;-95605000;-881242000;-8552000;2916483000;;94202000
HWC;734515;USD;2021;FY;2021-12-31;2022-02-25;2024-02-28;88296795;88296795;463215000;45778000;-77494000;99035000;55156000;585690000;-6108000;745978000;;-3224584000;-95927000;-133508000;-21304000;2513789000;;-125105000
HWC;734515;USD;2022;FY;2022-12-31;2023-02-27;2025-02-27;86907407;86907407;524089000;45615000;-28399000;32777000;267939000;842021000;-15002000;1436566000;;662358000;-94458000;211359000;-58665000;-1341121000;;163258000
HWC;734515;USD;2023;FY;2023-12-31;2024-02-28;2026-02-27;86130000;86423000;392602000;46276000;59103000;103681000;-106413000;495249000;11680000;-921175000;;-295211000;-104697000;-716442000;;-203295000;;-3257000
HWC;734515;USD;2024;FY;2024-12-31;2025-02-27;2026-02-27;86346000;86648000;460815000;41714000;52167000;37442000;33604000;625742000;-2298000;661293000;;274756000;-130840000;-515814000;-37690000;-886790000;;13708000
IBCP;7962926;USD;2020;FY;2020-12-31;2021-03-05;2023-03-03;21977000;22221000;56152000;;12463000;-12204000;2273000;58684000;-855000;-41511000;;-553908000;-17618000;-19414000;-14216000;548625000;;53401000
IBCP;7962926;USD;2021;FY;2021-12-31;2022-03-04;2023-03-03;21585000;21807000;62895000;;-1928000;43685000;5502000;110154000;4258000;-205539000;;-563064000;-18155000;-3000;-17208000;443678000;;-9232000
IBCP;7962926;USD;2022;FY;2022-12-31;2023-03-03;2023-03-03;21866326;21866326;63351000;;5341000;37135000;-11195000;94632000;59551000;-605128000;;-424592000;-18565000;55997000;-3933000;294858000;;-35102000
IBKR;718957;USD;2020;FY;2020-12-31;2021-03-01;2023-02-24;319757156;322555632;1179000000;42000000;;-966000000;7813000000;8068000000;-50000000;;;-50000000;-315000000;85000000;1000000;-229000000;124000000;7913000000
IBKR;718957;USD;2021;FY;2021-12-31;2022-02-25;2024-02-27;392727500;395921356;1636000000;74000000;;10279000000;-6093000000;5896000000;-77000000;;;-188000000;-38000000;-92000000;-1000000;-523000000;-97000000;5088000000
IBKR;718957;USD;2022;FY;2022-12-31;2023-02-24;2025-02-27;392727500;395921356;1842000000;58000000;;-684000000;2752000000;3968000000;-69000000;;;-67000000;-40000000;-29000000;3000000;-470000000;-111000000;3320000000
IBKR;718957;USD;2023;FY;2023-12-31;2024-02-27;2026-02-27;419860200;423387508;2812000000;65000000;;-929000000;2596000000;4544000000;-49000000;;;-52000000;-42000000;-26000000;0;-624000000;122000000;3990000000
IBKR;718957;USD;2024;FY;2024-12-31;2025-02-27;2026-02-27;432448796;436011752;3407000000;67000000;;641000000;4609000000;8724000000;-49000000;;;-44000000;-92000000;-28000000;2000000;-833000000;-207000000;7640000000
IBTX;6767665;USD;2020;FY;2020-12-31;2021-03-01;2023-02-21;42754606;42754606;201209000;25399000;42993000;834062000;-949368000;154295000;-19113000;-1421441000;;-1471388000;-45265000;159403000;-5819000;2565910000;;1248817000
ICBK;9076269;USD;2020;FY;2020-12-31;2021-03-12;2021-03-12;6386339;6386339;5479000;1506000;2984000;9134000;-43255000;-24152000;2314000;;;-164779000;-2362000;154616000;-12218000;79420000;;-109511000
INBK;9076008;USD;2020;FY;2020-12-31;2021-03-15;2023-03-14;9840205;9842425;29453000;7831000;9325000;974633000;-1008174000;13068000;-25559000;-69869000;;-44809000;-2349000;9765000;;124186000;;92445000
INDB;6767501;USD;2020;FY;2020-12-31;2021-02-26;2023-02-28;33259643;33285289;121167000;27262000;52500000;-42320000;-93973000;64636000;-6491000;-511526000;;-488211000;-60840000;-122187000;2329000;1569237000;;1145662000
INDB;6767501;USD;2021;FY;2021-12-31;2022-02-28;2024-02-28;34872034;34888518;120992000;32824000;18205000;-49406000;67605000;190220000;-25031000;770008000;787301000;-63136000;-62736000;-604838000;1966000;816964000;;944048000
INDB;6767501;USD;2022;FY;2022-12-31;2023-02-28;2025-02-28;46372051;46389989;263813000;38799000;6500000;-30107000;142195000;421200000;-18728000;-329259000;;-1000474000;-93734000;-39063000;-137587000;-1308477000;;-1887751000
INDB;6767501;USD;2023;FY;2023-12-31;2024-02-28;2026-02-27;44181540;44193547;239502000;36102000;23250000;-20086000;-1774000;276994000;-15731000;-378735000;;-211650000;-98006000;1105000000;-186168000;-193947000;;-128603000
ISBA;12444291;USD;2023;FY;2023-12-31;2024-03-07;2026-03-13;7511591;7575492;18167000;1978000;629000;2672000;736000;24182000;-4064000;-85783000;;-26246000;-8216000;29030000;-1798000;-3188000;;-5252000
ISBA;12444291;USD;2024;FY;2024-12-31;2025-03-12;2026-03-13;7465343;7482374;13889000;2086000;1884000;266000;1512000;19637000;-2106000;-76862000;;-37866000;-8147000;-3234000;-1553000;9099000;;-9130000
ISBC;641029;USD;2020;FY;2020-12-31;2021-03-01;2022-03-01;235761457;235838808;221580000;22821000;70158000;578114000;-668376000;224297000;32215000;1275563000;7274000;1323290000;-119675000;-2574074000;-23920000;-1552070000;;-4483000
ISBC;641029;USD;2021;FY;2021-12-31;2022-03-01;2022-03-01;235935642;237415493;313333000;22925000;-48676000;250530000;-43332000;494780000;-10875000;-1501804000;391640000;-1150167000;-138607000;225253000;-2137000;772945000;;117558000
ISTR;9075990;USD;2020;FY;2020-12-31;2021-03-10;2023-03-08;10936220;10936220;13889000;7395000;11160000;-4314000;-10381000;17749000;-7590000;-124736000;-10809000;-148143000;-2686000;-11100000;-11066000;121067000;;-9327000
ISTR;9075990;USD;2021;FY;2021-12-31;2022-03-09;2024-03-07;10416145;10500302;8000000;4988000;22885000;9520000;-11912000;33481000;-3625000;86967000;8112000;53399000;;;;;;86880000
ISTR;9075990;USD;2022;FY;2022-12-31;2023-03-08;2025-03-12;10085758;10180709;35709000;4435000;2922000;2737000;-3055000;42748000;3636000;-225090000;-10865000;-350987000;;;;;;-308239000
JMSB;11819680;USD;2021;FY;2021-12-31;2022-03-23;2023-03-23;13581586;13879595;25461000;814000;3105000;1191000;1783000;32354000;-318000;-104035000;;-302999000;;-4000000;554000;237987000;;-32658000
JMSB;11819680;USD;2022;FY;2022-12-31;2023-03-23;2024-03-20;13931841;14084427;31803000;557000;175000;2629000;-2009000;33155000;-156000;-123038000;;-270872000;-2799000;7079000;3050000;193517000;;-44200000
JMSB;11819680;USD;2023;FY;2023-12-31;2024-03-20;2025-03-28;14076925;14147193;5158000;484000;;15938000;-3576000;18004000;-530000;-70345000;;144836000;-3108000;38500000;314000;-125434000;;37406000
JMSB;11819680;USD;2024;FY;2024-12-31;2025-03-28;2026-03-13;14172166;14206109;17121000;447000;-370000;530000;-469000;17259000;-483000;-11684000;;30965000;-3558000;-8000000;983000;-24760000;;23464000
JPM;243510;USD;2020;FY;2020-12-31;2021-02-23;2023-02-21;3082400000;3087400000;29131000000;8614000000;17480000000;152832000000;-287967000000;-79910000000;;-73819000000;;-261912000000;-12690000000;9597000000;-3447000000;596645000000;9155000000;263978000000
JPM;243510;USD;2021;FY;2021-12-31;2022-02-22;2024-02-16;2977300000;2981800000;48334000000;7932000000;-9256000000;297800000000;-266726000000;78084000000;;-55952000000;;-129344000000;-12858000000;14451000000;-13633000000;275993000000;-11508000000;213225000000
JPM;243510;USD;2022;FY;2022-12-31;2023-02-21;2025-02-14;2965800000;2970000000;37676000000;7051000000;6389000000;190348000000;-134345000000;107119000000;;-138354000000;;-137819000000;-13562000000;32357000000;-10596000000;-126257000000;-16643000000;-173600000000
JPM;243510;USD;2023;FY;2023-12-31;2024-02-16;2026-02-13;2938600000;2943100000;49552000000;7512000000;9320000000;98520000000;-151930000000;12974000000;;-1291000000;-9920000000;67643000000;-13463000000;22404000000;-9824000000;-25571000000;1871000000;56917000000
JPM;243510;USD;2024;FY;2024-12-31;2025-02-14;2026-02-13;2873900000;2879000000;58471000000;7938000000;10678000000;182437000000;-301536000000;-42012000000;;-43961000000;-2362000000;-163403000000;-14783000000;101037000000;-26180000000;63447000000;-12866000000;-154834000000
JUVF;141652;USD;2024;FY;2024-12-31;2025-03-26;2026-03-25;5001000;5010000;6229000;941000;534000;-1944000;-1965000;3795000;;-7994000;;9323000;-4400000;-25568000;29000;-31050000;;-17932000
KEY;378174;USD;2020;FY;2020-12-31;2021-02-22;2023-02-22;967783000;974807000;1343000000;111000000;1021000000;13642000000;-14444000000;1673000000;-63000000;211000000;-14922000000;-24721000000;-829000000;986000000;-126000000;23407000000;;359000000
KEY;378174;USD;2021;FY;2021-12-31;2022-02-22;2024-02-22;922970000;934729000;2625000000;32000000;-418000000;15992000000;-17078000000;1153000000;-62000000;337000000;-29000000;-15068000000;-823000000;-1581000000;-1117000000;13737000000;;-178000000
KEY;378174;USD;2022;FY;2022-12-31;2023-02-22;2025-02-21;924363000;933059000;1917000000;164000000;502000000;12316000000;-10430000000;4469000000;-92000000;157000000;-58000000;-10934000000;-854000000;16718000000;596000000;6439000000;;-26000000
KEY;378174;USD;2023;FY;2023-12-31;2024-02-22;2026-02-23;927217000;932759000;967000000;154000000;489000000;8647000000;-7354000000;2903000000;-137000000;151000000;;1417000000;-911000000;-6276000000;-37000000;-4266000000;;54000000
KEY;378174;USD;2024;FY;2024-12-31;2025-02-21;2026-02-23;949561000;949561000;-161000000;73000000;335000000;9529000000;-9112000000;664000000;-41000000;194000000;;5268000000;-927000000;-8358000000;10000000;-5130000000;;802000000
KRNY;7962810;USD;2023;FY;2023-06-30;2023-08-25;2025-08-21;64804000;64804000;40811000;6296000;2486000;135832000;-115876000;69549000;2125000;-435813000;;-417918000;;;;;;-348369000
KRNY;7962810;USD;2024;FY;2024-06-30;2024-08-23;2025-08-21;62444000;62444000;-86667000;5256000;6226000;198216000;-79060000;43971000;-1350000;80694000;;258122000;;;;;;302093000
KRNY;7962810;USD;2025;FY;2025-06-30;2025-08-21;2025-08-21;62508000;62716000;26075000;4881000;2366000;103364000;-111915000;24771000;-3367000;-66771000;;41109000;;;;;;65880000
LARK;130464;USD;2020;FY;2020-12-31;2021-03-22;2023-03-30;5773448;5778749;19493000;2589000;3300000;390765000;-401337000;14810000;7000;-179277000;;-104548000;-3633000;-3000000;-2307000;160862000;;71124000
LARK;130464;USD;2021;FY;2021-12-31;2022-03-22;2024-03-27;5777136;5777136;18011000;2598000;500000;335083000;-325033000;31159000;-723000;45922000;1568000;-56454000;-3818000;;22000;129690000;;104395000
LARK;130464;USD;2022;FY;2022-12-31;2023-03-30;2025-03-25;5777136;5777136;9878000;2580000;;143168000;-130846000;24780000;503000;-75299000;-2438000;-197159000;-4198000;10200000;-1239000;6322000;;-166057000
LARK;130464;USD;2023;FY;2023-12-31;2024-03-27;2026-04-14;6039164250;6042582000;12236000;3114000;349000;78547000;-81642000;12604000;-988000;-93211000;11192000;-50611000;-4390000;47462000;-23000;41952000;;3945000
LARK;130464;USD;2024;FY;2024-12-31;2025-03-25;2026-04-14;6045958800;6052496100;13003000;2499000;2300000;82665000;-86231000;14236000;2380000;-102276000;16487000;-18105000;-4612000;-11616000;-338000;-2957000;;-6826000
LBAI;7962620;USD;2020;FY;2020-12-31;2021-03-08;2023-02-28;50540000;50650000;57518000;1025816;27222000;112251000;-6201786;84991000;-7489000;-876021000;;-928022000;-25457000;-145301181;-1452000;830750000;;-12281000
LBAI;7962620;USD;2021;FY;2021-12-31;2022-02-28;2024-02-28;50624000;50870000;95041000;868277;-10896000;61889000;-801225;94272000;-4573000;49762000;;-615290000;-27119000;59283569;0;479458000;;-41560000
LBAI;7962620;USD;2022;FY;2022-12-31;2023-02-28;2024-02-28;50477000;50477000;107369000;2348305;8514000;85841000;-27064248;124696000;-6432000;-704902000;326236000;-651861000;-37334000;0;;534585000;;7420000
LBAI;7962620;USD;2023;FY;2023-12-31;2024-02-28;2024-02-28;65039000;65217000;84740000;2032477;13052000;61641000;276385;115605000;-5069000;-248532000;;-290572000;-38071000;299693911;;259672000;;84705000
LBC;7962858;USD;2020;FY;2020-12-31;2021-03-11;2022-03-14;53216000;53216000;39912000;2685000;;30030000;-7624000;65003000;-1407000;172366000;;214389000;-12314000;-171955000;-36135000;-191856000;;87536000
LBC;7962858;USD;2021;FY;2021-12-31;2022-03-14;2023-02-22;51619412;51619412;87753000;2561000;;14016000;2391000;106721000;-434000;-277508000;;-337792000;-18446000;-55100000;-8844000;190623000;;-40448000
LBC;7962858;USD;2022;FY;2022-12-31;2023-02-22;2023-02-22;50832609;51962222;80198000;2949000;;21195000;-19418000;84924000;-520000;-741862000;;-759751000;-24628000;456500000;-9734000;722309000;;47482000
LC;778892;USD;2022;FY;2022-12-31;2023-02-09;2025-02-13;100320691;108096823;289685000;43831000;267326000;-195708000;-29566000;375568000;-69481000;-2599440000;;-2809800000;;-452343000;;2795130000;;360898000
LEVL;9076279;USD;2020;FY;2020-12-31;2021-03-12;2022-03-11;7627000;7686000;20413000;2462000;11872000;518855000;-564388000;-10786000;-1289000;-271648000;-29464000;-369124000;-1948000;-41820000;23467000;540051000;;160141000
LEVL;9076279;USD;2021;FY;2021-12-31;2022-03-11;2022-03-11;7565000;7706000;32478000;2270000;-725000;469208000;-448923000;54308000;-671000;76448000;;-39789000;-3631000;-22002000;1920000;51556000;;66075000
LMST;12442278;USD;2020;FY;2020-12-31;2021-02-26;2023-02-28;7435381;7435381;9005000;2986000;4400000;3781000;873000;21045000;-879000;-37912000;;-38346000;;-37841000;;54791000;;37490000
LMST;12442278;USD;2021;FY;2021-12-31;2022-02-25;2023-02-28;7481436;7481436;14909000;4677000;1150000;5388000;-3834000;22290000;-568000;-45164000;;-100731000;;-710000;;88351000;;9910000
LMST;12442278;USD;2022;FY;2022-12-31;2023-02-28;2023-02-28;7505556;7505556;18342000;1873000;80000;6660000;-1861000;25094000;-214000;-109099000;;-98454000;-1527000;49803000;;40392000;;-32968000
LOB;6767799;USD;2020;FY;2020-12-31;2021-02-25;2023-02-23;40677496;41771250;59543000;25047000;40658000;-325429000;-60816000;-260997000;-11922000;750000;-895000;-2619461000;;;;;;-2880458000
LOB;6767799;USD;2021;FY;2021-12-31;2022-02-24;2024-02-22;43169935;45071304;166995000;27827000;15210000;-332171000;2422000;-119717000;5990000;1750000;;-149803000;;;;;;-269520000
LOB;6767799;USD;2022;FY;2022-12-31;2023-02-23;2025-03-18;43862291;44906310;176208000;20779000;40943000;-98633000;-14812000;124485000;-43751000;-16015000;112468000;-1442344000;;;;;;-1317859000
LOB;6767799;USD;2023;FY;2023-12-31;2024-02-22;2026-02-27;44353708;45094879;73898000;21271000;51323000;898287000;-859884000;184895000;-28151000;-1187158000;-19597000;-1339746000;;;;;;-1154851000
LOB;6767799;USD;2024;FY;2024-12-31;2025-03-18;2026-02-27;45009567;45820321;77417000;23282000;96212000;999016000;-1039147000;156780000;3656000;-1572657000;-7097000;-1699413000;;;;;;-1542633000
MBCN;9075874;USD;2020;FY;2020-12-31;2021-03-12;2022-03-15;6379323;6379323;8349000;1674000;9840000;-3256000;-1525000;15082000;-1050000;-127874000;;-135325000;-3834000;-1797000;-1179000;197547000;;77304000
MBCN;9075874;USD;2021;FY;2021-12-31;2022-03-15;2023-03-15;6186666;6211076;18633000;1741000;700000;-4494000;-1158000;15422000;-605000;127294000;;70886000;-4240000;-4204000;-12197000;-79231000;;7077000
MBCN;9075874;USD;2022;FY;2022-12-31;2023-03-15;2024-03-28;6373282;6373282;15673000;-1000;;1931000;684000;18287000;-719000;-55864000;18406000;-8610000;-5490000;64769000;-6119000;-75362000;;-65685000
MBCN;9075874;USD;2023;FY;2023-12-31;2024-03-28;2025-03-13;8103230;8126013;17368000;951000;3002000;-249000;1284000;22356000;-1096000;-129220000;;-126542000;-6864000;97803000;-4506000;111213000;;7027000
MBCN;9075874;USD;2024;FY;2024-12-31;2025-03-13;2025-03-13;8075300;8086098;15519000;953000;2008000;597000;-1609000;17468000;-680000;-41292000;;-43289000;-6457000;9198000;-1055000;20777000;;-5044000
MBIN;6767775;USD;2020;FY;2020-12-31;2021-03-05;2023-03-16;64670612;64750670;180533000;1896000;11838000;83690506000;-84693031000;-808258000;-3623000;-2573733000;6470000;-2598858000;-23671000;1166816000;;3080135000;;-326981000
MBIN;6767775;USD;2021;FY;2021-12-31;2022-03-04;2024-03-12;43172078;43325303;227104000;2191000;5012000;-329563000;6086000;-89170000;-3645000;60775463000;;-434308000;-31235000;-314302000;149459000;1376364000;;852886000
MBIN;6767775;USD;2022;FY;2022-12-31;2023-03-16;2025-02-28;43164477;43316904;219721000;2485000;17295000;25687542000;-25368206000;558837000;-8818000;-1274343000;-14590000;-2445914000;-38067000;-103562000;133524000;1080627000;;-806450000
MBIN;6767775;USD;2023;FY;2023-12-31;2024-03-12;2026-02-27;43224042;43345799;279234000;2852000;40231000;22027261000;-22753643000;-404065000;-7528000;-2296790000;-18762000;-3212418000;-48506000;33132000;;3974741000;;358258000
MBIN;6767775;USD;2024;FY;2024-12-31;2025-02-28;2026-02-27;44855100;45004786;320386000;3014000;24278000;29241672000;-30114266000;-524916000;-18391000;-1017873000;-193895000;-1184637000;-51167000;3421197000;268359000;1601741000;;-107812000
MBWM;815912;USD;2020;FY;2020-12-31;2021-03-05;2023-03-03;16268689;16269319;44138000;9425000;14050000;-19798000;-9938000;37877000;-8289000;-341461000;0;-398806000;-17930000;40000000;-5725000;753204000;;392275000
MBWM;815912;USD;2021;FY;2021-12-31;2022-03-04;2024-03-01;15696204;15696451;59021000;13678000;-4300000;10814000;-14640000;64573000;-5406000;-267899000;-2679000;-495507000;-18524000;53635000;-20405000;780088000;;349154000
MBWM;815912;USD;2022;FY;2022-12-31;2023-03-03;2025-03-03;15696204;15696451;61063000;12945000;6550000;13382000;25922000;119862000;-2948000;-462146000;;-554999000;-19602000;-51092000;948000;-443251000;;-878388000
MBWM;815912;USD;2023;FY;2023-12-31;2024-03-01;2026-02-27;16015678;16015678;82217000;11496000;7700000;-14533000;-20267000;66613000;-6156000;-387283000;0;-395932000;-21004000;159647000;936000;363080000;;33761000
MBWM;815912;USD;2024;FY;2024-12-31;2025-03-03;2026-02-27;16130696;16130696;79593000;10505000;7400000;3119000;501000;101118000;-8240000;-299995000;0;-425436000;-22473000;-80827000;860000;586795000;;262477000
MCB;9075824;USD;2020;FY;2020-12-31;2021-03-08;2023-02-28;8221429;8398444;39466000;4603000;9488000;713000;33000000;87270000;-3913000;-464943000;;-489035000;;-150008000;;876850000;;475085000
MCBC;745864;USD;2020;FY;2020-12-31;2021-02-18;2022-02-17;34120275;34120275;30165000;2621000;3000000;-3173000;-2038000;30575000;-2082000;-46496000;;-63616000;-10880000;10000000;-85861;544327000;;511286000
MCBC;745864;USD;2021;FY;2021-12-31;2022-02-17;2023-02-16;34229664;34229664;29014000;2724000;-2050000;4785000;1451000;35924000;-823000;320869000;;69401000;-10895000;-5619000;-130179;262727000;;368052000
MCBC;745864;USD;2022;FY;2022-12-31;2023-02-16;2024-02-15;34229664;34229664;34731000;1558000;-1125000;1736000;-2100000;34800000;-796000;-68234000;;-402480000;-10915000;-55000000;-206551;-28938000;;-396618000
MCBC;745864;USD;2023;FY;2023-12-31;2024-02-15;2024-02-15;34301650;34301650;43224000;316000;550000;311000;-601000;43800000;-439000;-160507000;;-137778000;-11285000;;-143209;-210840000;;-304818000
MCBS;10656490;USD;2020;FY;2020-12-31;2021-03-15;2023-03-10;25629577;25798549;36394000;2929000;3467000;223081000;-123313000;142558000;922000;-461580000;;-477864000;-10285000;47354000;;209581000;;-125725000
MCBS;10656490;USD;2021;FY;2021-12-31;2022-03-11;2024-03-11;25602075;25788781;61701000;2809000;6929000;124506000;-130512000;65433000;602000;-889260000;;-930551000;-11792000;389976000;-5544000;1155771000;;290653000
MCBS;10656490;USD;2022;FY;2022-12-31;2023-03-10;2025-03-10;25409654;25688696;62602000;3875000;-2767000;28443000;-54391000;37762000;-2313000;-547457000;;-554884000;-15290000;-125067000;-8195000;255266000;;-261856000
MCBS;10656490;USD;2023;FY;2023-12-31;2024-03-11;2026-03-16;25205489;25518516;51613000;2687000;-15000;74027000;-46213000;82099000;-822000;-110362000;;-110265000;-18200000;-50392000;-2020000;-6514000;;-34680000
MCBS;10656490;USD;2024;FY;2024-12-31;2025-03-10;2026-03-16;25283345;25582121;64504000;2960000;516000;72788000;-77267000;63501000;-22000;7655000;;5868000;-21051000;50000000;890000;35701000;;105070000
MFA;761717;USD;2020;FY;2020-12-31;2021-02-23;2023-02-24;28252063;28252063;-679390000;;;2239561000;-10873000;1549298000;-15060000;348286000;;4872606000;-143304000;-5733073000;245647000;-5735049000;;686855000
MFA;761717;USD;2021;FY;2021-12-31;2022-02-23;2024-02-22;28252063;28252063;328870000;;;-198638000;7571000;137803000;;-2504070000;6121000;-2184538000;-189015000;1909589000;-83766000;1629663000;;-417072000
MFA;761717;USD;2022;FY;2022-12-31;2023-02-24;2025-02-20;113008250;113008250;-231581000;;;358808000;228122000;355349000;;-1328139000;;-1115928000;-216910000;1184641000;-101128000;850213000;;89634000
MFA;761717;USD;2023;FY;2023-12-31;2024-02-22;2026-02-20;102215000;103578000;80164000;;;82187000;-53612000;108739000;;-1123500000;;-1549590000;-175978000;1623559000;-7000;1434981000;;-5870000
MFA;761717;USD;2024;FY;2024-12-31;2025-02-20;2026-02-20;103489000;105102000;119251000;;;63557000;17312000;200120000;;106950000;;-424597000;-176746000;550883000;-1572000;337578000;;113101000
MGI;6767807;USD;2020;FY;2020-12-31;2021-02-22;2023-02-24;77800000;77800000;-7900000;64400000;;37200000;3100000;96800000;-40800000;-541600000;;-581700000;;459400000;;886300000;;401400000
MGI;6767807;USD;2021;FY;2021-12-31;2022-02-25;2023-02-24;89700000;89700000;-37900000;57000000;;87100000;-69100000;37100000;-41400000;-768000000;;-811100000;;-209600000;90900000;745600000;;-28400000
MGI;6767807;USD;2022;FY;2022-12-31;2023-02-24;2023-02-24;96400000;100100000;34200000;51700000;;45200000;-45400000;85700000;-53800000;-956400000;;-1013600000;;11800000;;548200000;;-379700000
MLVF;1249732;USD;2021;FY;2021-09-30;2022-01-10;2022-12-27;7548958;7550766;-92000;630000;11176000;22073000;-19031000;14756000;-133000;79841000;;58014000;;-44225000;72000;2381000;;75151000
MLVF;1249732;USD;2022;FY;2022-09-30;2022-12-27;2022-12-27;7563648;7564212;6951000;627000;;7304000;-8982000;5900000;-81000;101254000;;73633000;;-10000000;;-162856000;;-83323000
MNSB;10656674;USD;2020;FY;2020-12-31;2021-02-12;2022-03-23;8131334;8131334;15717000;1746000;3610000;-230000;-3827000;17016000;-1229000;-260932000;;-313786000;-635000;-40000000;13466000;339454000;;42684000
MNSB;10656674;USD;2021;FY;2021-12-31;2022-03-23;2023-03-23;7559310;7559310;22171000;1893000;-1175000;1514000;12699000;37102000;-1727000;-52353000;;-37229000;-2156000;-172227000;;-14202000;;-14329000
MOFG;7962982;USD;2020;FY;2020-12-31;2021-03-11;2023-03-13;16102000;16110000;6623000;4555000;28369000;-21559000;-8829000;9159000;1478000;-24249000;;-867441000;-14175000;68359000;-4624000;867457000;;9175000
MOFG;7962982;USD;2021;FY;2021-12-31;2022-03-10;2024-03-08;15876727;15905035;69486000;1566000;-7336000;49221000;-1383000;111554000;745000;251856000;;-428318000;-14282000;-103410000;-11554000;437935000;;121171000
MOFG;7962982;USD;2022;FY;2022-12-31;2023-03-13;2025-03-11;16074000;16074000;60835000;10162000;4492000;99718000;-84879000;90328000;-1839000;-312562000;31375000;-273269000;-14870000;192800000;-2725000;65546000;;-117395000
MOFG;7962982;USD;2023;FY;2023-12-31;2024-03-08;2025-03-11;15678045;15724842;20859000;12572000;5849000;67333000;-44043000;62570000;-2631000;-290174000;;129728000;-15216000;-107792000;;-197006000;;-4708000
MOFG;7962982;USD;2024;FY;2024-12-31;2025-03-11;2025-03-11;17029837;17029837;-60289000;7697000;8782000;197228000;-90234000;63184000;863000;-143644000;-28621000;312303000;-16509000;-344795000;118890000;-252319000;;123168000
MS;86439;USD;2020;FY;2020-12-31;2021-02-26;2023-02-24;1603000000;1624000000;11179000000;3769000000;761000000;-4014000000;-36926000000;-25231000000;-1444000000;-17949000000;3807000000;-37898000000;-2739000000;13036000000;-1890000000;83784000000;2828000000;23483000000
MS;86439;USD;2021;FY;2021-12-31;2022-02-24;2024-02-22;1751000000;1785000000;15120000000;4216000000;4000000;-15233000000;29864000000;33971000000;-2308000000;-36106000000;-2648000000;-49897000000;-4171000000;19524000000;-10800000000;41547000000;-3550000000;22071000000
MSBI;7962854;USD;2023;FY;2023-12-31;2024-02-23;2026-03-02;22115869;22124402;61155000;9536000;82560000;3302000;-3195000;153358000;32272000;72877000;-239597000;-74800000;-35486000;2709000;-16228000;-104128000;;-25570000
MSBI;7962854;USD;2024;FY;2024-12-31;2025-07-01;2026-03-02;21731689;21737958;38044000;9001000;120332000;541000;8628000;176546000;77419000;346883000;-172057000;136708000;-35985000;-181129000;-4149000;-333549000;;-20295000
MTB;335339;USD;2020;FY;2020-12-31;2021-02-22;2023-02-22;128638000;128704000;1353152000;235467000;800000000;55103000;-1654535000;789187000;-172289000;-23705350000;;-22087892000;-636368000;-2667904000;-373750000;21415143000;;116438000
MTB;335339;USD;2021;FY;2021-12-31;2022-02-16;2024-02-21;128834125;128888000;1859000000;234000000;-75000000;175000000;522000000;2715000000;-149000000;-12531000000;;-13120000000;-648000000;-856000000;495000000;10190000000;;-215000000
MTB;335339;USD;2022;FY;2022-12-31;2023-02-22;2025-02-19;128673932;128812000;1992000000;338000000;517000000;-86000000;1813000000;4574000000;-214000000;24441000000;;16592000000;-881000000;2705000000;-1800000000;-20984000000;;182000000
MTB;335339;USD;2023;FY;2023-12-31;2024-02-21;2026-02-18;166361000;167002000;2741000000;366000000;645000000;-215000000;368000000;3905000000;-256000000;-2496000000;;-4764000000;-968000000;5972000000;-594000000;4180000000;;3321000000
MTB;335339;USD;2024;FY;2024-12-31;2025-02-19;2026-02-18;166479000;167319000;2588000000;369000000;610000000;82000000;-39000000;3610000000;-216000000;-2056000000;;-9746000000;-1033000000;232000000;-13000000;-2882000000;;-9018000000
MVBF;9075866;USD;2020;FY;2020-12-31;2021-03-09;2023-03-16;11821574;12088106;37411000;3292000;;1414943000;-1343411000;112235000;-4928000;-71179000;57306000;-294111000;-4736000;-140283000;-11282000;417767000;;235891000
MYFW;10656682;USD;2023;FY;2023-12-31;2024-03-15;2025-03-07;9541050;9725910;5225000;2377000;10355000;7154000;-3231000;21880000;-2347000;-70722000;;-66391000;;-21175000;245000;102441000;;57930000
MYFW;10656682;USD;2024;FY;2024-12-31;2025-03-07;2026-02-27;9649433;9755804;8473000;2565000;1933000;-12568000;203000;606000;-1213000;67749000;;66441000;;-68673000;-89000;-84298000;;-17251000
NAVI;551008;USD;2020;FY;2020-12-31;2021-02-26;2023-02-24;193000000;195000000;412000000;;155000000;386000000;34000000;987000000;;6538000000;;6448000000;-123000000;-5049000000;-400000000;-7679000000;;-244000000
NAVI;551008;USD;2021;FY;2021-12-31;2022-02-25;2024-02-26;157000000;157000000;717000000;;-61000000;-386000000;432000000;702000000;;6621000000;-16000000;6673000000;-107000000;-4655000000;-600000000;-7334000000;;41000000
NBHC;6767721;USD;2020;FY;2020-12-31;2021-02-24;2023-02-28;30857086;31075857;88591000;14449000;17630000;-125167000;-1715000;-6212000;-4352000;49209000;;-152591000;-24816000;-241713000;-18393000;654178000;;495375000
NBHC;6767721;USD;2021;FY;2021-12-31;2022-02-23;2024-02-27;30727566;31068159;93606000;13585000;-9293000;126383000;-44779000;179502000;5146000;-166662000;;-473836000;-26888000;39871000;-36178000;528989000;;234655000
NBHC;6767721;USD;2022;FY;2022-12-31;2023-02-28;2025-02-25;32360005;32680932;71274000;16448000;36729000;105503000;-15320000;214634000;-12430000;-986578000;234263000;-752137000;-30447000;382446000;-379000;-114198000;;-651701000
NBHC;6767721;USD;2023;FY;2023-12-31;2024-02-27;2026-02-24;37937579;38111208;142048000;23853000;8295000;4675000;-17438000;161433000;-36834000;-477109000;;-398529000;-39643000;-45587000;-917000;230903000;;-6193000
NBTB;6767681;USD;2020;FY;2020-12-31;2021-03-01;2023-03-01;43676987;43988623;104388000;13167000;51134000;177648000;-201064000;145273000;-8157000;-315460000;-6760000;-712586000;-47207000;-412003000;-7796000;1023151000;;455838000
NBTB;6767681;USD;2021;FY;2021-12-31;2022-03-01;2024-02-29;43385154;43718804;154885000;12704000;-8257000;66442000;-66589000;159185000;-7740000;-6883000;-1550000;-547608000;-47738000;-95693000;-21602000;984813000;;596390000
NBTB;6767681;USD;2022;FY;2022-12-31;2023-03-01;2025-02-28;43676987;43988623;151995000;12418000;17147000;-4794000;6457000;183223000;-7009000;-715689000;-2616000;-962341000;-49765000;512162000;-14713000;-292603000;;-1071721000
NBTB;6767681;USD;2023;FY;2023-12-31;2024-02-29;2026-02-27;44528000;44770000;118782000;15429000;25274000;81839000;-83867000;157457000;-9254000;-246576000;44564000;-44226000;-55886000;-206861000;-4853000;-105392000;;7839000
NBTB;6767681;USD;2024;FY;2024-12-31;2025-02-28;2026-02-27;47165000;47433000;140641000;19968000;19607000;167546000;-159195000;188567000;-11742000;-262986000;-1383000;-399160000;-62263000;-223861000;-190000;289460000;;78867000
NCBS;6767733;USD;2020;FY;2020-12-31;2021-02-26;2023-02-24;10337000;10541000;60469000;10685000;10300000;833075000;-835630000;78899000;-10791000;-115510000;-21820000;-208696000;;-16249000;-40033000;750597000;;620800000
NCBS;6767733;USD;2021;FY;2021-12-31;2022-02-25;2024-02-28;10736000;11145000;60652000;13857000;14900000;637183000;-626195000;100397000;-12791000;-65459000;367797000;-374130000;;-84008000;-60201000;66166000;;-207567000
NCBS;6767733;USD;2022;FY;2022-12-31;2023-02-24;2025-02-25;13909299;14374931;94260000;21930000;11500000;190686000;-187830000;130546000;-12234000;-722493000;-28221000;-529514000;;164134000;-58215000;-41601000;;-440569000
NCBS;6767733;USD;2023;FY;2023-12-31;2024-02-28;2026-02-27;14742675;15070579;61516000;18403000;4990000;181222000;-146006000;120125000;-18202000;-168801000;;579311000;-11119000;-376000000;5346000;-362728000;;336708000
NCBS;6767733;USD;2024;FY;2024-12-31;2025-02-25;2026-02-27;15049225;15415822;124059000;16952000;3850000;234684000;-245759000;133786000;-16520000;-267748000;;-288474000;-16548000;-5172000;15140000;199304000;;44616000
NRIM;9075878;USD;2023;FY;2023-12-31;2024-03-08;2026-03-06;22405884;22645840;25394000;3311000;3842000;375487000;-369259000;38775000;-6166000;-287893000;;-254921000;-13609000;-420000;-8489000;75326000;;-140820000
NRIM;9075878;USD;2024;FY;2024-12-31;2025-03-10;2026-03-06;22011188;22335932;36971000;3610000;3293000;582214000;-632487000;-6399000;-620000;-341764000;-40658000;-199953000;-13751000;-30837000;12000;150558000;;-55794000
NTB;6767697;USD;2020;FY;2020-12-31;2021-02-23;2023-02-22;50509000;50850000;147217000;62435000;8491000;15778000;-45771000;188150000;-20566000;-1845088000;;-41709000;-88932000;27647000;-84901000;546449000;42707000;735597000
NTRS;407194;USD;2020;FY;2020-12-31;2021-02-23;2023-02-28;208319412;209007986;1209300000;500300000;125000000;90100000;-27900000;1896800000;-135800000;-22377000000;;-29923000000;-630500000;-2213700000;-680300000;27871900000;84600000;-69700000
NTRS;407194;USD;2021;FY;2021-12-31;2022-02-28;2024-02-27;207708000;208593000;1545300000;615300000;-81500000;-8900000;-714200000;1356000000;-95500000;-14274300000;;-18602600000;-625100000;-1205300000;-213800000;16073500000;-159600000;-1332700000
NTRS;407194;USD;2022;FY;2022-12-31;2023-02-28;2025-02-24;208309000;208867000;1336000000;612800000;12000000;-165900000;597500000;2392400000;-128600000;20722300000;;25929800000;-796700000;5455700000;-31500000;-26437400000;-287400000;1597400000
NTRS;407194;USD;2023;FY;2023-12-31;2024-02-27;2026-02-24;207248094;207563746;1107300000;637600000;24500000;100900000;755300000;2625600000;-116500000;1849700000;;4784100000;-663300000;940900000;-345200000;-7182600000;-89800000;137300000
NTRS;407194;USD;2024;FY;2024-12-31;2025-02-24;2026-02-24;201263646;201870105;2031100000;681700000;-3000000;-2000000;-3193800000;-486000000;699100000;-934000000;;-2563500000;-644100000;-103800000;-928400000;3439500000;-504300000;-114300000
NWBI;6767641;USD;2021;FY;2021-12-31;2022-02-25;2024-02-23;126181586;127009837;154323000;6633000;-15788000;803148000;-742858000;205458000;-17517000;-3951552000;28238000;-232970000;;;;;;-27512000
NWBI;6767641;USD;2022;FY;2022-12-31;2023-02-24;2025-02-25;126167892;126724093;133666000;6448000;28315000;383845000;-376843000;175431000;-4320000;-909537000;;-917423000;;;;;;-741992000
NWBI;6767641;USD;2023;FY;2023-12-31;2024-02-23;2026-02-25;126668671;126988172;134957000;24497000;22874000;205241000;-294679000;92890000;-8564000;-517012000;;-239680000;;;;;;-146790000
NWBI;6767641;USD;2024;FY;2024-12-31;2025-02-25;2026-02-25;127085446;127699501;100278000;21340000;24505000;243721000;-262177000;127667000;-2308000;180742000;;174974000;;;;;;302641000
NWFL;9075852;USD;2020;FY;2020-12-31;2021-03-09;2022-03-11;7215311;7215311;15080000;1436000;5450000;13824000;-21993000;13797000;-127000;-80770000;15193000;-61357000;-7263000;-12932000;290000;143838000;;96278000
NWFL;9075852;USD;2021;FY;2021-12-31;2022-03-11;2023-03-17;8178000;8199000;24915000;1604000;4200000;5554000;-7075000;29198000;-809000;57938000;;-130964000;-8539000;-14942000;-916000;196754000;;94988000
OBNK;7962622;USD;2020;FY;2020-12-31;2021-03-02;2023-02-22;23367221;23511952;36357000;6880000;59900000;-99108000;-3142000;887000;-7198000;-1598059000;-525000;-2115732000;-8854000;695476000;-475000;2200541000;;85696000
OBNK;7962622;USD;2021;FY;2021-12-31;2022-02-23;2024-02-28;23431504;23608586;108546000;6830000;-10765000;60443000;6432000;171486000;-4997000;511943000;-7682000;12852000;-11525000;-663716000;-1110000;144066000;;328404000
OBT;12442270;USD;2020;FY;2020-12-31;2021-03-30;2022-03-30;8977204;8977204;11679000;1560000;5413000;-1713000;-5595000;11344000;-692000;-259287000;;-330960000;-3585000;14323000;-1164000;415736000;;96120000
OBT;12442270;USD;2021;FY;2021-12-31;2022-03-30;2023-03-24;9937384;9937384;21287000;1660000;2428000;-4145000;-910000;20320000;-1959000;-134038000;;-291307000;-4029000;;34873000;455934000;;184947000
OCFC;7962616;USD;2020;FY;2020-12-31;2021-03-01;2023-02-24;59919000;60072000;63309000;14639000;59404000;126642000;-131338000;132656000;-13559000;21018000;23460000;-22169000;-42917000;-427147000;41956000;1074948000;;1185435000
OFED;9075988;USD;2021;FY;2021-06-30;2021-09-21;2022-09-20;5562009;5611095;4065000;1913000;;16391000;-17442000;4927000;-258000;16925000;;-34272000;-2200000;10000000;-1226000;25412000;;-3933000
OFED;9075988;USD;2022;FY;2022-06-30;2022-09-20;2022-09-20;5578186;5582931;4099000;1645000;;10064000;-10100000;5708000;-214000;-5821000;;-37506000;-2212000;-6000000;-658000;10882000;;-20916000
OMF;687414;USD;2020;FY;2020-12-31;2021-02-09;2023-02-10;134716012;134919258;730000000;264000000;;1333000000;-120000000;2207000000;;-748000000;;-751000000;-846000000;487000000;;-365000000;;1091000000
OMF;687414;USD;2021;FY;2021-12-31;2022-02-11;2024-02-13;131453207;132900000;1314000000;264000000;;725000000;-52000000;2251000000;;-1954000000;;-2143000000;-1677000000;-162000000;;-1845000000;;-1737000000
OMF;687414;USD;2022;FY;2022-12-31;2023-02-10;2025-02-07;122211896;124400000;872000000;262000000;;1333000000;-79000000;2388000000;;-1985000000;;-2119000000;-759000000;469000000;;-304000000;;-35000000
OMF;687414;USD;2023;FY;2023-12-31;2024-02-13;2026-02-06;120382227;120629590;641000000;257000000;;1669000000;-48000000;2519000000;;-2916000000;;-2862000000;-544000000;1491000000;;937000000;;594000000
OMF;687414;USD;2024;FY;2024-12-31;2025-02-07;2026-02-06;119659278;120119983;509000000;277000000;;2039000000;-126000000;2699000000;;-3232000000;-64000000;-3266000000;-560000000;701000000;;130000000;;-437000000
ONB;6481068;USD;2020;FY;2020-12-31;2021-02-10;2023-02-22;165509000;166177000;226409000;43002000;42879000;1430444000;-1522914000;219820000;-23045000;-1644119000;;-2141452000;-92946000;-177706000;-81781000;2235007000;;313375000
ONB;6481068;USD;2021;FY;2021-12-31;2022-02-10;2024-02-22;165178000;165929000;277538000;38612000;;-67390000;-1193192000;-944432000;-19448000;1481015000;;-156771000;-92829000;-102255000;-3148000;1333510000;;232307000
OPBK;9075972;USD;2020;FY;2020-12-31;2021-03-15;2023-03-16;15196351;15223888;13127000;1301000;5961000;85187000;-110427000;-4851000;-619000;-109470000;;-147068000;-4262000;5000000;-7724000;172286000;;20367000
OPBK;9075972;USD;2021;FY;2021-12-31;2022-03-18;2024-03-29;15087686;15155347;28840000;1314000;522000;109399000;-168353000;-28278000;-1125000;-220700000;;-286044000;-5132000;-5000000;61000;323905000;;9583000
OPBK;9075972;USD;2022;FY;2022-12-31;2023-03-16;2025-03-28;15171240;15231418;33310000;1367000;2976000;187301000;-141220000;83734000;-1412000;-364131000;;-461777000;-6676000;;608000;345637000;;-32406000
OPBK;9075972;USD;2023;FY;2023-12-31;2024-03-29;2026-03-13;15149597;15158857;23918000;4474000;1651000;147430000;-109716000;67757000;-2184000;-85536000;;-75887000;-7269000;105000000;-3046000;16374000;;8244000
OPY;505723;USD;2020;FY;2020-12-31;2021-03-01;2023-02-28;12642576;13217335;122986000;8143000;;74889000;-260077000;-54059000;-4528000;;;-3941000;-18578000;57000000;-14992000;13874000;;-44126000
ORRF;9075908;USD;2020;FY;2020-12-31;2021-03-15;2023-03-16;10942000;11034000;26463000;6573000;5325000;196396000;-204586000;30171000;-1303000;-327282000;;-292565000;-7610000;-140425000;-1771000;331689000;;69295000
OSBC;7962790;USD;2020;FY;2020-12-31;2021-03-08;2023-03-09;29623333;30174072;27825000;3292000;10413000;380057000;-395600000;25987000;-3921000;-103403000;;-103808000;-1186000;-46124000;-5922000;357092000;;279271000
OSBC;7962790;USD;2021;FY;2021-12-31;2022-03-10;2024-03-07;30208663;30737862;20044000;3796000;4326000;256942000;-254061000;31047000;-2033000;122102000;148995000;132918000;-4612000;38190000;-10417000;258239000;;422204000
OSBC;7962790;USD;2022;FY;2022-12-31;2023-03-09;2025-03-06;44526655;45213088;67405000;6711000;6550000;76844000;-60166000;97344000;9014000;-443904000;-146000;-432778000;-8877000;61763000;-455000;-301496000;;-636930000
OSBC;7962790;USD;2023;FY;2023-12-31;2024-03-07;2026-02-26;44663722;45395010;91729000;6946000;16501000;8823000;-7598000;116401000;-7834000;-197574000;;161555000;-8946000;255314000;-605000;-292988000;;-15032000
OSBC;7962790;USD;2024;FY;2024-12-31;2025-03-06;2026-02-26;44828290;45639351;85264000;8031000;12750000;6765000;18723000;131533000;-10787000;35946000;237441000;322701000;-9413000;-374813000;-1048000;-455050000;;-816000
OVBC;9075992;USD;2020;FY;2020-12-31;2021-03-24;2022-03-17;4787446;4787446;10259000;1862000;2980000;-815000;-1795000;12491000;-3437000;-78038000;;-88685000;-4022000;-6127000;;162141000;;85947000
OVBC;9075992;USD;2021;FY;2021-12-31;2022-03-17;2023-03-23;4780609;4780609;11732000;1509000;-419000;884000;-519000;13187000;-599000;17181000;;-52404000;-4018000;-8249000;-954000;52948000;;13731000
OVBC;9075992;USD;2022;FY;2022-12-31;2023-03-23;2023-03-23;4793925;4793925;13338000;1499000;-32000;1670000;-485000;15990000;-1568000;-55028000;;-83392000;-4720000;-1669000;;-38642000;;-106044000
OVLY;9075882;USD;2021;FY;2021-12-31;2022-03-31;2023-03-29;8127861;8168500;16337000;1326000;;-3722000;-2755000;11186000;-978000;153154000;;103762000;-2386000;;;436663000;;551611000
PACW;537548;USD;2020;FY;2020-12-31;2021-02-26;2023-02-27;116853000;116853000;-1237574000;59592000;339000000;1524980000;-202125000;483873000;-11125000;-311831000;;-1680979000;-159748000;2003144000;-75369000;3720143000;;2523037000
PACW;537548;USD;2021;FY;2021-12-31;2022-02-28;2023-02-27;117263000;117263000;606959000;64929000;-162000000;102026000;-108958000;502956000;-14529000;-3781279000;3757122000;-5714459000;-119443000;2509867000;-8505000;6108076000;;896573000
PACW;537548;USD;2022;FY;2022-12-31;2023-02-27;2023-02-27;117263000;117263000;423613000;67171000;24500000;192123000;-5435000;701972000;-870000;-5761434000;;-3570070000;-139595000;4032472000;488985000;1051086000;;-1817012000
PBCT;335764;USD;2020;FY;2020-12-31;2021-03-01;2022-03-01;420300000;422600000;219600000;84200000;155800000;1084300000;-701000000;842900000;-45800000;-266100000;114800000;-1318000000;-318200000;-4007200000;-305400000;3917400000;;3442300000
PBCT;335764;USD;2021;FY;2021-12-31;2022-03-01;2022-03-01;418285714;425450000;604900000;81000000;-48300000;131899999;446600000;1216099999;-28600000;5926800000;;3989600000;-321900000;-189900000;34500000;1140300000;;6345999999
PBFS;11819998;USD;2021;FY;2021-06-30;2021-09-28;2022-09-23;25067550;25067550;1077000;2857000;4050000;-1419000;26088000;32653000;-431000;62001000;;-125106000;;;;260513000;;168060000
PBFS;11819998;USD;2022;FY;2022-06-30;2022-09-23;2023-09-26;25131195;25131195;10279000;2744000;-550000;2841000;34653000;49967000;410000;99129000;-1657000;-148032000;;;;149162000;;51097000
PBFS;11819998;USD;2023;FY;2023-06-30;2023-09-26;2025-03-12;25169382;25169382;21948000;2698000;;845000;778000;26269000;-451000;-161701000;;-114768000;;-114000;-105000;-137083000;;-225582000
PBFS;11819998;USD;2024;FY;2024-06-30;2024-09-25;2025-03-12;25193848;25223114;15260000;2596000;2700000;4132000;-841000;23847000;-838000;-200057000;-1980000;-15698000;;-102000;-3425000;6563000;;14712000
PBIP;9076206;USD;2021;FY;2021-09-30;2021-12-17;2021-12-17;7769387;7769387;7780000;435000;200000;4096000;-7461000;5050000;-156000;-33528000;;81890000;-2219000;-53185000;-5391000;-121323000;;-34383000
PCB;10656634;USD;2020;FY;2020-12-31;2021-03-11;2023-03-09;15384231;15448892;16175000;1487000;13219000;136599000;-150387000;17093000;-1784000;-134626000;;-132818000;-6153000;60000000;-5794000;163595000;;47870000
PCB;10656634;USD;2021;FY;2021-12-31;2022-03-04;2024-03-12;15017637;15253820;40103000;1375000;-4596000;137866000;-167608000;7140000;-430000;-151376000;;-183980000;-6655000;-70000000;-9597000;186027000;;9187000
PCB;10656634;USD;2022;FY;2022-12-31;2023-03-09;2025-03-13;14822018;15065175;34987000;1597000;3602000;134124000;-116585000;57725000;-5453000;-317095000;;-357123000;-8946000;10000000;63249000;243144000;;-56254000
PCB;10656634;USD;2023;FY;2023-12-31;2024-03-12;2026-03-16;14301691;14417938;30705000;2184000;-132000;91562000;-55902000;68417000;-1315000;-277093000;;-280347000;-9908000;19000000;-7478000;307241000;;95311000
PCB;10656634;USD;2024;FY;2024-12-31;2025-03-13;2026-03-16;14242057;14342361;25810000;2252000;3401000;64305000;-56107000;39661000;-4075000;-305325000;;-312413000;-11043000;-24000000;131000;229202000;;-43550000
PCSB;9076191;USD;2021;FY;2021-06-30;2021-09-10;2022-09-09;14846786;14847579;12424000;2974000;-673000;-116000;482000;15091000;-2681000;32928000;;-51160000;-2725000;-40132000;-16608000;59072000;;23003000
PCSB;9076191;USD;2022;FY;2022-06-30;2022-09-09;2022-09-09;14232855;14289020;14879000;2969000;772000;2133000;58000;20811000;97000;-100029000;;-167403000;-3604000;-17634000;-7863000;105744000;;-40848000
PDLB;10656652;USD;2020;FY;2020-12-31;2021-03-31;2023-03-21;16744561;16791443;3853000;2519000;2443000;-3263000;-33052000;-27500000;2841000;-205408000;3754000;-199151000;;33677000;-10161000;271052000;;44401000
PEBK;9075966;USD;2020;FY;2020-12-31;2021-03-19;2023-03-17;5657025;5821622;11357000;4183000;4259000;108921000;-119558000;9162000;-2492000;-99971000;;-148972000;-4392000;1825000;-2999000;249003000;;109193000
PEBK;9075966;USD;2021;FY;2021-12-31;2022-03-18;2023-03-17;5576099;5748865;15133000;5569000;-1163000;97796000;-90435000;26900000;180000;64380000;;-106138000;-3793000;10893000;-3605000;195157000;;115919000
PEBK;9075966;USD;2022;FY;2022-12-31;2023-03-17;2023-03-17;5824103;5824103;16123000;6031000;1472000;22049000;-23018000;22657000;-4563000;-148072000;;-255976000;-4935000;10594000;-710000;27416000;;-205903000
PEBO;7962664;USD;2020;FY;2020-12-31;2021-03-01;2023-02-27;19721772;19843806;34767000;25639000;26254000;251547000;-252724000;85483000;-4299000;-439005000;-94856000;-393919000;-27052000;76391000;-28687000;345343000;;36907000
PEBO;7962664;USD;2021;FY;2021-12-31;2022-03-15;2024-02-28;21816511;21959883;47555000;24643000;731000;160103000;-76612000;156420000;-6685000;120800000;132719000;-74433000;-31002000;62056000;906000;181640000;;263627000
PEBO;7962664;USD;2022;FY;2022-12-31;2023-02-27;2025-02-27;27908022;27999602;101292000;17319000;-3510000;69774000;-65036000;119839000;-6753000;-39109000;-85791000;-414214000;-42372000;134988000;-6181000;32670000;;-261705000
PEBO;7962664;USD;2023;FY;2023-12-31;2024-02-28;2026-02-26;32533086;32760808;113363000;3668000;15174000;38859000;-27421000;143643000;-13458000;-271959000;92594000;-132930000;-52062000;601847000;-1766000;261987000;;272700000
PEBO;7962664;USD;2024;FY;2024-12-31;2025-02-27;2026-02-26;34779548;35147354;117205000;3514000;24787000;75055000;-77374000;143187000;-6822000;-36746000;-1579000;-344309000;-56333000;110711000;-1522000;-7936000;;-209058000
PFBI;9076313;USD;2020;FY;2020-12-31;2021-03-22;2021-03-22;14555556;14886364;22438000;2065000;3450000;3800000;-3545000;28208000;-525000;-24240000;;-48948000;-8803000;-6400000;35000;136160000;;115420000
PFC;11795302;USD;2021;FY;2021-12-31;2022-03-01;2024-02-28;37183186;37183186;126051000;12514000;-7052000;851105000;-817455000;165163000;-3023000;196510000;;-332814000;-38948000;;-29575000;169951000;;2300000
PFIS;9075782;USD;2020;FY;2020-12-31;2021-03-16;2023-03-15;7304956;7337843;29354000;3506000;7400000;41234000;-44314000;37180000;-1857000;-241307000;;-201240000;-10518000;-87114000;-6893000;361099000;;197039000
PFIS;9075782;USD;2021;FY;2021-12-31;2022-03-16;2024-03-15;7196160;7235303;43519000;3193000;1750000;14294000;-21985000;40771000;-4827000;-151955000;;-440103000;-10792000;-62058000;-2361000;451073000;;51741000
PFIS;9075782;USD;2022;FY;2022-12-31;2023-03-15;2025-03-28;7172501;7207565;38090000;3451000;-449000;17906000;-16641000;42357000;-7661000;-402699000;;-467819000;-11325000;112774000;-1253000;183397000;;-242065000
PFIS;9075782;USD;2023;FY;2023-12-31;2024-03-15;2026-03-16;7151471;7151471;27380000;2899000;566000;7615000;-5208000;33252000;-5911000;-123335000;;-25754000;-11659000;-72895000;-5886000;141999000;;149497000
PFIS;9075782;USD;2024;FY;2024-12-31;2025-03-28;2026-03-16;8586035;8586035;8498000;6766000;19131000;-8995000;9325000;34725000;-768000;61676000;28067000;386345000;-18093000;-154677000;;-472584000;;-51514000
PFS;6767705;USD;2022;FY;2022-12-31;2023-03-01;2025-02-28;76125889;76226747;175648000;13076000;;25787000;-14201000;200310000;6766000;-493200000;;-646299000;-72023000;710596000;-46530000;-79966000;;-525955000
PFS;6767705;USD;2023;FY;2023-12-31;2024-02-28;2026-02-27;74844489;74873256;128398000;11695000;;44288000;-10985000;173396000;-3043000;-420410000;;-469600000;-72447000;630985000;790000;289951000;;-6253000
PFS;6767705;USD;2024;FY;2024-12-31;2025-02-28;2026-02-27;109668911;109712732;115525000;41499000;;233782000;35576000;426382000;-599000;11076000;194548000;507674000;-100956000;-515668000;;-908371000;;25685000
PGC;726431;USD;2020;FY;2020-12-31;2021-03-12;2023-03-13;18896825;19081187;26192000;4414000;32400000;199947000;-226233000;36720000;-3075000;-354544000;-4160000;-213995000;-3780000;57139000;-5179000;622412000;;445137000
PKBK;9075894;USD;2024;FY;2024-12-31;2025-03-12;2026-03-11;11954483;12139451;27512000;571000;728000;-64000;6411000;35158000;-119000;45644000;;46304000;-8602000;20000000;-3556000;-40310000;;41152000
PLBC;10656614;USD;2021;FY;2021-12-31;2022-03-17;2024-03-20;5502000;5583000;21009000;1673000;1125000;11450000;-43675000;-8418000;-470000;30468000;23631000;-79104000;-3081000;-5000000;-441000;283197000;;195675000
PMBC;9076258;USD;2020;FY;2020-12-31;2021-03-15;2021-04-15;23516000;23516000;8334000;373000;9050000;1494000;-9072000;10179000;278000;-94487000;;-107875000;;-20000000;50000;163827000;;66131000
PNC;348075;USD;2020;FY;2020-12-31;2021-02-26;2023-02-22;427000000;427000000;7558000000;1497000000;3175000000;-7659000000;88000000;4659000000;;-63486000000;;-51122000000;-2209000000;12816000000;-2039000000;48419000000;;1956000000
PNC;348075;USD;2021;FY;2021-12-31;2022-02-25;2024-02-21;424000000;424000000;5725000000;1773000000;-779000000;934000000;-439000000;7214000000;;39780000000;-10511000000;-2795000000;-2289000000;-8311000000;471000000;-3432000000;;987000000
PNFP;783539;USD;2020;FY;2020-12-31;2021-02-26;2023-02-28;75376489;75654385;312321000;45203000;203815000;-89578000;-45007000;426754000;-25489000;-2515685000;;-3567591000;-56985000;-1055384000;166336000;6575579000;;3434742000
PPBI;6767557;USD;2022;FY;2022-12-31;2023-02-28;2025-02-28;93718293;94091461;283743000;28735000;4832000;73915000;19807000;411032000;-7476000;-436267000;;-160093000;-125160000;442000000;873000;545607000;;796546000
PPBI;6767557;USD;2023;FY;2023-12-31;2024-02-28;2025-02-28;94113132;94236875;30852000;26148000;10129000;264782000;-80931000;250980000;-6597000;1424573000;;2471898000;-126265000;-399207000;966000;-2887654000;;-164776000
PPBI;6767557;USD;2024;FY;2024-12-31;2025-02-28;2025-02-28;94579358;94682886;158802000;22837000;4789000;-14508000;54539000;226459000;-3662000;1255949000;;764228000;-127108000;-654730000;908000;-1317830000;;-327143000
PRAA;6767639;USD;2020;FY;2020-12-31;2021-02-26;2023-02-28;45540000;45860000;167742000;18465000;;-76133000;31630000;141704000;-17230000;;-903588000;115003000;;-199238000;;-252100000;-7367000;-2760000
PRAA;6767639;USD;2021;FY;2021-12-31;2022-03-01;2024-02-29;44960000;45330000;195509000;15256000;;-137052000;11212000;84925000;;-971708000;-647000;160376000;;-57935000;-200887000;-262812000;-14464000;-31975000
PRAA;6767639;USD;2022;FY;2022-12-31;2023-02-28;2025-02-27;39638000;39888000;117998000;15243000;;-102841000;-8808000;21592000;-844255000;;;120453000;;-12362000;-111371000;-121342000;-25017000;-4314000
PROV;998465;USD;2021;FY;2021-06-30;2021-09-03;2022-09-02;7464814;7538409;7561000;6266000;;1076000;-3330000;11573000;-225000;50088000;;-55872000;-4173000;-40064000;-1355000;-1465000;;-45764000
PROV;998465;USD;2022;FY;2022-06-30;2022-09-02;2023-09-05;7464814;7538409;9093000;4849000;-2462000;1938000;-1625000;11793000;-165000;-88320000;;-51746000;-4146000;-15983000;-4305000;-6903000;;-46856000
PROV;998465;USD;2023;FY;2023-06-30;2023-09-05;2024-08-30;7142669;7071644;8592000;3188000;374000;2416000;1755000;16325000;-741000;-138970000;;-109896000;-3998000;150009000;-4648000;136006000;;42435000
PROV;998465;USD;2024;FY;2024-06-30;2024-08-30;2025-08-29;6942918;6959143;7351000;3155000;;-421000;-4400000;5685000;-1589000;22604000;;45062000;-3887000;3491000;-2601000;-65220000;;-14473000
PTRS;12444433;USD;2020;FY;2020-12-31;2021-03-30;2022-03-29;17806000;17832000;5670000;2224000;6894000;-6771000;-5658000;2359000;-3039000;-41157000;;-70020000;-1782000;-5094000;-261000;255161000;;187500000
PTRS;12444433;USD;2021;FY;2021-12-31;2022-03-29;2023-03-29;17790000;17834000;7411000;2663000;2323000;-3287000;9402000;18512000;-487000;-81233000;;-84781000;-1779000;-50290000;119000;122487000;;56218000
PTRS;12444433;USD;2022;FY;2022-12-31;2023-03-29;2023-03-29;17828783;17828783;13615000;2250000;1348000;-379000;3938000;20772000;295000;-116694000;;-147605000;-2066000;35342000;186000;-70406000;;-197239000
PVBC;12444437;USD;2023;FY;2023-12-31;2024-03-28;2025-03-31;16586180;16594685;10954000;1095000;-678000;1595000;-7303000;5663000;-339000;210000;;-106727000;5000;240854000;-18000;240767000;;139703000
PVBC;12444437;USD;2024;FY;2024-12-31;2025-03-31;2025-03-31;16727370;16782893;7271000;1074000;1003000;604000;2063000;12015000;-370000;1359000;;62138000;5000;-125274000;-18000;-125343000;;-51190000
PWOD;9075948;USD;2020;FY;2020-12-31;2021-03-11;2023-03-15;7044542;7044542;15224000;3303000;2625000;130140000;-129292000;22000000;-2106000;10269000;;-10739000;-9020000;47706000;247000;153508000;;164769000
PWOD;9075948;USD;2021;FY;2021-12-31;2022-03-09;2024-03-13;7061818;7061818;16048000;3902000;640000;87997000;-90664000;17923000;-800000;-48170000;;-55954000;-9041000;52207000;408000;88535000;;50504000
QCRH;7962716;USD;2020;FY;2020-12-31;2021-03-12;2023-03-01;15571650;15952637;60582000;8033000;55704000;227533000;-239675000;112177000;-4167000;-456228000;;-826082000;-3779000;43554000;1360000;698980000;;-14925000
RBCAA;7962644;USD;2023;FY;2023-12-31;2024-03-14;2026-03-06;19792000;19853000;90374000;7063000;;50128000;-39034000;108531000;-6896000;-553570000;-40970000;-516951000;-28350000;165662000;-19654000;411298000;;2878000
RBCAA;7962644;USD;2024;FY;2024-12-31;2025-03-06;2026-03-06;19650000;19736000;101371000;6911000;;62762000;-22045000;148999000;-5809000;-309676000;;-181026000;-30506000;20700000;34000;147611000;;115584000
RBNC;9076262;USD;2020;FY;2020-12-31;2021-03-09;2021-03-09;15394158;15439550;31113000;5237000;8350000;493588000;-613218000;-74930000;-381000;-87767000;-8500000;-4569000;-6227000;-49663000;239000;122893000;;43394000
RF;378207;USD;2020;FY;2020-12-31;2021-02-24;2023-02-24;959000000;962000000;1094000000;421000000;1330000000;5484000000;-6005000000;2324000000;;-756000000;-381000000;-4853000000;-698000000;-8270000000;346000000;16371000000;;13842000000
RF;378207;USD;2021;FY;2021-12-31;2022-02-24;2024-02-23;949000000;958000000;2521000000;371000000;-524000000;7637000000;-6975000000;3030000000;;689000000;-1182000000;-2865000000;-716000000;-1234000000;-577000000;11290000000;;11455000000
RF;378207;USD;2022;FY;2022-12-31;2023-02-24;2025-02-21;935000000;942000000;2245000000;353000000;271000000;5214000000;-4981000000;3102000000;;-9408000000;;-12941000000;-762000000;;-230000000;-8345000000;;-18184000000
RJF;744727;USD;2021;FY;2021-09-30;2021-11-23;2023-11-21;205700000;211200000;1403000000;134000000;;67000000;5048000000;6652000000;-74000000;-3740000000;-266000000;-5145000000;-218000000;-138000000;-97000000;5232000000;76000000;6815000000
RJF;744727;USD;2022;FY;2022-09-30;2022-11-22;2024-11-26;209900000;215300000;1509000000;145000000;;892000000;-2507000000;39000000;-91000000;-7022000000;1461000000;-7118000000;-277000000;58000000;-164000000;5879000000;;-1200000000
RJF;744727;USD;2023;FY;2023-09-30;2023-11-21;2025-11-25;211800000;216900000;1739000000;165000000;292000000;34000000;-5793000000;-3563000000;-173000000;-582000000;;-225000000;-355000000;-191000000;-856000000;1438000000;;-2350000000
RJF;744727;USD;2024;FY;2024-09-30;2024-11-26;2025-11-25;207100000;212300000;2068000000;179000000;21000000;-180000000;108000000;2196000000;-205000000;-2184000000;;-1009000000;-383000000;-50000000;-938000000;438000000;;1625000000
RRBI;10656512;USD;2024;FY;2024-12-31;2025-03-14;2026-03-13;6898286;6918060;34235000;3219000;1200000;1078000;-1448000;38284000;-4798000;-82799000;;-59161000;-2483000;;-16309000;-15574000;;-36451000
RVRF;11819934;USD;2020;FY;2020-12-31;2021-03-16;2022-03-15;6498085;6571301;17090000;2742000;8735000;1550000;-25245000;4872000;-2610000;-280307000;;-468304000;-2343000;-3381000;-313000;478245000;;14813000
RVRF;11819934;USD;2021;FY;2021-12-31;2022-03-15;2023-03-14;6537505;6613227;25036000;2577000;4864000;1631000;7703000;41811000;-4951000;-77969000;;-551526000;-2612000;18952000;1426000;511409000;;1694000
RVSB;9076020;USD;2024;FY;2025-03-31;2025-06-12;2025-06-12;21063467;21063467;4903000;3327000;182000;-614000;472000;8270000;-2627000;-38301000;;13326000;-2533000;-11904000;-2000000;-15824000;;5772000
SAL;12444375;USD;2020;FY;2020-12-31;2021-02-07;2023-03-10;11192000;11224000;11940000;;;63125000;-62492000;12573000;-2627000;-105891000;;-112791000;-3286000;-38430000;53000;166495000;;66277000
SAL;12444375;USD;2021;FY;2021-12-31;2022-03-11;2023-03-10;11248000;11344000;16473000;;;36110000;-36052000;16531000;-551000;-37528000;;-151689000;-3452000;-15099000;24449000;217331000;;82173000
SAL;12444375;USD;2022;FY;2022-12-31;2023-03-10;2023-03-10;5634000;5670000;15874000;;;16338000;-6213000;25999000;763000;-151332000;;-167288000;-3691000;2147000;222000;16493000;;-124796000
SASR;6767801;USD;2020;FY;2020-12-31;2021-02-19;2023-02-21;43947000;44132000;96953000;19873000;85669000;-50879000;-9635000;141981000;-5041000;-1174467000;53517000;-1200196000;-53175000;16125000;-23705000;1209115000;;150900000
SASR;6767801;USD;2021;FY;2021-12-31;2022-02-18;2024-02-20;46691000;46899000;235107000;14522000;-45556000;1440282000;-1427957000;216398000;-11491000;457724000;;308261000;-60351000;-834146000;-101510000;-401642000;;123017000
SBFG;11033785;USD;2024;FY;2024-12-31;2025-03-07;2026-03-06;6660000;6680000;11470000;2217000;124000;215762000;-220122000;9451000;-518000;-44747000;;-28948000;-3770000;-48600000;-4768000;22460000;;2963000
SBSI;7962608;USD;2020;FY;2020-12-31;2021-02-26;2023-02-24;33201000;33281000;82153000;12084000;;109723000;-113440000;90520000;-9589000;-90206000;;-223735000;-43204000;-46925000;-27873000;130926000;;-2289000
SBT;9075808;USD;2020;FY;2020-12-31;2021-03-26;2023-03-16;49840882;49840882;-12967000;1608000;54865000;157095000;-191955000;8646000;-922000;377170000;;223788000;-499000;89000000;-82000;688244000;;920678000
SCHW;378109;USD;2020;FY;2020-12-31;2021-02-24;2023-02-24;1429000000;1435000000;3299000000;604000000;;2001000000;948000000;6852000000;-631000000;-5675000000;14748000000;-125851000000;-1280000000;2370000000;5019000000;143982000000;;24983000000
SCHW;378109;USD;2021;FY;2021-12-31;2022-02-24;2024-02-23;1892000000;1902000000;5855000000;1164000000;;2653000000;-7554000000;2118000000;-916000000;-10845000000;;-75663000000;-1822000000;10066000000;2427000000;96323000000;;22778000000
SCHW;378109;USD;2022;FY;2022-12-31;2023-02-24;2025-02-26;1885000000;1894000000;7183000000;1248000000;;1723000000;-8097000000;2057000000;-971000000;-5788000000;;32048000000;-2110000000;14126000000;-3591000000;-68723000000;;-34618000000
SCHW;378109;USD;2023;FY;2023-12-31;2024-02-23;2026-02-25;1824000000;1831000000;5067000000;1338000000;;672000000;12510000000;19587000000;-700000000;99000000;;57411000000;-2276000000;21162000000;-3260000000;-61245000000;;15753000000
SCHW;378109;USD;2024;FY;2024-12-31;2025-02-26;2026-02-25;1828000000;1834000000;5942000000;1435000000;;952000000;-5659000000;2670000000;-620000000;-4787000000;;35431000000;-2275000000;-13936000000;84000000;-47060000000;;-8959000000
SF;1059910;USD;2020;FY;2020-12-31;2021-02-19;2023-02-17;159261000;171859500;503472000;60483000;;3131117000;-2033256000;1661816000;-73364000;-1441303000;36720000;-1689315000;-73758000;;-58261000;1198873000;6862000;1178236000
SF;1059910;USD;2021;FY;2021-12-31;2022-02-18;2024-02-16;160777500;178438500;824858000;63762000;;29464000;-45990000;872094000;;;;;;;;;;872094000
SF;1059910;USD;2022;FY;2022-12-31;2023-02-17;2025-02-26;163272000;176310000;662155000;70210000;;346616000;78434000;1157415000;;;;;;;;;;1157415000
SF;1059910;USD;2023;FY;2023-12-31;2024-02-16;2026-02-24;159102000;169792500;522536000;81462000;24999000;313441000;-443110000;499328000;;;;;;;;;;499328000
SF;1059910;USD;2024;FY;2024-12-31;2025-02-26;2026-02-24;159102000;169792500;731379000;85966000;25402000;227228000;-579538000;490437000;;;;;;;;;;490437000
SFBC;158885;USD;2024;FY;2024-12-31;2025-03-18;2026-03-18;2542805;2565938;4640000;619000;-120000;14476000;-16683000;2932000;-38000;-4383000;;-3279000;-1948000;-15000000;204000;-5702000;;-6049000
SFBS;6767461;USD;2020;FY;2020-12-31;2021-02-26;2023-02-28;107688964;108438074;169569000;4103000;42434000;275101000;-299917000;191290000;-2305000;-1236698000;;-1411071000;-28293000;1406438000;3487000;2800592000;;1580811000
SFBS;6767461;USD;2021;FY;2021-12-31;2022-02-25;2024-03-01;108321980;108869146;207734000;4388000;31517000;245605000;-222913000;266331000;-9449000;-606246000;;-1094977000;-32582000;2010995000;3534000;2839331000;;2010685000
SFBS;6767461;USD;2022;FY;2022-12-31;2023-02-28;2025-03-03;108444908;108444908;251504000;4123000;37607000;69422000;-90029000;272627000;-3743000;-1591725000;;-2069828000;-37532000;-1478420000;1232000;-1608842000;;-3406043000
SFBS;6767461;USD;2023;FY;2023-12-31;2024-03-01;2026-02-27;108822342;109070630;206853000;4436000;18715000;142169000;-174877000;197296000;-3910000;16314000;;-200432000;-45773000;2404952000;1287000;1318171000;;1315035000
SFBS;6767461;USD;2024;FY;2024-12-31;2025-03-03;2026-02-27;109056604;109248468;227242000;4785000;21587000;212125000;-212824000;252915000;-4646000;-963367000;;-948534000;-65474000;293362000;916000;941165000;;245546000
SFNC;6767537;USD;2020;FY;2020-12-31;2021-02-25;2023-02-27;109860000;110173000;254904000;49038000;74973000;1014009000;-1190381000;202543000;-2115000;1379959000;;1189869000;-74645000;187507000;-112371000;1083117000;;2475529000
SFNC;6767537;USD;2021;FY;2021-12-31;2022-02-25;2024-02-27;109577000;110198000;271156000;47220000;-32704000;1097924000;-1105816000;277780000;-20257000;2362218000;25425000;-2537736000;-78892000;-198379000;-132056000;438457000;;-1821499000
SFNC;6767537;USD;2022;FY;2022-12-31;2023-02-27;2025-02-27;123958000;124470000;256412000;48962000;14074000;511024000;-508274000;322198000;-30514000;-1825492000;276396000;-946233000;-94096000;-597915000;-109982000;-344496000;;-968531000
SFNC;6767537;USD;2023;FY;2023-12-31;2024-02-27;2026-02-25;126338000;126776000;175057000;47877000;42028000;289399000;-13382000;540979000;-31015000;-716320000;;-183593000;-100962000;20636000;-39489000;-425416000;;-68030000
SFNC;6767537;USD;2024;FY;2024-12-31;2025-02-27;2026-02-25;125489000;126116000;152693000;46116000;46785000;312341000;-132011000;425924000;-40081000;-201144000;;369507000;-105439000;-257854000;970000;-722146000;;73285000
SFST;9075902;USD;2021;FY;2021-12-31;2022-03-04;2024-03-05;7843692;7988980;46711000;2319000;;522771000;-493732000;78069000;-26459000;-348718000;;-410627000;;-25000000;3012000;399080000;;66522000
SFST;9075902;USD;2022;FY;2022-12-31;2023-03-06;2025-03-03;7958294;8071690;29115000;3698000;6155000;178022000;-166685000;50305000;-13855000;-782130000;;-792583000;;175000000;905000;745943000;;3665000
SFST;9075902;USD;2023;FY;2023-12-31;2024-03-05;2026-02-24;8046633;8078454;13426000;4816000;1260000;144621000;-146470000;17653000;-1242000;-329431000;;-378575000;;100000000;518000;346218000;;-14704000
SFST;9075902;USD;2024;FY;2024-12-31;2025-03-03;2026-02-24;8080623;8117057;15530000;4810000;125000;192920000;-187827000;25558000;-757000;-30408000;;-28860000;;-46500000;294000;9995000;;6693000
SHBI;9075848;USD;2020;FY;2020-12-31;2021-03-26;2022-03-31;12380000;12381000;15730000;2476000;3900000;-2894000;-782000;18430000;-2373000;-205901000;;-280080000;-5950000;216221000;-9109000;353596000;;91946000
SHBI;9075848;USD;2021;FY;2021-12-31;2022-03-31;2023-03-30;13119000;13119000;15368000;3086000;-358000;-26624000;1025000;-7503000;-3450000;-79771000;305781000;38193000;-6607000;337605000;-813000;366006000;;396696000
SHBI;9075848;USD;2022;FY;2022-12-31;2023-03-30;2024-03-15;19847000;19847000;31177000;7275000;1925000;124070000;-111800000;52647000;-2398000;-426973000;;-581572000;-9530000;25857000;386000;811000;;-528114000
SHBI;9075848;USD;2023;FY;2023-12-31;2024-03-15;2026-03-02;26572000;26574000;11228000;10939000;30953000;-17217000;-13190000;22713000;-5233000;-308672000;25372000;172313000;-12733000;326894000;385000;121888000;;316914000
SHBI;9075848;USD;2024;FY;2024-12-31;2025-03-10;2026-03-02;33267000;33285000;43889000;16040000;4738000;-18692000;912000;46887000;-4278000;-123277000;;-134541000;-16013000;-114049000;376000;175092000;;87438000
SI;1302955;USD;2020;FY;2020-12-31;2021-03-08;2022-02-28;18691000;19177000;26038000;5584000;742000;7224607000;-7736285000;-479314000;-916000;-109442000;;-70582000;;-408330000;41000;3378379000;;2828483000
SI;1302955;USD;2021;FY;2021-12-31;2022-02-28;2022-02-28;27527000;27744000;78528000;2620000;;12676555000;-12677945000;79758000;-1922000;-141157000;;-7983536000;-3016000;-37291000;1293359000;10329637000;;2425859000
SIVB;708168;USD;2020;FY;2020-12-31;2021-03-01;2023-02-24;51685000;52084000;1294000000;101000000;220000000;-403000000;200000000;1412000000;-87000000;-11927000000;-27000000;-31206000000;-17000000;501000000;-29000000;40656000000;;10862000000
SIVB;708168;USD;2021;FY;2021-12-31;2022-03-01;2023-02-24;57723000;58521000;2073000000;151000000;123000000;-225000000;-254000000;1868000000;-113000000;-13726000000;1081000000;-90336000000;-63000000;1657000000;5680000000;85432000000;;-3036000000
SIVB;708168;USD;2022;FY;2022-12-31;2023-02-24;2023-02-24;58987169;59515565;1609000000;222000000;420000000;1362000000;-749000000;2864000000;-215000000;-7879000000;;-3638000000;-163000000;16289000000;-22000000;-9000000;;-783000000
SLCT;9076281;USD;2020;FY;2020-12-31;2021-03-11;2021-03-11;17386715;17415680;8163000;1417000;6244000;54729000;-60202000;10351000;-226000;-166718000;60234000;-228029000;;-46103000;-6995000;254688000;;37010000
SMBK;7962930;USD;2020;FY;2020-12-31;2021-03-16;2023-03-16;14955423;15019175;24332000;7761000;8683000;131436000;-143143000;29069000;-5439000;-293964000;46132000;-259338000;-2986000;49957000;-3969000;528017000;;297748000
SMBK;7962930;USD;2021;FY;2021-12-31;2022-03-14;2024-03-15;15572537;15699215;34790000;9001000;1633000;127859000;-127101000;46182000;-2377000;-37105000;15364000;-264993000;-3728000;7104000;-1008000;782169000;;563358000
SMBK;7962930;USD;2022;FY;2022-12-31;2023-03-16;2025-03-17;16740450;16871369;43022000;12644000;4018000;49039000;-51930000;56793000;-11027000;-558387000;-4881000;-841758000;-4724000;-45415000;397000;6312000;;-778653000
SMBK;7962930;USD;2023;FY;2023-12-31;2024-03-15;2026-03-16;16805068;16911185;28593000;13498000;3029000;50817000;-56221000;39716000;-5588000;-213591000;;-135240000;-5427000;-4500000;165000;181371000;;85847000
SMBK;7962930;USD;2024;FY;2024-12-31;2025-03-17;2026-03-16;16768956;16875456;36141000;11415000;5153000;46816000;-46825000;52700000;-1707000;-469247000;;-420222000;-5422000;-6500000;-2899000;402821000;;35299000
SMMF;9075780;USD;2020;FY;2020-12-31;2021-03-11;2023-03-10;12935430;12975385;31326000;4882000;14500000;91722000;-97749000;44681000;-8344000;-301654000;175013000;-152463000;-8786000;-53500000;-1266000;145681000;;37899000
SMMF;9075780;USD;2021;FY;2021-12-31;2022-03-04;2024-03-12;12943883;13003428;45738000;5150000;4000000;112084000;-105126000;61846000;836000;-296679000;;-341747000;-9611000;74980000;8520000;258572000;;-21329000
SMMF;9075780;USD;2022;FY;2022-12-31;2023-03-10;2024-03-12;12760649;12821533;53216000;5048000;6950000;23478000;-20748000;67944000;3435000;-323320000;;-404828000;-10593000;85832000;203000;303143000;;-33741000
SMMF;9075780;USD;2023;FY;2023-12-31;2024-03-12;2024-03-12;14206811;14249129;55239000;7183000;12250000;-90000;-853000;73729000;-5442000;-234696000;;-156132000;-12849000;54143000;244000;89918000;;7515000
SNV;1234790;USD;2020;FY;2020-12-31;2021-03-01;2023-02-24;147415000;148210000;373695000;69625000;;3077823000;-3504111000;17032000;-30102000;-1030790000;;-2352973000;-223130000;-2647058000;-10839000;5401940000;;3065999000
SNV;1234790;USD;2021;FY;2021-12-31;2022-02-25;2024-02-23;147415000;148210000;760467000;113552000;;-24036000;-55967000;794016000;-25954000;-1140250000;;-4384166000;-227840000;28691000;-188366000;2347086000;;-1243064000
SNV;1234790;USD;2022;FY;2022-12-31;2023-02-24;2025-02-21;145364000;146481000;757902000;69172000;;455787000;-91372000;1191489000;28779000;-4595355000;;-4855482000;-229311000;3408531000;-15810000;2631920000;;-1032073000
SNV;1234790;USD;2023;FY;2023-12-31;2024-02-23;2025-02-21;146115000;146734000;542141000;93458000;;695841000;-48817000;1282623000;-21450000;244308000;8359000;323966000;-252011000;-2741221000;1940000;-1132943000;;473646000
SNV;1234790;USD;2024;FY;2024-12-31;2025-02-21;2025-02-21;144164000;144998000;479451000;60408000;;405068000;-123897000;821030000;-29033000;686041000;;177571000;-260824000;-264051000;-274848000;-456040000;;542561000
SPFI;10656506;USD;2020;FY;2020-12-31;2021-03-11;2023-03-13;18054373;18339033;45353000;6575000;25570000;1370079000;-1441490000;6087000;-647000;;-687000;-156688000;-2528000;18455000;-293000;292809000;;142208000
SPFI;10656506;USD;2021;FY;2021-12-31;2022-03-08;2024-03-15;17953624;18492218;58614000;6436000;-1918000;1468406000;-1435267000;96271000;-160000;;;-159841000;-5385000;-101550000;-9227000;250084000;;186514000
SPFI;10656506;USD;2022;FY;2022-12-31;2023-03-13;2025-03-07;17373138;18019828;58240000;6965000;-2619000;648352000;-587348000;123590000;-1938000;;;-408857000;-8012000;;-22699000;33329000;;-251938000
SSB;6480988;USD;2020;FY;2020-12-31;2021-02-26;2023-02-24;54756000;55063000;120632000;46367000;235989000;3229955000;-2982212000;650731000;-9799000;-270148000;2566376000;1115990000;-98256000;-620724000;-29213000;2153830000;;3920551000
SSB;6480988;USD;2021;FY;2021-12-31;2022-02-25;2024-03-04;70393000;70889000;475543000;63137000;-165273000;3656981000;-3098428000;931960000;-19949000;228814000;-39929000;-2835532000;-135337000;-74305000;-142132000;4015888000;;2112316000
SSB;6480988;USD;2022;FY;2022-12-31;2023-02-24;2025-02-21;74551000;75181000;496049000;64591000;81855000;1929638000;-1582823000;989310000;-11527000;-3113685000;250115000;-4118813000;-146664000;-237822000;-114887000;-2279505000;;-5409008000
SSBK;10656644;USD;2020;FY;2020-12-31;2021-03-18;2022-03-18;8712857;8712857;12107000;2220000;3300000;-654000;-5519000;11454000;-4718000;-199324000;;-260073000;-1842000;30900000;86000;218291000;;-30328000
SSBK;10656644;USD;2021;FY;2021-12-31;2022-03-18;2023-03-14;8198188;8316536;18567000;3109000;2982000;-381000;5426000;29703000;2680000;-220282000;;-260755000;-2892000;-4920000;21123000;430101000;;199049000
SSBK;10656644;USD;2022;FY;2022-12-31;2023-03-14;2023-03-14;8712857;8712857;27071000;2431000;5605000;-729000;4488000;38866000;-2600000;-337157000;;-387161000;-3165000;78847000;-7136000;232838000;;-115457000
STBA;347280;USD;2020;FY;2020-12-31;2021-03-01;2023-02-24;39070439;39113632;21040000;12066000;131424000;348970000;-461948000;51552000;-4846000;-151066000;;-159202000;-43949000;-188231000;-12559000;139493000;;31843000
STT;378219;USD;2020;FY;2020-12-31;2021-02-19;2023-02-16;352865000;357106000;2420000000;234000000;88000000;1078000000;-288000000;3532000000;-560000000;-51229000000;;-65534000000;-889000000;6224000000;-1093000000;62167000000;;165000000
STT;378219;USD;2021;FY;2021-12-31;2022-02-17;2024-02-15;365798000;371685000;2693000000;245000000;-33000000;1093000000;-10708000000;-6710000000;-811000000;5995000000;-333000000;-2172000000;-866000000;-5797000000;461000000;9046000000;;164000000
STT;378219;USD;2022;FY;2022-12-31;2023-02-16;2025-02-13;365798000;371685000;2774000000;238000000;20000000;858000000;8064000000;11954000000;-734000000;4884000000;;6816000000;-972000000;3735000000;-1623000000;-18431000000;;339000000
STXB;9076265;USD;2020;FY;2020-12-31;2021-03-05;2022-03-07;17567117;17649463;31311000;7806000;11257000;19631000;-16473000;53532000;-10158000;-299635000;-105274000;-615316000;-1212000;146801000;-14787000;498861000;;-62923000
STXB;9076265;USD;2021;FY;2021-12-31;2022-03-07;2022-03-07;17262221;17781812;42052000;7423000;3711000;15026000;-13801000;54411000;216000;60095000;2065000;-156012000;-8766000;-177239000;2147000;144355000;;42754000
SYBT;6767647;USD;2020;FY;2020-12-31;2021-02-26;2023-02-24;22563000;22768000;58869000;9743000;18418000;-19267000;9362000;77125000;-4218000;-694539000;;-804718000;-24481000;-31834000;-2265000;795814000;;68221000
SYBT;6767647;USD;2021;FY;2021-12-31;2022-02-25;2024-02-27;24898000;25156000;74645000;11329000;-753000;24582000;-7703000;102100000;-4581000;99519000;24981000;-78874000;-28198000;-107707000;-3826000;620021000;;643247000
SYBT;6767647;USD;2022;FY;2022-12-31;2023-02-24;2025-02-27;28672000;28922000;93294000;20658000;10257000;8957000;-24424000;108742000;11284000;-301481000;349456000;-384425000;-33301000;36871000;-5721000;-518142000;;-793825000
SYBT;6767647;USD;2023;FY;2023-12-31;2024-02-27;2026-02-26;29212000;29343000;107748000;21939000;13796000;103711000;-140491000;106703000;-5999000;-573599000;;-424049000;-34575000;173712000;-2695000;415938000;;98592000
SYBT;6767647;USD;2024;FY;2024-12-31;2025-02-27;2026-02-26;29288000;29421000;114539000;13354000;9725000;111629000;-106379000;142868000;-9625000;-738686000;;-677057000;-35835000;103649000;-4217000;559250000;;25061000
SYF;493399;USD;2020;FY;2020-12-31;2021-02-11;2023-02-09;589000000;590800000;1385000000;383000000;5310000000;-602000000;1011000000;7487000000;;1422000000;;-498000000;-562000000;-4783000000;-310000000;-8031000000;;-1042000000
SYF;493399;USD;2021;FY;2021-12-31;2022-02-10;2024-02-08;537800000;543000000;4221000000;390000000;726000000;219000000;1543000000;7099000000;;-6355000000;;-4814000000;-542000000;-3642000000;-515000000;-5204000000;;-2919000000
TBNK;9075996;USD;2020;FY;2020-12-31;2021-03-19;2022-03-21;9137398;9196689;18605000;1224000;1625000;85000;-550000;20989000;-1758000;167912000;;298281000;-8400000;-20000000;-5000000;-533000;;318737000
TBNK;9075996;USD;2021;FY;2021-12-31;2022-03-21;2023-03-17;9059204;9110335;17430000;1151000;;2528000;-8585000;12524000;-363000;106264000;;-283012000;-10224000;;-5000000;6804000;;-263684000
TCBI;734517;USD;2020;FY;2020-12-31;2021-02-09;2023-02-09;50430326;50582979;66289000;74925000;258000000;13591238000;-11350583000;2639869000;-2796000;16616000;;-2935317000;-9750000;569985000;-1986000;5076245000;;4780797000
TCBI;734517;USD;2021;FY;2021-12-31;2022-02-09;2024-02-13;50750649;51139555;253939000;93406000;-30000000;1669909000;-1329939000;657315000;-4127000;1610988000;;1232786000;-18721000;-380479000;136602000;-3149822000;;-1259721000
TCBK;6767759;USD;2020;FY;2020-12-31;2021-03-01;2023-03-01;29917000;30028000;64814000;12177000;42813000;-17829000;12827000;114802000;-2812000;-41126000;;-816333000;-26303000;8460000;-26522000;1094575000;;393044000
TCBK;6767759;USD;2021;FY;2021-12-31;2022-03-01;2024-02-29;29721000;29882000;117655000;11827000;-6775000;6832000;2668000;132207000;-453000;-108433000;;-883811000;-29724000;23173000;-4200000;850474000;;98870000
TCBK;6767759;USD;2022;FY;2022-12-31;2023-03-01;2025-03-03;29720784;29882281;125419000;12346000;18470000;-1083000;7743000;162895000;3067000;-22845000;426883000;-723224000;-35797000;214518000;-25958000;-100862000;;-661191000
TCBK;6767759;USD;2023;FY;2023-12-31;2024-02-29;2026-03-02;33261000;33355000;117390000;12484000;23990000;1304000;-16281000;138887000;-4886000;-6423000;;28567000;-39901000;367977000;-9084000;-175983000;;-8529000
TCBK;6767759;USD;2024;FY;2024-12-31;2025-03-03;2026-03-02;33088000;33230000;114868000;10118000;6632000;1409000;-23320000;109707000;-4557000;;;284998000;-43646000;-542972000;-15370000;-348450000;;46255000
TFC;245217;USD;2020;FY;2020-12-31;2021-02-24;2023-02-28;1347080000;1358289000;4492000000;1608000000;2335000000;-402000000;-596000000;7437000000;-815000000;2613000000;-1839000000;-43652000000;-2725000000;-13758000000;2949000000;36018000000;;-197000000
TFC;245217;USD;2021;FY;2021-12-31;2022-02-23;2024-02-27;1329979000;1343029000;6437000000;1384000000;-813000000;;884000000;7892000000;;9787000000;-1522000000;-32056000000;-2852000000;-4031000000;-3031000000;25591000000;;1427000000
TFC;245217;USD;2022;FY;2022-12-31;2023-02-28;2025-02-25;1347080000;1358289000;6267000000;1366000000;777000000;71000000;2600000000;11081000000;;-32840000000;-5904000000;-29972000000;-2989000000;26540000000;-250000000;20017000000;;1126000000
TFC;245217;USD;2023;FY;2023-12-31;2024-02-27;2026-02-24;1331963000;1331963000;-1047000000;1215000000;2109000000;5194000000;1160000000;8631000000;;12202000000;-17000000;22858000000;-3131000000;-2678000000;;-22266000000;;9223000000
TFC;245217;USD;2024;FY;2024-12-31;2025-02-25;2026-02-24;1331087000;1331087000;4840000000;979000000;1870000000;782000000;-6307000000;2164000000;;4178000000;12174000000;18598000000;-3135000000;361000000;-1750000000;-11638000000;;9124000000
TFSL;360767;USD;2021;FY;2021-09-30;2021-11-24;2023-11-21;277225121;278903373;81007000;32568000;;-53021000;22601000;83155000;-1337000;621699000;;547356000;-56637000;-429689000;-5591000;-640218000;;-9707000
TFSL;360767;USD;2022;FY;2022-09-30;2022-11-22;2024-11-22;276694594;278576254;74565000;27035000;;-48473000;-14198000;38929000;-2311000;-1787608000;;-1881385000;-58297000;1696354000;;1723694000;;-118762000
THFF;7962876;USD;2020;FY;2020-12-31;2021-03-11;2023-03-08;13716000;13716000;53844000;6092000;10528000;-1913000;8874000;77425000;-3908000;53144000;;-16248000;-14273000;10632000;-9220000;468867000;;530044000
THFF;7962876;USD;2021;FY;2021-12-31;2022-03-09;2024-03-11;13190000;13190000;52987000;6154000;2466000;3975000;-10515000;55067000;-3835000;;;-312156000;-14181000;-23687000;-42471000;287646000;;30557000
THFF;7962876;USD;2022;FY;2022-12-31;2023-03-08;2025-03-05;13716000;13716000;71109000;6111000;-2025000;3735000;-143000;78787000;-1426000;12802000;;-433689000;-14459000;-28901000;-27701000;-110608000;;-465510000
THFF;7962876;USD;2023;FY;2023-12-31;2024-03-11;2026-03-04;11937000;11937000;60672000;6530000;7295000;6064000;5529000;86090000;-6541000;;;-22098000;-15383000;95346000;-11514000;-209750000;;-145758000
THFF;7962876;USD;2024;FY;2024-12-31;2025-03-05;2026-03-04;11812000;11812000;47275000;9946000;16166000;9528000;-22549000;60366000;-6108000;;28152000;-66119000;-21248000;37582000;-376000;22520000;;16767000
TMP;7962632;USD;2020;FY;2020-12-31;2021-03-01;2023-03-01;14703390;14742040;77588000;11676000;17213000;57415000;-62505000;101387000;-4529000;-340475000;;-643719000;-31359000;-391725000;-7842000;792812000;;250480000
TRST;10656438;USD;2020;FY;2020-12-31;2021-02-26;2023-03-01;3860200;3860600;52452000;4040000;5600000;7587000;-7522000;62157000;-3830000;-183320000;;-35346000;-26331000;66089000;-3493000;623442000;;650253000
TRST;10656438;USD;2021;FY;2021-12-31;2022-02-25;2023-03-01;19259000;19263000;61519000;4219000;-5450000;10005000;-14928000;55365000;-2834000;-194677000;;-175256000;-26279000;29931000;-2126000;232262000;;112371000
TRST;10656438;USD;2022;FY;2022-12-31;2023-03-01;2023-03-01;19131000;19133000;75234000;4101000;-341000;12463000;-12831000;78626000;-3315000;-296343000;;-416626000;-26991000;-121986000;-6575000;-230871000;;-568871000
TSC;988504;USD;2020;FY;2020-12-31;2021-02-25;2022-03-01;28267512;28738468;45234000;4209000;19400000;10251000;8114000;87208000;1091000;-1665788000;;-2042142000;-7849000;45349000;97029000;1986521000;;31587000
TSC;988504;USD;2021;FY;2021-12-31;2022-03-01;2022-03-01;31224474;31224474;78060000;4886000;808000;27620000;-5628000;105746000;-2189000;-2540423000;;-3165145000;-7947000;69455000;-835000;3075973000;;16574000
UBFO;9076032;USD;2024;FY;2024-12-31;2025-03-20;2026-03-26;17188384;17199817;14783000;1469000;2963000;1164000;-744000;19635000;-1039000;-11534000;-1075000;12953000;-8307000;-62000000;;-17161000;;15427000
UBSI;1234798;USD;2020;FY;2020-12-31;2021-03-01;2023-03-01;120017247;120090232;289023000;-16436000;106562000;6250613000;-6489315000;140447000;-273000;-619976000;629107000;137585000;-162713000;-1579354000;-20076000;1093543000;;1371575000
UBSI;1234798;USD;2021;FY;2021-12-31;2022-03-01;2024-02-29;120017247;120090232;367738000;7911000;-23970000;-139492000;-6168952000;-5956765000;-8087000;7448451000;39420000;6581958000;-181277000;-138002000;-6005000;923909000;;1549102000
UBSI;1234798;USD;2022;FY;2022-12-31;2023-03-01;2025-02-28;134776241;135117512;379627000;23670000;18822000;-24867000;-1874523000;-1477271000;-5389000;-128967000;;-1209563000;-193041000;1411854000;-69165000;105316000;;-2581518000
UBSI;1234798;USD;2023;FY;2023-12-31;2024-02-29;2026-02-27;134505058;134753820;366313000;23106000;31153000;-9449000;-863284000;-452161000;-5905000;86424000;0;125087000;-194727000;-374853000;368000;749365000;;422291000
UBSI;1234798;USD;2024;FY;2024-12-31;2025-02-28;2026-02-27;134947592;135225417;372996000;10396000;25153000;-4731000;-632266000;-228452000;-9672000;355857000;0;2133315000;-200727000;-1270005000;4234000;-1211562000;;693301000
UCBI;6767457;USD;2020;FY;2020-12-31;2021-02-25;2023-02-24;83184000;83248000;164089000;-8586000;80434000;4387000;-81643000;158681000;-17559000;-1069089000;195699000;-1580563000;-62445000;-30569000;75640000;2515295000;;1093413000
UMBF;256663;USD;2020;FY;2020-12-31;2021-03-01;2023-02-23;48137791;48343750;286502000;62803000;130500000;-65368000;-40839000;373598000;-51648000;-2779586000;24000;-4491087000;-60281000;618989000;-58580000;5945885000;;1828396000
UMPQ;998459;USD;2020;FY;2020-12-31;2021-02-25;2023-02-24;220216000;220216000;-1523420000;37474000;204861000;8242028000;-6867169000;93774000;-11986000;-750270000;;-960111000;-184978000;-135000000;-8655000;2076762000;;1210425000
UMPQ;998459;USD;2021;FY;2021-12-31;2022-02-25;2023-02-24;216624000;217356000;420300000;31498000;-42651000;4856908000;-4603332000;662723000;-15478000;-488755000;;-1534275000;-183734000;-765000000;-80656000;1059992000;;188440000
UMPQ;998459;USD;2022;FY;2022-12-31;2023-02-24;2023-02-24;216980000;216980000;336752000;28305000;84016000;2055659000;-1439703000;1065029000;-27086000;-3595515000;;-3533092000;-182273000;900000000;-4109000;1001085000;;-1466978000
UNB;9076036;USD;2020;FY;2020-12-31;2021-03-19;2022-03-24;4474649;4493157;12805000;1891000;2200000;-22860000;-1098000;-7062000;-1007000;-101055000;-2257000;-125909000;-5689000;138429000;22000;204608000;;71637000
UNB;9076036;USD;2021;FY;2021-12-31;2022-03-24;2023-03-24;4483791;4508948;13170000;1825000;;19895000;-5700000;29190000;-3509000;-15931000;-2194000;-189994000;-5877000;95446000;70000;103955000;;-56849000
UNB;9076036;USD;2022;FY;2022-12-31;2023-03-24;2024-03-26;4477273;4477273;12615000;1801000;;14027000;588000;29031000;-665000;-171111000;-2290000;-205931000;-6236000;89243000;-79000;148863000;;-28037000
UNB;9076036;USD;2023;FY;2023-12-31;2024-03-26;2025-03-25;4508868;4537396;11257000;1639000;-499000;88000;-3294000;9191000;-1930000;-70504000;-3288000;-82252000;-6415000;18663000;-130000;112842000;;39781000
UNB;9076036;USD;2024;FY;2024-12-31;2025-03-25;2026-03-20;4523140;4554049;8761000;1593000;;294000;1503000;12151000;-1025000;-135621000;-3052000;-124826000;-6444000;143173000;;50847000;;-61828000
UNTY;9075858;USD;2023;FY;2023-12-31;2024-03-07;2025-03-07;10207000;10338000;39707000;2383000;1832000;-599000;3586000;46909000;-955000;-65495000;629000;-57847000;-4721000;-26562000;-14408000;90921000;;79983000
UNTY;9075858;USD;2024;FY;2024-12-31;2025-03-07;2026-03-04;10031000;10202000;41450000;2568000;2407000;-1373000;2935000;47987000;-693000;-89010000;;-92813000;-5021000;-135934000;-4730000;30488000;;-14338000
USB;378231;USD;2020;FY;2020-12-31;2021-02-23;2023-02-27;1509000000;1510000000;4959000000;527000000;3806000000;62931000000;-68507000000;3716000000;;-2377000000;-556000000;-15440000000;-2852000000;-11932000000;-1171000000;51899000000;;40175000000
USB;378231;USD;2021;FY;2021-12-31;2022-02-22;2024-02-20;1509000000;1509000000;7963000000;497000000;-1173000000;72782000000;-70199000000;9870000000;;-15724000000;-661000000;-57487000000;-2887000000;-8776000000;-541000000;13942000000;;-33675000000
USB;378231;USD;2022;FY;2022-12-31;2023-02-27;2024-02-20;1509000000;1510000000;5825000000;560000000;1977000000;39094000000;-26337000000;21119000000;;-24759000000;12257000000;7500000000;-3075000000;17019000000;-711000000;-3982000000;;24637000000
USB;378231;USD;2023;FY;2023-12-31;2024-02-20;2024-02-20;1559000000;1549000000;5429000000;1018000000;2275000000;26812000000;-27087000000;8447000000;;6026000000;-330000000;18925000000;-3311000000;-5009000000;889000000;-19722000000;;7650000000
UVSP;7962774;USD;2020;FY;2020-12-31;2021-02-26;2023-02-24;29198000;29268000;46916000;4780000;40794000;437758000;-479069000;51179000;-16888000;-932788000;;-867392000;-17536000;49226000;-1629000;910943000;;94730000
UVSP;7962774;USD;2021;FY;2021-12-31;2022-02-25;2024-02-26;29395000;29554000;91801000;4662000;-10132000;512652000;-496646000;102337000;-12765000;-1175000;-3820000;-126779000;;-97800000;4147000;718309000;;693867000
UVSP;7962774;USD;2022;FY;2022-12-31;2023-02-24;2025-02-24;29243773;29243773;78120000;4465000;12198000;248172000;-233500000;109455000;-2169000;-834116000;;-897612000;-24607000;227035000;-8142000;50806000;;-737351000
UVSP;7962774;USD;2023;FY;2023-12-31;2024-02-26;2026-02-23;29433000;29533000;71104000;5057000;10770000;223069000;-220259000;89741000;-6550000;-455408000;;-454436000;-25050000;24165000;2218000;461695000;;97000000
UVSP;7962774;USD;2024;FY;2024-12-31;2025-02-24;2026-02-23;29401000;29401000;75931000;5473000;5933000;305490000;-317721000;75106000;-4746000;-259462000;;-259741000;-24842000;-80125000;-13303000;263680000;;79045000
VBTX;7962612;USD;2023;FY;2023-12-31;2024-02-28;2025-03-03;54256000;54256000;108261000;19485000;40471000;23606000;-47736000;144087000;-1854000;-124123000;;-47503000;-43318000;-1075000000;924000;96402000;;192986000
VLY;1234800;USD;2020;FY;2020-12-31;2021-02-26;2023-03-01;405152605;407636765;390606000;82260000;125722000;-180908000;-254119000;163561000;-5496000;-2490937000;;-2037662000;-190653000;213291000;-3172000;2768619000;;894518000
WABC;6767779;USD;2021;FY;2021-12-31;2022-03-01;2024-02-29;26855000;26870000;86509000;16617000;;-292000;-14099000;88735000;-1324000;193755000;;-306084000;-44304000;43701000;2785000;728159000;;510810000
WABC;6767779;USD;2022;FY;2022-12-31;2023-03-01;2025-02-28;26895000;26907000;122034000;16565000;;-628000;-24269000;113702000;-811000;108107000;;-633612000;-45182000;-88454000;2037000;-317939000;;-837849000
WABC;6767779;USD;2023;FY;2023-12-31;2024-02-29;2026-02-27;26703000;26706000;161768000;11774000;-1150000;-1366000;-12818000;158208000;-1161000;90192000;;547274000;-45954000;370000;-12797000;-809404000;;-103922000
WABC;6767779;USD;2024;FY;2024-12-31;2025-02-28;2026-02-27;26685000;26686000;138636000;10404000;300000;1237000;-9005000;141572000;3634000;44185000;;715678000;-46958000;62160000;1145000;-446070000;;411180000
WAFD;1234802;USD;2021;FY;2021-09-30;2021-11-19;2023-11-17;121595665;121657246;183615000;33914000;;1382000;-460731000;-241820000;-26096000;-488147000;333700000;-23471000;-72254000;-993788000;-54987000;653123000;;387832000
WAFD;1234802;USD;2022;FY;2022-09-30;2022-11-18;2024-11-20;65287650;65404110;236330000;64050000;;3430000;-1784300000;-1480490000;-11749000;-576697000;301590000;-744209000;-76201000;405000000;-1437000;817855000;;-1406844000
WAFD;1234802;USD;2023;FY;2023-09-30;2023-11-17;2025-11-18;64729006;64736864;257426000;22970000;;41437000;-1438275000;-1116442000;-13973000;-79965000;620468000;-47518000;-78417000;1525000000;-29197000;1460644000;;296684000
WAL;345773;USD;2020;FY;2020-12-31;2021-02-25;2023-02-23;100200000;100500000;506600000;22900000;123600000;41500000;-24400000;670200000;-26800000;-5897200000;;-7537500000;-101300000;151200000;-71600000;9104400000;;2237100000
WAL;345773;USD;2021;FY;2021-12-31;2022-02-25;2024-02-28;103900000;104500000;899200000;33700000;-21400000;-3384400000;-172700000;-2645600000;-69400000;-12665000000;-1024400000;-14720300000;-127600000;-1162300000;834800000;15210600000;;-2155300000
WAL;345773;USD;2022;FY;2022-12-31;2023-02-23;2025-02-25;100200000;100500000;1057300000;52400000;68100000;1110800000;-36500000;2252100000;-141000000;-11172800000;-50000000;-13136900000;-166200000;5406700000;157700000;11411800000;;527000000
WAL;345773;USD;2023;FY;2023-12-31;2024-02-28;2026-02-23;108300000;108500000;722400000;63000000;62600000;-1331000000;113600000;-369400000;-114300000;1106800000;;-2118300000;-171500000;-1147900000;2661900000;3020400000;;532700000
WAL;345773;USD;2024;FY;2024-12-31;2025-02-25;2026-02-23;108600000;109300000;787700000;94400000;145900000;-3996900000;244300000;-2724600000;-83800000;-3816000000;;-5984400000;-176800000;411900000;100000;11228500000;;2519500000
WBS;1234803;USD;2020;FY;2020-12-31;2021-02-26;2023-03-10;89988936;90151000;220621000;36616000;137750000;550702000;-565140000;380549000;-8917000;-1601298000;;-2292115000;-152840000;-1860388000;-76316000;1916775000;;5209000
WBS;1234803;USD;2021;FY;2021-12-31;2022-02-25;2024-02-27;89988936;90151000;408864000;35913000;-54500000;391074000;-92759000;688592000;-11370000;-685498000;;-2405089000;-152682000;-442626000;3492000;1914963000;;198466000
WBS;1234803;USD;2022;FY;2022-12-31;2023-03-10;2025-03-03;89988936;90151000;644283000;81800000;280619000;77249000;28439000;1112390000;-25894000;-6821852000;-54407000;-6962776000;-261492000;5899305000;-321400000;6228759000;;378373000
WBS;1234803;USD;2023;FY;2023-12-31;2024-02-27;2026-02-27;171775000;171883000;867840000;76490000;150747000;96587000;-121427000;1070237000;-29376000;-1027289000;-157646000;-2687340000;-294805000;-3810729000;-106261000;2492955000;;875852000
WBS;1234803;USD;2024;FY;2024-12-31;2025-03-03;2026-02-27;169820000;170192000;768707000;71531000;222000000;182536000;24591000;1269365000;-20549000;-1919258000;-359460000;-3734325000;-291195000;-496679000;-65149000;2823599000;;358639000
WFC;58953;USD;2020;FY;2020-12-31;2021-02-23;2023-02-21;4118000000;4134200000;3662000000;8219000000;14129000000;130648000000;-154607000000;2051000000;;44514000000;;122554000000;-6142000000;-69608000000;-7017000000;-1243000000;;123362000000
WFC;58953;USD;2021;FY;2021-12-31;2022-02-22;2024-02-20;3831100000;3868900000;23799000000;7890000000;-4155000000;-72118000000;33059000000;-11525000000;;397000000;;-7619000000;-3627000000;7214000000;-14464000000;-11238000000;;-30382000000
WFC;58953;USD;2022;FY;2022-12-31;2023-02-21;2025-02-25;3785600000;3818700000;19029000000;6271000000;5399000000;30943000000;-21284000000;40358000000;;1600000000;;16043000000;-5930000000;13803000000;38942000000;20494000000;;76895000000
WFC;58953;USD;2023;FY;2023-12-31;2024-02-20;2025-02-25;3560100000;3600100000;19965000000;7558000000;4334000000;10687000000;-39509000000;3035000000;;-5571000000;;-15651000000;-6232000000;-39712000000;11563000000;-21534000000;;-34150000000
WMPN;12444395;USD;2021;FY;2021-06-30;2021-09-15;2022-09-08;14541136;14541136;3779000;1240000;133000;-1781000;-3630000;-259000;2844000;49140000;;-686000;-1886000;-23224000;118700000;86752000;;85807000
WMPN;12444395;USD;2022;FY;2022-06-30;2022-09-08;2023-09-07;14255901;14259369;4237000;1200000;-20000;-681000;124000;4860000;-835000;-13092000;;-200731000;-5143000;24000000;-9080000;63319000;;-132552000
WMPN;12444395;USD;2023;FY;2023-06-30;2023-09-07;2024-09-05;12658818;11571321;2802000;1220000;;1611000;-575000;5058000;1926000;-1602000;;10469000;-1584000;-31000000;-27056000;-30904000;;-15377000
WMPN;12444395;USD;2024;FY;2024-06-30;2024-09-05;2024-09-05;9017723;9074910;168000;935000;;-841000;58000;320000;-141000;7573000;;30587000;-1160000;14000000;-38659000;-31502000;;-595000
WNEB;9075960;USD;2020;FY;2020-12-31;2021-03-11;2023-03-10;25047195;25062476;11215000;2520000;7775000;-2348000;5905000;25067000;-3515000;-151474000;;-123557000;-5037000;-183607000;-10476000;161193000;;62703000
WSBC;739365;USD;2020;FY;2020-12-31;2021-02-26;2023-02-27;67260796;67310584;122044000;14131000;107741000;747752000;-932062000;59606000;-7551000;-496272000;;57792000;-87897000;-906850000;120003000;553253000;;670651000
WSBC;739365;USD;2021;FY;2021-12-31;2022-02-28;2024-02-26;63045061;63183411;242260000;13387000;-64274000;755720000;-610796000;336297000;;1108165000;;-328496000;-96609000;-525702000;-179882000;338110000;;345911000
WSBC;739365;USD;2022;FY;2022-12-31;2023-02-27;2025-03-03;67260796;67310584;192113000;13042000;-1663000;258346000;-257698000;204140000;;-958192000;;-1068160000;-91450000;661345000;-116047000;21073000;;-842947000
WSBC;739365;USD;2023;FY;2023-12-31;2024-02-26;2026-03-02;59303210;59427989;159032000;14435000;17734000;299229000;-321108000;169322000;;-935437000;;-535224000;-92415000;610183000;-3508000;552874000;;186972000
WSBC;739365;USD;2024;FY;2024-12-31;2025-03-03;2026-03-02;62589406;62653557;151510000;15288000;19206000;306988000;-281993000;210999000;;-1025545000;;-1030149000;-97541000;-266768000;191043000;791904000;;-27246000
WSBF;7962978;USD;2020;FY;2020-12-31;2021-03-02;2023-02-28;24464000;24607000;81145000;5608000;6340000;4142004000;-4328679000;-93582000;-1225000;53170000;;37191000;-31520000;24512000;-32538000;76858000;;20467000
WSBF;7962978;USD;2021;FY;2021-12-31;2022-02-28;2023-02-28;23741000;23931000;70791000;6048000;-3990000;4286289000;-4204684000;154454000;-778000;210925000;;147617000;-30388000;-30947000;-7869000;-20116000;;281955000
WSFS;6767531;USD;2020;FY;2020-12-31;2021-03-01;2023-02-28;50510000;50547000;113320000;25908000;153180000;671809000;-949075000;15142000;-7159000;-222069000;;-874944000;-24369000;-153272000;-153800000;1942785000;;1082983000
WSFS;6767531;USD;2021;FY;2021-12-31;2022-03-01;2024-02-29;47539000;47703000;271605000;25993000;-117087000;981115000;-1033489000;128137000;-6149000;1453471000;4899000;-1494857000;-24242000;-106623000;-11746000;1244924000;;-121796000
WSFS;6767531;USD;2022;FY;2022-12-31;2023-02-28;2025-02-28;47756156;50546497;222648000;42553000;48089000;478359000;-308831000;482818000;-7618000;-434483000;573745000;-139331000;-35746000;-2380001000;-196904000;-1039168000;;-695681000
WTBA;9075778;USD;2020;FY;2020-12-31;2021-03-01;2023-02-23;16447000;16515000;32712000;3391000;12000000;-1383000;-4435000;42285000;-2319000;-331781000;;-367163000;-13815000;-6366000;;668023000;;343145000
WTBA;9075778;USD;2021;FY;2021-12-31;2022-02-24;2024-02-22;16534000;16789000;49607000;3615000;-1500000;1681000;4475000;57878000;-8743000;-171106000;;-537211000;-15543000;-22532000;;275723000;;-203610000
WTBA;9075778;USD;2022;FY;2022-12-31;2023-02-23;2025-02-20;16620000;16521212;46399000;4463000;-2500000;3976000;7101000;59439000;-21311000;-221310000;;-357831000;-16619000;285841000;;132106000;;-166286000
WTBA;9075778;USD;2023;FY;2023-12-31;2024-02-22;2026-02-26;16704000;16750000;24137000;5149000;700000;2254000;-6991000;25249000;-36387000;-72929000;;-168683000;-16704000;106520000;;182252000;;38818000
WTBA;9075778;USD;2024;FY;2024-12-31;2025-02-20;2026-02-26;16806000;16895000;24050000;6923000;1000000;5537000;2298000;39808000;-26136000;-11724000;;-27341000;-16806000;-200270000;;165654000;;178121000
WTFC;1234804;USD;2020;FY;2020-12-31;2021-02-26;2023-02-28;57523000;58019000;292990000;96369000;214220000;6968098000;-8090142000;-518465000;-63646000;-7927249000;;-7182424000;-85890000;642096000;200617000;7736887000;;35998000
