Ticker;SimFinId;Currency;Fiscal Year;Fiscal Period;Report Date;Publish Date;Restated Date;Shares (Basic);Shares (Diluted);Revenue;Provision for Loan Losses;Net Revenue after Provisions;Total Non-Interest Expense;Operating Income (Loss);Non-Operating Income (Loss);Pretax Income (Loss);Income Tax (Expense) Benefit, Net;Income (Loss) from Continuing Operations;Net Extraordinary Gains (Losses);Net Income;Net Income (Common)
ABCB;919504;USD;2020;FY;2020-12-31;2021-02-26;2023-02-28;69256000;69426000;1077027000;-145380000;931647000;-598629000;333018000;;340244000;-78256000;261988000;;261988000;261988000
ABCB;919504;USD;2021;FY;2021-12-31;2022-02-28;2024-02-28;69398594;69738426;1020871000;35365000;1056236000;-560124000;496112000;;496112000;-119199000;376913000;;376913000;376913000
ABTX;953887;USD;2020;FY;2020-12-31;2021-03-10;2022-02-25;20415000;20546000;210839000;-27374000;183465000;-127494000;55971000;;55971000;-10437000;45534000;;45534000;45534000
ABTX;953887;USD;2021;FY;2021-12-31;2022-02-25;2022-02-25;20260000;20423000;237126000;2322000;239448000;-137543000;101905000;;99894000;-18341000;81553000;;81553000;81553000
ACBI;9076197;USD;2020;FY;2020-12-31;2021-03-16;2021-03-16;21342086;21427722;97258000;-17446000;79812000;-52659000;27153000;;27153000;-4613000;22540000;;22540000;22540000
ACNB;9075814;USD;2020;FY;2020-12-31;2021-03-05;2022-03-14;8635681;8635681;93158000;-9140000;84018000;-55351000;28667000;;22702000;-4308000;18394000;;18394000;18394000
ACNB;9075814;USD;2021;FY;2021-12-31;2022-03-14;2023-03-03;8725392;8725392;94020000;-50000;93970000;-58951000;35019000;;35019000;-7185000;27834000;;27834000;27834000
AJX;90767;USD;2020;FY;2020-12-31;2021-03-05;2023-03-03;22641636;22641636;63611000;;63611000;-16192000;47419000;;33569000;39000;33608000;;28496000;22756000
AJX;90767;USD;2021;FY;2021-12-31;2022-03-04;2024-02-28;22862429;30407649;77948000;;77948000;-15863000;62085000;;42068000;-293000;41775000;;41855000;34057000
AJX;90767;USD;2022;FY;2022-12-31;2023-03-03;2024-02-28;22852948;30262467;41751000;;41751000;-15924000;25827000;;-12101000;-2835000;-14936000;;-15011000;-28679000
AJX;90767;USD;2023;FY;2023-12-31;2024-02-28;2025-02-18;24286999;24286999;3601000;;3601000;-26272000;-22671000;;-46714000;-243000;-46957000;;-47071000;-49261000
AJX;90767;USD;2024;FY;2024-12-31;2025-02-18;2026-02-18;40195479;40195479;9302000;;9302000;-45661000;-36359000;;-92905000;-145000;-93050000;;-91835000;-92175000
ALRS;10656542;USD;2020;FY;2020-12-31;2021-03-12;2023-03-13;17106000;17438000;233217000;-10900000;222317000;-163799000;58518000;;58518000;-13843000;44675000;;44675000;44675000
ALRS;10656542;USD;2021;FY;2021-12-31;2022-03-11;2024-03-08;17189000;17486000;234486000;3500000;237986000;-168909000;69077000;;69077000;-16396000;52681000;;52681000;52681000
ALTA;363174;USD;2020;FY;2020-12-31;2021-03-15;2021-03-15;18821361;18965624;126145000;-2750000;123395000;-66148000;57247000;;57247000;-13745000;43502000;;43502000;43502000
AMAL;10656460;USD;2020;FY;2020-12-31;2021-03-15;2023-03-09;31133000;31229000;220620000;-24791000;195829000;-133886000;61943000;;61943000;-15755000;46188000;;46188000;46188000
AMAL;10656460;USD;2021;FY;2021-12-31;2022-03-11;2024-03-07;31104000;31512000;202693000;287000;202980000;-132255000;70725000;;70725000;-17788000;52937000;;52937000;52937000
AMAL;10656460;USD;2022;FY;2022-12-31;2023-03-09;2025-03-06;31104000;31512000;263737000;-15002000;248735000;-140571000;108164000;;108164000;-26687000;81477000;;81477000;81477000
AMAL;10656460;USD;2023;FY;2023-12-31;2024-03-07;2026-03-05;30555000;30785000;290647000;-14670000;275977000;-151247000;124730000;;124730000;-36752000;87978000;;87978000;87978000
AMAL;10656460;USD;2024;FY;2024-12-31;2025-03-06;2026-03-05;30588000;30936000;315645000;-10284000;305361000;-159772000;145589000;;145589000;-39155000;106434000;;106434000;106434000
AMNB;7962980;USD;2020;FY;2020-12-31;2021-03-08;2023-03-14;10981623;10985790;100663000;-8916000;91747000;-54565000;37182000;;37182000;-7137000;30045000;;30045000;30045000
AMNB;7962980;USD;2021;FY;2021-12-31;2022-03-14;2024-03-15;10873817;10877231;111422000;2825000;114247000;-59008000;55239000;;55239000;-11713000;43526000;;43526000;43526000
AMNB;7962980;USD;2022;FY;2022-12-31;2023-03-14;2024-03-15;10672314;10674613;109045000;-1597000;107448000;-64086000;43362000;;43362000;-8934000;34428000;;34428000;34428000
AMNB;7962980;USD;2023;FY;2023-12-31;2024-03-15;2024-03-15;10627709;10628559;102918000;-495000;102423000;-65473000;36950000;;34373000;-8214000;26159000;;26159000;26159000
AMTB;10656428;USD;2020;FY;2020-12-31;2021-03-19;2023-03-01;41737216;41737216;263022000;-88620000;174402000;-178736000;-4334000;;-4334000;2612000;-1722000;;-1722000;-1722000
AMTB;10656428;USD;2021;FY;2021-12-31;2022-03-04;2024-03-07;37169283;37527523;325762000;16500000;342262000;-198242000;144020000;;144020000;-33709000;110311000;;112921000;112921000
ARI;498489;USD;2020;FY;2020-12-31;2021-02-10;2023-02-08;148004385;148004385;114932000;;114932000;-26849000;88083000;;18377000;;18377000;;18377000;4837000
ARI;498489;USD;2021;FY;2021-12-31;2022-02-08;2024-02-06;139891777;170884172;264177000;;264177000;-51413000;212764000;;223515000;;223515000;;223515000;210551000
ARI;498489;USD;2022;FY;2022-12-31;2023-02-08;2025-02-10;140534635;165504660;253182000;;253182000;-50578000;202604000;;265232000;;265232000;;265232000;252960000
AROW;7962934;USD;2020;FY;2020-12-31;2021-03-10;2023-07-18;17928173;17944403;131860000;-9319000;122541000;-70678000;51863000;;51863000;-11036000;40827000;;40827000;40827000
ASB;1234037;USD;2020;FY;2020-12-31;2021-02-09;2023-02-13;153005000;153642000;1269566000;-174006000;1095560000;-731385000;364175000;;326974000;-20200000;306774000;;306774000;288416000
ASB;1234037;USD;2021;FY;2021-12-31;2022-02-08;2024-02-08;153005000;153642000;1058219000;88011000;1146230000;-709923000;436307000;;436307000;-85313000;350994000;;350994000;333883000
ATLO;9075938;USD;2020;FY;2020-12-31;2021-03-12;2022-03-11;9148244;9148244;65463000;-5681000;59782000;-36551000;23231000;;23231000;-4381000;18850000;;18850000;18850000
ATLO;9075938;USD;2021;FY;2021-12-31;2022-03-11;2023-03-10;9114379;9114379;66534000;757000;67291000;-36618000;30673000;;30673000;-6760000;23913000;;23913000;23913000
ATLO;9075938;USD;2022;FY;2022-12-31;2023-03-10;2024-03-08;9127099;9127099;62931000;874000;63805000;-38644000;25161000;;25161000;-5868000;19293000;;19293000;19293000
ATLO;9075938;USD;2023;FY;2023-12-31;2024-03-08;2025-03-12;8992167;8992167;53840000;-789000;53051000;-40162000;12889000;;12889000;-2072000;10817000;;10817000;10817000
AUB;10384197;USD;2020;FY;2020-12-31;2021-02-26;2023-02-24;78858726;78875668;686784000;-87141000;599643000;-382233000;217410000;;186294000;-28066000;158228000;;158228000;152570000
AUB;10384197;USD;2021;FY;2021-12-31;2022-02-25;2024-02-22;77399902;77417801;677066000;60888000;737954000;-404500000;333454000;;318759000;-54842000;263917000;;263917000;252049000
AUB;10384197;USD;2022;FY;2022-12-31;2023-02-24;2025-02-27;74949109;74953398;702784000;-19028000;683756000;-403802000;279954000;;279954000;-45444000;234510000;;234510000;222642000
AUB;10384197;USD;2023;FY;2023-12-31;2024-02-22;2026-02-26;74961390;74962363;701890000;-31618000;670272000;-427376000;242896000;;239901000;-38083000;201818000;;201818000;189950000
AUB;10384197;USD;2024;FY;2024-12-31;2025-02-27;2026-02-26;86149978;87909237;817417000;-50089000;767328000;-467516000;299812000;;259794000;-50663000;209131000;;209131000;197263000
AX;6767487;USD;2021;FY;2021-06-30;2021-08-26;2023-08-29;59229495;60519611;644003000;-23750000;620253000;-314510000;305743000;;305743000;-90036000;215707000;;215707000;215707000
AX;6767487;USD;2022;FY;2022-06-30;2022-09-08;2024-08-22;59523626;60610954;720521000;-23750000;696771000;-356812000;339959000;;339959000;-99243000;240716000;;240716000;240716000
AXP;413080;USD;2020;FY;2020-12-31;2021-02-12;2023-02-10;805000000;806000000;36087000000;-4730000000;31357000000;-27061000000;4296000000;;4296000000;-1161000000;3135000000;;3135000000;3135000000
AXP;413080;USD;2021;FY;2021-12-31;2022-02-11;2024-02-09;768000000;769000000;42380000000;1419000000;43799000000;-33110000000;10689000000;;10689000000;-2629000000;8060000000;;8060000000;8060000000
AXP;413080;USD;2022;FY;2022-12-31;2023-02-10;2025-02-07;789000000;790000000;52862000000;-2141000000;50721000000;-41136000000;9585000000;;9585000000;-2071000000;7514000000;;7514000000;7514000000
AXP;413080;USD;2023;FY;2023-12-31;2024-02-09;2026-02-06;735000000;736000000;60311000000;-4719000000;55592000000;-45079000000;10513000000;;10513000000;-2139000000;8374000000;;8374000000;8374000000
AXP;413080;USD;2024;FY;2024-12-31;2025-02-07;2026-02-06;712000000;713000000;65647000000;-4883000000;60764000000;-47869000000;12895000000;;12895000000;-2766000000;10129000000;;10129000000;10129000000
BAC;71941;USD;2020;FY;2020-12-31;2021-02-24;2023-02-22;8753200000;8796900000;85528000000;-11320000000;74208000000;-55213000000;18995000000;;18995000000;-1101000000;17894000000;;17894000000;16473000000
BAC;71941;USD;2021;FY;2021-12-31;2022-02-22;2024-02-20;8226500000;8304700000;89113000000;4594000000;93707000000;-59731000000;33976000000;;33976000000;-1998000000;31978000000;;31978000000;30557000000
BAC;71941;USD;2022;FY;2022-12-31;2023-02-22;2025-02-25;8493300000;8558400000;94950000000;-2543000000;92407000000;-61438000000;30969000000;;30969000000;-3441000000;27528000000;;27528000000;26015000000
BAC;71941;USD;2023;FY;2023-12-31;2024-02-20;2026-02-25;8028600000;8080500000;102769000000;-4394000000;98375000000;-65845000000;32530000000;;32530000000;-6225000000;26305000000;;26305000000;24656000000
BAC;71941;USD;2024;FY;2024-12-31;2025-02-25;2026-02-25;7855500000;7935800000;105856000000;-5821000000;100035000000;-66812000000;33223000000;;33223000000;-6250000000;26973000000;;26973000000;25344000000
BANF;6767471;USD;2023;FY;2023-12-31;2024-02-27;2026-02-26;32919348;33494487;609864000;-7458000;602406000;-332458000;269948000;;269948000;-57483000;212465000;;212465000;212465000
BANF;6767471;USD;2024;FY;2024-12-31;2025-02-28;2026-02-26;33055152;33617015;631449000;-9004000;622445000;-347164000;275281000;;275281000;-58927000;216354000;;216354000;216354000
BCBP;9075898;USD;2024;FY;2024-12-31;2025-03-07;2026-03-09;17007000;17018000;94961000;-11570000;83391000;-57121000;26270000;;26270000;-7647000;18623000;;18623000;16791000
BCML;9075888;USD;2020;FY;2020-12-31;2021-03-23;2023-03-31;11965245;11965245;87068000;-10320000;76748000;-58519000;18229000;;18229000;-4503000;13726000;;13726000;13726000
BCML;9075888;USD;2021;FY;2021-12-31;2022-03-31;2024-03-15;10882344;10882344;84075000;-466000;83609000;-55129000;28480000;;28480000;-7789000;20691000;;20691000;20691000
BFC;10384319;USD;2020;FY;2020-12-31;2021-03-12;2023-03-10;7441256;7481077;101812000;-7125000;94687000;-50635000;44052000;;49877000;-11831000;38046000;;38046000;38046000
BFH;68960;USD;2020;FY;2020-12-31;2021-02-26;2023-02-28;59893400;60018700;3298000000;-1266000000;2032000000;-1731000000;301000000;;301000000;-93000000;208000000;6000000;214000000;214000000
BFH;68960;USD;2021;FY;2021-12-31;2022-02-25;2024-02-20;47800000;47900000;3272000000;-544000000;2728000000;-1684000000;1044000000;;1044000000;-247000000;797000000;4000000;801000000;801000000
BFH;68960;USD;2022;FY;2022-12-31;2023-02-28;2025-02-14;49900000;50000000;3826000000;-1594000000;2232000000;-1932000000;300000000;;300000000;-76000000;224000000;-1000000;223000000;223000000
BFH;68960;USD;2023;FY;2023-12-31;2024-02-20;2026-02-13;49800000;50000000;4289000000;-1229000000;3060000000;-2092000000;968000000;;968000000;-231000000;737000000;-19000000;718000000;718000000
BFH;68960;USD;2024;FY;2024-12-31;2025-02-14;2026-02-13;49600000;50400000;3838000000;-1397000000;2441000000;-2060000000;381000000;;381000000;-102000000;279000000;-2000000;277000000;277000000
BFIN;9076030;USD;2020;FY;2020-12-31;2021-02-25;2022-03-01;14951656;14951656;51253000;-55000;51198000;-38438000;12760000;;12760000;-3597000;9163000;;9163000;9163000
BFIN;9076030;USD;2021;FY;2021-12-31;2022-03-01;2023-03-09;13981132;13981132;49461000;1240000;50701000;-40943000;9758000;;9758000;-2348000;7410000;;7410000;7410000
BFIN;9076030;USD;2022;FY;2022-12-31;2023-03-09;2024-03-01;13071742;13071742;56791000;-1828000;54963000;-41128000;13835000;;13835000;-3341000;10494000;;10494000;10494000
BFIN;9076030;USD;2023;FY;2023-12-31;2024-03-01;2025-03-24;12622882;12622882;56246000;-313000;55933000;-43181000;12752000;;12752000;-3359000;9393000;;9393000;9393000
BFST;7962918;USD;2020;FY;2020-12-31;2021-03-05;2023-03-02;18169599;18243445;149210000;-11435000;137775000;-100993000;36782000;;36782000;-6788000;29994000;;29994000;29994000
BFST;7962918;USD;2021;FY;2021-12-31;2022-03-01;2024-03-01;20502249;20634281;189666000;-8047000;181619000;-117061000;64558000;;64558000;-12422000;52136000;;52136000;52136000
BFST;7962918;USD;2022;FY;2022-12-31;2023-03-02;2025-03-07;22633478;22817493;228887000;-10886000;218001000;-149409000;68592000;;68592000;-14337000;54255000;;54255000;52905000
BFST;7962918;USD;2023;FY;2023-12-31;2024-03-01;2026-02-26;25079106;25296200;251771000;-4483000;247288000;-156702000;90586000;;90586000;-19543000;71043000;;71043000;65642000
BFST;7962918;USD;2024;FY;2024-12-31;2025-03-07;2026-02-26;26253846;26452084;271576000;-10873000;260703000;-177652000;83051000;;83051000;-17944000;65107000;;65107000;59706000
BHB;7962922;USD;2020;FY;2020-12-31;2021-03-10;2023-03-14;15246000;15272000;142136000;-5625000;136511000;-93541000;42970000;;41651000;-8407000;33244000;;33244000;33244000
BHLB;998454;USD;2020;FY;2020-12-31;2021-03-01;2023-03-01;50270000;50270000;383089000;-75878000;307211000;-280638000;26573000;;-533028000;19853000;-513175000;-19842000;-533017000;-533017000
BK;467599;USD;2020;FY;2020-12-31;2021-02-25;2023-02-27;890839000;892514000;15808000000;-336000000;15472000000;-11004000000;4468000000;;4468000000;-842000000;3626000000;;3617000000;3423000000
BK;467599;USD;2021;FY;2021-12-31;2022-02-25;2024-02-28;884536082;884536082;15931000000;231000000;16162000000;-11514000000;4648000000;;4648000000;-877000000;3771000000;;3759000000;3552000000
BK;467599;USD;2022;FY;2022-12-31;2023-02-27;2024-02-28;851798561;856359000;16377000000;-39000000;16338000000;-12330000000;4008000000;;3328000000;-768000000;2560000000;;2573000000;2362000000
BK;467599;USD;2023;FY;2023-12-31;2024-02-28;2024-02-28;784004250;788081500;17502000000;-119000000;17383000000;-13295000000;4088000000;;4088000000;-800000000;3288000000;;3286000000;3051000000
BLFY;10656566;USD;2020;FY;2020-12-31;2021-03-14;2022-03-14;27772500;27772500;40275000;-2518000;37757000;-48894000;-11137000;;-39372000;7866000;-31506000;;-31506000;-31506000
BLFY;10656566;USD;2021;FY;2021-12-31;2022-03-14;2023-03-30;12171050;12171050;45428000;2518000;47946000;-52309000;-4363000;;-26724000;-9618000;-36342000;;-36342000;-36342000
BLX;7962710;USD;2020;FY;2020-12-31;2021-04-29;2023-04-28;39656000;39656000;99157000;1464000;100621000;-37324000;63297000;;63593000;;63593000;;63593000;63593000
BLX;7962710;USD;2021;FY;2021-12-31;2022-04-28;2024-04-25;38796000;38796000;104206000;-2328000;101878000;-39923000;61955000;;62697000;;62697000;;62697000;62697000
BLX;7962710;USD;2022;FY;2022-12-31;2023-04-28;2025-04-15;36304000;36304000;166672000;-19521000;147151000;-55111000;92040000;;92040000;;92040000;;92040000;92040000
BMRC;9075832;USD;2020;FY;2020-12-31;2021-03-15;2023-03-16;13525000;13617000;105209000;-6164000;99045000;-58458000;40587000;;40587000;-10345000;30242000;;30242000;30242000
BMRC;9075832;USD;2021;FY;2021-12-31;2022-03-15;2023-03-16;14340000;14422000;115083000;2441000;117524000;-72638000;44886000;;44886000;-11658000;33228000;;33228000;33228000
BMTC;9076267;USD;2020;FY;2020-12-31;2021-03-01;2021-03-01;19970921;20042345;225758000;-41677000;184081000;-141114000;42967000;;41354000;-8856000;32498000;;32573000;32573000
BOCH;9076295;USD;2020;FY;2020-12-31;2021-03-05;2021-03-05;16663000;16731000;59530000;-5250000;54280000;-34977000;19303000;;19280000;-5116000;14164000;;14164000;14164000
BOH;998597;USD;2020;FY;2020-12-31;2021-03-01;2023-03-01;39726210;39892107;680731000;-117800000;562931000;-373807000;189124000;;189124000;-35320000;153804000;;153804000;153804000
BOH;998597;USD;2021;FY;2021-12-31;2022-03-01;2024-02-29;39741063;39955525;668643000;50500000;719143000;-393589000;325554000;;325554000;-72182000;253372000;;253372000;250397000
BOKF;344670;USD;2020;FY;2020-12-31;2021-02-24;2023-03-01;69840977;69844172;1950764000;-222592000;1728172000;-1155308000;572864000;;563864000;-128793000;435071000;;435030000;435030000
BOKF;344670;USD;2021;FY;2021-12-31;2022-02-23;2024-02-21;68069160;68070910;1873808000;100000000;1973808000;-1168708000;805100000;;796100000;-179775000;616325000;;618121000;618121000
BPFH;9076319;USD;2020;FY;2020-12-31;2021-03-01;2021-03-01;82292450;82764339;327310000;-31998000;295312000;-241265000;54047000;;54047000;-8888000;45159000;;45159000;45159000
BRBS;12444335;USD;2024;FY;2024-12-31;2025-03-10;2026-03-12;49123861;49123861;97334000;;97334000;-113841000;-16507000;;-16507000;1122000;-15385000;;-15385000;-15385000
BSBK;12444445;USD;2023;FY;2023-12-31;2024-03-28;2025-03-28;12891847;12891847;16112505;125000;16237505;-15757127;480378;;480378;162157;642535;;642535;642535
BSBK;12444445;USD;2024;FY;2024-12-31;2025-03-28;2026-03-27;12767410;12767410;11899614;148000;12047614;-14589603;-2541989;;-2541989;371569;-2170420;;-2170420;-2170420
BSVN;11820256;USD;2020;FY;2020-12-31;2021-03-25;2023-03-24;9378769;9379154;48826000;-5350000;43476000;-17592000;25884000;;25884000;-6618000;19266000;;19266000;19266000
BSVN;11820256;USD;2021;FY;2021-12-31;2022-03-31;2024-03-25;9056117;9091536;55486000;-4175000;51311000;-20397000;30914000;;30914000;-7755000;23159000;;23159000;23159000
BSVN;11820256;USD;2022;FY;2022-12-31;2023-03-24;2025-03-12;9101523;9204716;72366000;-4468000;67898000;-28641000;39257000;;39257000;-9619000;29638000;;29638000;29638000
BSVN;11820256;USD;2023;FY;2023-12-31;2024-03-25;2026-03-17;9161565;9264307;91788000;-21145000;70643000;-33420000;37223000;;37223000;-8948000;28275000;;28275000;28275000
BSVN;11820256;USD;2024;FY;2024-12-31;2025-03-12;2026-03-17;9290051;9447751;97449000;;97449000;-37095000;60354000;;60354000;-14656000;45698000;;45698000;45698000
BUSE;6767795;USD;2023;FY;2023-12-31;2024-02-23;2026-02-26;55432322;56256148;441835000;-2860000;438975000;-285071000;153904000;;153904000;-31339000;122565000;;122565000;122565000
BWB;9075816;USD;2020;FY;2020-12-31;2021-03-11;2023-03-07;28582064;29170220;93803000;-12750000;81053000;-45387000;35666000;;35666000;-8472000;27194000;;27194000;27194000
BWFG;9075916;USD;2020;FY;2020-12-31;2021-03-10;2022-03-08;7728328;7748453;57719000;-7605000;50114000;-42813000;7301000;;7301000;-1397000;5904000;;5904000;5904000
BWFG;9075916;USD;2021;FY;2021-12-31;2022-03-08;2023-03-08;7706407;7761811;73543000;57000;73600000;-39739000;33861000;;33861000;-7275000;26586000;;26586000;26586000
BWFG;9075916;USD;2022;FY;2022-12-31;2023-03-08;2024-03-12;7563363;7640218;97783000;-5437000;92346000;-44363000;47983000;;47983000;-10554000;37429000;;37429000;37429000
BWFG;9075916;USD;2023;FY;2023-12-31;2024-03-12;2025-03-05;7587768;7647411;99310000;-866000;98444000;-50401000;48043000;;48043000;-11380000;36663000;;36663000;36663000
BWFG;9075916;USD;2024;FY;2024-12-31;2025-03-05;2026-03-04;7710076;7737952;87000000;-22620000;64380000;-51051000;13329000;;13329000;-3559000;9770000;;9770000;9770000
C;89126;USD;2020;FY;2020-12-31;2021-02-26;2023-02-27;2085800000;2099000000;75501000000;-17382000000;58119000000;-44487000000;13632000000;;13632000000;-2525000000;11107000000;-20000000;11047000000;11047000000
C;89126;USD;2021;FY;2021-12-31;2022-02-28;2024-02-23;1984300000;2001600000;71884000000;3106000000;74990000000;-48309000000;26681000000;;27469000000;-5451000000;22018000000;7000000;21952000000;21952000000
C;89126;USD;2022;FY;2022-12-31;2023-02-27;2025-02-21;1946700000;1964300000;75338000000;-4948000000;70390000000;-51292000000;19098000000;;18807000000;-3642000000;15165000000;-231000000;14845000000;14845000000
C;89126;USD;2023;FY;2023-12-31;2024-02-23;2025-02-21;1930100000;1955800000;78462000000;-9611000000;68851000000;-56366000000;12485000000;;12910000000;-3528000000;9382000000;-1000000;9228000000;9228000000
C;89126;USD;2024;FY;2024-12-31;2025-02-21;2025-02-21;1901400000;1940100000;81139000000;-10228000000;70911000000;-53984000000;16927000000;;17046000000;-4211000000;12835000000;-2000000;12682000000;12682000000
CAC;7962846;USD;2020;FY;2020-12-31;2021-03-15;2023-03-10;14985235;15023767;186797000;-12418000;174379000;-99983000;74396000;;74396000;-14910000;59486000;;59486000;59486000
CAC;7962846;USD;2021;FY;2021-12-31;2022-03-11;2024-03-08;14903855;14971578;187171000;3190000;190361000;-103720000;86641000;;86641000;-17627000;69014000;;69014000;69014000
CAC;7962846;USD;2022;FY;2022-12-31;2023-03-10;2025-03-07;14644170;14701010;188396000;-4500000;183896000;-106849000;77047000;;77047000;-15608000;61439000;;61439000;61439000
CAC;7962846;USD;2023;FY;2023-12-31;2024-03-08;2026-03-06;14563380;14609345;163297000;-2100000;161197000;-107361000;53836000;;53836000;-10453000;43383000;;43383000;43383000
CAC;7962846;USD;2024;FY;2024-12-31;2025-03-07;2026-03-06;14579276;14633803;176992000;404000;177396000;-110777000;66619000;;65460000;-12456000;53004000;;53004000;53004000
CALB;10656714;USD;2020;FY;2020-12-31;2021-03-25;2022-03-23;8131325;8169082;48929000;-4880000;44049000;-37809000;6240000;;6240000;-1937000;4303000;;4303000;4303000
CALB;10656714;USD;2021;FY;2021-12-31;2022-03-23;2023-03-24;8222749;8292942;58903000;-4000;58899000;-40437000;18462000;;18462000;-5094000;13368000;;13368000;13368000
CARE;11818501;USD;2022;FY;2022-12-31;2023-03-10;2025-03-07;24595789;24595789;161646000;-3549000;158097000;-96380000;61717000;;61717000;-11599000;50118000;;50118000;50118000
CARE;11818501;USD;2023;FY;2023-12-31;2024-03-08;2026-03-05;23240543;23240543;140588000;-6401000;134187000;-105466000;28721000;;28721000;-5337000;23384000;;23384000;23384000
CARE;11818501;USD;2024;FY;2024-12-31;2025-03-07;2026-03-05;22817149;22817149;135825000;5046000;140871000;-110002000;30869000;;30869000;-6346000;24523000;;24523000;24523000
CARV;11035484;USD;2020;FY;2021-03-31;2021-06-29;2022-07-14;3415154;3415154;22085000;100000;22185000;-26081000;-3896000;;-3896000;;-3896000;;-3896000;-3896000
CARV;11035484;USD;2021;FY;2022-03-31;2022-07-14;2023-06-29;3588523;3588523;27820000;-603000;27217000;-28064000;-847000;;-847000;;-847000;;-847000;-847000
CASH;6767715;USD;2021;FY;2021-09-30;2021-11-23;2023-11-21;31729596;31751522;538380000;-49766000;488614000;-340865000;147749000;;156446000;-10701000;145745000;;141708000;141708000
CASH;6767715;USD;2022;FY;2022-09-30;2022-11-22;2024-11-26;29227071;29232247;557338000;-28538000;528800000;-384605000;144195000;;187318000;-27964000;159354000;;156386000;156386000
CATC;7962900;USD;2020;FY;2020-12-31;2021-03-15;2023-03-16;6289481;6344409;159758000;-18310000;141448000;-98085000;43363000;;43363000;-11404000;31959000;;31959000;31959000
CATY;6767519;USD;2021;FY;2021-12-31;2022-03-01;2024-02-29;78268369;78570638;652358000;16008000;668366000;-284366000;384000000;;381843000;-83539000;298304000;;298304000;298304000
CATY;6767519;USD;2022;FY;2022-12-31;2023-02-28;2025-02-28;76566481;76914817;790511000;-14543000;775968000;-299305000;476663000;;472536000;-111894000;360642000;;360642000;360642000
CATY;6767519;USD;2023;FY;2023-12-31;2024-02-29;2026-03-02;72573025;72862628;810038000;-25978000;784060000;-379807000;404253000;;403582000;-49458000;354124000;;354124000;354124000
CATY;6767519;USD;2024;FY;2024-12-31;2025-02-28;2026-03-02;72068850;72327017;729719000;-37500000;692219000;-374677000;317542000;;317542000;-31563000;285979000;;285979000;285979000
CBAN;12444275;USD;2020;FY;2020-12-31;2021-03-23;2022-03-18;9498783;9498783;79489000;-6558000;72931000;-57719000;15212000;;14630000;-2815000;11815000;;11815000;11815000
CBAN;12444275;USD;2021;FY;2021-12-31;2022-03-18;2023-03-16;11254130;11254130;102479000;-700000;101779000;-78535000;23244000;;23154000;-4495000;18659000;;18659000;18659000
CBAN;12444275;USD;2022;FY;2022-12-31;2023-03-16;2024-03-14;17191079;17191079;115697000;-3370000;112327000;-89475000;22852000;;22852000;-3310000;19542000;;19542000;19542000
CBAN;12444275;USD;2023;FY;2023-12-31;2024-03-14;2025-03-14;17578294;17578294;113878000;-3600000;110278000;-83065000;27213000;;27213000;-5466000;21747000;;21747000;21747000
CBAN;12444275;USD;2024;FY;2024-12-31;2025-03-14;2026-03-13;17557743;17557743;115451000;-3050000;112401000;-82834000;29567000;;29567000;-5699000;23868000;;23868000;23868000
CBFV;9075998;USD;2020;FY;2020-12-31;2021-03-17;2022-03-11;5406290;5406290;51375000;-4000000;47375000;-38074000;9301000;;-9392000;-1248000;-10640000;;-10640000;-10640000
CBFV;9075998;USD;2021;FY;2021-12-31;2022-03-11;2023-03-10;5382441;5392729;51232000;1125000;52357000;-41684000;10673000;;14695000;-3125000;11570000;;11570000;11570000
CBFV;9075998;USD;2022;FY;2022-12-31;2023-03-10;2024-03-13;5136670;5149312;52755000;-3784000;48971000;-34891000;14080000;;14080000;-2833000;11247000;;11247000;11247000
CBFV;9075998;USD;2023;FY;2023-12-31;2024-03-13;2025-03-19;5113978;5122916;68565000;502000;69067000;-38782000;30285000;;30285000;-7735000;22550000;;22550000;22550000
CBKM;259775;USD;2021;FY;2021-06-30;2021-09-16;2022-09-15;3019118;3019118;31049000;-850000;30199000;-19361000;10838000;;10838000;-1850000;8988000;;8988000;8988000
CBKM;259775;USD;2022;FY;2022-06-30;2022-09-15;2023-09-07;3016107;3016107;37481000;-735000;36746000;-22673000;14073000;;13531000;-2339000;11192000;;11192000;11192000
CBKM;259775;USD;2023;FY;2023-06-30;2023-09-07;2024-09-06;3071473;3096552;38462000;-855000;37607000;-24207000;13400000;;12922000;-2248000;10674000;;10674000;10674000
CBKM;259775;USD;2024;FY;2024-06-30;2024-09-06;2025-09-05;3109263;3109263;36888000;-619000;36269000;-25411000;10858000;;10425000;-1845000;8580000;;8580000;8580000
CBNK;10656598;USD;2020;FY;2020-12-31;2021-03-15;2022-03-15;13793000;13800000;134213000;-11242000;122971000;-87834000;35137000;;35137000;-9314000;25823000;;25823000;25823000
CBNK;10656598;USD;2021;FY;2021-12-31;2022-03-15;2023-03-15;13798620;14081403;167329000;-3359000;163970000;-110094000;53876000;;53876000;-13898000;39978000;;39978000;39978000
CBSH;593216;USD;2020;FY;2020-12-31;2021-02-24;2023-02-22;148584002;148584002;1335714000;-137190000;1198524000;-768378000;430146000;11032000;441178000;-87293000;353885000;;354057000;342091000
CBTX;6767595;USD;2020;FY;2020-12-31;2021-02-26;2023-03-15;24761000;24803000;210839000;-27374000;183465000;-127494000;55971000;;55971000;-10437000;45534000;;45534000;45534000
CBTX;6767595;USD;2021;FY;2021-12-31;2022-02-25;2024-02-29;24432000;24544000;237126000;2322000;239448000;-137543000;101905000;;99894000;-18341000;81553000;;81553000;81553000
CBTX;6767595;USD;2022;FY;2022-12-31;2023-03-15;2025-03-03;34738000;35007000;309312000;-50712000;258600000;-171938000;86662000;;62524000;-11092000;51432000;;51432000;51432000
CBTX;6767595;USD;2023;FY;2023-12-31;2024-02-29;2026-02-26;53229000;53313000;461321000;-8943000;452378000;-274939000;177439000;;161884000;-31387000;130497000;;130497000;130497000
CBTX;6767595;USD;2024;FY;2024-12-31;2025-03-03;2026-02-26;53469000;53510000;431038000;2880000;433918000;-288958000;144960000;;144960000;-29957000;115003000;;115003000;115003000
CBU;6767453;USD;2020;FY;2020-12-31;2021-03-01;2023-03-01;52969000;53321000;596822000;-14212000;582610000;-376534000;206076000;;206076000;-41400000;164676000;;164676000;164676000
CBU;6767453;USD;2021;FY;2021-12-31;2022-03-01;2024-02-29;53977000;54400000;620647000;8839000;629486000;-387938000;241548000;;241348000;-51654000;189694000;;189694000;189694000
CBU;6767453;USD;2022;FY;2022-12-31;2023-03-01;2025-02-28;54043875;54509770;679355000;-14773000;664582000;-424568000;240014000;;240314000;-52233000;188081000;;188081000;188081000
CBU;6767453;USD;2023;FY;2023-12-31;2024-02-29;2026-02-27;53601000;53725000;652119000;-11203000;640916000;-472685000;168231000;;168231000;-36307000;131924000;;131924000;131924000
CBU;6767453;USD;2024;FY;2024-12-31;2025-02-28;2026-02-27;52755000;52883000;746303000;-22773000;723530000;-486825000;236705000;;236705000;-54224000;182481000;;182481000;182481000
CCB;7962838;USD;2022;FY;2022-12-31;2023-03-16;2025-03-17;12949266;13514952;294718000;-79064000;215654000;-165033000;50621000;;50621000;-9996000;40625000;;40625000;40625000
CCNE;7962896;USD;2020;FY;2020-12-31;2021-03-04;2023-03-03;16000000;16000000;162770000;-15354000;147416000;-94684000;52732000;;40090000;-7347000;32743000;;32743000;31596000
CFBK;12444609;USD;2020;FY;2020-12-31;2021-03-23;2023-03-31;6029097;6106987;87801000;-10915000;76886000;-40603000;36283000;;36283000;-6675000;29608000;;29608000;27328000
CFBK;12444609;USD;2021;FY;2021-12-31;2022-03-16;2024-03-29;6508156;6650447;53679000;1600000;55279000;-32444000;22835000;;22818000;-4365000;18453000;;18453000;18453000
CFFI;9075922;USD;2020;FY;2020-12-31;2021-03-03;2023-02-28;3648696;3648696;138138000;-11080000;127058000;-95642000;31416000;;29219000;-6795000;22424000;;22117000;22117000
CFFN;7962638;USD;2021;FY;2021-09-30;2021-11-24;2023-11-29;135481232;135495595;203087000;8510000;211597000;-110817000;100780000;;96028000;-19946000;76082000;;76082000;76082000
CFFN;7962638;USD;2022;FY;2022-09-30;2022-11-23;2024-11-27;135700447;135700447;215424000;4630000;220054000;-112851000;107203000;;107203000;-22750000;84453000;;84453000;84453000
CFFN;7962638;USD;2023;FY;2023-09-30;2023-11-29;2025-11-26;133225000;133225000;-18183000;-6838000;-25021000;-113934000;-138955000;;-138955000;37296000;-101659000;;-101659000;-101659000
CFFN;7962638;USD;2024;FY;2024-09-30;2024-11-27;2025-11-26;130670780;130670780;167305000;-1259000;166046000;-111943000;54103000;;54103000;-16093000;38010000;;38010000;38010000
CFG;378202;USD;2020;FY;2020-12-31;2021-02-23;2023-02-17;427062537;428157780;6905000000;-1616000000;5289000000;-3991000000;1298000000;;1298000000;-241000000;1057000000;;1057000000;1057000000
CFG;378202;USD;2021;FY;2021-12-31;2022-02-23;2024-02-16;424697880;426868106;6647000000;411000000;7058000000;-4081000000;2977000000;;2977000000;-658000000;2319000000;;2319000000;2319000000
CFG;378202;USD;2022;FY;2022-12-31;2023-02-17;2025-02-13;475959815;477803142;8021000000;-474000000;7547000000;-4892000000;2655000000;;2655000000;-582000000;2073000000;;2073000000;1960000000
CFR;419929;USD;2020;FY;2020-12-31;2021-02-05;2023-02-03;62727053;63003837;1441455000;-241230000;1200225000;-848904000;351321000;;351321000;-20170000;331151000;;331151000;323621000
CFR;419929;USD;2021;FY;2021-12-31;2022-02-04;2024-02-06;63652000;64097000;1371595000;-63000;1371532000;-881994000;489538000;;489538000;-46459000;443079000;;443079000;435922000
CFR;419929;USD;2022;FY;2022-12-31;2023-02-03;2025-02-06;63652000;64097000;1696101000;-3000000;1693101000;-1024274000;668827000;;668827000;-89677000;579150000;;579150000;572475000
CFR;419929;USD;2023;FY;2023-12-31;2024-02-06;2026-02-05;64204239;64404833;1987206000;-46171000;1941035000;-1228662000;712373000;;712373000;-114400000;597973000;;597973000;591298000
CFR;419929;USD;2024;FY;2024-12-31;2025-02-06;2026-02-05;64120455;64262646;2063710000;-64985000;1998725000;-1302758000;695967000;;695967000;-113425000;582542000;;582542000;575867000
CHCO;6767633;USD;2024;FY;2024-12-31;2025-02-26;2026-02-25;14676000;14697000;309071000;-1820000;307251000;-147235000;160016000;;160016000;;160016000;;160016000;160016000
CHMG;9075924;USD;2022;FY;2022-12-31;2023-03-22;2024-03-13;4684000;4684000;95615000;554000;96169000;-59280000;36889000;;36889000;-8106000;28783000;;28783000;28783000
CHMG;9075924;USD;2023;FY;2023-12-31;2024-03-13;2025-03-14;4732000;4732000;99006000;-3262000;95744000;-64243000;31501000;;31501000;-6501000;25000000;;25000000;25000000
CHMG;9075924;USD;2024;FY;2024-12-31;2025-03-14;2026-03-13;4770000;4770000;97289000;46000;97335000;-67250000;30085000;;30085000;-6414000;23671000;;23671000;23671000
CIT;335466;USD;2020;FY;2020-12-31;2021-02-19;2021-02-19;98405000;98405000;2417099999;-800300000;1616799999;-1849800000;-233000001;;-703400001;88100000;-615300001;;-615300001;-646400001
CIVB;9075840;USD;2020;FY;2020-12-31;2021-03-15;2023-04-03;16080863;16080863;117909000;-10112000;107797000;-70665000;37132000;;37132000;-4940000;32192000;;32192000;32192000
CLBK;883513;USD;2020;FY;2020-12-31;2021-03-01;2023-03-01;241463033;241463033;252843000;-18447000;234396000;-155050000;79346000;;76257000;-18654000;57603000;;57603000;57603000
CMA;378118;USD;2020;FY;2020-12-31;2021-02-09;2023-02-14;139000000;140000000;2912000000;-537000000;2375000000;-1754000000;621000000;;621000000;-124000000;497000000;;497000000;482000000
CMA;378118;USD;2021;FY;2021-12-31;2022-02-16;2024-02-28;130769231;132870000;2821000000;384000000;3205000000;-1726000000;1479000000;;1479000000;-322000000;1157000000;;1157000000;1139000000
CMA;378118;USD;2022;FY;2022-12-31;2023-02-14;2024-02-28;134911243;136566000;3380000000;-60000000;3320000000;-1860000000;1460000000;;1460000000;-325000000;1135000000;;1135000000;1118000000
CMA;378118;USD;2023;FY;2023-12-31;2024-02-28;2024-02-28;132000000;133000000;3445000000;-89000000;3356000000;-2219000000;1137000000;;1137000000;-263000000;874000000;;874000000;855000000
CMTV;12444685;USD;2020;FY;2020-12-31;2021-03-26;2022-03-24;5345988;5345988;34987332000;-1589000000;33398332000;-20391741000;13006591000;;13006591000;-2248089000;10758502000;;10758502000;10758502000
CMTV;12444685;USD;2021;FY;2021-12-31;2022-03-24;2023-03-27;5345988;5345988;38403177000;-624165000;37779012000;-21657586000;16121426000;;16121426000;-2983088000;13138338000;;13138338000;13138338000
CMTV;12444685;USD;2022;FY;2022-12-31;2023-03-27;2023-03-27;5403938;5403938;39727605000;-978000000;38749605000;-21874339000;16875266000;;16875266000;-3135326000;13739940000;;13739940000;13739940000
CNBKA;9076333;USD;2020;FY;2020-12-31;2021-03-10;2021-03-10;5567909;5567909;125929000;-5825000;120104000;-73488000;46616000;;46616000;-4407000;42209000;;42209000;42209000
CNOB;7962750;USD;2021;FY;2021-12-31;2022-02-24;2024-02-23;39626000;39886000;278569000;5500000;284069000;-109011000;175058000;;175058000;-44705000;130353000;;130353000;128636000
CNOB;7962750;USD;2022;FY;2022-12-31;2023-02-24;2025-02-21;35286058;35286058;315362000;-17750000;297612000;-126388000;171224000;;171224000;-46013000;125211000;;125211000;119174000
CNOB;7962750;USD;2023;FY;2023-12-31;2024-02-23;2026-02-24;38809000;38962000;269107000;-8200000;260907000;-143949000;116958000;;116958000;-29955000;87003000;;87003000;80967000
CNOB;7962750;USD;2024;FY;2024-12-31;2025-02-21;2026-02-24;38270000;38481000;264065000;-13800000;250265000;-151798000;98467000;;98467000;-24674000;73793000;;73793000;67757000
COF;378103;USD;2020;FY;2020-12-31;2021-02-25;2023-02-24;457800000;458900000;28523000000;-10264000000;18259000000;-15056000000;3203000000;;3203000000;-486000000;2717000000;-3000000;2714000000;2375000000
COF;378103;USD;2021;FY;2021-12-31;2022-02-25;2024-02-23;422500000;424300000;30435000000;1944000000;32379000000;-16570000000;15809000000;;15809000000;-3415000000;12394000000;-4000000;12390000000;11965000000
COF;378103;USD;2022;FY;2022-12-31;2023-02-24;2025-02-20;422500000;424300000;34250000000;-5847000000;28403000000;-19163000000;9240000000;;9240000000;-1880000000;7360000000;0;7360000000;7044000000
COF;378103;USD;2023;FY;2023-12-31;2024-02-23;2026-02-19;382400000;383400000;36787000000;-10426000000;26361000000;-20316000000;6045000000;;6045000000;-1158000000;4887000000;0;4887000000;4582000000
COF;378103;USD;2024;FY;2024-12-31;2025-02-20;2026-02-19;382700000;383600000;39112000000;-11716000000;27396000000;-21486000000;5910000000;;5910000000;-1163000000;4747000000;3000000;4750000000;4445000000
COFS;12444269;USD;2020;FY;2020-12-31;2021-04-01;2023-03-23;7521771;7531617;73769000;-4000000;69769000;-50884000;18885000;;18885000;-3272000;15613000;;15613000;15613000
COFS;12444269;USD;2021;FY;2021-12-31;2022-03-18;2024-03-13;7685459;7702714;79835000;-416000;79419000;-52921000;26498000;;26498000;-4456000;22042000;;22042000;22042000
COLB;6481027;USD;2020;FY;2020-12-31;2021-02-26;2023-02-24;220218000;220218000;604611000;-80656000;523955000;-331563000;192392000;;192392000;-38148000;154244000;;154244000;154244000
COLB;6481027;USD;2021;FY;2021-12-31;2022-02-25;2024-02-27;219032000;219581000;1275965000;42651000;1318616000;-745273000;573343000;;558160000;-137860000;420300000;;420300000;420300000
COLB;6481027;USD;2022;FY;2022-12-31;2023-02-24;2026-02-26;216980000;217403000;1997000000;-213000000;1784000000;-1141000000;643000000;;471000000;-122000000;349000000;;349000000;349000000
COLB;6481027;USD;2023;FY;2023-12-31;2024-02-27;2025-02-25;195304000;195871000;1997098000;-213199000;1783899000;-1141041000;642858000;;471199000;-122484000;348715000;;348715000;348715000
COLB;6481027;USD;2024;FY;2024-12-31;2025-02-25;2026-02-26;208463000;209337000;1929000000;-106000000;1823000000;-1080000000;743000000;;719000000;-185000000;534000000;;534000000;534000000
COOP;1306307;USD;2022;FY;2022-12-31;2023-02-16;2025-02-20;71885000;73818000;2464000000;;2464000000;-1274000000;1190000000;24000000;1214000000;-291000000;923000000;;923000000;923000000
COOP;1306307;USD;2023;FY;2023-12-31;2024-02-28;2025-02-20;67070000;68549000;1794000000;;1794000000;-1172000000;622000000;32000000;654000000;-154000000;500000000;;500000000;500000000
COOP;1306307;USD;2024;FY;2024-12-31;2025-02-20;2025-02-20;64322000;65683000;2225000000;;2225000000;-1319000000;906000000;-5000000;901000000;-232000000;669000000;;669000000;669000000
CPF;7962886;USD;2020;FY;2020-12-31;2021-02-23;2022-02-23;28108648;28313014;242881000;-42111000;200770000;-151737000;49033000;;49033000;-11760000;37273000;;37273000;37273000
CPF;7962886;USD;2021;FY;2021-12-31;2022-02-23;2024-02-21;28003744;28257323;254107000;14591000;268698000;-163046000;105652000;;105652000;-25758000;79894000;;79894000;79894000
CPF;7962886;USD;2022;FY;2022-12-31;2023-02-21;2025-02-26;27398445;27567780;263482000;1273000;264755000;-165986000;98769000;;98769000;-24841000;73928000;;73928000;73928000
CPF;7962886;USD;2023;FY;2023-12-31;2024-02-21;2026-02-27;27027681;27080518;256663000;-15698000;240965000;-164143000;76822000;;76822000;-18153000;58669000;;58669000;58669000
CPF;7962886;USD;2024;FY;2024-12-31;2025-02-26;2026-02-27;27057329;27157120;250456000;-9826000;240630000;-172591000;68039000;;68039000;-14627000;53412000;;53412000;53412000
CSBB;12444763;USD;2020;FY;2020-12-31;2021-03-16;2022-04-07;2742350;2742350;35088000;-1650000;33438000;-20342000;13096000;;13096000;-2528000;10568000;;10568000;10568000
CSBB;12444763;USD;2021;FY;2021-12-31;2022-03-16;2023-03-16;2742350;2742350;34842000;-96000;34746000;-21342000;13404000;;13404000;-2567000;10837000;;10837000;10837000
CSBB;12444763;USD;2022;FY;2022-12-31;2023-03-16;2024-03-15;2720633;2720633;39034000;895000;39929000;-22614000;17315000;;16536000;-3223000;13313000;;13313000;13313000
CSBB;12444763;USD;2023;FY;2023-12-31;2024-03-15;2025-03-14;2679902;2679902;42885000;-442000;42443000;-23293000;19150000;;18383000;-3627000;14756000;;14756000;14756000
CSBB;12444763;USD;2024;FY;2024-12-31;2025-03-14;2026-03-16;2661308;2661308;43955000;-7031000;36924000;-23725000;13199000;;12335000;-2323000;10012000;;10012000;10012000
CSTR;9075788;USD;2020;FY;2020-12-31;2021-03-05;2023-03-03;20162038;20185589;119571000;-11479000;108092000;-77361000;30731000;;30731000;-6035000;24696000;;24696000;24696000
CUBI;7962764;USD;2023;FY;2023-12-31;2024-02-29;2026-02-27;31435647;32158788;764825000;-74611000;690214000;-352663000;337551000;;330740000;-80597000;250143000;;250143000;235448000
CUBI;7962764;USD;2024;FY;2024-12-31;2025-02-28;2026-02-27;31509179;32719134;757475000;-73451000;684024000;-417014000;267010000;;224373000;-42904000;181469000;;181469000;166429000
CVBF;6767555;USD;2023;FY;2023-12-31;2024-02-28;2026-02-27;138333000;138462000;547320000;-1500000;545820000;-230386000;315434000;;315434000;-93999000;221435000;;221435000;221435000
CVBF;6767555;USD;2024;FY;2024-12-31;2025-02-28;2026-02-27;138415000;138579000;501821000;4250000;506071000;-234833000;271238000;;271238000;-70522000;200716000;;200716000;200716000
CVLY;9075932;USD;2020;FY;2020-12-31;2021-03-09;2022-03-08;9782000;9809000;76352000;-14675000;61677000;-51204000;10473000;;10473000;-2031000;8442000;;8442000;8442000
CVLY;9075932;USD;2021;FY;2021-12-31;2022-03-08;2023-03-14;9715000;9753000;78465000;-3663000;74802000;-56215000;18587000;;18587000;-3928000;14659000;;14659000;14659000
CVLY;9075932;USD;2022;FY;2022-12-31;2023-03-14;2024-03-12;9506000;9548000;90106000;-2890000;87216000;-61022000;26194000;;25648000;-5556000;20092000;;20092000;20092000
CVLY;9075932;USD;2023;FY;2023-12-31;2024-03-12;2024-03-12;9608000;9625000;95456000;-145000;95311000;-62860000;32451000;;31843000;-6870000;24973000;;24973000;24973000
CWBC;12444735;USD;2020;FY;2020-12-31;2021-03-15;2023-03-31;8500000;8500000;40501000;-1223000;39278000;-27523000;11755000;;11755000;-3510000;8245000;;8245000;8245000
CZNC;9075792;USD;2020;FY;2020-12-31;2021-03-05;2023-03-16;14743386;14747048;92078000;-3913000;88165000;-55609000;32556000;;23212000;-3990000;19222000;;19222000;19222000
CZNC;9075792;USD;2021;FY;2021-12-31;2022-02-22;2024-03-11;15765639;15771955;103820000;-3661000;100159000;-62472000;37687000;;37687000;-7133000;30554000;;30554000;30554000
CZNC;9075792;USD;2022;FY;2022-12-31;2023-03-16;2025-03-06;15630094;15635892;107560000;-7255000;100305000;-67955000;32350000;;32350000;-5732000;26618000;;26618000;26618000
CZNC;9075792;USD;2023;FY;2023-12-31;2024-03-11;2026-03-06;15241859;15241859;104817000;-186000;104631000;-74148000;30483000;;30483000;-6335000;24148000;;24148000;24148000
CZNC;9075792;USD;2024;FY;2024-12-31;2025-03-06;2026-03-06;15262504;15262504;108324000;-2195000;106129000;-74258000;31871000;;31871000;-5913000;25958000;;25958000;25958000
CZWI;12444747;USD;2021;FY;2021-09-30;2021-12-06;2022-11-07;10505000;10514000;17136000;;17136000;-10323000;6813000;;6816000;-1819000;4997000;;4997000;4997000
CZWI;12444747;USD;2022;FY;2022-09-30;2022-11-30;2023-11-03;10505000;10514000;16929000;-538000;16391000;-11122000;5269000;;5277000;-1284000;3993000;;3993000;3993000
CZWI;12444747;USD;2023;FY;2023-09-30;2023-12-05;2023-11-03;10481250;10481250;14686000;325000;15011000;-9869000;5142000;;5042000;-2544000;2498000;;2498000;2498000
DCOM;11795242;USD;2020;FY;2020-12-31;2021-03-15;2023-02-28;21537948;21538448;200981000;-26165000;174816000;-99119000;75697000;;54984000;-12666000;42318000;;42318000;37535000
DFS;378127;USD;2020;FY;2020-12-31;2021-02-17;2023-02-23;307000000;307000000;11088000000;-5134000000;5954000000;-4519000000;1435000000;;1435000000;-294000000;1141000000;;1141000000;1141000000
DFS;378127;USD;2021;FY;2021-12-31;2022-02-24;2024-02-23;307000000;307000000;12051000000;-218000000;11833000000;-4805000000;7028000000;;7028000000;-1606000000;5422000000;;5422000000;5422000000
EBMT;10656742;USD;2021;FY;2021-12-31;2022-03-09;2023-03-08;6653935;6655735;92723000;-861000;91862000;-72580000;19282000;;19282000;-4863000;14419000;;14419000;14419000
EBMT;10656742;USD;2022;FY;2022-12-31;2023-03-08;2024-03-06;7790188;7792467;89532000;-2001000;87531000;-73683000;13848000;;13848000;-3147000;10701000;;10701000;10701000
EBMT;10656742;USD;2023;FY;2023-12-31;2024-03-06;2025-03-14;7793352;7798243;85199000;-1456000;83743000;-72089000;11654000;;11654000;-1598000;10056000;;10056000;10056000
EBMT;10656742;USD;2024;FY;2024-12-31;2025-03-14;2026-03-09;7838822;7853792;81214000;-518000;80696000;-69306000;11390000;;11390000;-1612000;9778000;;9778000;9778000
EBSB;9076335;USD;2020;FY;2020-12-31;2021-03-01;2021-03-01;50283704;50418169;205804000;-26456000;179348000;-96545000;82803000;;86998000;-21947000;65051000;;65051000;65051000
EBTC;7962932;USD;2023;FY;2023-12-31;2024-03-08;2025-03-07;12223626;12244036;170693000;-9249000;161444000;-107254000;54190000;;51245000;-13187000;38058000;;38058000;38058000
EBTC;7962932;USD;2024;FY;2024-12-31;2025-03-07;2025-03-07;12386669;12398062;170743000;-1985000;168758000;-113521000;55237000;;51626000;-12893000;38733000;;38733000;38733000
EFSC;6767611;USD;2020;FY;2020-12-31;2021-02-19;2023-02-24;26954000;26989000;324504000;-65398000;259106000;-162985000;96121000;;91947000;-17563000;74384000;;74384000;74384000
EFSC;6767611;USD;2021;FY;2021-12-31;2022-02-25;2024-02-26;34436000;34496000;419909000;-13385000;406524000;-223837000;182687000;;160605000;-27550000;133055000;;133055000;133055000
EFSC;6767611;USD;2022;FY;2022-12-31;2023-02-24;2025-02-28;36898000;36947000;533065000;611000;533676000;-274216000;259460000;;259460000;-56417000;203043000;;203043000;199002000
EFSC;6767611;USD;2023;FY;2023-12-31;2024-02-26;2026-02-27;37370000;37507000;631317000;-36605000;594712000;-348186000;246526000;;246526000;-52467000;194059000;;194059000;190309000
EFSC;6767611;USD;2024;FY;2024-12-31;2025-02-28;2026-02-27;37357000;37567000;637799000;-21508000;616291000;-385047000;231244000;;231244000;-45978000;185266000;;185266000;181516000
EFSI;12444431;USD;2020;FY;2020-12-31;2021-03-30;2022-03-30;3416514;3416514;44206000;-1457000;42749000;-29584000;13165000;;13308000;-2136000;11172000;;11172000;11172000
EFSI;12444431;USD;2021;FY;2021-12-31;2022-03-30;2023-03-29;3444062;3444062;52319000;-1483000;50836000;-38049000;12787000;;12787000;-1766000;11021000;;11021000;11021000
EGBN;7962666;USD;2022;FY;2022-12-31;2023-03-01;2025-02-27;32037099;32037099;356521000;-1743000;354778000;-156515000;198263000;;189680000;-48750000;140930000;;140930000;140930000
EMYB;12444419;USD;2020;FY;2020-12-31;2021-03-12;2022-03-18;7469952;7523595;40361000;-2520000;37841000;-22110000;15731000;;15731000;-2921000;12810000;;12810000;12810000
EMYB;12444419;USD;2021;FY;2021-12-31;2022-03-18;2023-03-17;7517669;7554785;45894000;-915000;44979000;-24127000;20852000;;20852000;-4066000;16786000;;16786000;16786000
EMYB;12444419;USD;2022;FY;2022-12-31;2023-03-17;2024-03-28;7508105;7545469;48625000;-895000;47730000;-25737000;21993000;;21993000;-4291000;17702000;;17702000;17702000
EMYB;12444419;USD;2023;FY;2023-12-31;2024-03-28;2025-03-17;7599729;7599729;41668000;178000;41846000;-26391000;15455000;;15455000;-2799000;12656000;;12656000;12656000
EMYB;12444419;USD;2024;FY;2024-12-31;2025-03-17;2026-03-16;7614258;7614258;39369000;433000;39802000;-27293000;12509000;;12509000;-2069000;10440000;;10440000;10440000
EQBK;7962924;USD;2020;FY;2020-12-31;2021-03-09;2023-03-09;15098512;15098512;158675000;-24255000;134420000;-103860000;30560000;;-74570000;-400000;-74970000;;-74970000;-74970000
EQBK;7962924;USD;2021;FY;2021-12-31;2022-03-09;2024-03-07;15019221;15306431;175421000;8480000;183901000;-109904000;73997000;;64436000;-11956000;52480000;;52480000;52480000
EQBK;7962924;USD;2022;FY;2022-12-31;2023-03-09;2025-03-07;16865167;17141174;198787000;-125000;198662000;-127786000;70876000;;70282000;-12594000;57688000;;57688000;57688000
EQBK;7962924;USD;2023;FY;2023-12-31;2024-03-07;2026-03-06;15535772;15648842;139889000;-1873000;138016000;-135304000;2712000;;2415000;5406000;7821000;;7821000;7821000
ESQ;7962956;USD;2023;FY;2023-12-31;2024-03-29;2026-03-13;7716367;8345586;111057000;-4525000;106532000;-50650000;55882000;;55882000;-14871000;41011000;;41011000;41011000
ESQ;7962956;USD;2024;FY;2024-12-31;2025-03-17;2026-03-13;7817626;8487041;122086000;-4700000;117386000;-58105000;59281000;;59281000;-15623000;43658000;;43658000;43658000
ESSA;9075950;USD;2021;FY;2021-09-30;2021-12-14;2022-12-14;9945528;9947504;64387000;-2700000;61687000;-41790000;19897000;;19897000;-3473000;16424000;;16424000;16424000
ESSA;9075950;USD;2022;FY;2022-09-30;2022-12-14;2023-12-14;9761437;9765157;68281000;;68281000;-43503000;24778000;;25004000;-4934000;20070000;;20070000;20070000
EVBN;9075954;USD;2020;FY;2020-12-31;2021-03-19;2023-03-03;5232881;5268560;78019000;-5351000;72668000;-53902000;18766000;;12808000;-1562000;11246000;;11246000;11246000
EWBC;335579;USD;2020;FY;2020-12-31;2021-02-26;2023-02-27;142336000;142991000;1612740000;-210653000;1402087000;-716322000;685765000;;685765000;-117968000;567797000;;567797000;567797000
EWBC;335579;USD;2021;FY;2021-12-31;2022-02-28;2024-02-29;141564000;141564000;1817466000;35000000;1852466000;-796089000;1056377000;;1056377000;-183396000;872981000;;872981000;872981000
FBC;9076327;USD;2020;FY;2020-12-31;2021-02-26;2022-03-01;56094542;56505813;1995000000;-149000000;1846000000;-1142000000;704000000;;704000000;-166000000;538000000;;538000000;538000000
FBC;9076327;USD;2021;FY;2021-12-31;2022-03-01;2022-03-01;52792931;53519086;1791000000;112000000;1903000000;-1213000000;690000000;;690000000;-157000000;533000000;;533000000;533000000
FBK;6767691;USD;2021;FY;2021-12-31;2022-02-25;2024-02-27;47431102;47955880;575625000;40993000;616618000;-373567000;243051000;;243051000;-52750000;190301000;;190285000;190285000
FBMS;7962650;USD;2020;FY;2020-12-31;2021-03-12;2023-03-01;20718544000;20822650000;186725000;-25151000;161574000;-103026000;58548000;;63068000;-10563000;52505000;;52505000;52505000
FCBC;7962836;USD;2020;FY;2020-12-31;2021-03-12;2023-02-22;17781748;17815380;138405000;-12668000;125737000;-79625000;46112000;;46112000;-10186000;35926000;;35926000;35926000
FCBC;7962836;USD;2021;FY;2021-12-31;2022-03-03;2023-02-22;17335615;17402936;136775000;8471000;145246000;-78718000;66528000;;66528000;-15360000;51168000;;51168000;51168000
FCBC;7962836;USD;2022;FY;2022-12-31;2023-02-22;2025-03-07;16519848;16562257;149845000;-6572000;143273000;-83116000;60157000;;60157000;-13495000;46662000;;46662000;46662000
FCBC;7962836;USD;2023;FY;2023-12-31;2024-03-06;2025-03-07;17996373;18027151;165136000;-7985000;157151000;-95177000;61974000;;61974000;-13954000;48020000;;48020000;48020000
FCBC;7962836;USD;2024;FY;2024-12-31;2025-03-07;2025-03-07;18349498;18430206;165858000;-3597000;162261000;-96567000;65694000;;65694000;-14090000;51604000;;51604000;51604000
FCBP;6767413;USD;2020;FY;2020-12-31;2021-03-15;2021-05-10;11705684;11705684;27727000;-100000;27627000;-12321000;15306000;;15306000;-4512000;10794000;;10794000;10794000
FCCO;9075956;USD;2020;FY;2020-12-31;2021-03-12;2023-03-22;7446000;7482000;53645000;-3663000;49982000;-37534000;12448000;;12595000;-2496000;10099000;;10099000;10099000
FCCY;9076301;USD;2020;FY;2020-12-31;2021-03-15;2021-03-15;10220319;10260965;73146000;-6698000;66448000;-41691000;24757000;;24693000;-6607000;18086000;;18086000;18086000
FCF;998470;USD;2020;FY;2020-12-31;2021-03-01;2023-02-28;96130751;97758965;365268000;-56718000;308550000;-211724000;96826000;;90203000;-16756000;73447000;;73447000;73447000
FCF;998470;USD;2021;FY;2021-12-31;2022-03-01;2024-02-29;94233152;95020353;382954000;1376000;384330000;-213554000;170776000;;172817000;-34560000;138257000;;138257000;138257000
FCNCA;446741;USD;2020;FY;2020-12-31;2021-02-24;2023-02-24;10056654;10056654;1865000000;-58000000;1807000000;-1172000000;635000000;;618000000;-126000000;492000000;;492000000;478000000
FCNCA;446741;USD;2021;FY;2021-12-31;2022-02-25;2024-02-23;9816405;9816405;1898000000;37000000;1935000000;-1234000000;701000000;;701000000;-154000000;547000000;;547000000;529000000
FDBC;9075818;USD;2020;FY;2020-12-31;2021-03-19;2023-03-20;4586224;4586224;58853000;-5250000;53603000;-35867000;17736000;;15284000;-2249000;13035000;;13035000;13035000
FDBC;9075818;USD;2021;FY;2021-12-31;2022-03-23;2023-03-20;5321687;5321687;80116000;-2000000;78116000;-47074000;31042000;;28009000;-4001000;24008000;;24008000;24008000
FDBC;9075818;USD;2022;FY;2022-12-31;2023-03-20;2024-03-20;4589789;4622340;88916000;-2087000;86829000;-51361000;35468000;;35468000;-5447000;30021000;;30021000;30021000
FDBC;9075818;USD;2023;FY;2023-12-31;2024-03-20;2025-03-13;5676711;5716702;73452000;-1326000;72126000;-51870000;20256000;;20256000;-2046000;18210000;;18210000;18210000
FDBC;9075818;USD;2024;FY;2024-12-31;2025-03-13;2026-03-13;5732532;5772697;80878000;-1465000;79413000;-55541000;23872000;;23872000;-3078000;20794000;;20794000;20794000
FFIC;7962962;USD;2020;FY;2020-12-31;2021-03-16;2023-03-14;29301000;29301000;206242000;-23129000;183113000;-137895000;45218000;;45182000;-10508000;34674000;;34674000;34674000
FFIN;998435;USD;2020;FY;2020-12-31;2021-02-22;2023-02-23;142032420;142544991;489820000;-19517000;470303000;-227938000;242365000;;242365000;-40331000;202034000;;202034000;202034000
FFIN;998435;USD;2021;FY;2021-12-31;2022-02-22;2024-02-26;142437804;143251521;512539000;1139000;513678000;-241708000;271970000;;271970000;-44408000;227562000;;227562000;227562000
FFIN;998435;USD;2022;FY;2022-12-31;2023-02-23;2025-02-21;142032420;142544991;533079000;-17427000;515652000;-234778000;280874000;;280874000;-46399000;234475000;;234475000;234475000
FFIN;998435;USD;2023;FY;2023-12-31;2024-02-26;2026-02-25;142688585;142938977;491812000;-10631000;481181000;-237882000;243299000;;243299000;-44322000;198977000;;198977000;198977000
FFIN;998435;USD;2024;FY;2024-12-31;2025-02-21;2026-02-25;142822880;143232520;550730000;-13821000;536909000;-265063000;271846000;;271846000;-48335000;223511000;;223511000;223511000
FFNW;9076024;USD;2023;FY;2023-12-31;2024-03-13;2025-03-20;9126209;9152617;43316000;208000;43524000;-35666000;7858000;;7858000;-1553000;6305000;;6305000;6305000
FFNW;9076024;USD;2024;FY;2024-12-31;2025-03-20;2025-03-20;9183900;9238016;37559000;50000;37609000;-36693000;916000;;916000;156000;1072000;;1072000;1072000
FFWM;9075802;USD;2020;FY;2020-12-31;2021-02-26;2023-02-28;44639430;44900805;251291000;-6746000;244545000;-125778000;118767000;;118767000;-34398000;84369000;;84369000;84369000
FFWM;9075802;USD;2021;FY;2021-12-31;2022-02-28;2024-02-28;45272183;45459540;303737000;-3866000;299871000;-148086000;151785000;;151785000;-42274000;109511000;;109511000;109511000
FFWM;9075802;USD;2022;FY;2022-12-31;2023-02-28;2025-03-17;56422450;56490060;366924000;-532000;366392000;-216589000;149803000;;149803000;-39291000;110512000;;110512000;110512000
FFWM;9075802;USD;2023;FY;2023-12-31;2024-02-28;2026-03-16;56426093;56426093;251656000;482000;252138000;-236950000;15188000;;-200064000;1000000;-199064000;;-199064000;-199064000
FGBI;9075974;USD;2020;FY;2020-12-31;2021-03-16;2022-03-16;11786916;11786916;98447000;-14877000;83570000;-58033000;25537000;;25537000;-5219000;20318000;;20318000;20318000
FGBI;9075974;USD;2021;FY;2021-12-31;2022-03-16;2023-03-16;10716796;10716796;100378000;-2055000;98323000;-63868000;34455000;;34455000;-7158000;27297000;;27297000;25913000
FGBI;9075974;USD;2022;FY;2022-12-31;2023-03-16;2024-03-15;10716796;10716796;111051000;-3656000;107395000;-71005000;36390000;;36390000;-7506000;28884000;;28884000;26556000
FGBI;9075974;USD;2023;FY;2023-12-31;2024-03-15;2025-03-17;10716796;10716796;95282000;-3714000;91568000;-79672000;11896000;;11896000;-2677000;9219000;;9219000;6890000
FGBI;9075974;USD;2024;FY;2024-12-31;2025-03-17;2026-03-31;12501035;12501035;113177000;-20034000;93143000;-77137000;16006000;;16006000;-3558000;12448000;;12448000;10119000
FHB;210774;USD;2020;FY;2020-12-31;2021-02-25;2023-02-24;129890225;130220077;733114000;-121718000;611396000;-367672000;243724000;;243724000;-57970000;185754000;;185754000;185754000
FHB;210774;USD;2021;FY;2021-12-31;2022-02-25;2024-02-28;127893011;128512257;715475000;39000000;754475000;-405479000;348996000;;348996000;-83261000;265735000;;265735000;265735000
FHB;210774;USD;2022;FY;2022-12-31;2023-02-24;2025-02-28;127893011;128512257;793074000;-1392000;791682000;-440471000;351211000;;351211000;-85526000;265685000;;265685000;265685000
FHN;1234769;USD;2021;FY;2021-12-31;2022-03-01;2024-02-23;537000000;542000000;3070000000;310000000;3380000000;-2096000000;1284000000;;1284000000;-274000000;1010000000;;999000000;962000000
FHN;1234769;USD;2022;FY;2022-12-31;2023-03-01;2025-02-27;535033000;566004000;3207000000;-95000000;3112000000;-1953000000;1159000000;;1159000000;;1159000000;;1159000000;1159000000
FIBK;6767459;USD;2020;FY;2020-12-31;2021-03-01;2023-02-24;63611891;63729470;653700000;-56900000;596800000;-387500000;209300000;;209300000;-48100000;161200000;;161200000;161200000
FIBK;6767459;USD;2021;FY;2021-12-31;2022-02-25;2024-02-29;61650312;61741828;639100000;14600000;653700000;-393900000;259800000;;248200000;-55700000;192500000;;192500000;192500000
FINW;12444710;USD;2020;FY;2020-12-31;2021-03-30;2022-03-30;8669724;9108163;42123000;-5234000;36889000;-21699000;15190000;;15140000;-3942000;11198000;;11198000;11198000
FINW;12444710;USD;2021;FY;2021-12-31;2022-03-30;2023-03-30;8669724;9108163;79822000;-8039000;71783000;-28711000;43072000;;42272000;-10689000;31583000;;31583000;31583000
FINW;12444710;USD;2022;FY;2022-12-31;2023-03-30;2024-03-25;12729898;13357022;88306000;-13519000;74787000;-38756000;36031000;;36031000;-10916000;25115000;;25115000;25115000
FISI;9075822;USD;2020;FY;2020-12-31;2021-03-15;2023-03-09;16022000;16063000;178303000;-27184000;151119000;-107762000;43357000;;45723000;-7391000;38332000;;38332000;36871000
FISI;9075822;USD;2021;FY;2021-12-31;2022-03-10;2024-03-13;15841000;15937000;198686000;8336000;207022000;-112639000;94383000;;97222000;-19525000;77697000;;77697000;76237000
FISI;9075822;USD;2022;FY;2022-12-31;2023-03-09;2025-03-12;15384000;15471000;212416000;-13311000;199105000;-127743000;71362000;;70970000;-14397000;56573000;;56573000;55114000
FITB;378145;USD;2020;FY;2020-12-31;2021-02-26;2023-02-24;714729585;719735415;7612000000;-1097000000;6515000000;-4718000000;1797000000;;1797000000;-370000000;1427000000;;1427000000;1323000000
FITB;378145;USD;2021;FY;2021-12-31;2022-02-25;2024-02-27;688370000;697532000;7888000000;377000000;8265000000;-4748000000;3517000000;;3517000000;-747000000;2770000000;;2770000000;2659000000
FITB;378145;USD;2022;FY;2022-12-31;2023-02-24;2025-02-24;688370000;697532000;8375000000;-563000000;7812000000;-4719000000;3093000000;;3093000000;-647000000;2446000000;;2446000000;2330000000
FITB;378145;USD;2023;FY;2023-12-31;2024-02-27;2026-02-24;684172079;687678291;8708000000;-515000000;8193000000;-5205000000;2988000000;;2988000000;-639000000;2349000000;;2349000000;2212000000
FITB;378145;USD;2024;FY;2024-12-31;2025-02-24;2026-02-24;682160985;687300837;8479000000;-530000000;7949000000;-5033000000;2916000000;;2916000000;-602000000;2314000000;;2314000000;2155000000
FKYS;12444425;USD;2020;FY;2020-12-31;2021-03-15;2022-03-14;5841000;5841000;39219000;-1200000;38019000;-24605000;13414000;;13414000;-1577000;11837000;;11837000;11837000
FKYS;12444425;USD;2021;FY;2021-12-31;2022-03-14;2023-03-15;5908000;5908000;44223000;-860000;43363000;-26354000;17009000;;17009000;-2321000;14688000;;14688000;14688000
FKYS;12444425;USD;2022;FY;2022-12-31;2023-03-15;2024-03-29;5908000;5908000;42831000;264000;43095000;-26777000;16318000;;16318000;-2294000;14024000;;14024000;14024000
FKYS;12444425;USD;2023;FY;2023-12-31;2024-03-29;2025-03-26;6054000;6054000;35272000;217000;35489000;-29245000;6244000;;6244000;-684000;5560000;;5560000;5560000
FKYS;12444425;USD;2024;FY;2024-12-31;2025-03-26;2026-03-30;6170000;6170000;38976000;-1640000;37336000;-31451000;5885000;;-13248000;45000;-13203000;;-13203000;-13203000
FLIC;9075854;USD;2020;FY;2020-12-31;2021-03-12;2021-03-12;23859119;23913034;113934000;-3006000;110928000;-58842000;52086000;;49527000;-8324000;41203000;;41203000;41203000
FLIC;9075854;USD;2021;FY;2021-12-31;2022-03-09;2024-03-08;23655635;23762983;119381000;2573000;121954000;-67626000;54328000;;53307000;-10218000;43089000;;43089000;43089000
FMAO;939566;USD;2020;FY;2020-12-31;2021-02-24;2023-02-24;11061391;11061391;76563000;-6981000;69582000;-44376000;25206000;;25206000;-5111000;20095000;;20095000;20095000
FMBH;743187;USD;2020;FY;2020-12-31;2021-03-08;2023-03-03;16716880;16762856;186932000;-16103000;170829000;-111087000;59742000;;59742000;-14472000;45270000;;45270000;45270000
FMBH;743187;USD;2021;FY;2021-12-31;2022-03-02;2023-03-03;18086949;18135380;237518000;-15151000;222367000;-155579000;66788000;;66788000;-15298000;51490000;;51490000;51490000
FMBI;1143185;USD;2020;FY;2020-12-31;2021-03-01;2021-03-01;112355000;112702000;720302000;-98615000;621687000;-446884000;174803000;;134981000;-27083000;107898000;;107898000;97795000
FMCB;11795230;USD;2020;FY;2020-12-31;2021-03-15;2023-03-15;793337;793337;163080000;-4500000;158580000;-78852000;79728000;;77951000;-19217000;58734000;;58734000;58734000
FMCB;11795230;USD;2021;FY;2021-12-31;2022-03-16;2024-03-14;789646;789646;181992000;-1910000;180082000;-91761000;88321000;;88321000;-21985000;66336000;;66336000;66336000
FMNB;7962852;USD;2020;FY;2020-12-31;2021-03-04;2023-03-09;28266509;28393996;132352000;-9100000;123252000;-69757000;53495000;;50272000;-8396000;41876000;;41876000;41876000
FMNB;7962852;USD;2021;FY;2021-12-31;2022-03-09;2024-03-07;29167357;29279787;146183000;-4893000;141290000;-72067000;69223000;;62114000;-10270000;51844000;;51844000;51844000
FMNB;7962852;USD;2022;FY;2022-12-31;2023-03-09;2025-03-06;31677778;32074000;168368000;-1122000;167246000;-90341000;76905000;;72835000;-12238000;60597000;;60597000;60597000
FMNB;7962852;USD;2023;FY;2023-12-31;2024-03-07;2026-03-05;37384122;37498269;179647000;-9153000;170494000;-106321000;64173000;;58698000;-8766000;49932000;;49932000;49932000
FMNB;7962852;USD;2024;FY;2024-12-31;2025-03-06;2026-03-05;37327848;37511885;170084000;-7966000;162118000;-106599000;55519000;;55427000;-9478000;45949000;;45949000;45949000
FNB;446814;USD;2020;FY;2020-12-31;2021-02-25;2023-02-24;323368639;325487964;1233000000;-123000000;1110000000;-750000000;360000000;;343000000;-57000000;286000000;;286000000;278000000
FNB;446814;USD;2021;FY;2021-12-31;2022-02-24;2023-02-24;321520000;323024522;1237000000;-1000000;1236000000;-731000000;505000000;;503000000;-98000000;405000000;;405000000;397000000
FNB;446814;USD;2022;FY;2022-12-31;2023-02-24;2025-02-27;323215116;323215116;1443000000;-64000000;1379000000;-826000000;553000000;;553000000;-114000000;439000000;;439000000;431000000
FNB;446814;USD;2023;FY;2023-12-31;2024-02-26;2026-02-24;360743462;362897806;1571000000;-72000000;1499000000;-901000000;598000000;;584000000;-99000000;485000000;;485000000;477000000
FNB;446814;USD;2024;FY;2024-12-31;2025-02-27;2026-02-24;361444439;362637604;1596000000;-80000000;1516000000;-947000000;569000000;;555000000;-90000000;465000000;;465000000;459000000
FNCB;12444423;USD;2020;FY;2020-12-31;2021-03-12;2022-03-11;20210439;20212187;49428000;-1941000;47487000;-28129000;19358000;;18572000;-3225000;15347000;;15347000;15347000
FNCB;12444423;USD;2021;FY;2021-12-31;2022-03-11;2023-03-10;20111430;20126853;57262000;-166000;57096000;-30094000;27002000;;26027000;-4656000;21371000;;21371000;21371000
FNLC;9075794;USD;2020;FY;2020-12-31;2021-03-05;2023-03-10;10851600;10939113;77952000;-6050000;71902000;-39342000;32560000;;32250000;-5121000;27129000;;27129000;27129000
FNLC;9075794;USD;2021;FY;2021-12-31;2022-03-11;2024-03-08;10903844;10987179;85686000;375000;86061000;-42148000;43913000;;43913000;-7644000;36269000;;36269000;36269000
FNLC;9075794;USD;2022;FY;2022-12-31;2023-03-10;2025-03-07;10972414;10972414;93040000;-1750000;91290000;-43904000;47386000;;47386000;-8396000;38990000;;38990000;38990000
FNLC;9075794;USD;2023;FY;2023-12-31;2024-03-08;2026-03-06;10998041;11081888;79831000;-1184000;78647000;-42945000;35702000;;35702000;-6184000;29518000;;29518000;29518000
FNLC;9075794;USD;2024;FY;2024-12-31;2025-03-07;2026-03-06;11051829;11138835;79471000;-525000;78946000;-46362000;32584000;;32584000;-5539000;27045000;;27045000;27045000
FNRN;12444646;USD;2020;FY;2020-12-31;2021-03-08;2022-03-14;17182277;17335533;55189000;-3050000;52139000;-35477000;16662000;;16662000;-4501000;12161000;;12161000;12161000
FNRN;12444646;USD;2021;FY;2021-12-31;2022-03-14;2023-03-10;17914564;18142816;54127000;1500000;55627000;-36201000;19426000;;19426000;-5240000;14186000;;14186000;14186000
FNWB;9076010;USD;2020;FY;2020-12-31;2021-03-15;2022-03-18;9133953;9402198;59804000;-5046000;54758000;-41464000;13294000;;13294000;-2954000;10340000;;10340000;10340000
FNWB;9076010;USD;2021;FY;2021-12-31;2022-03-18;2023-03-17;9133953;9228740;73936000;-1350000;72586000;-54413000;18173000;;18173000;-3194000;14979000;;15418000;15418000
FRAF;12444429;USD;2020;FY;2020-12-31;2021-03-11;2022-03-18;4357000;4366000;57045000;-4625000;52420000;-39362000;13058000;;13058000;-258000;12800000;;12800000;12800000
FRAF;12444429;USD;2021;FY;2021-12-31;2022-03-10;2023-03-10;4420000;4440000;64159000;2100000;66259000;-43245000;23014000;;23014000;-3398000;19616000;;19616000;19616000
FRAF;12444429;USD;2022;FY;2022-12-31;2023-03-10;2024-03-11;4357000;4357000;66836000;-650000;66186000;-47543000;18643000;;17495000;-2557000;14938000;;14938000;14938000
FRAF;12444429;USD;2023;FY;2023-12-31;2024-03-11;2025-03-14;4374000;4381000;68488000;-2724000;65764000;-49266000;16498000;;15753000;-2155000;13598000;;13598000;13598000
FRAF;12444429;USD;2024;FY;2024-12-31;2025-03-14;2026-03-13;4403000;4414000;71193000;-1983000;69210000;-55895000;13315000;;13315000;-2216000;11099000;;11099000;11099000
FRBK;1169746;USD;2020;FY;2020-12-31;2021-03-11;2022-10-26;58853000;58904000;128067000;-4200000;123867000;-112412000;11455000;;6444000;-1390000;5054000;;5054000;4131000
FRBK;1169746;USD;2021;FY;2021-12-31;2022-10-26;2022-10-26;58853000;58904000;161957000;-5750000;156207000;-122505000;33702000;;33702000;-8526000;25176000;;25176000;21676000
FRST;10656638;USD;2022;FY;2022-12-31;2023-03-15;2025-04-29;24438309;24600555;120052000;-11271000;108781000;-90764000;18017000;;17333000;-3185000;14148000;;14148000;14148000
FSBC;10656502;USD;2020;FY;2020-12-31;2021-02-25;2022-02-25;16265273;16265273;74191000;-9000000;65191000;-28257000;36934000;;36934000;-1327000;35607000;;35607000;35928000
FSBC;10656502;USD;2021;FY;2021-12-31;2022-02-25;2023-02-24;14972637;14995213;84891000;-1700000;83191000;-36043000;47148000;;47148000;-4707000;42441000;;42441000;42441000
FSBC;10656502;USD;2022;FY;2022-12-31;2023-02-24;2025-02-28;17128282;17165610;110227000;-6700000;103527000;-40669000;62858000;;62858000;-18057000;44801000;;44801000;44801000
FSBC;10656502;USD;2023;FY;2023-12-31;2024-02-23;2026-02-27;17166592;17187969;118391000;-4000000;114391000;-47775000;66616000;;66616000;-18882000;47734000;;47734000;47734000
FSBC;10656502;USD;2024;FY;2024-12-31;2025-02-28;2026-02-27;20154385;20205440;126164000;-6950000;119214000;-54493000;64721000;;64721000;-19050000;45671000;;45671000;45671000
FSBW;9075842;USD;2020;FY;2020-12-31;2021-03-16;2023-03-16;17183370;17509030;129479000;-13036000;116443000;-64622000;51821000;;49850000;-10586000;39264000;;39264000;39264000
FULT;1234770;USD;2020;FY;2020-12-31;2021-03-01;2022-02-28;162242000;163071000;858595000;-76920000;781675000;-576562000;205113000;;202235000;-24195000;178040000;;178040000;175905000
FULT;1234770;USD;2021;FY;2021-12-31;2022-02-28;2024-03-01;161210000;162355000;937475000;14600000;952075000;-584581000;367494000;;334245000;-58748000;275497000;;275497000;265220000
FUNC;9076046;USD;2020;FY;2020-12-31;2021-03-25;2022-03-25;7004000;7013000;67123000;-5401000;61722000;-43923000;17799000;;17788000;-3947000;13841000;;13841000;13841000
FUNC;9076046;USD;2021;FY;2021-12-31;2022-03-25;2023-03-24;6710000;6717000;73291000;817000;74108000;-47799000;26309000;;26309000;-6539000;19770000;;19770000;19770000
GBCI;1059909;USD;2020;FY;2020-12-31;2021-03-01;2023-02-24;94883864;94932353;772616000;-39765000;732851000;-404811000;328040000;;328040000;-61640000;266400000;;266400000;266400000
GCBC;7962976;USD;2021;FY;2021-06-30;2021-08-10;2022-09-09;34053656;34053656;62812000;-3974000;58838000;-31223000;27615000;;27615000;-3673000;23942000;;23942000;23942000
GCBC;7962976;USD;2022;FY;2022-06-30;2022-09-09;2023-09-08;34053656;34053656;70142000;-3278000;66864000;-33959000;32905000;;32905000;-4919000;27986000;;27986000;27986000
GCBC;7962976;USD;2023;FY;2023-06-30;2023-09-08;2024-09-06;17026828;17026828;73364000;1071000;74435000;-38608000;35827000;;35827000;-5042000;30785000;;30785000;30785000
GCBC;7962976;USD;2024;FY;2024-06-30;2024-09-06;2025-09-05;17026828;17026828;64887000;-766000;64121000;-37302000;26819000;;26819000;-2050000;24769000;;24769000;24769000
GS;60439;USD;2020;FY;2020-12-31;2021-02-22;2023-02-24;356400000;360300000;44560000000;-3098000000;41462000000;-28983000000;12479000000;;12479000000;-3020000000;9459000000;;9459000000;8915000000
GS;60439;USD;2021;FY;2021-12-31;2022-02-25;2024-02-23;346600000;352300000;59339000000;-357000000;58982000000;-27228000000;31754000000;;27044000000;-5409000000;21635000000;;21635000000;21151000000
GS;60439;USD;2022;FY;2022-12-31;2023-02-24;2025-02-27;346600000;352300000;47365000000;-2715000000;44650000000;-25852000000;18798000000;;13486000000;-2225000000;11261000000;;11261000000;10764000000
GS;60439;USD;2023;FY;2023-12-31;2024-02-23;2026-02-25;340800000;345800000;46254000000;-1028000000;45226000000;-28789000000;16437000000;;10739000000;-2223000000;8516000000;;8516000000;7907000000
GS;60439;USD;2024;FY;2024-12-31;2025-02-27;2026-02-25;328100000;333600000;53512000000;-1348000000;52164000000;-27043000000;25121000000;;18397000000;-4121000000;14276000000;;14276000000;13525000000
HAFC;7962842;USD;2021;FY;2021-12-31;2022-02-28;2024-02-29;30393559;30471747;218779000;24403000;243182000;-124455000;118727000;;135494000;-36817000;98677000;;98677000;98677000
HBAN;378164;USD;2020;FY;2020-12-31;2021-02-26;2023-02-17;1017117000;1032683000;4815000000;-1048000000;3767000000;-2795000000;972000000;;972000000;-155000000;817000000;;817000000;717000000
HBAN;378164;USD;2021;FY;2021-12-31;2022-02-18;2024-02-16;1444000000;1471000000;5991000000;-25000000;5966000000;-4375000000;1591000000;;1591000000;-294000000;1297000000;;1295000000;1153000000
HBAN;378164;USD;2022;FY;2022-12-31;2023-02-17;2025-02-14;1017000000;1017000000;7254000000;-289000000;6965000000;-4201000000;2764000000;;2764000000;-515000000;2249000000;;2238000000;2125000000
HBAN;378164;USD;2023;FY;2023-12-31;2024-02-16;2026-02-13;1446449000;1468016000;7360000000;-402000000;6958000000;-4574000000;2384000000;;2384000000;-413000000;1971000000;;1951000000;1817000000
HBAN;378164;USD;2024;FY;2024-12-31;2025-02-14;2026-02-13;1451421000;1476442000;7385000000;-420000000;6965000000;-4562000000;2403000000;;2403000000;-443000000;1960000000;;1940000000;1801000000
HBCP;9075828;USD;2020;FY;2020-12-31;2021-03-09;2023-03-09;8674000;8704000;106516000;-12728000;93788000;-62981000;30807000;;30807000;-6042000;24765000;;24765000;24765000
HBCP;9075828;USD;2021;FY;2021-12-31;2022-03-10;2024-03-08;8379000;8428000;117260000;9771000;127031000;-66592000;60439000;;60439000;-11818000;48621000;;48621000;48621000
HBCP;9075828;USD;2022;FY;2022-12-31;2023-03-09;2025-03-12;8379512;8428227;131900000;-7767000;124133000;-81631000;42502000;;42502000;-8430000;34072000;;34072000;34072000
HBIA;11795250;USD;2020;FY;2020-12-31;2021-03-05;2023-03-03;9369265;9372905;129913000;-4358000;125555000;-75631000;49924000;;49924000;-11277000;38647000;;38647000;38647000
HBIA;11795250;USD;2021;FY;2021-12-31;2022-03-04;2024-03-05;9307202;9310862;137926000;5507000;143433000;-81341000;62092000;;62092000;-14007000;48085000;;48085000;48085000
HBIA;11795250;USD;2022;FY;2022-12-31;2023-03-03;2025-03-14;9298713;9302444;142782000;-6340000;136442000;-75575000;60867000;;60867000;-13114000;47753000;;47753000;47753000
HBMD;9076232;USD;2020;FY;2020-12-31;2021-03-16;2021-03-16;18766000;18766000;85961000;-9845000;76116000;-54962000;21154000;;-13346000;-3645000;-16991000;;-16991000;-16991000
HBNC;7962870;USD;2023;FY;2023-12-31;2024-03-15;2026-03-13;43630160;43843880;183419000;-2459000;180960000;-146284000;34676000;;38999000;-11018000;27981000;;27981000;27981000
HBNC;7962870;USD;2024;FY;2024-12-31;2025-03-14;2026-03-13;43702314;44064490;187360000;-5389000;181971000;-158836000;23135000;;27350000;8079000;35429000;;35429000;35429000
HBT;10656432;USD;2020;FY;2020-12-31;2021-03-12;2023-03-08;27457306;27457306;152061000;-10532000;141529000;-91956000;49573000;;49573000;-12728000;36845000;;36845000;36845000
HBT;10656432;USD;2021;FY;2021-12-31;2022-03-11;2024-03-06;27795806;27811293;159731000;8077000;167808000;-91246000;76562000;;76562000;-20291000;56271000;;56271000;56271000
HBT;10656432;USD;2022;FY;2022-12-31;2023-03-08;2025-03-07;28853697;28919316;180591000;706000;181297000;-105107000;76190000;;76190000;-19734000;56456000;;56456000;56456000
HBT;10656432;USD;2023;FY;2023-12-31;2024-03-06;2026-03-06;31626308;31738147;227118000;-7573000;219545000;-130964000;88581000;;88581000;-22739000;65842000;;65842000;65842000
HBT;10656432;USD;2024;FY;2024-12-31;2025-03-07;2026-03-06;31590117;31712480;224421000;-3031000;221390000;-124007000;97383000;;97383000;-25603000;71780000;;71780000;71780000
HOMB;447371;USD;2022;FY;2022-12-31;2023-02-24;2025-02-27;163859000;164306000;886080000;-63585000;822495000;-377752000;444743000;;394575000;-89313000;305262000;;305262000;305262000
HONE;10656472;USD;2020;FY;2020-12-31;2021-03-12;2023-03-10;54313368;54319835;258746000;-34815000;223931000;-165922000;58009000;;58009000;-13217000;44792000;;44792000;44792000
HOPE;6767797;USD;2022;FY;2022-12-31;2023-02-28;2025-02-26;119824970;120472345;629818000;-9850000;619968000;-323920000;296048000;;296048000;-77771000;218277000;;218277000;218277000
HOPE;6767797;USD;2023;FY;2023-12-31;2024-02-28;2026-02-25;119906109;120393257;571438000;-31592000;539846000;-350383000;189463000;;177887000;-44214000;133673000;;133673000;133673000
HOPE;6767797;USD;2024;FY;2024-12-31;2025-02-26;2026-02-25;120583147;121108594;474928000;-17280000;457648000;-319057000;138591000;;132964000;-33334000;99630000;;99630000;99630000
HTBK;7962830;USD;2020;FY;2020-12-31;2021-03-05;2023-03-09;59478343;60169139;150696000;-13233000;137463000;-89511000;47952000;;49068000;-13769000;35299000;;35299000;35299000
HTH;492790;USD;2020;FY;2020-12-31;2021-02-17;2023-02-17;89280000;89304000;2114646000;-96491000;2018155000;-1453803000;564352000;;564352000;-133071000;431281000;38396000;447836000;447836000
HTH;492790;USD;2021;FY;2021-12-31;2022-02-15;2024-02-14;78933000;79427000;1833257000;58213000;1891470000;-1387398000;504072000;;504072000;-117976000;386096000;;374495000;374495000
HTH;492790;USD;2022;FY;2022-12-31;2023-02-17;2025-02-14;70434000;70626000;1291435000;-8309000;1283126000;-1126999000;156127000;;156127000;-36833000;119294000;;113134000;113134000
HTH;492790;USD;2023;FY;2023-12-31;2024-02-14;2026-02-13;65043000;65045000;1195820000;-18392000;1177428000;-1028309000;149119000;;149119000;-31140000;117979000;;109646000;109646000
HTH;492790;USD;2024;FY;2024-12-31;2025-02-14;2026-02-13;65036000;65046000;1188754000;-941000;1187813000;-1033556000;154257000;;154257000;-31047000;123210000;;113213000;113213000
HUSI;998414;USD;2022;FY;2022-12-31;2023-02-21;2025-02-19;;;3551000000;-154000000;3397000000;-1023000000;2374000000;;725000000;-177000000;548000000;;548000000;548000000
HWBK;12444329;USD;2020;FY;2020-12-31;2021-03-12;2023-03-29;7576207;7576207;68297000;-5800000;62497000;-45021000;17476000;;17476000;-3183000;14293000;;14293000;14293000
HWBK;12444329;USD;2021;FY;2021-12-31;2022-03-17;2023-03-29;7438598;7438598;75480000;1700000;77180000;-48966000;28214000;;28214000;-5697000;22517000;;22517000;22517000
HWBK;12444329;USD;2022;FY;2022-12-31;2023-03-29;2023-03-29;7026959;7026959;72727000;900000;73627000;-48538000;25089000;;25089000;-4338000;20751000;;20751000;20751000
HWC;734515;USD;2020;FY;2020-12-31;2021-03-01;2023-02-27;86533000;86533000;1266951000;-602904000;664047000;-788792000;-124745000;;-124745000;79571000;-45174000;;-45174000;-45174000
HWC;734515;USD;2021;FY;2021-12-31;2022-02-25;2024-02-28;88296795;88296795;1297569000;77494000;1375063000;-807007000;568056000;;568056000;-104841000;463215000;;463215000;463215000
HWC;734515;USD;2022;FY;2022-12-31;2023-02-27;2025-02-27;86907407;86907407;1381489000;28399000;1409888000;-750692000;659196000;;659196000;-135107000;524089000;;524089000;524089000
HWC;734515;USD;2023;FY;2023-12-31;2024-02-28;2026-02-27;86130000;86423000;1386079000;-59103000;1326976000;-836848000;490128000;;490128000;-97526000;392602000;;392602000;392602000
HWC;734515;USD;2024;FY;2024-12-31;2025-02-27;2026-02-27;86346000;86648000;1446050000;-52167000;1393883000;-819910000;573973000;;573973000;-113158000;460815000;;460815000;460815000
IBCP;7962926;USD;2020;FY;2020-12-31;2021-03-05;2023-03-03;21977000;22221000;204357000;-12463000;191894000;-122413000;69481000;;69481000;-13329000;56152000;;56152000;56152000
IBCP;7962926;USD;2021;FY;2021-12-31;2022-03-04;2023-03-03;21585000;21807000;206408000;1928000;208336000;-131023000;77313000;;77313000;-14418000;62895000;;62895000;62895000
IBCP;7962926;USD;2022;FY;2022-12-31;2023-03-03;2023-03-03;21866326;21866326;211470000;-5341000;206129000;-128341000;77788000;;77788000;-14437000;63351000;;63351000;63351000
IBKR;718957;USD;2020;FY;2020-12-31;2021-03-01;2023-02-24;319757156;322555632;2218000000;;2218000000;-962000000;1256000000;;1256000000;-77000000;1179000000;;195000000;195000000
IBKR;718957;USD;2021;FY;2021-12-31;2022-02-25;2024-02-27;392727500;395921356;2714000000;;2714000000;-927000000;1787000000;;1787000000;-151000000;1636000000;;308000000;308000000
IBKR;718957;USD;2022;FY;2022-12-31;2023-02-24;2025-02-27;392727500;395921356;3067000000;;3067000000;-1069000000;1998000000;;1998000000;-156000000;1842000000;;380000000;380000000
IBKR;718957;USD;2023;FY;2023-12-31;2024-02-27;2026-02-27;419860200;423387508;4340000000;;4340000000;-1271000000;3069000000;;3069000000;-257000000;2812000000;;600000000;600000000
IBKR;718957;USD;2024;FY;2024-12-31;2025-02-27;2026-02-27;432448796;436011752;5185000000;;5185000000;-1490000000;3695000000;;3695000000;-288000000;3407000000;;755000000;755000000
IBTX;6767665;USD;2020;FY;2020-12-31;2021-03-01;2023-02-21;42754606;42754606;601509000;-42993000;558516000;-305350000;253166000;;252382000;-51173000;201209000;;201209000;201209000
ICBK;9076269;USD;2020;FY;2020-12-31;2021-03-12;2021-03-12;6386339;6386339;51226000;-2984000;48242000;-33099000;15143000;;8597000;-3118000;5479000;;5479000;5479000
INBK;9076008;USD;2020;FY;2020-12-31;2021-03-15;2023-03-14;9840205;9842425;100877000;-9325000;91552000;-55589000;35963000;;33898000;-4445000;29453000;;29453000;29453000
INDB;6767501;USD;2020;FY;2020-12-31;2021-02-26;2023-02-28;33259643;33285289;479168000;-52500000;426668000;-272115000;154553000;;152836000;-31669000;121167000;;121167000;121167000
INDB;6767501;USD;2021;FY;2021-12-31;2022-02-28;2024-02-28;34872034;34888518;507409000;-18205000;489204000;-291689000;197515000;;156675000;-35683000;120992000;;120992000;120992000
INDB;6767501;USD;2022;FY;2022-12-31;2023-02-28;2025-02-28;46372051;46389989;727916000;-6500000;721416000;-366562000;354854000;;347754000;-83941000;263813000;;263813000;263813000
INDB;6767501;USD;2023;FY;2023-12-31;2024-02-28;2026-02-27;44181540;44193547;731130000;-23250000;707880000;-392746000;315134000;;315134000;-75632000;239502000;;239502000;239502000
ISBA;12444291;USD;2023;FY;2023-12-31;2024-03-11;2026-03-13;7511591;7575492;71771000;-629000;71142000;-48439000;22703000;;21832000;-3665000;18167000;;18167000;18167000
ISBA;12444291;USD;2024;FY;2024-12-31;2025-03-12;2026-03-13;7465343;7482374;70411000;-1884000;68527000;-51012000;17515000;;16398000;-2509000;13889000;;13889000;13889000
ISBC;641029;USD;2020;FY;2020-12-31;2021-03-01;2022-03-01;235761457;235838808;816204000;-70158000;746046000;-425407000;320639000;;296541000;-74961000;221580000;;221580000;221580000
ISBC;641029;USD;2021;FY;2021-12-31;2022-03-01;2022-03-01;235935642;237415493;835478000;48676000;884154000;-445582000;438572000;;428413000;-115080000;313333000;;313333000;313333000
ISTR;9075990;USD;2020;FY;2020-12-31;2021-03-10;2023-03-08;10936220;10936220;85630000;-11160000;74470000;-57131000;17339000;;17339000;-3450000;13889000;;13889000;13889000
ISTR;9075990;USD;2021;FY;2021-12-31;2022-03-09;2024-03-07;10416145;10500302;95642000;-22885000;72757000;-63062000;9695000;;9909000;-1909000;8000000;;8000000;8000000
ISTR;9075990;USD;2022;FY;2022-12-31;2023-03-08;2025-03-12;10085758;10180709;108225000;-2922000;105303000;-60643000;44660000;;44348000;-8639000;35709000;;35709000;35709000
JMSB;11819680;USD;2021;FY;2021-12-31;2022-03-23;2023-03-23;13581586;13879595;67627000;-3105000;64522000;-32262000;32260000;;32260000;-6799000;25461000;;25461000;25461000
JMSB;11819680;USD;2022;FY;2022-12-31;2023-03-23;2024-03-20;13931841;14084427;72112000;-175000;71937000;-31874000;40063000;;40063000;-8260000;31803000;;31803000;31803000
JMSB;11819680;USD;2023;FY;2023-12-31;2024-03-20;2025-03-28;14076925;14147193;35413000;3252000;38665000;-30815000;7850000;;7981000;-2823000;5158000;;5158000;5158000
JMSB;11819680;USD;2024;FY;2024-12-31;2025-03-28;2026-03-13;14172166;14206109;53318000;370000;53688000;-31809000;21879000;;21879000;-4758000;17121000;;17121000;17121000
JPM;243510;USD;2020;FY;2020-12-31;2021-02-23;2023-02-21;3082400000;3087400000;119951000000;-17480000000;102471000000;-66656000000;35815000000;;35815000000;-6684000000;29131000000;;29131000000;27410000000
JPM;243510;USD;2021;FY;2021-12-31;2022-02-22;2024-02-16;2977300000;2981800000;121649000000;9256000000;130905000000;-71343000000;59562000000;;59562000000;-11228000000;48334000000;;48334000000;46503000000
JPM;243510;USD;2022;FY;2022-12-31;2023-02-21;2025-02-14;2965800000;2970000000;128695000000;-6389000000;122306000000;-76140000000;46166000000;;46166000000;-8490000000;37676000000;;37676000000;35892000000
JPM;243510;USD;2023;FY;2023-12-31;2024-02-16;2026-02-13;2938600000;2943100000;158104000000;-9320000000;148784000000;-87172000000;61612000000;;61612000000;-12060000000;49552000000;;49552000000;49552000000
JPM;243510;USD;2024;FY;2024-12-31;2025-02-14;2026-02-13;2873900000;2879000000;177556000000;-10678000000;166878000000;-91797000000;75081000000;;75081000000;-16610000000;58471000000;;58471000000;58471000000
JUVF;141652;USD;2024;FY;2024-12-31;2025-03-26;2026-03-25;5001000;5010000;28754000;-534000;28220000;-21012000;7208000;;7208000;-979000;6229000;;6229000;6229000
KEY;378174;USD;2020;FY;2020-12-31;2021-02-22;2023-02-22;967783000;974807000;6686000000;-1021000000;5665000000;-4109000000;1556000000;;1556000000;-227000000;1329000000;14000000;1343000000;1343000000
KEY;378174;USD;2021;FY;2021-12-31;2022-02-22;2024-02-22;922970000;934729000;7265000000;418000000;7683000000;-4429000000;3254000000;;3254000000;-642000000;2612000000;13000000;2625000000;13000000
KEY;378174;USD;2022;FY;2022-12-31;2023-02-22;2025-02-21;924363000;933059000;7245010000;-502000000;6743010000;-4410000000;2333010000;;2333010000;-422000000;1911010000;6010000;1917020000;1917020000
KEY;378174;USD;2023;FY;2023-12-31;2024-02-22;2026-02-23;927217000;932759000;6383000000;-489000000;5894000000;-4734000000;1160000000;;1160000000;-196000000;964000000;3000000;967000000;967000000
KEY;378174;USD;2024;FY;2024-12-31;2025-02-21;2026-02-23;949561000;949561000;4574000000;-335000000;4239000000;-4545000000;-306000000;;-306000000;143000000;-163000000;2000000;-161000000;-161000000
KRNY;7962810;USD;2023;FY;2023-06-30;2023-08-25;2025-08-21;64804000;64804000;178616000;-2486000;176130000;-123751000;52379000;;52379000;-11568000;40811000;;40811000;40811000
KRNY;7962810;USD;2024;FY;2024-06-30;2024-08-23;2025-08-21;62444000;62444000;140601000;-6226000;134375000;-117781000;16594000;;-80776000;-5891000;-86667000;;-86667000;-86667000
KRNY;7962810;USD;2025;FY;2025-06-30;2025-08-21;2025-08-21;62508000;62716000;153995000;-2366000;151629000;-120630000;30999000;;30999000;-4924000;26075000;;26075000;26075000
LARK;130464;USD;2020;FY;2020-12-31;2021-03-22;2023-03-30;5773448;5778749;63842000;-3300000;60542000;-36262000;24280000;;24280000;-4787000;19493000;;19493000;19493000
LARK;130464;USD;2021;FY;2021-12-31;2022-03-22;2024-03-27;5777136;5777136;60581000;-500000;60081000;-37256000;22825000;;22825000;-4814000;18011000;;18011000;18011000
LARK;130464;USD;2022;FY;2022-12-31;2023-03-30;2025-03-25;5777136;5777136;52580000;;52580000;-37872000;14708000;;11310000;-1432000;9878000;;9878000;9878000
LARK;130464;USD;2023;FY;2023-12-31;2024-03-27;2026-04-14;6039164250;6042582000;56522000;-349000;56173000;-41983000;14190000;;14190000;-1954000;12236000;;12236000;12236000
LARK;130464;USD;2024;FY;2024-12-31;2025-03-25;2026-04-14;6045958800;6052496100;60468000;-2300000;58168000;-44079000;14089000;;14089000;-1086000;13003000;;13003000;13003000
LBAI;7962620;USD;2020;FY;2020-12-31;2021-03-08;2023-02-28;50540000;50650000;234797000;-27222000;207575000;-132798000;74777000;;74777000;-17259000;57518000;;57518000;57518000
LBAI;7962620;USD;2021;FY;2021-12-31;2022-02-28;2024-02-28;50624000;50870000;257196000;10896000;268092000;-138975000;129117000;;127335000;-32294000;95041000;;95041000;95041000
LBAI;7962620;USD;2022;FY;2022-12-31;2023-02-28;2024-02-28;50477000;50477000;340714000;-8514000;332200000;-179602000;152598000;;143992000;-36623000;107369000;;107369000;107369000
LBAI;7962620;USD;2023;FY;2023-12-31;2024-02-28;2024-02-28;65039000;65217000;306819000;-13052000;293767000;-182110000;111657000;;110793000;-26053000;84740000;;84740000;84740000
LBC;7962858;USD;2020;FY;2020-12-31;2021-03-11;2022-03-14;53216000;53216000;141143000;-10550000;130593000;-73934000;56659000;;56659000;-16747000;39912000;;39912000;39912000
LBC;7962858;USD;2021;FY;2021-12-31;2022-03-14;2023-02-22;51619412;51619412;172345000;10800000;183145000;-59145000;124000000;;124000000;-36247000;87753000;;87753000;87753000
LBC;7962858;USD;2022;FY;2022-12-31;2023-02-22;2023-02-22;50832609;51962222;178914000;-1150000;177764000;-64027000;113737000;;113737000;-33539000;80198000;;80198000;80198000
LC;778892;USD;2022;FY;2022-12-31;2023-02-09;2025-02-13;100320691;108096823;1187216000;-267326000;919890000;-766853000;153037000;;153037000;136648000;289685000;;289685000;289685000
LEVL;9076279;USD;2020;FY;2020-12-31;2021-03-12;2022-03-11;7627000;7686000;96470000;-11872000;84598000;-58578000;26020000;;24366000;-3953000;20413000;;20413000;19934000
LEVL;9076279;USD;2021;FY;2021-12-31;2022-03-11;2022-03-11;7565000;7706000;100971000;725000;101696000;-61839000;39857000;;39857000;-7379000;32478000;;32478000;30603000
LMST;12442278;USD;2020;FY;2020-12-31;2021-02-26;2023-02-28;7435381;7435381;47445000;-4400000;43045000;-32416000;10629000;;10629000;-1624000;9005000;;9005000;9005000
LMST;12442278;USD;2021;FY;2021-12-31;2022-02-25;2023-02-28;7481436;7481436;52661000;-1150000;51511000;-31971000;19540000;;19540000;-4631000;14909000;;14909000;14909000
LMST;12442278;USD;2022;FY;2022-12-31;2023-02-28;2023-02-28;7505556;7505556;57955000;-80000;57875000;-33757000;24118000;;24118000;-5776000;18342000;;18342000;18342000
LOB;6767799;USD;2020;FY;2020-12-31;2021-02-25;2023-02-23;40677496;41771250;280723000;-40658000;240065000;-192676000;47389000;;47389000;12154000;59543000;;59543000;59543000
LOB;6767799;USD;2021;FY;2021-12-31;2022-02-24;2024-02-22;43169935;45071304;456985000;-15210000;441775000;-230987000;210788000;;210788000;-43793000;166995000;;166995000;166995000
LOB;6767799;USD;2022;FY;2022-12-31;2023-02-23;2025-03-18;43862291;44906310;565493000;-40943000;524550000;-314226000;210324000;;210324000;-34116000;176208000;;176208000;176208000
LOB;6767799;USD;2023;FY;2023-12-31;2024-02-22;2026-02-27;44353708;45094879;449305000;-51323000;397982000;-315152000;82830000;;82830000;-8932000;73898000;;73898000;73898000
LOB;6767799;USD;2024;FY;2024-12-31;2025-03-18;2026-02-27;45009567;45820321;488557000;-96212000;392345000;-303110000;89235000;;89235000;-11818000;77417000;;77474000;77474000
MBCN;9075874;USD;2020;FY;2020-12-31;2021-03-12;2022-03-15;6379323;6379323;49378000;-9840000;39538000;-29960000;9578000;;9750000;-1401000;8349000;;8349000;8349000
MBCN;9075874;USD;2021;FY;2021-12-31;2022-03-15;2023-03-15;6186666;6211076;55389000;-700000;54689000;-31991000;22698000;;22698000;-4065000;18633000;;18633000;18633000
MBCN;9075874;USD;2022;FY;2022-12-31;2023-03-15;2024-03-28;6373282;6373282;56923000;;56923000;-35648000;21275000;;18893000;-3220000;15673000;;15673000;15673000
MBCN;9075874;USD;2023;FY;2023-12-31;2024-03-28;2025-03-13;8103230;8126013;71894000;-3002000;68892000;-47664000;21228000;;20755000;-3387000;17368000;;17368000;17368000
MBCN;9075874;USD;2024;FY;2024-12-31;2025-03-13;2025-03-13;8075300;8086098;67893000;-2008000;65885000;-47541000;18344000;;18344000;-2825000;15519000;;15519000;15519000
MBIN;6767775;USD;2020;FY;2020-12-31;2021-03-05;2023-03-16;64670612;64750670;351619000;-11838000;339781000;-96424000;243357000;;243357000;-62824000;180533000;;180533000;166060000
MBIN;6767775;USD;2021;FY;2021-12-31;2022-03-04;2024-03-12;43172078;43325303;435327000;-5012000;430315000;-125385000;304930000;;304930000;-77826000;227104000;;227104000;206231000
MBIN;6767775;USD;2022;FY;2022-12-31;2023-03-16;2025-02-28;43164477;43316904;444487000;-17295000;427192000;-136050000;291142000;;219721000;;219721000;;219721000;193738000
MBIN;6767775;USD;2023;FY;2023-12-31;2024-03-12;2026-02-27;43224042;43345799;562739000;-40231000;522508000;-174601000;347907000;;279234000;;279234000;;279234000;244564000
MBIN;6767775;USD;2024;FY;2024-12-31;2025-02-28;2026-02-27;44855100;45004786;670732000;-24278000;646454000;-223812000;422642000;;320386000;;320386000;;320386000;283654000
MBWM;815912;USD;2020;FY;2020-12-31;2021-03-05;2023-03-03;16268689;16269319;167418000;-14050000;153368000;-98520000;54848000;;54848000;-10710000;44138000;;44138000;44138000
MBWM;815912;USD;2021;FY;2021-12-31;2022-03-04;2024-03-01;15696204;15696451;180282000;4300000;184582000;-106846000;77736000;;73716000;-14695000;59021000;;59021000;59021000
MBWM;815912;USD;2022;FY;2022-12-31;2023-03-03;2025-03-03;15696204;15696451;190321000;-6550000;183771000;-106467000;77304000;;75790000;-14727000;61063000;;61063000;61063000
MBWM;815912;USD;2023;FY;2023-12-31;2024-03-01;2026-02-27;16015678;16015678;225688000;-7700000;217988000;-114623000;103365000;;102699000;-20482000;82217000;;82217000;82217000
MBWM;815912;USD;2024;FY;2024-12-31;2025-03-03;2026-02-27;16130696;16130696;231475000;-7400000;224075000;-124081000;99994000;;98286000;-18693000;79593000;;79593000;79593000
MCB;9075824;USD;2020;FY;2020-12-31;2021-03-08;2023-02-28;8221429;8398444;141924000;-9488000;132436000;-74518000;57918000;;57918000;-18452000;39466000;;39466000;39466000
MCBC;745864;USD;2020;FY;2020-12-31;2021-02-18;2022-02-17;34120275;34120275;85513000;-3000000;82513000;-45725000;36788000;;36788000;-6623000;30165000;;30165000;30165000
MCBC;745864;USD;2021;FY;2021-12-31;2022-02-17;2023-02-16;34229664;34229664;79764000;2050000;81814000;-46090000;35724000;;35724000;-6710000;29014000;;29014000;29014000
MCBC;745864;USD;2022;FY;2022-12-31;2023-02-16;2024-02-15;34229664;34229664;90165000;1125000;91290000;-48226000;43064000;;43064000;-8333000;34731000;;34731000;34731000
MCBC;745864;USD;2023;FY;2023-12-31;2024-02-15;2024-02-15;34301650;34301650;105888000;-550000;105338000;-51591000;53747000;;53747000;-10523000;43224000;;43224000;43224000
MCBS;10656490;USD;2020;FY;2020-12-31;2021-03-15;2023-03-10;25629577;25798549;93331000;-3467000;89864000;-41100000;48764000;;48764000;-12370000;36394000;;36394000;36394000
MCBS;10656490;USD;2021;FY;2021-12-31;2022-03-11;2024-03-11;25602075;25788781;137858000;-6929000;130929000;-48310000;82619000;;82619000;-20918000;61701000;;61701000;61701000
MCBS;10656490;USD;2022;FY;2022-12-31;2023-03-10;2025-03-10;25409654;25688696;137729000;2767000;140496000;-49279000;91217000;;91217000;-28615000;62602000;;62602000;62602000
MCBS;10656490;USD;2023;FY;2023-12-31;2024-03-11;2026-03-16;25205489;25518516;119683000;15000;119698000;-47726000;71972000;;71972000;-20359000;51613000;;51613000;51613000
MCBS;10656490;USD;2024;FY;2024-12-31;2025-03-10;2026-03-16;25283345;25582121;141209000;-516000;140693000;-53379000;87314000;;87314000;-22810000;64504000;;64504000;64504000
MFA;761717;USD;2020;FY;2020-12-31;2021-02-23;2023-02-24;28252063;28252063;163960000;;163960000;-97080000;66880000;;-679390000;;-679390000;;-679390000;-709186000
MFA;761717;USD;2021;FY;2021-12-31;2022-02-23;2024-02-22;28252063;28252063;381356000;44863000;426219000;-120187000;306032000;;328870000;;328870000;;328870000;295995000
MFA;761717;USD;2022;FY;2022-12-31;2023-02-24;2025-02-20;113008250;113008250;-95646000;2646000;-93000000;-164811000;-257811000;;-232432000;851000;-231581000;;-231581000;-264456000
MFA;761717;USD;2023;FY;2023-12-31;2024-02-22;2025-02-20;102215000;103578000;231441000;8853000;240294000;-168004000;72290000;;80442000;-278000;80164000;;80164000;47289000
MFA;761717;USD;2024;FY;2024-12-31;2025-02-20;2025-02-20;103489000;105102000;283470000;3084000;286554000;-170414000;116140000;;119694000;-443000;119251000;;119251000;86376000
MGI;6767807;USD;2020;FY;2020-12-31;2021-02-22;2023-02-24;77800000;77800000;564200000;;564200000;-461200000;103000000;-96900000;6100000;-14000000;-7900000;;-7900000;-7900000
MGI;6767807;USD;2021;FY;2021-12-31;2022-02-25;2023-02-24;89700000;89700000;599500000;;599500000;-525800000;73700000;-73200000;-43600000;5700000;-37900000;;-37900000;-37900000
MGI;6767807;USD;2022;FY;2022-12-31;2023-02-24;2023-02-24;96400000;100100000;619900000;;619900000;-526700000;93200000;-53400000;39800000;-5600000;34200000;;34200000;34200000
MLVF;1249732;USD;2021;FY;2021-09-30;2022-01-10;2022-12-27;7548958;7550766;31823000;-11176000;20647000;-20951000;-304000;;-304000;212000;-92000;;-92000;-92000
MLVF;1249732;USD;2022;FY;2022-09-30;2022-12-27;2022-12-27;7563648;7564212;31641000;;31641000;-22766000;8875000;;8875000;-1924000;6951000;;6951000;6951000
MNSB;10656674;USD;2020;FY;2020-12-31;2021-03-23;2022-03-23;8131334;8131334;53428000;-3610000;49818000;-30258000;19560000;;19560000;-3843000;15717000;;15717000;15082000
MNSB;10656674;USD;2021;FY;2021-12-31;2022-03-23;2023-03-23;7559310;7559310;59646000;1175000;60821000;-32865000;27956000;;27956000;-5785000;22171000;;22171000;20015000
MOFG;7962982;USD;2020;FY;2020-12-31;2021-03-11;2023-03-13;16102000;16110000;191584000;-28369000;163215000;-118393000;44822000;;13322000;-6699000;6623000;;6623000;6623000
MOFG;7962982;USD;2021;FY;2021-12-31;2022-03-10;2024-03-08;15876727;15905035;198734000;7336000;206070000;-116592000;89478000;;89478000;-19992000;69486000;;69486000;69486000
MOFG;7962982;USD;2022;FY;2022-12-31;2023-03-13;2025-03-11;16074000;16074000;213877000;-4492000;209385000;-132788000;76597000;;76597000;-15762000;60835000;;60835000;60835000
MOFG;7962982;USD;2023;FY;2023-12-31;2024-03-08;2025-03-11;15678045;15724842;162595000;-5849000;156746000;-131913000;24833000;;24833000;-3974000;20859000;;20859000;20859000
MOFG;7962982;USD;2024;FY;2024-12-31;2025-03-11;2025-03-11;17029837;17029837;69290000;-8782000;60508000;-144496000;-83988000;;-83988000;23699000;-60289000;;-60289000;-60289000
MS;86439;USD;2020;FY;2020-12-31;2021-02-26;2023-02-24;1603000000;1624000000;48757000000;-761000000;47996000000;-33578000000;14418000000;;14418000000;-3239000000;11179000000;;10996000000;10500000000
MS;86439;USD;2021;FY;2021-12-31;2022-02-24;2024-02-22;1751000000;1785000000;59755000000;-4000000;59751000000;-40083000000;19668000000;;19668000000;-4548000000;15120000000;;15034000000;14566000000
MSBI;7962854;USD;2023;FY;2023-12-31;2024-02-23;2026-03-02;22115869;22124402;363605000;-82560000;281045000;-193083000;87962000;;87962000;-26807000;61155000;;61155000;52242000
MSBI;7962854;USD;2024;FY;2024-12-31;2025-07-01;2026-03-02;21731689;21737958;375087000;-120332000;254755000;-199997000;54758000;;46900000;-8856000;38044000;;38044000;29131000
MTB;335339;USD;2020;FY;2020-12-31;2021-02-22;2023-02-22;128638000;128704000;5954761000;-800000000;5154761000;-3385240000;1769521000;;1769521000;-416369000;1353152000;;1353152000;1353152000
MTB;335339;USD;2021;FY;2021-12-31;2022-02-16;2024-02-21;128834125;128888000;5992000000;75000000;6067000000;-3612000000;2455000000;;2455000000;-596000000;1859000000;;1859000000;1859000000
MTB;335339;USD;2022;FY;2022-12-31;2023-02-22;2025-02-19;128673932;128812000;8179000000;-517000000;7662000000;-5050000000;2612000000;;2612000000;-620000000;1992000000;;1992000000;1992000000
MTB;335339;USD;2023;FY;2023-12-31;2024-02-21;2026-02-18;166361000;167002000;9643000000;-645000000;8998000000;-5379000000;3619000000;;3619000000;-878000000;2741000000;;2741000000;2741000000
MTB;335339;USD;2024;FY;2024-12-31;2025-02-19;2026-02-18;166479000;167319000;9279000000;-610000000;8669000000;-5359000000;3310000000;;3310000000;-722000000;2588000000;;2588000000;2588000000
MVBF;9075866;USD;2020;FY;2020-12-31;2021-03-09;2023-03-16;11821574;12088106;142677000;-16579000;126098000;-97141000;28957000;;46943000;-9532000;37411000;;37411000;36950000
MYFW;10656682;USD;2023;FY;2023-12-31;2024-03-15;2025-03-07;9541050;9725910;95063000;-10355000;84708000;-75637000;9071000;;7061000;-1836000;5225000;;5225000;5225000
MYFW;10656682;USD;2024;FY;2024-12-31;2025-03-07;2026-02-27;9649433;9755804;93003000;-1933000;91070000;-78492000;12578000;;11579000;-3106000;8473000;;8473000;8473000
NAVI;551008;USD;2020;FY;2020-12-31;2021-02-26;2023-02-24;193000000;195000000;1944000000;-155000000;1789000000;-964000000;825000000;;532000000;-120000000;412000000;;412000000;412000000
NAVI;551008;USD;2021;FY;2021-12-31;2022-02-25;2023-02-24;157000000;157000000;2147000000;61000000;2208000000;-1207000000;1001000000;;936000000;-219000000;717000000;;717000000;717000000
NBHC;6767721;USD;2020;FY;2020-12-31;2021-02-24;2023-02-28;30857086;31075857;333204000;-17630000;315574000;-206215000;109359000;;109397000;-20806000;88591000;;88591000;88591000
NBHC;6767721;USD;2021;FY;2021-12-31;2022-02-23;2024-02-27;30727566;31068159;297508000;9293000;306801000;-191830000;114971000;;114971000;-21365000;93606000;;93606000;93606000
NBHC;6767721;USD;2022;FY;2022-12-31;2023-02-28;2025-02-25;32360005;32680932;334147000;-36729000;297418000;-211234000;86184000;;86184000;-14910000;71274000;;71274000;71274000
NBHC;6767721;USD;2023;FY;2023-12-31;2024-02-27;2026-02-24;37937579;38111208;425868000;-8295000;417573000;-241971000;175602000;;175602000;-33554000;142048000;;142048000;142048000
NBTB;6767681;USD;2020;FY;2020-12-31;2021-03-01;2023-03-01;43676987;43988623;461954000;-51134000;410820000;-277733000;133087000;;133087000;-28699000;104388000;;104388000;104388000
NBTB;6767681;USD;2021;FY;2021-12-31;2022-03-01;2024-02-29;43385154;43718804;478882000;8257000;487139000;-287281000;199858000;;199858000;-44973000;154885000;;154885000;154885000
NBTB;6767681;USD;2022;FY;2022-12-31;2023-03-01;2025-02-28;43676987;43988623;517768000;-17147000;500621000;-304465000;196156000;;196156000;-44161000;151995000;;151995000;151995000
NBTB;6767681;USD;2023;FY;2023-12-31;2024-02-29;2026-02-27;44528000;44770000;520397000;-25274000;495123000;-341664000;153459000;;153459000;-34677000;118782000;;118782000;118782000
NBTB;6767681;USD;2024;FY;2024-12-31;2025-02-28;2026-02-27;47165000;47433000;576946000;-19607000;557339000;-377881000;179458000;;179458000;-38817000;140641000;;140641000;140641000
NCBS;6767733;USD;2020;FY;2020-12-31;2021-02-26;2023-02-24;10337000;10541000;191964000;-10300000;181664000;-99699000;81965000;;80945000;-20476000;60469000;;60122000;60122000
NCBS;6767733;USD;2021;FY;2021-12-31;2022-02-25;2024-02-28;10736000;11145000;221138000;-14900000;206238000;-123646000;82592000;;81122000;-20470000;60652000;;60652000;60652000
NCBS;6767733;USD;2022;FY;2022-12-31;2023-02-24;2025-02-25;13909299;14374931;294751000;-11500000;283251000;-158980000;124271000;;125737000;-31477000;94260000;;94260000;94260000
NCBS;6767733;USD;2023;FY;2023-12-31;2024-02-28;2026-02-27;14742675;15070579;310296000;-4990000;305306000;-185677000;119629000;;86632000;-25116000;61516000;;61516000;61516000
NCBS;6767733;USD;2024;FY;2024-12-31;2025-02-25;2026-02-27;15049225;15415822;346120000;-3850000;342270000;-191353000;150917000;;155129000;-31070000;124059000;;124059000;124059000
NRIM;9075878;USD;2023;FY;2023-12-31;2024-03-08;2026-03-06;22405884;22645840;129631000;-3842000;125789000;-94181000;31608000;;31608000;-6214000;25394000;;25394000;25394000
NRIM;9075878;USD;2024;FY;2024-12-31;2025-03-10;2026-03-06;22011188;22335932;155224000;-3293000;151931000;-104937000;46994000;;46994000;-10023000;36971000;;36971000;36971000
NTB;6767697;USD;2020;FY;2020-12-31;2021-02-23;2023-02-22;50509000;50850000;501458000;-8491000;492967000;-344594000;148373000;1222000;149595000;-2378000;147217000;;147217000;147217000
NTRS;407194;USD;2020;FY;2020-12-31;2021-02-23;2023-02-28;208319412;209007986;6100800000;-125000000;5975800000;-4348200000;1627600000;;1627600000;-418300000;1209300000;;1209300000;1153100000
NTRS;407194;USD;2021;FY;2021-12-31;2022-02-28;2024-02-27;207708000;208593000;6464500000;81500000;6546000000;-4535900000;2010100000;;2010100000;-464800000;1545300000;;1545300000;1503500000
NTRS;407194;USD;2022;FY;2022-12-31;2023-02-28;2025-02-24;208309000;208867000;6761200000;-12000000;6749200000;-4982900000;1766300000;;1766300000;-430300000;1336000000;;1336000000;1294200000
NTRS;407194;USD;2023;FY;2023-12-31;2024-02-27;2026-02-24;207248094;207563746;6773500000;-24500000;6749000000;-5284200000;1464800000;;1464800000;-357500000;1107300000;;1107300000;1065500000
NTRS;407194;USD;2024;FY;2024-12-31;2025-02-24;2026-02-24;201263646;201870105;8290400000;3000000;8293400000;-5633900000;2659500000;;2659500000;-628400000;2031100000;;2031100000;1989300000
NWBI;6767641;USD;2021;FY;2021-12-31;2022-02-25;2024-02-23;126181586;127009837;508382000;15788000;524170000;-345362000;178808000;;201124000;-46801000;154323000;;154323000;154323000
NWBI;6767641;USD;2022;FY;2022-12-31;2023-02-24;2025-02-25;126167892;126724093;530927000;-28315000;502612000;-323906000;178706000;;173692000;-40026000;133666000;;133666000;133666000
NWBI;6767641;USD;2023;FY;2023-12-31;2024-02-23;2026-02-25;126668671;126988172;547500000;-22874000;524626000;-344805000;179821000;;175078000;-40121000;134957000;;134957000;134957000
NWBI;6767641;USD;2024;FY;2024-12-31;2025-02-25;2026-02-25;127085446;127699501;521701000;-24505000;497196000;-362774000;134422000;;129546000;-29268000;100278000;;100278000;100278000
NWFL;9075852;USD;2020;FY;2020-12-31;2021-03-09;2022-03-11;7215311;7215311;58256000;-5450000;52806000;-32391000;20415000;;18366000;-3286000;15080000;;15080000;15080000
NWFL;9075852;USD;2021;FY;2021-12-31;2022-03-11;2023-03-17;8178000;8199000;73674000;-4200000;69474000;-38614000;30860000;;30860000;-5945000;24915000;;24915000;24915000
OBNK;7962622;USD;2020;FY;2020-12-31;2021-03-02;2023-02-22;23367221;23511952;256188000;-59900000;196288000;;196288000;;196288000;;196288000;;196288000;196288000
OBNK;7962622;USD;2021;FY;2021-12-31;2022-02-23;2024-02-28;23431504;23608586;278445000;10765000;289210000;;289210000;;289210000;;289210000;;289210000;289210000
OBT;12442270;USD;2020;FY;2020-12-31;2021-03-30;2022-03-30;8977204;8977204;60162000;-5413000;54749000;-40231000;14518000;;14518000;-2839000;11679000;;11679000;11679000
OBT;12442270;USD;2021;FY;2021-12-31;2022-03-30;2023-03-24;9937384;9937384;72563000;-2428000;70135000;-43458000;26677000;;26677000;-5390000;21287000;;21287000;21287000
OCFC;7962616;USD;2020;FY;2020-12-31;2021-03-01;2023-02-24;59919000;60072000;386877000;-59404000;327473000;-230484000;96989000;;81042000;-17733000;63309000;;63309000;63309000
OFED;9075988;USD;2021;FY;2021-06-30;2021-09-21;2022-09-20;5562009;5611095;16850000;;16850000;-11721000;5129000;;5129000;-1064000;4065000;;4065000;4065000
OFED;9075988;USD;2022;FY;2022-06-30;2022-09-20;2022-09-20;5578186;5582931;16963000;;16963000;-11891000;5072000;;5072000;-973000;4099000;;4099000;4099000
OMF;687414;USD;2020;FY;2020-12-31;2021-02-09;2023-02-10;134716012;134919258;3859000000;-1319000000;2540000000;-1524000000;1016000000;;977000000;-247000000;730000000;;730000000;730000000
OMF;687414;USD;2021;FY;2021-12-31;2022-02-11;2024-02-13;131453207;132900000;3926000000;-593000000;3333000000;-1561000000;1772000000;;1741000000;-427000000;1314000000;;1314000000;1314000000
OMF;687414;USD;2022;FY;2022-12-31;2023-02-10;2025-02-07;122211896;124400000;4049000000;-1402000000;2647000000;-1528000000;1119000000;;1155000000;-283000000;872000000;;872000000;872000000
OMF;687414;USD;2023;FY;2023-12-31;2024-02-13;2026-02-06;120382227;120629590;4109000000;-1721000000;2388000000;-1600000000;788000000;;840000000;-199000000;641000000;;641000000;641000000
OMF;687414;USD;2024;FY;2024-12-31;2025-02-07;2026-02-06;119659278;120119983;4361000000;-2040000000;2321000000;-1643000000;678000000;;667000000;-158000000;509000000;;509000000;509000000
ONB;6481068;USD;2020;FY;2020-12-31;2021-02-10;2023-02-22;165509000;166177000;835368000;-42879000;792489000;-536933000;255556000;;255556000;-29147000;226409000;;226409000;226409000
ONB;6481068;USD;2021;FY;2021-12-31;2022-02-10;2024-02-22;165178000;165929000;810619000;29622000;840241000;-501379000;338862000;;338862000;-61324000;277538000;;277538000;277538000
OPBK;9075972;USD;2020;FY;2020-12-31;2021-03-15;2023-03-16;15196351;15223888;56135000;-5961000;50174000;-30605000;19569000;;18234000;-5107000;13127000;;13127000;13127000
OPBK;9075972;USD;2021;FY;2021-12-31;2022-03-18;2024-03-29;15087686;15155347;77043000;-522000;76521000;-32975000;43546000;;40656000;-11816000;28840000;;28840000;28840000
OPBK;9075972;USD;2022;FY;2022-12-31;2023-03-16;2025-03-28;15171240;15231418;94530000;-2976000;91554000;-41437000;50117000;;46724000;-13414000;33310000;;33310000;33310000
OPBK;9075972;USD;2023;FY;2023-12-31;2024-03-29;2026-03-13;15149597;15158857;82868000;-1651000;81217000;-45326000;35891000;;33491000;-9573000;23918000;;23918000;23918000
OPY;505723;USD;2020;FY;2020-12-31;2021-03-01;2023-02-28;12642576;13217335;1182987000;;1182987000;-1013987000;169000000;;169000000;-46014000;122986000;;122986000;122986000
ORRF;9075908;USD;2020;FY;2020-12-31;2021-03-15;2023-03-16;10942000;11034000;111916000;-5325000;106591000;-73256000;33335000;;32511000;-6048000;26463000;;26463000;26463000
OSBC;7962790;USD;2020;FY;2020-12-31;2021-03-08;2023-03-09;29623333;30174072;129238000;-10413000;118825000;-81417000;37408000;;37408000;-9583000;27825000;;27825000;27825000
OSBC;7962790;USD;2021;FY;2021-12-31;2022-03-10;2024-03-07;30208663;30737862;135975000;-4326000;131649000;-103782000;27867000;;27867000;-7823000;20044000;;20044000;20044000
OSBC;7962790;USD;2022;FY;2022-12-31;2023-03-09;2025-03-06;44526655;45213088;249272000;-6550000;242722000;-151173000;91549000;;91549000;-24144000;67405000;;67405000;67405000
OSBC;7962790;USD;2023;FY;2023-12-31;2024-03-07;2026-02-26;44663722;45395010;286110000;-16501000;269609000;-145201000;124408000;;124408000;-32679000;91729000;;91729000;91729000
OSBC;7962790;USD;2024;FY;2024-12-31;2025-03-06;2026-02-26;44828290;45639351;285454000;-12750000;272704000;-159748000;112956000;;112956000;-27692000;85264000;;85264000;85264000
OVBC;9075992;USD;2020;FY;2020-12-31;2021-03-24;2022-03-17;4787446;4787446;51420000;-2980000;48440000;-36133000;12307000;;12307000;-2048000;10259000;;10259000;10259000
OVBC;9075992;USD;2021;FY;2021-12-31;2022-03-17;2023-03-23;4780609;4780609;50877000;419000;51296000;-37280000;14016000;;14016000;-2284000;11732000;;11732000;11732000
OVBC;9075992;USD;2022;FY;2022-12-31;2023-03-23;2023-03-23;4793925;4793925;54940000;32000;54972000;-39040000;15932000;;15932000;-2594000;13338000;;13338000;13338000
OVLY;9075882;USD;2021;FY;2021-12-31;2022-03-31;2023-03-29;8127861;8168500;54261000;635000;54896000;-33219000;21677000;;21677000;-5340000;16337000;;16337000;16337000
PACW;537548;USD;2020;FY;2020-12-31;2021-02-26;2023-02-27;116853000;116853000;1160618000;-339000000;821618000;-512959000;308659000;;-1162401000;-75173000;-1237574000;;-1237574000;-1237574000
PACW;537548;USD;2021;FY;2021-12-31;2022-02-28;2023-02-27;117263000;117263000;1297751000;162000000;1459751000;-628002000;831749000;;822334000;-215375000;606959000;;606959000;606959000
PACW;537548;USD;2022;FY;2022-12-31;2023-02-27;2023-02-27;117263000;117263000;1365589000;-24500000;1341089000;-738818000;602271000;;567568000;-143955000;423613000;;423613000;404274000
PBCT;335764;USD;2020;FY;2020-12-31;2021-03-01;2022-03-01;420300000;422600000;1992600000;-155800000;1836800000;-1211100000;625700000;;348600000;-129000000;219600000;;219600000;205500000
PBCT;335764;USD;2021;FY;2021-12-31;2022-03-01;2022-03-01;418285714;425450000;1892700000;48300000;1941000000;-1183800000;757200000;;757200000;-152300000;604900000;;604900000;590800000
PBFS;11819998;USD;2021;FY;2021-06-30;2021-09-28;2022-09-23;25067550;25067550;57567000;-4050000;53517000;-46357000;7160000;;2660000;-1583000;1077000;;1077000;1077000
PBFS;11819998;USD;2022;FY;2022-06-30;2022-09-23;2023-09-26;25131195;25131195;56452000;550000;57002000;-42464000;14538000;;13338000;-3059000;10279000;;10279000;10279000
PBFS;11819998;USD;2023;FY;2023-06-30;2023-09-26;2025-03-12;25169382;25169382;79689000;;79689000;-51834000;27855000;;27855000;-5907000;21948000;;21948000;21948000
PBFS;11819998;USD;2024;FY;2024-06-30;2024-09-25;2025-03-12;25193848;25223114;82843000;-2700000;80143000;-60734000;19409000;;19409000;-4149000;15260000;;15260000;15260000
PBIP;9076206;USD;2021;FY;2021-09-30;2021-12-17;2021-12-17;7769387;7769387;26878000;-200000;26678000;-17629000;9049000;;9049000;-1269000;7780000;;7780000;7780000
PCB;10656634;USD;2020;FY;2020-12-31;2021-03-11;2023-03-09;15384231;15448892;77929000;-13219000;64710000;-41699000;23011000;;23011000;-6836000;16175000;;16175000;16175000
PCB;10656634;USD;2021;FY;2021-12-31;2022-03-04;2024-03-12;15017637;15253820;95571000;4596000;100167000;-43208000;56959000;;56959000;-16856000;40103000;;40103000;40103000
PCB;10656634;USD;2022;FY;2022-12-31;2023-03-09;2025-03-13;14822018;15065175;104131000;-3602000;100529000;-51126000;49403000;;49403000;-14416000;34987000;;34987000;34987000
PCB;10656634;USD;2023;FY;2023-12-31;2024-03-12;2026-03-16;14301691;14417938;99187000;132000;99319000;-56057000;43262000;;43262000;-12557000;30705000;;30705000;30705000
PCB;10656634;USD;2024;FY;2024-12-31;2025-03-13;2026-03-16;14242057;14342361;99710000;-3401000;96309000;-60023000;36286000;;36286000;-10476000;25810000;;25810000;24976000
PCSB;9076191;USD;2021;FY;2021-06-30;2021-09-10;2022-09-09;14846786;14847579;49839000;673000;50512000;-34754000;15758000;;15758000;-3334000;12424000;;12424000;12424000
PCSB;9076191;USD;2022;FY;2022-06-30;2022-09-09;2022-09-09;14232855;14289020;56258000;-772000;55486000;-35401000;20085000;;18833000;-3954000;14879000;;14879000;14879000
PDLB;10656652;USD;2020;FY;2020-12-31;2021-03-31;2023-03-21;16744561;16791443;51040000;-2443000;48597000;-47539000;1058000;;5235000;-1382000;3853000;;3853000;3853000
PEBK;9075966;USD;2020;FY;2020-12-31;2021-03-19;2023-03-17;5657025;5821622;67036000;-4259000;62777000;-48931000;13846000;;13846000;-2489000;11357000;;11357000;11357000
PEBK;9075966;USD;2021;FY;2021-12-31;2022-03-18;2023-03-17;5576099;5748865;68893000;1163000;70056000;-51127000;18929000;;18929000;-3796000;15133000;;15133000;15133000
PEBK;9075966;USD;2022;FY;2022-12-31;2023-03-17;2023-03-17;5824103;5824103;77797000;-1472000;76325000;-56030000;20295000;;20295000;-4172000;16123000;;16123000;16123000
PEBO;7962664;USD;2020;FY;2020-12-31;2021-03-01;2023-02-27;19721772;19843806;202595000;-26254000;176341000;-133695000;42646000;;42646000;-7879000;34767000;;34767000;34767000
PEBO;7962664;USD;2021;FY;2021-12-31;2022-03-15;2024-02-28;21816511;21959883;241438000;-731000;240707000;-183737000;56970000;;56970000;-9415000;47555000;;47555000;47555000
PEBO;7962664;USD;2022;FY;2022-12-31;2023-02-27;2025-02-27;27908022;27999602;332278000;3510000;335788000;-207147000;128641000;;128641000;-27349000;101292000;;101292000;101292000
PEBO;7962664;USD;2023;FY;2023-12-31;2024-02-28;2026-02-26;32533086;32760808;426787000;-15174000;411613000;-266487000;145126000;;145126000;-31763000;113363000;;113363000;113363000
PEBO;7962664;USD;2024;FY;2024-12-31;2025-02-27;2026-02-26;34779548;35147354;448067000;-24787000;423280000;-273816000;149464000;;149464000;-32259000;117205000;;117205000;117205000
PFBI;9076313;USD;2020;FY;2020-12-31;2021-03-22;2021-03-22;14555556;14886364;76104000;-3450000;72654000;-43905000;28749000;;28749000;-6311000;22438000;;22438000;22438000
PFC;11795302;USD;2021;FY;2021-12-31;2022-03-01;2024-02-28;37183186;37183186;306695000;7052000;313747000;-153245000;160502000;;156423000;-30372000;126051000;;126051000;126051000
PFIS;9075782;USD;2020;FY;2020-12-31;2021-03-16;2023-03-15;7304956;7337843;96443000;-7400000;89043000;-54868000;34175000;;34175000;-4821000;29354000;;29354000;29354000
PFIS;9075782;USD;2021;FY;2021-12-31;2022-03-16;2024-03-15;7196160;7235303;98118000;-1750000;96368000;-55214000;41154000;;53517000;-9998000;43519000;;43519000;43519000
PFIS;9075782;USD;2022;FY;2022-12-31;2023-03-15;2025-03-28;7172501;7207565;107594000;449000;108043000;-63155000;44888000;;45366000;-7276000;38090000;;38090000;38090000
PFIS;9075782;USD;2023;FY;2023-12-31;2024-03-15;2026-03-16;7151471;7151471;100887000;-566000;100321000;-67820000;32501000;;32501000;-5121000;27380000;;27380000;27380000
PFIS;9075782;USD;2024;FY;2024-12-31;2025-03-28;2026-03-16;8586035;8586035;134325000;-19131000;115194000;-106726000;8468000;;8468000;30000;8498000;;8498000;8498000
PFS;6767705;USD;2022;FY;2022-12-31;2023-03-01;2025-02-28;76125889;76226747;505341000;-5004000;500337000;-256103000;244234000;;240106000;-64458000;175648000;;175648000;175648000
PFS;6767705;USD;2023;FY;2023-12-31;2024-02-28;2026-02-27;74844489;74873256;479283000;-28168000;451115000;-267510000;183605000;;175779000;-47381000;128398000;;128398000;128398000
PFS;6767705;USD;2024;FY;2024-12-31;2025-02-28;2026-02-27;109668911;109712732;694727000;-87564000;607163000;-400681000;206482000;;149615000;-34090000;115525000;;115525000;115525000
PGC;726431;USD;2020;FY;2020-12-31;2021-03-12;2023-03-13;18896825;19081187;179889000;-32400000;147489000;-120534000;26955000;;32003000;-5811000;26192000;;26192000;26192000
PKBK;9075894;USD;2024;FY;2024-12-31;2025-03-12;2026-03-11;11954483;12139451;63009000;-728000;62281000;-25984000;36297000;;36297000;-8785000;27512000;;27512000;27492000
PLBC;10656614;USD;2021;FY;2021-12-31;2022-03-17;2024-03-20;5502000;5583000;55650000;-1125000;54525000;;54525000;;54525000;;54525000;;54525000;54525000
PMBC;9076258;USD;2020;FY;2020-12-31;2021-03-15;2021-04-15;23516000;23516000;58319000;-9050000;49269000;-36847000;12422000;;12422000;-4088000;8334000;;8334000;8334000
PNC;348075;USD;2020;FY;2020-12-31;2021-02-26;2023-02-22;427000000;427000000;16901000000;-3175000000;13726000000;-10297000000;3429000000;;3429000000;-426000000;3003000000;4555000000;7517000000;7284000000
PNC;348075;USD;2021;FY;2021-12-31;2022-02-25;2024-02-21;424000000;424000000;19211000000;779000000;19990000000;-13002000000;6988000000;;6988000000;-1263000000;5725000000;;5674000000;5436000000
PNFP;783539;USD;2020;FY;2020-12-31;2021-02-26;2023-02-28;75376489;75654385;1139628000;-203815000;935813000;-564455000;371358000;;371358000;-59037000;312321000;;312321000;304725000
PPBI;6767557;USD;2022;FY;2022-12-31;2023-02-23;2025-02-28;93718293;94091461;785860000;-4832000;781028000;-396670000;384358000;;384358000;-100615000;283743000;;283743000;283743000
PPBI;6767557;USD;2023;FY;2023-12-31;2024-02-23;2025-02-28;94113132;94236875;451121000;-10129000;440992000;-406951000;34041000;;34041000;-3189000;30852000;;30852000;30852000
PPBI;6767557;USD;2024;FY;2024-12-31;2025-02-28;2025-02-28;94579358;94682886;619789000;-4789000;615000000;-402531000;212469000;;212469000;-53667000;158802000;;158802000;158802000
PRAA;6767639;USD;2020;FY;2020-12-31;2021-02-26;2023-02-28;45540000;45860000;;;;;;;208945000;-41203000;167742000;;149339000;149339000
PRAA;6767639;USD;2021;FY;2021-12-31;2022-03-01;2024-02-29;44960000;45330000;1095732000;;1095732000;-720736000;374996000;-123861000;250326000;-54817000;195509000;;183158000;183158000
PRAA;6767639;USD;2022;FY;2022-12-31;2023-02-28;2025-02-27;39638000;39888000;966524000;;966524000;-682047000;284477000;-130677000;154785000;-36787000;117998000;;117147000;117147000
PROV;998465;USD;2021;FY;2021-06-30;2021-09-03;2022-09-02;7464814;7538409;32082000;708000;32790000;-22603000;10187000;;10187000;-2626000;7561000;;7561000;7561000
PROV;998465;USD;2022;FY;2022-06-30;2022-09-02;2023-09-05;7464814;7538409;36311000;2462000;38773000;-25915000;12858000;;12858000;-3765000;9093000;;9093000;9093000
PROV;998465;USD;2023;FY;2023-06-30;2023-09-05;2024-08-30;7142669;7071644;41060000;-374000;40686000;-28270000;12416000;;12416000;-3824000;8592000;;8592000;8592000
PROV;998465;USD;2024;FY;2024-06-30;2024-08-30;2025-08-29;6942918;6959143;38864000;63000;38927000;-28540000;10387000;;10387000;-3036000;7351000;;7351000;7351000
PTRS;12444433;USD;2020;FY;2020-12-31;2021-03-30;2022-03-29;17806000;17832000;52375000;-6894000;45481000;-37325000;8156000;;8048000;-1723000;6325000;;5672000;5672000
PTRS;12444433;USD;2021;FY;2021-12-31;2022-03-29;2023-03-29;17790000;17834000;54751000;-2323000;52428000;-41308000;11120000;;10142000;-2247000;7895000;;7411000;7411000
PTRS;12444433;USD;2022;FY;2022-12-31;2023-03-29;2023-03-29;17828783;17828783;61224000;-1348000;59876000;-40450000;19426000;;18001000;-4512000;13489000;;13617000;13617000
PVBC;12444437;USD;2023;FY;2023-12-31;2024-03-28;2025-03-31;16586180;16594685;65232000;678000;65910000;-51133000;14777000;;14777000;-3823000;10954000;;10954000;10954000
PVBC;12444437;USD;2024;FY;2024-12-31;2025-03-31;2025-03-31;16727370;16782893;56403000;-1003000;55400000;-46019000;9381000;;9381000;-2110000;7271000;;7271000;7271000
PWOD;9075948;USD;2020;FY;2020-12-31;2021-03-11;2023-03-15;7044542;7044542;60391000;-2625000;57766000;-39068000;18698000;;18698000;-3474000;15224000;;15206000;15206000
PWOD;9075948;USD;2021;FY;2021-12-31;2022-03-09;2024-03-13;7061818;7061818;61387000;-640000;60747000;-40905000;19842000;;19842000;-3794000;16048000;;16033000;16033000
QCRH;7962716;USD;2020;FY;2020-12-31;2021-03-12;2023-03-01;15571650;15952637;280748000;-55704000;225044000;-147190000;77854000;;73289000;-12707000;60582000;;60582000;60582000
RBCAA;7962644;USD;2023;FY;2023-12-31;2024-03-14;2026-03-06;19792000;19853000;360235000;-47624000;312611000;-199398000;113213000;;113213000;-22839000;90374000;;90374000;90374000
RBCAA;7962644;USD;2024;FY;2024-12-31;2025-03-06;2026-03-06;19650000;19736000;384804000;-54376000;330428000;-202725000;127703000;;127703000;-26332000;101371000;;101371000;101371000
RBNC;9076262;USD;2020;FY;2020-12-31;2021-03-09;2021-03-09;15394158;15439550;129605000;-8350000;121255000;-76312000;44943000;;38048000;-6935000;31113000;;31412000;31412000
RF;378207;USD;2020;FY;2020-12-31;2021-02-24;2023-02-24;959000000;962000000;6287000000;-1330000000;4957000000;-3643000000;1314000000;;1314000000;-220000000;1094000000;;1094000000;1094000000
RF;378207;USD;2021;FY;2021-12-31;2022-02-24;2024-02-23;949000000;958000000;6438000000;524000000;6962000000;-3747000000;3215000000;;3215000000;-694000000;2521000000;;2521000000;2521000000
RF;378207;USD;2022;FY;2022-12-31;2023-02-24;2025-02-21;935000000;942000000;7215000000;-271000000;6944000000;-4068000000;2876000000;;2876000000;-631000000;2245000000;;2245000000;2146000000
RJF;744727;USD;2021;FY;2021-09-30;2021-11-23;2023-11-21;205700000;211200000;9760000000;;9760000000;-7871000000;1889000000;;1791000000;-388000000;1403000000;;1403000000;1403000000
RJF;744727;USD;2022;FY;2022-09-30;2022-11-22;2024-11-26;209900000;215300000;11003000000;-100000000;10903000000;-8881000000;2022000000;;2022000000;-513000000;1509000000;;1509000000;1505000000
RJF;744727;USD;2023;FY;2023-09-30;2023-11-21;2025-11-25;211800000;216900000;11619000000;-132000000;11487000000;-9207000000;2280000000;;2280000000;-541000000;1739000000;;1739000000;1733000000
RJF;744727;USD;2024;FY;2024-09-30;2024-11-26;2025-11-25;207100000;212300000;12821000000;-45000000;12776000000;-10133000000;2643000000;;2643000000;-575000000;2068000000;;2068000000;2063000000
RRBI;10656512;USD;2024;FY;2024-12-31;2025-03-14;2026-03-13;6898286;6918060;109735000;-1200000;108535000;-66154000;42381000;;42381000;-8146000;34235000;;34235000;34235000
RVRF;11819934;USD;2020;FY;2020-12-31;2021-03-16;2022-03-15;6498085;6571301;67080000;-8615000;58465000;-36780000;21685000;;21685000;-4595000;17090000;;17090000;17090000
RVRF;11819934;USD;2021;FY;2021-12-31;2022-03-15;2023-03-14;6537505;6613227;80691000;-4744000;75947000;-43748000;32199000;;32199000;-7163000;25036000;;25036000;25036000
RVSB;9076020;USD;2024;FY;2025-03-31;2025-06-12;2025-06-12;21063467;21063467;50600000;-100000;50500000;-44262000;6238000;;6238000;-1335000;4903000;;4903000;4903000
SAL;12444375;USD;2020;FY;2020-12-31;2021-03-12;2023-03-10;11192000;11224000;48469000;-5038000;43431000;-28715000;14716000;;14393000;-2453000;11940000;;11940000;11940000
SAL;12444375;USD;2021;FY;2021-12-31;2022-03-11;2023-03-10;11248000;11344000;52124000;720000;52844000;-31505000;21339000;;20740000;-4267000;16473000;;16473000;16473000
SAL;12444375;USD;2022;FY;2022-12-31;2023-03-10;2023-03-10;5634000;5670000;56741000;-2683000;54058000;-34266000;19792000;;19413000;-3539000;15874000;;15874000;15874000
SASR;6767801;USD;2020;FY;2020-12-31;2021-02-19;2023-02-21;43947000;44132000;465875000;-85669000;380206000;-230608000;149598000;;124424000;-27471000;96953000;;96953000;96953000
SASR;6767801;USD;2021;FY;2021-12-31;2022-02-18;2024-02-20;46691000;46899000;526573000;45556000;572129000;-260425000;311704000;;311659000;-76552000;235107000;;235107000;235107000
SBFG;11033785;USD;2024;FY;2024-12-31;2025-03-07;2026-03-06;6660000;6680000;56939000;-124000;56815000;-42959000;13856000;;13856000;-2386000;11470000;;11470000;11470000
SBSI;7962608;USD;2020;FY;2020-12-31;2021-02-26;2023-02-24;33201000;33281000;236997000;-20201000;216796000;-123307000;93489000;;93489000;-11336000;82153000;;82153000;82153000
SBT;9075808;USD;2020;FY;2020-12-31;2021-03-26;2023-03-16;49840882;49840882;110101000;-54865000;55236000;-84112000;-28876000;;-18876000;5909000;-12967000;;-12967000;-12967000
SCHW;378109;USD;2020;FY;2020-12-31;2021-02-24;2023-02-24;1429000000;1435000000;11691000000;;11691000000;-7391000000;4300000000;;4300000000;-1001000000;3299000000;;3299000000;3043000000
SCHW;378109;USD;2021;FY;2021-12-31;2022-02-24;2024-02-23;1892000000;1902000000;18520000000;;18520000000;-10807000000;7713000000;;7713000000;-1858000000;5855000000;;5855000000;5360000000
SCHW;378109;USD;2022;FY;2022-12-31;2023-02-24;2025-02-26;1885000000;1894000000;20762000000;;20762000000;-11374000000;9388000000;;9388000000;-2205000000;7183000000;;7183000000;6635000000
SCHW;378109;USD;2023;FY;2023-12-31;2024-02-23;2026-02-25;1824000000;1831000000;18837000000;;18837000000;-12459000000;6378000000;;6378000000;-1311000000;5067000000;;5067000000;4649000000
SCHW;378109;USD;2024;FY;2024-12-31;2025-02-26;2026-02-25;1828000000;1834000000;19606000000;;19606000000;-11914000000;7692000000;;7692000000;-1750000000;5942000000;;5942000000;5478000000
SF;1059910;USD;2020;FY;2020-12-31;2021-02-19;2023-02-17;159261000;171859500;3752061000;-33925000;3718136000;-3066976000;651160000;;651160000;-147688000;503472000;;503472000;476211000
SF;1059910;USD;2021;FY;2021-12-31;2022-02-18;2024-02-16;160777500;178438500;4737088000;11502000;4748590000;-3681509000;1067081000;;1067081000;-242223000;824858000;;824858000;789271000
SF;1059910;USD;2022;FY;2022-12-31;2023-02-17;2025-02-26;163272000;176310000;4391439000;-33506000;4357933000;-3472817000;885116000;;885116000;-222961000;662155000;;662155000;624874000
SF;1059910;USD;2023;FY;2023-12-31;2024-02-16;2026-02-24;159102000;169792500;4348944000;-24999000;4323945000;-3617253000;706692000;;706692000;-184156000;522536000;;522536000;485255000
SF;1059910;USD;2024;FY;2024-12-31;2025-02-26;2026-02-24;159102000;169792500;4970320000;-25402000;4944918000;-4016474000;928444000;;928444000;-197065000;731379000;;731379000;694098000
SFBC;158885;USD;2024;FY;2024-12-31;2025-03-18;2026-03-18;2542805;2565938;35657000;120000;35777000;-30162000;5615000;;5646000;-1006000;4640000;;4640000;4640000
SFBS;6767461;USD;2020;FY;2020-12-31;2021-02-26;2023-02-28;107688964;108438074;368153000;-42434000;325719000;-111511000;214208000;;214208000;-44639000;169569000;;169569000;169506000
SFBS;6767461;USD;2021;FY;2021-12-31;2022-02-25;2024-03-01;108321980;108869146;417955000;-31517000;386438000;-133089000;253349000;;253349000;-45615000;207734000;;207734000;207672000
SFBS;6767461;USD;2022;FY;2022-12-31;2023-02-28;2025-03-03;108444908;108444908;476918000;-37607000;439311000;-130483000;308828000;;308828000;-57324000;251504000;;251504000;251442000
SFBS;6767461;USD;2023;FY;2023-12-31;2024-03-01;2026-02-27;108822342;109070630;413482000;-18715000;394767000;-150179000;244588000;;244588000;-37735000;206853000;;206853000;206791000
SFBS;6767461;USD;2024;FY;2024-12-31;2025-03-03;2026-02-27;109056604;109248468;450534000;-21587000;428947000;-149965000;278982000;;278982000;-51740000;227242000;;227242000;227180000
SFNC;6767537;USD;2020;FY;2020-12-31;2021-02-25;2023-02-27;109860000;110173000;879503000;-74973000;804530000;-480205000;324325000;;319794000;-64890000;254904000;;254904000;254852000
SFNC;6767537;USD;2021;FY;2021-12-31;2022-02-25;2024-02-27;109577000;110198000;783347000;32704000;816051000;-467678000;348373000;;332462000;-61306000;271156000;;271156000;271109000
SFNC;6767537;USD;2022;FY;2022-12-31;2023-02-27;2025-02-27;123958000;124470000;887382000;-14074000;873308000;-544272000;329036000;;306560000;-50148000;256412000;;256412000;256412000
SFNC;6767537;USD;2023;FY;2023-12-31;2024-02-27;2026-02-25;126338000;126776000;805692000;-42028000;763664000;-561641000;202023000;;200603000;-25546000;175057000;;175057000;175057000
SFNC;6767537;USD;2024;FY;2024-12-31;2025-02-27;2026-02-25;125489000;126116000;775636000;-46785000;728851000;-557543000;171308000;;171308000;-18615000;152693000;;152693000;152693000
SFST;9075902;USD;2021;FY;2021-12-31;2022-03-04;2024-03-05;7843692;7988980;104833000;12400000;117233000;-56430000;60803000;;60803000;-14092000;46711000;;46711000;46711000
SFST;9075902;USD;2022;FY;2022-12-31;2023-03-06;2025-03-03;7958294;8071690;107201000;-6155000;101046000;-62933000;38113000;;38113000;-8998000;29115000;;29115000;29115000
SFST;9075902;USD;2023;FY;2023-12-31;2024-03-05;2026-02-24;8046633;8078454;87514000;-1260000;86254000;-68827000;17427000;;17427000;-4001000;13426000;;13426000;13426000
SFST;9075902;USD;2024;FY;2024-12-31;2025-03-03;2026-02-24;8080623;8117057;93363000;-125000;93238000;-73326000;19912000;;19912000;-4382000;15530000;;15530000;15530000
SHBI;9075848;USD;2020;FY;2020-12-31;2021-03-26;2022-03-31;12380000;12381000;63346000;-3900000;59446000;-38399000;21047000;;21047000;-5317000;15730000;;15730000;15730000
SHBI;9075848;USD;2021;FY;2021-12-31;2022-03-31;2023-03-30;13119000;13119000;77628000;358000;77986000;-48276000;29710000;;21180000;-5812000;15368000;;15368000;15368000
SHBI;9075848;USD;2022;FY;2022-12-31;2023-03-30;2024-03-15;19847000;19847000;124388000;-1925000;122463000;-78224000;44239000;;42141000;-10964000;31177000;;31177000;31177000
SHBI;9075848;USD;2023;FY;2023-12-31;2024-03-15;2026-03-02;26572000;26574000;168466000;-30953000;137513000;-105973000;31540000;;14184000;-2956000;11228000;;11228000;11228000
SHBI;9075848;USD;2024;FY;2024-12-31;2025-03-10;2026-03-02;33267000;33285000;201696000;-4738000;196958000;-138254000;58704000;;58704000;-14815000;43889000;;43889000;43889000
SI;1302955;USD;2020;FY;2020-12-31;2021-03-08;2022-02-28;18691000;19177000;91541000;-742000;90799000;-59605000;31194000;;31194000;-5156000;26038000;;26038000;26038000
SI;1302955;USD;2021;FY;2021-12-31;2022-02-28;2022-02-28;27527000;27744000;174523000;;174523000;-89120000;85403000;;85403000;-6875000;78528000;;78528000;75512000
SIVB;708168;USD;2020;FY;2020-12-31;2021-03-01;2023-02-24;51685000;52084000;3997000000;-220000000;3777000000;-2035000000;1742000000;;1742000000;-448000000;1294000000;;1208000000;1191000000
SIVB;708168;USD;2021;FY;2021-12-31;2022-03-01;2023-02-24;57723000;58521000;5917000000;-123000000;5794000000;-2941000000;2853000000;;2724000000;-651000000;2073000000;;1833000000;1770000000
SIVB;708168;USD;2022;FY;2022-12-31;2023-02-24;2023-02-24;58987169;59515565;6213000000;-420000000;5793000000;-3571000000;2222000000;;2172000000;-563000000;1609000000;;1672000000;1509000000
SLCT;9076281;USD;2020;FY;2020-12-31;2021-03-11;2021-03-11;17386715;17415680;58569000;-6244000;52325000;-39576000;12749000;;10378000;-2215000;8163000;;8163000;8163000
SMBK;7962930;USD;2020;FY;2020-12-31;2021-03-16;2023-03-16;14955423;15019175;116292000;-8683000;107609000;-72154000;35455000;;30890000;-6558000;24332000;;24332000;24332000
SMBK;7962930;USD;2021;FY;2021-12-31;2022-03-14;2024-03-15;15572537;15699215;137343000;-1633000;135710000;-87690000;48020000;;44319000;-9529000;34790000;;34790000;34790000
SMBK;7962930;USD;2022;FY;2022-12-31;2023-03-16;2025-03-17;16740450;16871369;165216000;-4018000;161198000;-105728000;55470000;;54908000;-11886000;43022000;;43022000;43022000
SMBK;7962930;USD;2023;FY;2023-12-31;2024-03-15;2026-03-16;16805068;16911185;152405000;-3029000;149376000;-113040000;36336000;;36226000;-7633000;28593000;;28593000;28593000
SMBK;7962930;USD;2024;FY;2024-12-31;2025-03-17;2026-03-16;16768956;16875456;171502000;-5153000;166349000;-120890000;45459000;;45459000;-9318000;36141000;;36141000;36141000
SMMF;9075780;USD;2020;FY;2020-12-31;2021-03-11;2023-03-10;12935430;12975385;115565000;-14500000;101065000;-60640000;40425000;;38754000;-7428000;31326000;;31326000;31326000
SMMF;9075780;USD;2021;FY;2021-12-31;2022-03-04;2024-03-12;12943883;13003428;130140000;-4000000;126140000;-67515000;58625000;;57401000;-11663000;45738000;;45738000;45149000
SMMF;9075780;USD;2022;FY;2022-12-31;2023-03-10;2024-03-12;12760649;12821533;147139000;-6950000;140189000;-72765000;67424000;;67310000;-14094000;53216000;;53216000;52316000
SMMF;9075780;USD;2023;FY;2023-12-31;2024-03-12;2024-03-12;14206811;14249129;177445000;-12250000;165195000;-88349000;76846000;;70402000;-15163000;55239000;;55239000;54339000
SNV;1234790;USD;2020;FY;2020-12-31;2021-03-01;2023-02-24;147415000;148210000;2019261000;-355022000;1664239000;-1107706000;556533000;;484665000;-110970000;373695000;;373695000;340532000
SNV;1234790;USD;2021;FY;2021-12-31;2022-02-25;2024-02-23;147415000;148210000;1896325000;106251000;2002576000;-1013216000;989360000;;989360000;-228893000;760467000;;760467000;760467000
SNV;1234790;USD;2022;FY;2022-12-31;2023-02-24;2025-02-21;145364000;146481000;2117619000;-84553000;2033066000;-1068889000;964177000;;964177000;-206275000;757902000;;757902000;757902000
SNV;1234790;USD;2023;FY;2023-12-31;2024-02-23;2025-02-21;146115000;146734000;2134016000;-189079000;1944937000;-1198711000;746226000;;696162000;-154021000;542141000;;543705000;543705000
SNV;1234790;USD;2024;FY;2024-12-31;2025-02-21;2025-02-21;144164000;144998000;1903430000;-136685000;1766745000;-1161792000;604953000;;604953000;-125502000;479451000;;482460000;482460000
SPFI;10656506;USD;2020;FY;2020-12-31;2021-03-11;2023-03-13;18054373;18339033;223888000;-25570000;198318000;-141715000;56603000;;56603000;-11250000;45353000;;45353000;45353000
SPFI;10656506;USD;2021;FY;2021-12-31;2022-03-08;2024-03-15;17953624;18492218;219233000;1918000;221151000;-148030000;73121000;;73121000;-14507000;58614000;;58614000;58614000
SPFI;10656506;USD;2022;FY;2022-12-31;2023-03-13;2025-03-07;17373138;18019828;214621000;2619000;217240000;-144089000;73151000;;73151000;-14911000;58240000;;58240000;58240000
SSB;6480988;USD;2020;FY;2020-12-31;2021-02-26;2023-02-24;54756000;55063000;1137605000;-235989000;901616000;-672951000;228665000;;103972000;16660000;120632000;;120632000;120632000
SSB;6480988;USD;2021;FY;2021-12-31;2022-02-25;2024-03-04;70393000;70889000;1387427000;165273000;1552700000;-869473000;683227000;;604279000;-128736000;475543000;;475543000;475543000
SSB;6480988;USD;2022;FY;2022-12-31;2023-02-24;2025-02-21;74551000;75181000;1644918000;-81855000;1563063000;-898813000;664250000;;633362000;-137313000;496049000;;496049000;496049000
SSBK;10656644;USD;2020;FY;2020-12-31;2021-03-18;2022-03-18;8712857;8712857;50118000;-3300000;46818000;-32185000;14633000;;14633000;-2526000;12107000;;12107000;12107000
SSBK;10656644;USD;2021;FY;2021-12-31;2022-03-18;2023-03-14;8198188;8316536;63716000;-2982000;60734000;-36435000;24299000;;24299000;-5732000;18567000;;18567000;18567000
SSBK;10656644;USD;2022;FY;2022-12-31;2023-03-14;2024-03-14;8712857;8712857;80015000;-5605000;74410000;-39614000;34796000;;34796000;-7725000;27071000;;27071000;27071000
STBA;347280;USD;2020;FY;2020-12-31;2021-03-01;2023-02-24;39070439;39113632;339134000;-131424000;207710000;-184329000;23381000;;21039000;1000;21040000;;21040000;21040000
STT;378219;USD;2020;FY;2020-12-31;2021-02-19;2023-02-16;352865000;357106000;11703000000;-88000000;11615000000;-8666000000;2949000000;;2899000000;-479000000;2420000000;;2420000000;2420000000
STT;378219;USD;2021;FY;2021-12-31;2022-02-17;2024-02-15;365798000;371685000;12027000000;33000000;12060000000;-8824000000;3236000000;;3171000000;-478000000;2693000000;;2693000000;2693000000
STT;378219;USD;2022;FY;2022-12-31;2023-02-16;2025-02-13;365798000;371685000;12148000000;-20000000;12128000000;-8736000000;3392000000;;3327000000;-553000000;2774000000;;2774000000;2660000000
STXB;9076265;USD;2020;FY;2020-12-31;2021-03-05;2022-03-07;17567117;17649463;124811000;-11257000;113554000;-74784000;38770000;;38770000;-7459000;31311000;;31311000;31311000
STXB;9076265;USD;2021;FY;2021-12-31;2022-03-07;2022-03-07;17262221;17781812;128187000;-3711000;124476000;-71751000;52725000;;52725000;-10673000;42052000;;42052000;42052000
SYBT;6767647;USD;2020;FY;2020-12-31;2021-02-26;2023-02-24;22563000;22768000;187820000;-18418000;169402000;-101659000;67743000;;67743000;-8874000;58869000;;58869000;58869000
SYBT;6767647;USD;2021;FY;2021-12-31;2022-02-25;2024-02-27;24898000;25156000;236924000;753000;237677000;-142280000;95397000;;95397000;-20752000;74645000;;74645000;74645000
SYBT;6767647;USD;2022;FY;2022-12-31;2023-02-24;2025-02-27;28672000;28922000;322532000;-10257000;312275000;-171421000;140854000;;120484000;-27190000;93294000;;92972000;92972000
SYBT;6767647;USD;2023;FY;2023-12-31;2024-02-27;2026-02-26;29212000;29343000;339552000;-13796000;325756000;-187829000;137927000;;137927000;-30179000;107748000;;107748000;107748000
SYBT;6767647;USD;2024;FY;2024-12-31;2025-02-27;2026-02-26;29288000;29421000;352270000;-9725000;342545000;-198179000;144366000;;144366000;-29827000;114539000;;114539000;114539000
SYF;493399;USD;2020;FY;2020-12-31;2021-02-11;2023-02-09;589000000;590800000;11162000000;-5310000000;5852000000;-4055000000;1797000000;;1797000000;-412000000;1385000000;;1385000000;1385000000
SYF;493399;USD;2021;FY;2021-12-31;2022-02-10;2024-02-08;537800000;543000000;15712000000;-5254000000;10458000000;-4955000000;5503000000;;5503000000;-1282000000;4221000000;;4221000000;4221000000
TBNK;9075996;USD;2020;FY;2020-12-31;2021-03-19;2022-03-21;9137398;9196689;64370000;-1625000;62745000;-37425000;25320000;;25320000;-6715000;18605000;;18605000;18605000
TBNK;9075996;USD;2021;FY;2021-12-31;2022-03-21;2023-03-17;9059204;9110335;60497000;1592000;62089000;-38286000;23803000;;23803000;-6373000;17430000;;17430000;17430000
TCBI;734517;USD;2020;FY;2020-12-31;2021-02-09;2023-02-09;50430326;50582979;996276000;-258000000;738276000;-686600000;51676000;58026000;91946000;-25657000;66289000;;66289000;56539000
TCBI;734517;USD;2021;FY;2021-12-31;2022-02-09;2024-02-13;50750649;51139555;907067000;30000000;937067000;-599012000;338055000;;338055000;-84116000;253939000;;253939000;235218000
TCBK;6767759;USD;2020;FY;2020-12-31;2021-03-01;2023-03-01;29917000;30028000;312921000;-42813000;270108000;-182758000;87350000;;87350000;-22536000;64814000;;64814000;64814000
TCBK;6767759;USD;2021;FY;2021-12-31;2022-03-01;2024-02-29;29721000;29882000;263279000;6775000;270054000;-106351000;163703000;;163703000;-46048000;117655000;;117655000;117655000
TCBK;6767759;USD;2022;FY;2022-12-31;2023-03-01;2025-03-03;29720784;29882281;322229000;-18470000;303759000;-129852000;173907000;;173907000;-48488000;125419000;;125419000;125419000
TCBK;6767759;USD;2023;FY;2023-12-31;2024-02-29;2026-03-02;33261000;33355000;320690000;-23990000;296700000;-135795000;160905000;;160905000;-43515000;117390000;;117390000;117390000
TCBK;6767759;USD;2024;FY;2024-12-31;2025-03-03;2026-03-02;33088000;33230000;302317000;-6632000;295685000;-140581000;155104000;;155104000;-40236000;114868000;;114868000;114868000
TFC;245217;USD;2020;FY;2020-12-31;2021-02-24;2023-02-28;1347080000;1358289000;22705000000;-2335000000;20370000000;-14037000000;6333000000;;5473000000;-981000000;4492000000;;4482000000;4184000000
TFC;245217;USD;2021;FY;2021-12-31;2022-02-23;2024-02-27;1329979000;1343029000;22296000000;813000000;23109000000;-14294000000;8815000000;;7993000000;-1556000000;6437000000;;6440000000;6033000000
TFC;245217;USD;2022;FY;2022-12-31;2023-02-28;2025-02-25;1347080000;1358289000;19973000000;-777000000;19196000000;-11701000000;7495000000;;7029000000;-1250000000;5779000000;488000000;6260000000;5927000000
TFC;245217;USD;2023;FY;2023-12-31;2024-02-27;2026-02-24;1331963000;1331963000;20022000000;-2109000000;17913000000;-12600000000;5313000000;;-765000000;-738000000;-1503000000;456000000;-1091000000;-1452000000
TFC;245217;USD;2024;FY;2024-12-31;2025-02-25;2026-02-24;1331087000;1331087000;13278000000;-1870000000;11408000000;-12009000000;-601000000;;-601000000;556000000;-45000000;4885000000;4818000000;4469000000
TFSL;360767;USD;2021;FY;2021-09-30;2021-11-24;2023-11-21;277225121;278903373;286929000;9000000;295929000;-195835000;100094000;;100094000;-19087000;81007000;;81007000;81007000
TFSL;360767;USD;2022;FY;2022-09-30;2022-11-22;2024-11-22;276694594;278576254;291200000;-1000000;290200000;-198146000;92054000;;92054000;-17489000;74565000;;74565000;74565000
THFF;7962876;USD;2020;FY;2020-12-31;2021-03-11;2023-03-08;13716000;13716000;188822000;-10528000;178294000;-112758000;65536000;;65536000;-11692000;53844000;;53844000;71109000
THFF;7962876;USD;2021;FY;2021-12-31;2022-03-09;2024-03-11;13190000;13190000;185485000;-2466000;183019000;-117406000;65613000;;65613000;-12626000;52987000;;52987000;40797000
THFF;7962876;USD;2022;FY;2022-12-31;2023-03-08;2025-03-05;13716000;13716000;211758000;2025000;213783000;-126023000;87760000;;87760000;-16651000;71109000;;71109000;-66439000
THFF;7962876;USD;2023;FY;2023-12-31;2024-03-11;2026-03-04;11937000;11937000;209964000;-7295000;202669000;-130176000;72493000;;72493000;-11821000;60672000;;60672000;73559000
THFF;7962876;USD;2024;FY;2024-12-31;2025-03-05;2026-03-04;11812000;11812000;217758000;-16166000;201592000;-144438000;57154000;;57154000;-9879000;47275000;;47275000;42077000
TMP;7962632;USD;2020;FY;2020-12-31;2021-03-01;2023-03-01;14703390;14742040;299199000;-17213000;281986000;-184320000;97666000;;97666000;-19924000;77742000;;77588000;77588000
TRST;10656438;USD;2020;FY;2020-12-31;2021-02-26;2023-03-01;3860200;3860600;170750000;-5600000;165150000;-95704000;69446000;;69446000;-16994000;52452000;;52452000;52452000
TRST;10656438;USD;2021;FY;2021-12-31;2022-02-25;2023-03-01;19259000;19263000;178345000;5450000;183795000;-101662000;82133000;;82133000;-20614000;61519000;;61519000;61519000
TRST;10656438;USD;2022;FY;2022-12-31;2023-03-01;2023-03-01;19131000;19133000;199395000;341000;199736000;-100319000;99417000;;99417000;-24183000;75234000;;75234000;75234000
TSC;988504;USD;2020;FY;2020-12-31;2021-02-25;2022-03-01;28267512;28738468;195149000;-19400000;175749000;-123103000;52646000;;52646000;-7412000;45234000;;45234000;37361000
TSC;988504;USD;2021;FY;2021-12-31;2022-03-01;2022-03-01;31224474;31224474;238005000;-808000;237197000;-146494000;90703000;;90703000;-12643000;78060000;;78060000;65712000
UBFO;9076032;USD;2024;FY;2024-12-31;2025-03-20;2026-03-26;17188384;17199817;51563000;-2963000;48600000;-28280000;20320000;;20320000;-5537000;14783000;;14783000;14783000
UBSI;1234798;USD;2020;FY;2020-12-31;2021-03-01;2023-03-01;120017247;120090232;1044548000;-106562000;937986000;-576274000;361712000;;359740000;-70717000;289023000;;289023000;289023000
UBSI;1234798;USD;2021;FY;2021-12-31;2022-03-01;2024-02-29;120017247;120090232;1020862000;23970000;1044832000;-581925000;462907000;;462853000;-95115000;367738000;;367738000;367738000
UBSI;1234798;USD;2022;FY;2022-12-31;2023-03-01;2025-02-28;134776241;135117512;1049692000;-18822000;1030870000;-554387000;476483000;;475783000;-96156000;379627000;;379627000;379627000
UBSI;1234798;USD;2023;FY;2023-12-31;2024-02-29;2026-02-27;134505058;134753820;1055182000;-31153000;1024029000;-560284000;463745000;;463805000;-97492000;366313000;;366313000;366313000
UBSI;1234798;USD;2024;FY;2024-12-31;2025-02-28;2026-02-27;134947592;135225417;1034763000;-25153000;1009610000;-545106000;464504000;;464579000;-91583000;372996000;;372996000;372996000
UCBI;6767457;USD;2020;FY;2020-12-31;2021-02-25;2023-02-24;83184000;83248000;657868000;-80434000;577434000;-360971000;216463000;;209445000;-45356000;164089000;;164089000;164089000
UMBF;256663;USD;2020;FY;2020-12-31;2021-03-01;2023-02-23;48137791;48343750;1291395000;-130500000;1160895000;-822005000;338890000;;338890000;-52388000;286502000;;286502000;286502000
UMPQ;998459;USD;2020;FY;2020-12-31;2021-02-25;2023-02-24;220216000;220216000;1294528000;-204861000;1089667000;-761151000;328516000;;-1456420000;-67000000;-1523420000;;-1523420000;-1523420000
UMPQ;998459;USD;2021;FY;2021-12-31;2022-02-25;2023-02-24;216624000;217356000;1275965000;42651000;1318616000;-745273000;573343000;;558160000;-137860000;420300000;;420300000;420300000
UMPQ;998459;USD;2022;FY;2022-12-31;2023-02-24;2023-02-24;216980000;216980000;1269544000;-84016000;1185528000;-717594000;467934000;;450578000;-113826000;336752000;;336752000;336752000
UNB;9076036;USD;2020;FY;2020-12-31;2021-03-19;2022-03-24;4474649;4493157;47606000;-2200000;45406000;-30182000;15224000;;15224000;-2419000;12805000;;12805000;12805000
UNB;9076036;USD;2021;FY;2021-12-31;2022-03-24;2023-03-24;4483791;4508948;48671000;;48671000;-32855000;15816000;;15816000;-2646000;13170000;;13170000;13170000
UNB;9076036;USD;2022;FY;2022-12-31;2023-03-24;2024-03-26;4477273;4477273;48877000;;48877000;-33630000;15247000;;15247000;-2632000;12615000;;12615000;12615000
UNB;9076036;USD;2023;FY;2023-12-31;2024-03-26;2025-03-25;4508868;4537396;46584000;499000;47083000;-35369000;11714000;;12877000;-1620000;11257000;;11257000;11257000
UNB;9076036;USD;2024;FY;2024-12-31;2025-03-25;2026-03-20;4523140;4554049;46390000;-930000;45460000;-38027000;7433000;;9130000;-369000;8761000;;8761000;8761000
UNTY;9075858;USD;2023;FY;2023-12-31;2024-03-07;2025-03-07;10207000;10338000;103139000;-3168000;99971000;-46976000;52995000;;52995000;-13288000;39707000;;39707000;39707000
UNTY;9075858;USD;2024;FY;2024-12-31;2025-03-07;2026-03-04;10031000;10202000;107080000;-3949000;103131000;-48741000;54390000;;54390000;-12940000;41450000;;41450000;41450000
USB;378231;USD;2020;FY;2020-12-31;2021-02-23;2023-02-27;1509000000;1510000000;23226000000;-3806000000;19420000000;-13369000000;6051000000;;6051000000;-1066000000;4985000000;;4959000000;4959000000
USB;378231;USD;2021;FY;2021-12-31;2022-02-22;2024-02-20;1509000000;1509000000;22721000000;1173000000;23894000000;-13728000000;10166000000;;10166000000;-2181000000;7985000000;;7963000000;7605000000
USB;378231;USD;2022;FY;2022-12-31;2023-02-27;2024-02-20;1509000000;1510000000;24184000000;-1977000000;22207000000;-14906000000;7301000000;;7301000000;-1463000000;5838000000;;5825000000;5501000000
USB;378231;USD;2023;FY;2023-12-31;2024-02-20;2024-02-20;1559000000;1549000000;28013000000;-2275000000;25738000000;-18873000000;6865000000;;6865000000;-1407000000;5458000000;;5429000000;5051000000
UVSP;7962774;USD;2020;FY;2020-12-31;2021-02-26;2023-02-24;29198000;29268000;252689000;-40794000;211895000;-153559000;58336000;;56897000;-9981000;46916000;;46916000;46916000
UVSP;7962774;USD;2021;FY;2021-12-31;2022-02-25;2024-02-26;29395000;29554000;271607000;10132000;281739000;-167409000;114330000;;114330000;-22529000;91801000;;91801000;91801000
UVSP;7962774;USD;2022;FY;2022-12-31;2023-02-24;2025-02-24;29243773;29243773;296182000;-12198000;283984000;-186590000;97394000;;97210000;-19090000;78120000;;78120000;78120000
UVSP;7962774;USD;2023;FY;2023-12-31;2024-02-26;2026-02-23;29433000;29533000;296821000;-10770000;286051000;-195843000;90208000;;88689000;-17585000;71104000;;71104000;71104000
UVSP;7962774;USD;2024;FY;2024-12-31;2025-02-24;2026-02-23;29401000;29401000;299225000;-5933000;293292000;-197992000;95300000;;95300000;-19369000;75931000;;75931000;75931000
VBTX;7962612;USD;2023;FY;2023-12-31;2024-02-28;2025-03-03;54256000;54256000;418219000;-40471000;377748000;-233464000;144284000;;144284000;-36023000;108261000;;108261000;108261000
VLY;1234800;USD;2020;FY;2020-12-31;2021-02-26;2023-03-01;405152605;407636765;1259685000;-125722000;1133963000;-634112000;499851000;;530066000;-139460000;390606000;;390606000;377918000
WABC;6767779;USD;2021;FY;2021-12-31;2022-03-01;2024-02-29;26855000;26870000;214833000;-2620000;212213000;-95186000;117027000;;117027000;-30518000;86509000;;86509000;86509000
WABC;6767779;USD;2022;FY;2022-12-31;2023-03-01;2025-02-28;26895000;26907000;264952000;-5724000;259228000;-93637000;165591000;;165591000;-43557000;122034000;;122034000;122034000
WABC;6767779;USD;2023;FY;2023-12-31;2024-02-29;2026-02-27;26703000;26706000;323645000;-4604000;319041000;-97462000;221579000;;221579000;-59811000;161768000;;161768000;161768000
WABC;6767779;USD;2024;FY;2024-12-31;2025-02-28;2026-02-27;26685000;26686000;293750000;-5485000;288265000;-99206000;189059000;;189059000;-50423000;138636000;;138636000;138636000
WAFD;1234802;USD;2021;FY;2021-09-30;2021-11-19;2023-11-17;121595665;121657246;551560000;-500000;551060000;-332459000;218601000;;233138000;-49523000;183615000;;183615000;173581000
WAFD;1234802;USD;2022;FY;2022-09-30;2022-11-18;2024-11-20;65287650;65404110;660961000;-3000000;657961000;-358575000;299386000;;300037000;-63707000;236330000;;236330000;221705000
WAFD;1234802;USD;2023;FY;2023-09-30;2023-11-17;2025-11-18;64729006;64736864;743302000;-41500000;701802000;-376035000;325767000;;325076000;-67650000;257426000;;257426000;242801000
WAL;345773;USD;2020;FY;2020-12-31;2021-02-25;2023-02-23;100200000;100500000;1237500000;-123600000;1113900000;-450900000;663000000;;622500000;-115900000;506600000;;506600000;506600000
WAL;345773;USD;2021;FY;2021-12-31;2022-02-25;2024-02-28;103900000;104500000;1946000000;21400000;1967400000;-845500000;1121900000;;1123000000;-223800000;899200000;;899200000;895700000
WAL;345773;USD;2022;FY;2022-12-31;2023-02-23;2025-02-25;100200000;100500000;2540900000;-68100000;2472800000;-1156700000;1316100000;;1316100000;-258800000;1057300000;;1057300000;1044500000
WAL;345773;USD;2023;FY;2023-12-31;2024-02-28;2026-02-23;108300000;108500000;2619600000;-62600000;2557000000;-1676100000;880900000;;933600000;-211200000;722400000;;722400000;709600000
WAL;345773;USD;2024;FY;2024-12-31;2025-02-25;2026-02-23;108600000;109300000;3162100000;-145900000;3016200000;-2025000000;991200000;;991200000;-203500000;787700000;;787700000;774900000
WBS;1234803;USD;2020;FY;2020-12-31;2021-02-26;2023-03-10;89988936;90151000;1176670000;-137750000;1038920000;-758946000;279974000;;279974000;-59353000;220621000;;220621000;212746000
WBS;1234803;USD;2021;FY;2021-12-31;2022-02-25;2024-02-27;89988936;90151000;1224461000;54500000;1278961000;-745100000;533861000;;533861000;-124997000;408864000;;408864000;400989000
WBS;1234803;USD;2022;FY;2022-12-31;2023-03-10;2025-03-03;89988936;90151000;2475069000;-280619000;2194450000;-1396473000;797977000;;797977000;-153694000;644283000;;644283000;628364000
WBS;1234803;USD;2023;FY;2023-12-31;2024-02-27;2026-02-27;171775000;171883000;2651606000;-150747000;2500859000;-1416355000;1084504000;;1084504000;-216664000;867840000;;867840000;843268000
WBS;1234803;USD;2024;FY;2024-12-31;2025-03-03;2026-02-27;169820000;170192000;2590286000;-222000000;2368286000;-1351279000;1017007000;;1017007000;-248300000;768707000;;768707000;744076000
WFC;58953;USD;2020;FY;2020-12-31;2021-02-23;2023-02-21;4118000000;4134200000;74264000000;-14129000000;60135000000;-56131000000;4004000000;;2505000000;1157000000;3662000000;;3377000000;1786000000
WFC;58953;USD;2021;FY;2021-12-31;2022-02-22;2023-02-21;3831100000;3868900000;78492000000;4155000000;82647000000;-53755000000;28892000000;;28816000000;-5578000000;23238000000;;21548000000;20256000000
WFC;58953;USD;2022;FY;2022-12-31;2023-02-21;2025-02-25;3785600000;3818700000;82597000000;-5399000000;77198000000;-55562000000;21636000000;;21636000000;-2607000000;19029000000;;19142000000;17982000000
WFC;58953;USD;2023;FY;2023-12-31;2024-02-20;2025-02-25;3560100000;3600100000;82296000000;-4334000000;77962000000;-54598000000;23364000000;;23364000000;-3399000000;19965000000;;19722000000;18606000000
WMPN;12444395;USD;2021;FY;2021-06-30;2021-09-15;2022-09-08;14541136;14541136;23851000;-133000;23718000;-18830000;4888000;;4726000;-947000;3779000;;3779000;3779000
WMPN;12444395;USD;2022;FY;2022-06-30;2022-09-08;2023-09-07;14255901;14259369;25059000;20000;25079000;-20391000;4688000;;4805000;-568000;4237000;;4237000;4237000
WMPN;12444395;USD;2023;FY;2023-06-30;2023-09-07;2024-09-05;12658818;11571321;25021000;;25021000;-22019000;3002000;;3002000;-200000;2802000;;2802000;2802000
WMPN;12444395;USD;2024;FY;2024-06-30;2024-09-05;2024-09-05;9017723;9074910;19957000;606000;20563000;-20853000;-290000;;-290000;458000;168000;;168000;168000
WNEB;9075960;USD;2020;FY;2020-12-31;2021-03-11;2023-03-10;25047195;25062476;76034000;-7775000;68259000;-50763000;17496000;;14156000;-2941000;11215000;;11215000;11215000
WSBC;739365;USD;2020;FY;2020-12-31;2021-02-26;2023-02-27;67260796;67310584;607665000;-107741000;499924000;-345120000;154804000;;145079000;-23035000;122044000;;122044000;119400000
WSBC;739365;USD;2021;FY;2021-12-31;2022-02-28;2024-02-26;63045061;63183411;590718000;64274000;654992000;-346426000;308566000;;301849000;-59589000;242260000;;242260000;232135000
WSBC;739365;USD;2022;FY;2022-12-31;2023-02-27;2025-03-03;67260796;67310584;591704000;1663000;593367000;-355243000;238124000;;236401000;-44288000;192113000;;192113000;181988000
WSBC;739365;USD;2023;FY;2023-12-31;2024-02-26;2026-03-02;59303210;59427989;601785000;-17734000;584051000;-386172000;197879000;;194049000;-35017000;159032000;;159032000;148907000
WSBC;739365;USD;2024;FY;2024-12-31;2025-03-03;2026-03-02;62589406;62653557;606191000;-19206000;586985000;-395471000;191514000;;185114000;-33604000;151510000;;151510000;141385000
WSBF;7962978;USD;2020;FY;2020-12-31;2021-03-02;2023-02-28;24464000;24607000;297517000;-6340000;291177000;-183061000;108116000;;108116000;-26971000;81145000;;81145000;81145000
WSBF;7962978;USD;2021;FY;2021-12-31;2022-02-28;2023-02-28;23741000;23931000;258710000;3990000;262700000;-170594000;92106000;;92106000;-21315000;70791000;;70791000;70791000
WSFS;6767531;USD;2020;FY;2020-12-31;2021-03-01;2023-02-28;50510000;50547000;666980000;-153180000;513800000;-366054000;147746000;;144956000;-31636000;113320000;;114774000;114774000
WSFS;6767531;USD;2021;FY;2021-12-31;2022-03-01;2024-02-29;47539000;47703000;619129000;117087000;736216000;-376083000;360133000;;357700000;-86095000;271605000;;271442000;271442000
WSFS;6767531;USD;2022;FY;2022-12-31;2023-02-28;2025-02-28;47756156;50546497;923024000;-48089000;874935000;-551853000;323082000;;300609000;-77961000;222648000;;222375000;222375000
WTBA;9075778;USD;2020;FY;2020-12-31;2021-03-01;2023-02-23;16447000;16515000;92435000;-12000000;80435000;-39054000;41381000;;41381000;-8669000;32712000;;32712000;32712000
WTBA;9075778;USD;2021;FY;2021-12-31;2022-02-24;2024-02-22;16534000;16789000;104788000;1500000;106288000;-43380000;62908000;;62908000;-13301000;49607000;;49607000;49607000
WTBA;9075778;USD;2022;FY;2022-12-31;2023-02-23;2025-02-20;16620000;16521212;101948000;2500000;104448000;-45051000;59397000;;59397000;-12998000;46399000;;46399000;46399000
WTBA;9075778;USD;2023;FY;2023-12-31;2024-02-22;2026-02-26;16704000;16750000;79097000;-700000;78397000;-48611000;29786000;;29786000;-5649000;24137000;;24137000;24137000
WTBA;9075778;USD;2024;FY;2024-12-31;2025-02-20;2026-02-26;16806000;16895000;79796000;-1000000;78796000;-51353000;27443000;;27443000;-3393000;24050000;;24050000;24050000
WTFC;1234804;USD;2020;FY;2020-12-31;2021-02-28;2023-02-28;57523000;58019000;1644096000;-214220000;1429876000;-1040095000;389781000;;389781000;-96791000;292990000;;292990000;271613000
