cik,ticker_symbols,company,sector,industry,source,fiscal_year_1,revenue_1,net_income_1,operating_cash_flow_1,fiscal_year_2,revenue_2,net_income_2,operating_cash_flow_2,fiscal_year_3,revenue_3,net_income_3,operating_cash_flow_3,profitable_years_last_3
0000001800,ABT,Abbott Laboratories,Health Care,Health Care Equipment,SimFin annual CSV,2024,41950000000.0,13402000000.0,8558000000.0,2023,40109000000.0,5723000000.0,7261000000.0,2022,43653000000.0,6933000000.0,9581000000.0,3
0000002488,AMD,Advanced Micro Devices,Information Technology,Semiconductors,SimFin annual CSV,2024,25785000000.0,1641000000.0,3041000000.0,2023,22680000000.0,854000000.0,1667000000.0,2022,23601000000.0,1320000000.0,3565000000.0,3
0000002969,APD,Air Products,Materials,Industrial Gases,SimFin annual CSV,2024,12100600000.0,3828200000.0,3646700000.0,2023,12600000000.0,2300200000.0,3205700000.0,2022,12698600000.0,2256100000.0,3170600000.0,3
0000004127,SWKS,Skyworks Solutions,Information Technology,Semiconductors,SimFin annual CSV,2024,4178000000.0,596000000.0,1824700000.0,2023,4772400000.0,982800000.0,1856400000.0,2022,5485500000.0,1275200000.0,1424600000.0,3
0000004281,HWM,Howmet Aerospace,Industrials,Aerospace & Defense,SimFin annual CSV,2024,7430000000.0,1155000000.0,1298000000.0,2023,6640000000.0,765000000.0,901000000.0,2022,5663000000.0,469000000.0,733000000.0,3
0000004904,AEP,American Electric Power,Utilities,Electric Utilities,SimFin annual CSV,2023,18982300000.0,2208100000.0,5012200000.0,2022,19639500000.0,2307200000.0,5288000000.0,2021,16792000000.0,2488100000.0,3839900000.0,3
0000004962,AXP,American Express,Financials,Consumer Finance,SimFin annual CSV,2024,65647000000.0,10129000000.0,14050000000.0,2023,60311000000.0,8374000000.0,18559000000.0,2022,52862000000.0,7514000000.0,21079000000.0,3
0000004977,AFL,Aflac,Financials,Life & Health Insurance,SimFin annual CSV,2024,18927000000.0,5443000000.0,2707000000.0,2023,18701000000.0,4659000000.0,3190000000.0,2022,19140000000.0,4418000000.0,3879000000.0,3
0000005272,AIG,American International Group,Financials,Multi-line Insurance,SimFin annual CSV + SEC Company Facts,2025,27938000000.0,3643000000.0,6243000000.0,2024,27326000000.0,-1404000000.0,3273000000.0,2023,28211000000.0,3643000000.0,6243000000.0,2
0000006281,ADI,Analog Devices,Information Technology,Semiconductors,SimFin annual CSV,2024,9427157000.0,1635273000.0,3852529000.0,2023,12305539000.0,3314579000.0,4817634000.0,2022,12013953000.0,2748561000.0,4475402000.0,3
0000006951,AMAT,Applied Materials,Information Technology,Semiconductor Materials & Equipment,SimFin annual CSV,2024,27176000000.0,7177000000.0,8677000000.0,2023,26517000000.0,6856000000.0,8700000000.0,2022,25785000000.0,6525000000.0,5399000000.0,3
0000007084,ADM,Archer Daniels Midland,Consumer Staples,Agricultural Products & Services,SimFin annual CSV,2024,85530000000.0,1800000000.0,2790000000.0,2023,93935000000.0,3483000000.0,4460000000.0,2022,101556000000.0,4340000000.0,3478000000.0,3
0000008670,ADP,Automatic Data Processing,Industrials,Human Resource & Employment Services,SimFin annual CSV,2025,20560900000.0,4079700000.0,4939700000.0,2024,19202600000.0,3752000000.0,4157600000.0,2023,18012200000.0,3412000000.0,4207600000.0,3
0000008818,AVY,Avery Dennison,Materials,Paper & Plastic Packaging Products & Materials,SimFin annual CSV,2024,8755700000.0,704900000.0,938800000.0,2023,8364300000.0,503000000.0,826000000.0,2022,9039300000.0,757100000.0,961000000.0,3
0000009389,BALL,Ball Corporation,Materials,"Metal, Glass & Plastic Containers",SimFin annual CSV,2024,11795000000.0,4008000000.0,115000000.0,2023,12062000000.0,707000000.0,1863000000.0,2022,13372000000.0,719000000.0,301000000.0,3
0000010456,BAX,Baxter International,Health Care,Health Care Equipment,SimFin annual CSV,2024,10636000000.0,-649000000.0,1033000000.0,2023,10360000000.0,2656000000.0,4027000000.0,2022,10057000000.0,-2433000000.0,1862000000.0,1
0000010795,BDX,Becton Dickinson,Health Care,Health Care Equipment,SimFin annual CSV,2024,20178000000.0,1705000000.0,3843000000.0,2023,19372000000.0,1484000000.0,2990000000.0,2022,18870000000.0,1780000000.0,2470000000.0,3
0000011544,WRB,W. R. Berkley Corporation,Financials,Property & Casualty Insurance,SimFin annual CSV,2024,13638752000.0,1756115000.0,3678368000.0,2023,12142938000.0,1381359000.0,2929238000.0,2022,11166499000.0,1381062000.0,2568604000.0,3
0000012927,BA,Boeing,Industrials,Aerospace & Defense,SimFin annual CSV,2022,66608000000.0,-4935000000.0,3512000000.0,2021,62286000000.0,-4202000000.0,11555000000.0,2020,58158000000.0,-11873000000.0,-18410000000.0,0
0000014272,BMY,Bristol Myers Squibb,Health Care,Pharmaceuticals,SimFin annual CSV,2024,48300000000.0,-8948000000.0,14566000000.0,2023,45006000000.0,8025000000.0,14527000000.0,2022,46159000000.0,6327000000.0,13676000000.0,2
0000014693,BF.B,Brown–Forman,Consumer Staples,Distillers & Vintners,SimFin annual CSV + SEC Company Facts,2026,4178000000.0,1024000000.0,647000000.0,2025,4228000000.0,783000000.0,640000000.0,2024,3933000000.0,838000000.0,936000000.0,3
0000016918,STZ,Constellation Brands,Consumer Staples,Distillers & Vintners,SimFin annual CSV,2024,10208700000.0,-81400000.0,3152200000.0,2023,9961800000.0,1727400000.0,2780000000.0,2022,9452600000.0,-71000000.0,2756900000.0,1
0000018230,CAT,Caterpillar Inc.,Industrials,Construction Machinery & Heavy Transportation Equipment,SimFin annual CSV,2024,64809000000.0,10792000000.0,12035000000.0,2023,67060000000.0,10335000000.0,12885000000.0,2022,59427000000.0,6705000000.0,7766000000.0,3
0000019617,JPM,JPMorgan Chase,Financials,Diversified Banks,SimFin annual CSV,2024,177556000000.0,58471000000.0,-42012000000.0,2023,158104000000.0,49552000000.0,12974000000.0,2022,128695000000.0,37676000000.0,107119000000.0,3
0000020286,CINF,Cincinnati Financial,Financials,Property & Casualty Insurance,SimFin annual CSV,2024,11337000000.0,2292000000.0,2649000000.0,2023,10013000000.0,1843000000.0,2052000000.0,2022,6563000000.0,-487000000.0,2052000000.0,2
0000021076,CLX,Clorox,Consumer Staples,Household Products,SimFin annual CSV,2024,7093000000.0,280000000.0,695000000.0,2023,7389000000.0,149000000.0,1158000000.0,2022,7107000000.0,462000000.0,786000000.0,3
0000021344,KO,Coca-Cola Company (The),Consumer Staples,Soft Drinks & Non-alcoholic Beverages,SimFin annual CSV,2024,47061000000.0,10631000000.0,6805000000.0,2023,45754000000.0,10714000000.0,11599000000.0,2022,43004000000.0,9542000000.0,11018000000.0,3
0000021665,CL,Colgate-Palmolive,Consumer Staples,Household Products,SimFin annual CSV,2024,20101000000.0,2889000000.0,4107000000.0,2023,19457000000.0,2300000000.0,3745000000.0,2022,17967000000.0,1785000000.0,2556000000.0,3
0000024545,TAP,Molson Coors Beverage Company,Consumer Staples,Brewers,SimFin annual CSV,2024,11627000000.0,1122400000.0,1910300000.0,2023,11702100000.0,948900000.0,2079000000.0,2022,10701000000.0,-175300000.0,1502000000.0,2
0000024741,GLW,Corning Inc.,Information Technology,Electronic Components,SimFin annual CSV,2024,13118000000.0,506000000.0,1618000000.0,2023,12588000000.0,581000000.0,2026000000.0,2022,14189000000.0,1316000000.0,2615000000.0,3
0000026172,CMI,Cummins,Industrials,Construction Machinery & Heavy Transportation Equipment,SimFin annual CSV,2024,34102000000.0,3946000000.0,1387000000.0,2023,34065000000.0,735000000.0,3618000000.0,2022,28074000000.0,2151000000.0,1962000000.0,3
0000027419,TGT,Target Corporation,Consumer Staples,Consumer Staples Merchandise Retail,SimFin annual CSV,2024,106566000000.0,4091000000.0,7367000000.0,2023,107412000000.0,4138000000.0,8621000000.0,2022,109120000000.0,2780000000.0,4018000000.0,3
0000027904,DAL,Delta Air Lines,Industrials,Passenger Airlines,SimFin annual CSV,2024,61643000000.0,3457000000.0,8025000000.0,2023,58048000000.0,4609000000.0,6464000000.0,2022,50582000000.0,1318000000.0,6363000000.0,3
0000029534,DG,Dollar General,Consumer Staples,Consumer Staples Merchandise Retail,SimFin annual CSV,2024,40612308000.0,1125253000.0,2996064000.0,2023,38691609000.0,1661274000.0,2391798000.0,2022,37844863000.0,2415989000.0,1984555000.0,3
0000029905,DOV,Dover Corporation,Industrials,Industrial Machinery & Supplies & Components,SimFin annual CSV,2024,7745909000.0,2697126000.0,1087833000.0,2023,7684476000.0,1056828000.0,1219546000.0,2022,7844174000.0,1065376000.0,746754000.0,3
0000029989,OMC,Omnicom Group,Communication Services,Advertising,SimFin annual CSV,2024,15689100000.0,1480600000.0,1733500000.0,2023,14692200000.0,1391400000.0,1421900000.0,2022,14289100000.0,1316500000.0,926500000.0,3
0000031462,ECL,Ecolab,Materials,Specialty Chemicals,SimFin annual CSV,2024,15741400000.0,2112400000.0,3195600000.0,2023,15320200000.0,1372300000.0,2411800000.0,2022,14187800000.0,1091700000.0,1788400000.0,3
0000031791,RVTY,Revvity,Health Care,Health Care Equipment,SimFin annual CSV + SEC Company Facts,2025,2750571000.0,693094000.0,91272000.0,2024,3311822000.0,569179000.0,679810000.0,2023,3827808000.0,943157000.0,1410750000.0,3
0000032604,EMR,Emerson Electric,Industrials,Electrical Components & Equipment,SimFin annual CSV,2024,17492000000.0,1968000000.0,6768000000.0,2023,15165000000.0,13219000000.0,13167000000.0,2022,13804000000.0,3231000000.0,3134000000.0,3
0000033185,EFX,Equifax,Industrials,Research & Consulting Services,SimFin annual CSV,2024,5681100000.0,604100000.0,1324500000.0,2023,5265200000.0,545300000.0,1116800000.0,2022,5122200000.0,696200000.0,757100000.0,3
0000033213,EQT,EQT Corporation,Energy,Oil & Gas Exploration & Production,SimFin annual CSV,2024,5273309000.0,230577000.0,1644087000.0,2023,6908923000.0,1735232000.0,2772584000.0,2022,7497689000.0,1770965000.0,9340886000.0,3
0000034903,FRT,Federal Realty Investment Trust,Real Estate,Retail REITs,SimFin annual CSV,2024,1202452000.0,295208000.0,574563000.0,2023,1132154000.0,236985000.0,555830000.0,2022,1074378000.0,385491000.0,516769000.0,3
0000035527,FITB,Fifth Third Bancorp,Financials,Regional Banks,SimFin annual CSV,2024,8479000000.0,2314000000.0,2829000000.0,2023,8708000000.0,2349000000.0,4484000000.0,2022,8375000000.0,2446000000.0,6428000000.0,3
0000036104,USB,U.S. Bancorp,Financials,Diversified Banks,SimFin annual CSV,2023,28013000000.0,5429000000.0,8447000000.0,2022,24184000000.0,5825000000.0,21119000000.0,2021,22721000000.0,7963000000.0,9870000000.0,3
0000036270,MTB,M&T Bank,Financials,Regional Banks,SimFin annual CSV,2024,9279000000.0,2588000000.0,3610000000.0,2023,9643000000.0,2741000000.0,3905000000.0,2022,8179000000.0,1992000000.0,4574000000.0,3
0000037996,F,Ford Motor Company,Consumer Discretionary,Automobile Manufacturers,SimFin annual CSV,2024,184992000000.0,5879000000.0,15423000000.0,2023,176191000000.0,4347000000.0,14918000000.0,2022,158057000000.0,-1981000000.0,6853000000.0,2
0000038777,BEN,Franklin Resources,Financials,Asset Management & Custody Banks,SimFin annual CSV,2024,8478000000.0,464800000.0,971300000.0,2023,7849400000.0,882800000.0,1089200000.0,2022,8275300000.0,1291900000.0,1956700000.0,3
0000040533,GD,General Dynamics,Industrials,Aerospace & Defense,SimFin annual CSV,2024,47716000000.0,3782000000.0,4112000000.0,2023,42272000000.0,3315000000.0,4710000000.0,2022,39407000000.0,3390000000.0,4941000000.0,3
0000040545,GE,GE Aerospace,Industrials,Aerospace & Defense,SimFin annual CSV,2024,38702000000.0,6555000000.0,4709000000.0,2023,35348000000.0,9482000000.0,5190000000.0,2022,29139000000.0,337000000.0,5915000000.0,3
0000040704,GIS,General Mills,Consumer Staples,Packaged Foods & Meats,SimFin annual CSV,2025,19486600000.0,2295200000.0,2918200000.0,2024,19857200000.0,2496600000.0,3302600000.0,2023,20094200000.0,2593900000.0,2778600000.0,3
0000040987,GPC,Genuine Parts Company,Consumer Discretionary,Distributors,SimFin annual CSV,2024,23486569000.0,904076000.0,1251251000.0,2023,23090610000.0,1316524000.0,1435610000.0,2022,22095973000.0,1182701000.0,1466971000.0,3
0000045012,HAL,Halliburton,Energy,Oil & Gas Equipment & Services,SimFin annual CSV,2024,22944000000.0,2501000000.0,3865000000.0,2023,23018000000.0,2638000000.0,3458000000.0,2022,20297000000.0,1572000000.0,2242000000.0,3
0000046080,HAS,Hasbro,Consumer Discretionary,Leisure Products,SimFin annual CSV,2024,4135500000.0,385600000.0,796200000.0,2023,5003300000.0,-1489300000.0,687200000.0,2022,5856700000.0,203500000.0,403000000.0,2
0000047111,HSY,Hershey Company (The),Consumer Staples,Packaged Foods & Meats,SimFin annual CSV,2024,11202263000.0,2221239000.0,2531596000.0,2023,11164992000.0,1861787000.0,2323190000.0,2022,10419294000.0,1644817000.0,2327837000.0,3
0000047217,HPQ,HP Inc.,Information Technology,"Technology Hardware, Storage & Peripherals",SimFin annual CSV,2024,53559000000.0,2775000000.0,3749000000.0,2023,53718000000.0,3263000000.0,3571000000.0,2022,62910000000.0,3132000000.0,4463000000.0,3
0000048465,HRL,Hormel Foods,Consumer Staples,Packaged Foods & Meats,SimFin annual CSV,2024,11920797000.0,805038000.0,1266740000.0,2023,12110010000.0,793572000.0,1047847000.0,2022,12458806000.0,999987000.0,1134978000.0,3
0000048898,HUBB,Hubbell Incorporated,Industrials,Industrial Machinery & Supplies & Components,SimFin annual CSV,2024,5628500000.0,777600000.0,1009400000.0,2023,5372900000.0,759600000.0,875600000.0,2022,4947900000.0,545900000.0,636200000.0,3
0000049071,HUM,Humana,Health Care,Managed Health Care,SimFin annual CSV,2024,117667000000.0,1207000000.0,2966000000.0,2023,106311000000.0,2489000000.0,3981000000.0,2022,92866000000.0,2806000000.0,4587000000.0,3
0000049196,HBAN,Huntington Bancshares,Financials,Regional Banks,SimFin annual CSV,2024,7385000000.0,1940000000.0,1815000000.0,2023,7360000000.0,1951000000.0,2657000000.0,2022,7254000000.0,2238000000.0,4027000000.0,3
0000049826,ITW,Illinois Tool Works,Industrials,Industrial Machinery & Supplies & Components,SimFin annual CSV,2024,15898000000.0,3488000000.0,3282000000.0,2023,16107000000.0,2957000000.0,3541000000.0,2022,15932000000.0,3034000000.0,2350000000.0,3
0000050863,INTC,Intel,Information Technology,Semiconductors,SimFin annual CSV,2024,53101000000.0,-18756000000.0,8288000000.0,2023,54228000000.0,1689000000.0,11471000000.0,2022,63054000000.0,8014000000.0,15433000000.0,2
0000051143,IBM,IBM,Information Technology,IT Consulting & Other Services,SimFin annual CSV,2024,62753000000.0,6024000000.0,13445000000.0,2023,61860000000.0,7501000000.0,13931000000.0,2022,60530000000.0,1639000000.0,10435000000.0,3
0000051253,IFF,International Flavors & Fragrances,Materials,Specialty Chemicals,SimFin annual CSV,2024,11484000000.0,263000000.0,1070000000.0,2023,11479000000.0,-2591000000.0,1455000000.0,2022,12440000000.0,-1871000000.0,397000000.0,1
0000051434,IP,International Paper,Materials,Paper & Plastic Packaging Products & Materials,SimFin annual CSV,2024,15835000000.0,557000000.0,1678000000.0,2023,16033000000.0,288000000.0,1833000000.0,2022,21161000000.0,1504000000.0,2174000000.0,3
0000052988,J,Jacobs Solutions,Industrials,Construction & Engineering,SimFin annual CSV,2024,11500941000.0,806093000.0,1054673000.0,2023,10851420000.0,665777000.0,974763000.0,2022,9783074000.0,644039000.0,474709000.0,3
0000055785,KMB,Kimberly-Clark,Consumer Staples,Household Products,SimFin annual CSV,2024,20058000000.0,2545000000.0,3234000000.0,2023,20431000000.0,1764000000.0,3542000000.0,2022,20175000000.0,1934000000.0,2733000000.0,3
0000056873,KR,Kroger,Consumer Staples,Food Retail,SimFin annual CSV,2024,147123000000.0,2665000000.0,5794000000.0,2023,150039000000.0,2164000000.0,6788000000.0,2022,148258000000.0,2244000000.0,4498000000.0,3
0000059478,LLY,Lilly (Eli),Health Care,Pharmaceuticals,SimFin annual CSV,2024,45043000000.0,10590000000.0,8818000000.0,2023,34124000000.0,5240000000.0,4240000000.0,2022,28541400000.0,6244800000.0,7585700000.0,3
0000060086,L,Loews Corporation,Financials,Multi-line Insurance,SimFin annual CSV,2024,17568000000.0,1414000000.0,3025000000.0,2023,16021000000.0,1434000000.0,3907000000.0,2022,14183000000.0,822000000.0,3314000000.0,3
0000060667,LOW,Lowe's,Consumer Discretionary,Home Improvement Retail,SimFin annual CSV,2024,83674000000.0,6957000000.0,9625000000.0,2023,86377000000.0,7726000000.0,8140000000.0,2022,97059000000.0,6437000000.0,8589000000.0,3
0000062709,MRSH,Marsh McLennan,Financials,Insurance Brokers,SimFin annual CSV + SEC Company Facts,2025,22736000000.0,3756000000.0,4258000000.0,2024,20720000000.0,3050000000.0,3465000000.0,2023,,3143000000.0,3516000000.0,3
0000062996,MAS,Masco,Industrials,Building Products,SimFin annual CSV,2024,7828000000.0,822000000.0,1075000000.0,2023,7967000000.0,908000000.0,1414000000.0,2022,8680000000.0,844000000.0,1022000000.0,3
0000063754,MKC,McCormick & Company,Consumer Staples,Packaged Foods & Meats,SimFin annual CSV,2024,6723700000.0,781000000.0,921900000.0,2023,6662200000.0,675100000.0,1237300000.0,2022,6350500000.0,675800000.0,651500000.0,3
0000063908,MCD,McDonald's,Consumer Discretionary,Restaurants,SimFin annual CSV,2024,25920000000.0,8224000000.0,9446000000.0,2023,25495000000.0,8470000000.0,9612000000.0,2022,23182000000.0,6177000000.0,7387000000.0,3
0000064040,SPGI,S&P Global,Financials,Financial Exchanges & Data,SimFin annual CSV,2024,14208000000.0,3852000000.0,5689000000.0,2023,12497000000.0,2626000000.0,3710000000.0,2022,11181000000.0,3248000000.0,2603000000.0,3
0000064803,CVS,CVS Health,Health Care,Health Care Services,SimFin annual CSV,2024,372809000000.0,4614000000.0,9107000000.0,2023,357776000000.0,8344000000.0,13426000000.0,2022,322467000000.0,4311000000.0,16177000000.0,3
0000065984,ETR,Entergy,Utilities,Electric Utilities,SimFin annual CSV,2024,11879653000.0,1061184000.0,4488510000.0,2023,12147412000.0,2362310000.0,4294328000.0,2022,13764237000.0,1097138000.0,2585490000.0,3
0000066740,MMM,3M,Industrials,Industrial Conglomerates,SimFin annual CSV,2024,24575000000.0,4173000000.0,1819000000.0,2023,24610000000.0,-6995000000.0,6680000000.0,2022,26161000000.0,5777000000.0,5591000000.0,2
0000068505,MSI,Motorola Solutions,Information Technology,Communications Equipment,SimFin annual CSV,2024,10817000000.0,1577000000.0,2391000000.0,2023,9978000000.0,1709000000.0,2044000000.0,2022,9112000000.0,1363000000.0,1823000000.0,3
0000070858,BAC,Bank of America,Financials,Diversified Banks,SimFin annual CSV,2024,105856000000.0,26973000000.0,-8805000000.0,2023,102769000000.0,26305000000.0,44982000000.0,2022,94950000000.0,27528000000.0,-6327000000.0,3
0000072331,NDSN,Nordson Corporation,Industrials,Industrial Machinery & Supplies & Components,SimFin annual CSV,2024,2689921000.0,467284000.0,556193000.0,2023,2628632000.0,487493000.0,641282000.0,2022,2590278000.0,513103000.0,513131000.0,3
0000072741,ES,Eversource Energy,Utilities,Electric Utilities,SimFin annual CSV,2024,11900809000.0,811653000.0,2159737000.0,2023,11910705000.0,-442240000.0,1646161000.0,2022,12289336000.0,1404875000.0,2401293000.0,2
0000072903,XEL,Xcel Energy,Utilities,Multi-Utilities,SimFin annual CSV,2024,13441000000.0,1936000000.0,4641000000.0,2023,14206000000.0,1771000000.0,5327000000.0,2022,15310000000.0,1736000000.0,3932000000.0,3
0000072971,WFC,Wells Fargo,Financials,Diversified Banks,SimFin annual CSV,2023,82296000000.0,19722000000.0,3035000000.0,2022,82597000000.0,19142000000.0,40358000000.0,2021,78492000000.0,21548000000.0,-11525000000.0,3
0000073124,NTRS,Northern Trust,Financials,Asset Management & Custody Banks,SimFin annual CSV,2024,8290400000.0,2031100000.0,-486000000.0,2023,6773500000.0,1107300000.0,2625600000.0,2022,6761200000.0,1336000000.0,2392400000.0,3
0000073309,NUE,Nucor,Materials,Steel,SimFin annual CSV,2024,30734000000.0,2027000000.0,3979000000.0,2023,34714000000.0,4525000000.0,7112000000.0,2022,41512000000.0,7607000000.0,10072000000.0,3
0000074208,UDR,"UDR, Inc.",Real Estate,Multi-Family Residential REITs,SimFin annual CSV,2024,1671842000.0,89585000.0,876848000.0,2023,1627501000.0,444353000.0,832664000.0,2022,1517386000.0,86924000.0,820071000.0,3
0000075362,PCAR,Paccar,Industrials,Construction Machinery & Heavy Transportation Equipment,SimFin annual CSV,2024,31564300000.0,4162000000.0,4640900000.0,2023,33315500000.0,4600800000.0,4190000000.0,2022,27314300000.0,3011600000.0,3027000000.0,3
0000075677,PKG,Packaging Corporation of America,Materials,Paper & Plastic Packaging Products & Materials,SimFin annual CSV,2024,8383300000.0,805100000.0,1191200000.0,2023,7802400000.0,765200000.0,1315100000.0,2022,8478000000.0,1029800000.0,1495000000.0,3
0000076334,PH,Parker Hannifin,Industrials,Industrial Machinery & Supplies & Components,SimFin annual CSV,2025,19850000000.0,3531000000.0,3776000000.0,2024,19930000000.0,2844000000.0,3384000000.0,2023,19065000000.0,2083000000.0,2980000000.0,3
0000077360,PNR,Pentair,Industrials,Industrial Machinery & Supplies & Components,SimFin annual CSV,2024,4082800000.0,625400000.0,766700000.0,2023,4104500000.0,622700000.0,619200000.0,2022,4121800000.0,480900000.0,363300000.0,3
0000077476,PEP,PepsiCo,Consumer Staples,Soft Drinks & Non-alcoholic Beverages,SimFin annual CSV,2024,91854000000.0,9578000000.0,12507000000.0,2023,91471000000.0,9074000000.0,13442000000.0,2022,86392000000.0,8910000000.0,11136000000.0,3
0000078003,PFE,Pfizer,Health Care,Pharmaceuticals,SimFin annual CSV,2024,63627000000.0,8031000000.0,4703000000.0,2023,59554000000.0,2119000000.0,6514000000.0,2022,101175000000.0,31370000000.0,29267000000.0,3
0000079282,BRO,Brown & Brown,Financials,Insurance Brokers,SimFin annual CSV,2024,4805000000.0,993000000.0,1365000000.0,2023,4257000000.0,871000000.0,1199000000.0,2022,3573000000.0,672000000.0,881000000.0,3
0000079879,PPG,PPG Industries,Materials,Specialty Chemicals,SimFin annual CSV + SEC Company Facts,2025,16242000000.0,1270000000.0,2411000000.0,2024,15614000000.0,1026000000.0,963000000.0,2023,16802000000.0,1439000000.0,1562000000.0,3
0000080424,PG,Procter & Gamble,Consumer Staples,Personal Care Products,SimFin annual CSV,2025,84284000000.0,15974000000.0,17818000000.0,2024,84039000000.0,14879000000.0,19847000000.0,2023,82006000000.0,14653000000.0,16848000000.0,3
0000080661,PGR,Progressive Corporation,Financials,Property & Casualty Insurance,SimFin annual CSV,2023,62108500000.0,3902400000.0,10643300000.0,2022,49610700000.0,721500000.0,6848800000.0,2021,47702000000.0,3350900000.0,7761700000.0,3
0000084839,ROL,"Rollins, Inc.",Industrials,Environmental & Facilities Services,SimFin annual CSV,2024,3388708000.0,466379000.0,624952000.0,2023,3073278000.0,434957000.0,544160000.0,2022,2695823000.0,368599000.0,489821000.0,3
0000086312,TRV,Travelers Companies (The),Financials,Property & Casualty Insurance,SimFin annual CSV,2024,46423000000.0,4999000000.0,9074000000.0,2023,41364000000.0,2991000000.0,7711000000.0,2022,36884000000.0,2842000000.0,6465000000.0,3
0000087347,SLB,Schlumberger,Energy,Oil & Gas Equipment & Services,SimFin annual CSV,2024,36289000000.0,4461000000.0,6602000000.0,2023,33135000000.0,4203000000.0,6637000000.0,2022,28091000000.0,3441000000.0,3720000000.0,3
0000089800,SHW,Sherwin-Williams,Materials,Specialty Chemicals,SimFin annual CSV,2024,23098500000.0,2681400000.0,3153200000.0,2023,23051900000.0,2388800000.0,3521900000.0,2022,22148900000.0,2020100000.0,1924700000.0,3
0000091142,AOS,A. O. Smith,Industrials,Building Products,SimFin annual CSV,2024,3818100000.0,533600000.0,581800000.0,2023,3852800000.0,556600000.0,670300000.0,2022,3753900000.0,235700000.0,391400000.0,3
0000091419,SJM,J.M. Smucker Company (The),Consumer Staples,Packaged Foods & Meats,SimFin annual CSV,2023,8529200000.0,-91300000.0,1194200000.0,2022,7998900000.0,631700000.0,1153200000.0,2021,8002700000.0,876300000.0,1565000000.0,2
0000091440,SNA,Snap-on,Industrials,Industrial Machinery & Supplies & Components,SimFin annual CSV,2024,4707400000.0,1043900000.0,1217500000.0,2023,4730200000.0,1011100000.0,1154200000.0,2022,4492800000.0,911700000.0,675200000.0,3
0000091576,KEY,KeyCorp,Financials,Regional Banks,SimFin annual CSV,2024,4574000000.0,-161000000.0,664000000.0,2023,6383000000.0,967000000.0,2903000000.0,2022,7245010000.0,1917020000.0,4469000000.0,2
0000092122,SO,Southern Company,Utilities,Electric Utilities,SimFin annual CSV + SEC Company Facts,2025,25253000000.0,3976000000.0,7553000000.0,2024,29279000000.0,3428000000.0,6302000000.0,2023,23113000000.0,2309000000.0,6169000000.0,3
0000092230,TFC,Truist Financial,Financials,Diversified Banks,SimFin annual CSV,2024,13278000000.0,4818000000.0,2164000000.0,2023,20022000000.0,-1091000000.0,8631000000.0,2022,19973000000.0,6260000000.0,11081000000.0,2
0000092380,LUV,Southwest Airlines,Industrials,Passenger Airlines,SimFin annual CSV,2024,27483000000.0,465000000.0,462000000.0,2023,26091000000.0,465000000.0,3164000000.0,2022,23814000000.0,539000000.0,3790000000.0,3
0000093410,CVX,Chevron Corporation,Energy,Integrated Oil & Gas,SimFin annual CSV,2024,193414000000.0,17661000000.0,31492000000.0,2023,196913000000.0,21369000000.0,35609000000.0,2022,246252000000.0,35465000000.0,49602000000.0,3
0000093556,SWK,Stanley Black & Decker,Industrials,Industrial Machinery & Supplies & Components,SimFin annual CSV,2024,15365700000.0,267900000.0,1106900000.0,2023,15781100000.0,-238600000.0,1191300000.0,2022,16947400000.0,1056700000.0,-1459500000.0,2
0000093751,STT,State Street Corporation,Financials,Asset Management & Custody Banks,SimFin annual CSV,2022,12148000000.0,2774000000.0,11954000000.0,2021,12027000000.0,2693000000.0,-6710000000.0,2020,11703000000.0,2420000000.0,3532000000.0,3
0000096021,SYY,Sysco,Consumer Staples,Food Distributors,SimFin annual CSV,2025,81370000000.0,1828000000.0,2510000000.0,2024,78844000000.0,1955000000.0,2989000000.0,2023,76325000000.0,1770000000.0,2868000000.0,3
0000097210,TER,Teradyne,Information Technology,Semiconductor Materials & Equipment,SimFin annual CSV,2024,2819880000.0,542372000.0,677990000.0,2023,2676298000.0,448752000.0,590723000.0,2022,3155045000.0,715501000.0,577923000.0,3
0000097476,TXN,Texas Instruments,Information Technology,Semiconductors,SimFin annual CSV,2024,15641000000.0,4799000000.0,6318000000.0,2023,17519000000.0,6510000000.0,6420000000.0,2022,20028000000.0,8749000000.0,9124000000.0,3
0000097745,TMO,Thermo Fisher Scientific,Health Care,Life Sciences Tools & Services,SimFin annual CSV,2024,42879000000.0,6336000000.0,8667000000.0,2023,42857000000.0,5995000000.0,8406000000.0,2022,44915000000.0,6950000000.0,9201000000.0,3
0000100493,TSN,Tyson Foods,Consumer Staples,Packaged Foods & Meats,SimFin annual CSV,2024,53309000000.0,800000000.0,2590000000.0,2023,52881000000.0,-648000000.0,1752000000.0,2022,53282000000.0,3238000000.0,2687000000.0,2
0000100517,UAL,United Airlines Holdings,Industrials,Passenger Airlines,SimFin annual CSV,2024,57063000000.0,3149000000.0,9445000000.0,2023,53717000000.0,2618000000.0,6911000000.0,2022,44955000000.0,737000000.0,6066000000.0,3
0000100885,UNP,Union Pacific Corporation,Industrials,Rail Transportation,SimFin annual CSV,2024,24250000000.0,6747000000.0,9346000000.0,2023,24119000000.0,6379000000.0,8379000000.0,2022,24875000000.0,6998000000.0,9362000000.0,3
0000101829,RTX,RTX Corporation,Industrials,Aerospace & Defense,SimFin annual CSV,2024,80738000000.0,4774000000.0,7159000000.0,2023,68920000000.0,3195000000.0,7883000000.0,2022,67074000000.0,5197020000.0,7168000000.0,3
0000104169,WMT,Walmart,Consumer Staples,Consumer Staples Merchandise Retail,SimFin annual CSV,2024,680985000000.0,19436000000.0,36443000000.0,2023,648125000000.0,15511000000.0,35726000000.0,2022,611289000000.0,11680000000.0,28841000000.0,3
0000105634,EME,Emcor,Industrials,Construction & Engineering,SimFin annual CSV,2024,14566116000.0,1007145000.0,1406340000.0,2023,12582873000.0,632994000.0,899255000.0,2022,11076120000.0,406122000.0,497533000.0,3
0000105770,WST,West Pharmaceutical Services,Health Care,Health Care Supplies,SimFin annual CSV,2024,2893200000.0,492700000.0,653400000.0,2023,2949800000.0,593400000.0,776500000.0,2022,2886900000.0,585900000.0,724000000.0,3
0000106040,WDC,Western Digital,Information Technology,"Technology Hardware, Storage & Peripherals",SimFin annual CSV,2025,9520000000.0,1889000000.0,1691000000.0,2024,6317000000.0,-798000000.0,-294000000.0,2023,6255000000.0,-1684000000.0,-408000000.0,1
0000106535,WY,Weyerhaeuser,Real Estate,Timber REITs,SimFin annual CSV,2024,7124000000.0,396000000.0,1053000000.0,2023,7674000000.0,839000000.0,1480000000.0,2022,10184000000.0,1880000000.0,2877000000.0,3
0000107263,WMB,Williams Companies,Energy,Oil & Gas Storage & Transportation,SimFin annual CSV,2024,10503000000.0,2225000000.0,4974000000.0,2023,10907000000.0,3179000000.0,5938000000.0,2022,10965000000.0,2049000000.0,4889000000.0,3
0000109198,TJX,TJX Companies,Consumer Discretionary,Apparel Retail,SimFin annual CSV,2024,56360000000.0,4864000000.0,6116000000.0,2023,54217000000.0,4474000000.0,6057000000.0,2022,49936000000.0,3498000000.0,4084000000.0,3
0000200406,JNJ,Johnson & Johnson,Health Care,Pharmaceuticals,SimFin annual CSV,2024,88821000000.0,14066000000.0,24266000000.0,2023,85159000000.0,35153000000.0,22791000000.0,2022,79990000000.0,17941000000.0,21194000000.0,3
0000202058,LHX,L3Harris,Industrials,Aerospace & Defense,SimFin annual CSV,2024,21325000000.0,1502000000.0,2559000000.0,2023,19419000000.0,1227000000.0,2096000000.0,2022,17062000000.0,1062000000.0,2158000000.0,3
0000217346,TXT,Textron,Industrials,Aerospace & Defense,SimFin annual CSV,2022,12869000000.0,863000000.0,1488000000.0,2021,12382000000.0,748000000.0,1598000000.0,2020,11651000000.0,309000000.0,768000000.0,3
0000277135,GWW,W. W. Grainger,Industrials,Industrial Machinery & Supplies & Components,SimFin annual CSV,2024,17168000000.0,1909000000.0,2111000000.0,2023,16478000000.0,1829000000.0,2031000000.0,2022,15228000000.0,1547000000.0,1333000000.0,3
0000277948,CSX,CSX Corporation,Industrials,Rail Transportation,SimFin annual CSV,2024,14540000000.0,3470000000.0,5247000000.0,2023,14657000000.0,3668000000.0,5514000000.0,2022,14853000000.0,4114000000.0,5526000000.0,3
0000310158,MRK,Merck & Co.,Health Care,Pharmaceuticals,SimFin annual CSV,2024,64168000000.0,17117000000.0,22884000000.0,2023,60115000000.0,365000000.0,15320000000.0,2022,59283000000.0,14519000000.0,20568000000.0,3
0000310764,SYK,Stryker Corporation,Health Care,Health Care Equipment,SimFin annual CSV,2024,22595000000.0,2993000000.0,4242000000.0,2023,20498000000.0,3165000000.0,3711000000.0,2022,18449000000.0,2358000000.0,2624000000.0,3
0000313616,DHR,Danaher Corporation,Health Care,Life Sciences Tools & Services,SimFin annual CSV,2024,23875000000.0,3899000000.0,6688000000.0,2023,23890000000.0,4764000000.0,7164000000.0,2022,26643000000.0,7209000000.0,8519000000.0,3
0000313927,CHD,Church & Dwight,Consumer Staples,Household Products,SimFin annual CSV,2024,6107100000.0,585300000.0,1148000000.0,2023,5867900000.0,755600000.0,1021300000.0,2022,5375600000.0,413900000.0,885200000.0,3
0000315189,DE,Deere & Company,Industrials,Agricultural & Farm Machinery,SimFin annual CSV,2024,51716000000.0,7100000000.0,9231000000.0,2023,61251000000.0,10166000000.0,8589000000.0,2022,52577000000.0,7131000000.0,4699000000.0,3
0000315293,AON,Aon plc,Financials,Insurance Brokers,SimFin annual CSV,2024,15698000000.0,2654000000.0,3035000000.0,2023,13376000000.0,2564000000.0,3435000000.0,2022,12479000000.0,2589000000.0,3219000000.0,3
0000316709,SCHW,Charles Schwab Corporation,Financials,Investment Banking & Brokerage,SimFin annual CSV,2024,19606000000.0,5942000000.0,2670000000.0,2023,18837000000.0,5067000000.0,19587000000.0,2022,20762000000.0,7183000000.0,2057000000.0,3
0000318154,AMGN,Amgen,Health Care,Biotechnology,SimFin annual CSV,2024,33424000000.0,4090000000.0,11490000000.0,2023,28190000000.0,6717000000.0,8471000000.0,2022,26323000000.0,6552000000.0,9721000000.0,3
0000319201,KLAC,KLA Corporation,Information Technology,Semiconductor Materials & Equipment,SimFin annual CSV,2025,12156162000.0,4061643000.0,4081903000.0,2024,9812247000.0,2761896000.0,3308575000.0,2023,10496056000.0,3387277000.0,3669805000.0,3
0000320187,NKE,"Nike, Inc.",Consumer Discretionary,"Apparel, Accessories & Luxury Goods",SimFin annual CSV,2025,46309000000.0,3219000000.0,3698000000.0,2024,51362000000.0,5700000000.0,7429000000.0,2023,51217000000.0,5070000000.0,5841000000.0,3
0000320193,AAPL,Apple Inc.,Information Technology,"Technology Hardware, Storage & Peripherals",SimFin annual CSV,2024,391035000000.0,93736000000.0,118254000000.0,2023,383285000000.0,96995000000.0,110543000000.0,2022,394328000000.0,99803000000.0,122151000000.0,3
0000320335,GL,Globe Life,Financials,Life & Health Insurance,SimFin annual CSV,2024,5778069000.0,1070762000.0,1402440000.0,2023,5447533000.0,970755000.0,1482425000.0,2022,5226740000.0,894386000.0,1422194000.0,3
0000352541,LNT,Alliant Energy,Utilities,Electric Utilities,SimFin annual CSV,2024,3981000000.0,690000000.0,-1096000000.0,2023,4027000000.0,703000000.0,-1107000000.0,2022,4205000000.0,686000000.0,-906000000.0,3
0000352915,UHS,Universal Health Services,Health Care,Health Care Facilities,SimFin annual CSV + SEC Company Facts,2025,14281976000.0,717795000.0,1267797000.0,2024,13399370000.0,675609000.0,996023000.0,2023,12642117000.0,991590000.0,883695000.0,3
0000354190,AJG,Arthur J. Gallagher & Co.,Financials,Insurance Brokers,SimFin annual CSV,2024,11555000000.0,1463000000.0,2583000000.0,2023,10072000000.0,970000000.0,2032000000.0,2022,8550600000.0,1114200000.0,1390000000.0,3
0000354950,HD,Home Depot (The),Consumer Discretionary,Home Improvement Retail,SimFin annual CSV,2024,159514000000.0,14806000000.0,19810000000.0,2023,152669000000.0,15143000000.0,21172000000.0,2022,157403000000.0,17105000000.0,14615000000.0,3
0000702165,NSC,Norfolk Southern,Industrials,Rail Transportation,SimFin annual CSV,2024,12123000000.0,2622000000.0,4052000000.0,2023,12156000000.0,1827000000.0,3179000000.0,2022,12745000000.0,3270000000.0,4222000000.0,3
0000707549,LRCX,Lam Research,Information Technology,Semiconductor Materials & Equipment,SimFin annual CSV,2025,18435591000.0,5358217000.0,6173264000.0,2024,14905386000.0,3827772000.0,4652269000.0,2023,17428516000.0,4510931000.0,5167767000.0,3
0000711404,COO,Cooper Companies (The),Health Care,Health Care Supplies,SimFin annual CSV,2024,3895400000.0,392300000.0,709300000.0,2023,3593200000.0,294200000.0,607500000.0,2022,3308400000.0,385800000.0,692400000.0,3
0000713676,PNC,PNC Financial Services,Financials,Diversified Banks,SimFin annual CSV + SEC Company Facts,2025,21490000000.0,5647000000.0,10111000000.0,2024,21120000000.0,6113000000.0,9083000000.0,2023,19211000000.0,5725000000.0,7214000000.0,3
0000715957,D,Dominion Energy,Utilities,Multi-Utilities,SimFin annual CSV,2022,13938000000.0,1191000000.0,3700000000.0,2021,11419000000.0,3399000000.0,4037000000.0,2020,14172000000.0,-401000000.0,5227000000.0,2
0000719955,WSM,"Williams-Sonoma, Inc.",Consumer Discretionary,Homefurnishing Retail,SimFin annual CSV,2024,7711541000.0,1125251000.0,1360222000.0,2023,7750652000.0,949762000.0,1680273000.0,2022,8674417000.0,1127904000.0,1052822000.0,3
0000720005,RJF,Raymond James Financial,Financials,Investment Banking & Brokerage,SimFin annual CSV,2024,12821000000.0,2068000000.0,2196000000.0,2023,11619000000.0,1739000000.0,-3563000000.0,2022,11003000000.0,1509000000.0,39000000.0,3
0000721371,CAH,Cardinal Health,Health Care,Health Care Distributors,SimFin annual CSV,2025,222578000000.0,1561000000.0,2397000000.0,2024,226827000000.0,852000000.0,3762000000.0,2023,204979000000.0,330000000.0,2844000000.0,3
0000723125,MU,Micron Technology,Information Technology,Semiconductors,SimFin annual CSV,2025,37378000000.0,8539000000.0,17525000000.0,2024,25111000000.0,778000000.0,8507000000.0,2023,15540000000.0,-5833000000.0,1559000000.0,2
0000723254,CTAS,Cintas,Industrials,Diversified Support Services,SimFin annual CSV,2025,10340181000.0,1812281000.0,2165905000.0,2024,9596615000.0,1571592000.0,2068500000.0,2023,8815769000.0,1348010000.0,1586228000.0,3
0000723531,PAYX,Paychex,Industrials,Human Resource & Employment Services,SimFin annual CSV,2023,5007100000.0,1557300000.0,1706200000.0,2022,4611700000.0,1392800000.0,1589700000.0,2021,4056800000.0,1097500000.0,1260300000.0,3
0000726728,O,Realty Income,Real Estate,Retail REITs,SimFin annual CSV + SEC Company Facts,2025,4078993000.0,872309000.0,2958769000.0,2024,3343681000.0,869408000.0,2563856000.0,2023,2080463000.0,359456000.0,1322189000.0,3
0000726958,CASY,Casey's,Consumer Staples,Food Retail,SimFin annual CSV,2024,14862913000.0,501972000.0,892953000.0,2023,15094475000.0,446691000.0,881951000.0,2022,12952594000.0,339790000.0,788741000.0,3
0000728535,JBHT,J.B. Hunt,Industrials,Cargo Ground Transportation,SimFin annual CSV,2024,12087204000.0,570886000.0,1483156000.0,2023,12829665000.0,728287000.0,1744618000.0,2022,14813999000.0,969351000.0,1776882000.0,3
0000731766,UNH,UnitedHealth Group,Health Care,Managed Health Care,SimFin annual CSV,2024,400278000000.0,14405000000.0,24204000000.0,2023,371622000000.0,22381000000.0,29068000000.0,2022,324162000000.0,20120000000.0,26206000000.0,3
0000731802,ATO,Atmos Energy,Utilities,Gas Utilities,SimFin annual CSV,2024,4165187000.0,1042895000.0,1733746000.0,2023,4275357000.0,885862000.0,3459743000.0,2022,4201662000.0,774398000.0,977584000.0,3
0000732712,VZ,Verizon,Communication Services,Integrated Telecommunication Services,SimFin annual CSV + SEC Company Facts,2025,133974000000.0,11614000000.0,37475000000.0,2024,136835000000.0,21256000000.0,37141000000.0,2023,133613000000.0,22065000000.0,39539000000.0,3
0000732717,T,AT&T,Communication Services,Integrated Telecommunication Services,SimFin annual CSV,2024,122336000000.0,10948000000.0,38771000000.0,2023,122428000000.0,14400000000.0,38314000000.0,2022,120741000000.0,-8524000000.0,35812000000.0,2
0000740260,VTR,Ventas,Real Estate,Health Care REITs,SimFin annual CSV,2022,4129193000.0,-47447000.0,1127447000.0,2021,3828007000.0,49008000.0,1026116000.0,2020,3795357000.0,439149000.0,1450176000.0,2
0000745732,ROST,Ross Stores,Consumer Discretionary,Apparel Retail,SimFin annual CSV,2024,21129219000.0,2090730000.0,2356988000.0,2023,20376941000.0,1874520000.0,2514490000.0,2022,18695829000.0,1512041000.0,1689373000.0,3
0000746515,EXPD,Expeditors International,Industrials,Air Freight & Logistics,SimFin annual CSV,2024,10600515000.0,810073000.0,723361000.0,2023,9300110000.0,752883000.0,1053191000.0,2022,17071284000.0,1357399000.0,2129675000.0,3
0000749251,IT,Gartner,Information Technology,IT Consulting & Other Services,SimFin annual CSV,2024,6267411000.0,1253715000.0,1484922000.0,2023,5906956000.0,882466000.0,1155737000.0,2022,5475846000.0,807799000.0,1101422000.0,3
0000753308,NEE,NextEra Energy,Utilities,Multi-Utilities,SimFin annual CSV,2024,24753000000.0,6946000000.0,13260000000.0,2023,28114000000.0,7310000000.0,11301000000.0,2022,20956000000.0,4147000000.0,8262000000.0,3
0000759944,CFG,Citizens Financial Group,Financials,Regional Banks,SimFin annual CSV,2022,8021000000.0,2073000000.0,4119000000.0,2021,6647000000.0,2319000000.0,2275000000.0,2020,6905000000.0,1057000000.0,111000000.0,3
0000764180,MO,Altria,Consumer Staples,Tobacco,SimFin annual CSV,2023,24483000000.0,8130000000.0,9000000000.0,2022,25096000000.0,5764000000.0,8057000000.0,2021,26013000000.0,2475000000.0,8235000000.0,3
0000764478,BBY,Best Buy,Consumer Discretionary,Computer & Electronics Retail,SimFin annual CSV,2024,41528000000.0,927000000.0,2098000000.0,2023,43452000000.0,1241000000.0,1470000000.0,2022,46298000000.0,1419000000.0,1824000000.0,3
0000764622,PNW,Pinnacle West Capital,Utilities,Multi-Utilities,SimFin annual CSV,2023,4695991000.0,501557000.0,1207697000.0,2022,4324385000.0,483602000.0,1241441000.0,2021,3803835000.0,618720000.0,860014000.0,3
0000765880,DOC,Healthpeak Properties,Real Estate,Health Care REITs,SimFin annual CSV,2023,543463000.0,41876000.0,269298000.0,2022,526635000.0,104366000.0,254777000.0,2021,457699000.0,83965000.0,242777000.0,3
0000766704,WELL,Welltower,Real Estate,Health Care REITs,SimFin annual CSV,2024,7991118000.0,951680000.0,2296460000.0,2023,6637995000.0,340094000.0,1590238000.0,2022,5860615000.0,141214000.0,1316246000.0,3
0000769397,ADSK,Autodesk,Information Technology,Application Software,SimFin annual CSV,2024,6131000000.0,1112000000.0,1607000000.0,2023,5497000000.0,906000000.0,1313000000.0,2022,5005000000.0,823000000.0,2071000000.0,3
0000773840,HON,Honeywell Technologies,Industrials,Industrial Conglomerates,SimFin annual CSV,2024,34717000000.0,5705000000.0,1609000000.0,2023,33009000000.0,5658000000.0,604000000.0,2022,35466000000.0,4966000000.0,5274000000.0,3
0000779152,JKHY,Jack Henry & Associates,Financials,Transaction & Payment Processing Services,SimFin annual CSV,2023,2077702000.0,366646000.0,381559000.0,2022,1942884000.0,362916000.0,504631000.0,2021,1758225000.0,311469000.0,462129000.0,3
0000783325,WEC,WEC Energy Group,Utilities,Electric Utilities,SimFin annual CSV,2024,8599900000.0,1528400000.0,3211800000.0,2023,8893000000.0,1332900000.0,3018400000.0,2022,9597400000.0,1409300000.0,2060700000.0,3
0000788784,PEG,Public Service Enterprise Group,Utilities,Electric Utilities,SimFin annual CSV,2024,10290000000.0,1772000000.0,2264000000.0,2023,11237000000.0,2563000000.0,2398000000.0,2022,9800000000.0,1031000000.0,2180000000.0,3
0000789019,MSFT,Microsoft,Information Technology,Systems Software,SimFin annual CSV,2025,281724000000.0,101832000000.0,136162000000.0,2024,245122000000.0,88136000000.0,118548000000.0,2023,211915000000.0,72361000000.0,87582000000.0,3
0000789570,MGM,MGM Resorts,Consumer Discretionary,Casinos & Gaming,SimFin annual CSV,2024,17240545000.0,746558000.0,2362495000.0,2023,16164249000.0,1142180000.0,2690777000.0,2022,13127485000.0,1473093000.0,1756462000.0,3
0000796343,ADBE,Adobe Inc.,Information Technology,Application Software,SimFin annual CSV,2024,21505000000.0,5560000000.0,8056000000.0,2023,19409000000.0,5428000000.0,7302000000.0,2022,17606000000.0,4756000000.0,7838000000.0,3
0000797468,OXY,Occidental Petroleum,Energy,Oil & Gas Exploration & Production,SimFin annual CSV + SEC Company Facts,2025,23230000000.0,4696000000.0,12308000000.0,2024,36234000000.0,13304000000.0,16810000000.0,2023,28918000000.0,4696000000.0,12286000000.0,3
0000798354,FISV,Fiserv,Financials,Transaction & Payment Processing Services,SimFin annual CSV + SEC Company Facts,2025,19093000000.0,3068000000.0,5162000000.0,2024,17737000000.0,2530000000.0,4618000000.0,2023,16226000000.0,1334000000.0,4034000000.0,3
0000804328,QCOM,Qualcomm,Information Technology,Semiconductors,SimFin annual CSV,2024,38962000000.0,10142000000.0,12202000000.0,2023,35820000000.0,7232000000.0,11299000000.0,2022,44200000000.0,12936000000.0,9096000000.0,3
0000811156,CMS,CMS Energy,Utilities,Multi-Utilities,SimFin annual CSV,2023,7462000000.0,873000000.0,2289000000.0,2022,8596000000.0,825000000.0,889000000.0,2021,7329000000.0,1353000000.0,1819000000.0,3
0000813672,CDNS,Cadence Design Systems,Information Technology,Application Software,SimFin annual CSV,2024,4641264000.0,1055484000.0,1260551000.0,2023,4089986000.0,1041144000.0,1349176000.0,2022,3561718000.0,848952000.0,1241894000.0,3
0000814547,FICO,Fair Isaac,Information Technology,Application Software,SimFin annual CSV,2024,1717526000.0,512811000.0,632964000.0,2023,1513557000.0,429375000.0,468915000.0,2022,1377270000.0,373541000.0,509450000.0,3
0000815097,CCL,Carnival Corporation,Consumer Discretionary,"Hotels, Resorts & Cruise Lines",SimFin annual CSV,2024,25021000000.0,1914000000.0,5922000000.0,2023,21593000000.0,-50000000.0,4280000000.0,2022,12169000000.0,-6093000000.0,-1668000000.0,1
0000815556,FAST,Fastenal,Industrials,Trading Companies & Distributors,SimFin annual CSV,2024,7546000000.0,1150600000.0,1159400000.0,2023,7346700000.0,1155000000.0,1435600000.0,2022,6980600000.0,1086900000.0,935100000.0,3
0000820027,AMP,Ameriprise Financial,Financials,Asset Management & Custody Banks,SimFin annual CSV,2024,17926000000.0,3401000000.0,6595000000.0,2023,16096000000.0,2556000000.0,4685000000.0,2022,14334000000.0,3149000000.0,4407000000.0,3
0000820313,APH,Amphenol,Information Technology,Electronic Components,SimFin annual CSV,2024,15222700000.0,2424000000.0,2814700000.0,2023,12554700000.0,1928000000.0,2528700000.0,2022,12623000000.0,1902300000.0,2174600000.0,3
0000820318,COHR,Coherent Corp.,Information Technology,Electronic Components,SimFin annual CSV + SEC Company Facts,2026,4707688000.0,-156154000.0,545731000.0,2025,5160100000.0,-259458000.0,634025000.0,2024,3316616000.0,234759000.0,413332000.0,1
0000821189,EOG,EOG Resources,Energy,Oil & Gas Exploration & Production,SimFin annual CSV,2022,25702000000.0,7759000000.0,11093000000.0,2021,18642000000.0,4664000000.0,8791000000.0,2020,11032000000.0,-605000000.0,5008000000.0,2
0000822416,PHM,PulteGroup,Consumer Discretionary,Homebuilding,SimFin annual CSV,2024,17946950000.0,3083262000.0,1680794000.0,2023,16061578000.0,2602372000.0,2196762000.0,2022,16002979000.0,2617317000.0,668466000.0,3
0000823768,WM,Waste Management,Industrials,Environmental & Facilities Services,SimFin annual CSV,2024,22063000000.0,2746000000.0,5390000000.0,2023,20426000000.0,2304000000.0,4719000000.0,2022,19698000000.0,2238000000.0,4536000000.0,3
0000827052,EIX,Edison International,Utilities,Electric Utilities,SimFin annual CSV,2022,17220000000.0,824000000.0,3339000000.0,2021,14905000000.0,925000000.0,414000000.0,2020,13578000000.0,871000000.0,1263000000.0,3
0000827054,MCHP,Microchip Technology,Information Technology,Semiconductors,SimFin annual CSV,2024,4401600000.0,-500000.0,898100000.0,2023,7634400000.0,1906900000.0,2892700000.0,2022,8438700000.0,2237700000.0,3621000000.0,2
0000829224,SBUX,Starbucks,Consumer Discretionary,Restaurants,SimFin annual CSV,2024,36176200000.0,3760900000.0,6095600000.0,2023,35975600000.0,4124500000.0,6008700000.0,2022,32250300000.0,3281600000.0,4397300000.0,3
0000831001,C,Citigroup,Financials,Diversified Banks,SimFin annual CSV,2024,81139000000.0,12682000000.0,-19671000000.0,2023,78462000000.0,9228000000.0,-73417000000.0,2022,75338000000.0,14845000000.0,30255000000.0,3
0000831259,FCX,Freeport-McMoRan,Materials,Copper,SimFin annual CSV,2024,25455000000.0,1889000000.0,6785000000.0,2023,22855000000.0,1848000000.0,4911000000.0,2022,22780000000.0,3468000000.0,4835000000.0,3
0000832101,IEX,IDEX Corporation,Industrials,Industrial Machinery & Supplies & Components,SimFin annual CSV,2024,3268800000.0,505000000.0,668100000.0,2023,3273900000.0,596100000.0,716700000.0,2022,3181900000.0,586900000.0,556700000.0,3
0000833444,JCI,Johnson Controls,Industrials,Building Products,SimFin annual CSV,2024,22952000000.0,1705000000.0,1568000000.0,2023,22331000000.0,1849000000.0,1856000000.0,2022,20637000000.0,1532000000.0,1237000000.0,3
0000842023,TECH,Bio-Techne,Health Care,Life Sciences Tools & Services,SimFin annual CSV,2025,1219635000.0,73400000.0,287556000.0,2024,1159060000.0,168105000.0,298981000.0,2023,1136702000.0,285263000.0,254393000.0,3
0000849395,CRH,CRH plc,Materials,Construction Materials,SimFin annual CSV,2024,35572000000.0,3492000000.0,5033000000.0,2023,34949000000.0,3178000000.0,5061000000.0,2022,32723000000.0,3862000000.0,3836000000.0,3
0000849399,GEN,Gen Digital,Information Technology,Systems Software,SimFin annual CSV,2024,3935000000.0,643000000.0,1221000000.0,2023,3800000000.0,607000000.0,2064000000.0,2022,3317000000.0,1334000000.0,757000000.0,3
0000857005,PTC,PTC Inc.,Information Technology,Application Software,SimFin annual CSV,2024,2298472000.0,376333000.0,749984000.0,2023,2097053000.0,245540000.0,610861000.0,2022,1933347000.0,313081000.0,435326000.0,3
0000858877,CSCO,Cisco,Information Technology,Communications Equipment,SimFin annual CSV,2025,56654000000.0,10180000000.0,14193000000.0,2024,53803000000.0,10320000000.0,10880000000.0,2023,56998000000.0,12613000000.0,19886000000.0,3
0000860730,HCA,HCA Healthcare,Health Care,Health Care Facilities,SimFin annual CSV,2024,70603000000.0,5760000000.0,10514000000.0,2023,64968000000.0,5242000000.0,9431000000.0,2022,60233000000.0,5643000000.0,8522000000.0,3
0000860731,TYL,Tyler Technologies,Information Technology,Application Software,SimFin annual CSV,2024,2137803000.0,263026000.0,624633000.0,2023,1951751000.0,165919000.0,380440000.0,2022,1850204000.0,164240000.0,381455000.0,3
0000864749,TRMB,Trimble Inc.,Information Technology,Application Software,SimFin annual CSV,2024,3683300000.0,1504400000.0,531400000.0,2023,3798700000.0,311300000.0,597100000.0,2022,3676300000.0,449700000.0,391200000.0,3
0000865752,MNST,Monster Beverage,Consumer Staples,Soft Drinks & Non-alcoholic Beverages,SimFin annual CSV,2024,7492709000.0,1509048000.0,1928533000.0,2023,7140027000.0,1630988000.0,1717753000.0,2022,6311050000.0,1191624000.0,887699000.0,3
0000866374,FLEX,Flex Ltd.,Information Technology,Electronic Manufacturing Services,SimFin annual CSV,2024,25813000000.0,838000000.0,1505000000.0,2023,26415000000.0,1006000000.0,1326000000.0,2022,28502000000.0,793000000.0,950000000.0,3
0000866787,AZO,AutoZone,Consumer Discretionary,Automotive Retail,SimFin annual CSV,2025,18938717000.0,2498247000.0,3117337000.0,2024,18490268000.0,2662427000.0,3004116000.0,2023,17457209000.0,2528426000.0,2940788000.0,3
0000872589,REGN,Regeneron Pharmaceuticals,Health Care,Biotechnology,SimFin annual CSV,2024,14202000000.0,4412600000.0,4420500000.0,2023,13117200000.0,3953600000.0,4594000000.0,2022,12172900000.0,4338400000.0,5014900000.0,3
0000874716,IDXX,Idexx Laboratories,Health Care,Health Care Equipment,SimFin annual CSV,2024,3897504000.0,887867000.0,929001000.0,2023,3660953000.0,845042000.0,906510000.0,2022,3367324000.0,679089000.0,542984000.0,3
0000874761,AES,AES Corporation,Utilities,Independent Power Producers & Energy Traders,SimFin annual CSV + SEC Company Facts,2025,12668000000.0,249000000.0,3034000000.0,2024,12617000000.0,-546000000.0,2715000000.0,2023,11141000000.0,-409000000.0,1902000000.0,1
0000874766,HIG,Hartford (The),Financials,Property & Casualty Insurance,SimFin annual CSV,2024,26535000000.0,3111000000.0,5909000000.0,2023,24527000000.0,2504000000.0,4220000000.0,2022,22362000000.0,1819000000.0,4008000000.0,3
0000875045,BIIB,Biogen,Health Care,Biotechnology,SimFin annual CSV,2024,9675900000.0,1632200000.0,2875500000.0,2023,9835600000.0,1161100000.0,1547200000.0,2022,10173400000.0,3046900000.0,1384300000.0,3
0000875320,VRTX,Vertex Pharmaceuticals,Health Care,Biotechnology,SimFin annual CSV,2024,11020100000.0,-535600000.0,-680300000.0,2023,9869200000.0,3619600000.0,3479300000.0,2022,8930700000.0,3322000000.0,4129900000.0,2
0000877212,ZBRA,Zebra Technologies,Information Technology,Electronic Equipment & Instruments,SimFin annual CSV,2024,4981000000.0,528000000.0,927000000.0,2023,4584000000.0,296000000.0,-30000000.0,2022,5781000000.0,463000000.0,494000000.0,3
0000878927,ODFL,Old Dominion,Industrials,Cargo Ground Transportation,SimFin annual CSV,2024,5814810000.0,1186073000.0,1659283000.0,2023,5866152000.0,1239502000.0,1569135000.0,2022,6260077000.0,1377159000.0,1691582000.0,3
0000879101,KIM,Kimco Realty,Real Estate,Retail REITs,SimFin annual CSV + SEC Company Facts,2025,1783400000.0,654273000.0,1071607000.0,2024,1727684000.0,125976000.0,861114000.0,2023,1364585000.0,844059000.0,618875000.0,3
0000879169,INCY,Incyte,Health Care,Biotechnology,SimFin annual CSV,2024,4241217000.0,32615000.0,335337000.0,2023,3695649000.0,597599000.0,496487000.0,2022,3394635000.0,340660000.0,969941000.0,3
0000882095,GILD,Gilead Sciences,Health Care,Biotechnology,SimFin annual CSV,2024,28754000000.0,480000000.0,10828000000.0,2023,27116000000.0,5664000000.0,8005000000.0,2022,27281000000.0,4592000000.0,9072000000.0,3
0000882184,DHI,D. R. Horton,Consumer Discretionary,Homebuilding,SimFin annual CSV,2024,36801400000.0,4756400000.0,2189800000.0,2023,35460400000.0,4745700000.0,4304100000.0,2022,33480000000.0,5857500000.0,561800000.0,3
0000882835,ROP,Roper Technologies,Information Technology,Electronic Equipment & Instruments,SimFin annual CSV,2024,7039200000.0,1549300000.0,2393200000.0,2023,6177800000.0,1384200000.0,2035100000.0,2022,5371800000.0,4544700000.0,734600000.0,3
0000883241,SNPS,Synopsys,Information Technology,Application Software,SimFin annual CSV,2024,6127436000.0,2263380000.0,1407029000.0,2023,5318014000.0,1229888000.0,1703274000.0,2022,4615714000.0,984594000.0,1738900000.0,3
0000884887,RCL,Royal Caribbean Group,Consumer Discretionary,"Hotels, Resorts & Cruise Lines",SimFin annual CSV,2024,16485000000.0,2879000000.0,5374000000.0,2023,13900000000.0,1697000000.0,4470000000.0,2022,8840000000.0,-2156000000.0,481000000.0,2
0000885725,BSX,Boston Scientific,Health Care,Health Care Equipment,SimFin annual CSV,2024,16747000000.0,1856000000.0,3434000000.0,2023,14240000000.0,1593000000.0,2505000000.0,2022,12682000000.0,696000000.0,1527000000.0,3
0000886982,GS,Goldman Sachs,Financials,Investment Banking & Brokerage,SimFin annual CSV,2024,53512000000.0,14276000000.0,-13212000000.0,2023,46254000000.0,8516000000.0,-12587000000.0,2022,47365000000.0,11261000000.0,8708000000.0,3
0000895126,EXE,Expand Energy,Energy,Oil & Gas Exploration & Production,SimFin annual CSV,2024,4235000000.0,-714000000.0,1565000000.0,2023,8721000000.0,2419000000.0,2380000000.0,2022,11743000000.0,4936000000.0,4125000000.0,2
0000895421,MS,Morgan Stanley,Financials,Investment Banking & Brokerage,SimFin annual CSV + SEC Company Facts,2025,,9087000000.0,-33536000000.0,2024,,11029000000.0,-6397000000.0,2023,,15034000000.0,33971000000.0,3
0000896159,CB,Chubb Limited,Financials,Property & Casualty Insurance,SimFin annual CSV,2024,55753000000.0,9272000000.0,15904000000.0,2023,49735000000.0,9028000000.0,12182000000.0,2022,43097000000.0,5246000000.0,11258000000.0,3
0000896878,INTU,Intuit,Information Technology,Application Software,SimFin annual CSV,2025,18831000000.0,3869000000.0,6001000000.0,2024,16285000000.0,2963000000.0,4455000000.0,2023,14368000000.0,2384000000.0,5647000000.0,3
0000898173,ORLY,O'Reilly Automotive,Consumer Discretionary,Automotive Retail,SimFin annual CSV,2024,16708479000.0,2386680000.0,3049576000.0,2023,15812250000.0,2346581000.0,3034084000.0,2022,14409860000.0,2172650000.0,3148250000.0,3
0000898293,JBL,Jabil,Information Technology,Electronic Manufacturing Services,SimFin annual CSV,2025,29802000000.0,657000000.0,1640000000.0,2024,28883000000.0,1388000000.0,1716000000.0,2023,34702000000.0,818000000.0,1734000000.0,3
0000899051,ALL,Allstate,Financials,Property & Casualty Insurance,SimFin annual CSV + SEC Company Facts,2025,57094000000.0,-188000000.0,4228000000.0,2024,51411000000.0,-1289000000.0,5121000000.0,2023,50601000000.0,1614000000.0,5116000000.0,1
0000900075,CPRT,Copart,Industrials,Diversified Support Services,SimFin annual CSV,2025,4646958000.0,1552449000.0,1799750000.0,2024,4236823000.0,1363020000.0,1472564000.0,2023,3869518000.0,1237741000.0,1364210000.0,3
0000906107,VMRK,Vivmark Residential,Real Estate,Multi-Family Residential REITs,SimFin annual CSV + SEC Company Facts,2025,,835438000.0,1532798000.0,2024,,776911000.0,1454756000.0,2023,,1332850000.0,1260184000.0,3
0000906163,NVR,"NVR, Inc.",Consumer Discretionary,Homebuilding,SimFin annual CSV,2024,10436315000.0,1681928000.0,7809768000.0,2023,9462615000.0,1591611000.0,7337932000.0,2022,10363808000.0,1725575000.0,8211022000.0,3
0000906345,CPT,Camden Property Trust,Real Estate,Multi-Family Residential REITs,SimFin annual CSV + SEC Company Facts,2025,3451000.0,403309000.0,794950000.0,2024,5188000.0,653613000.0,744712000.0,2023,10532000.0,303907000.0,577467000.0,3
0000909832,COST,Costco,Consumer Staples,Consumer Staples Merchandise Retail,SimFin annual CSV,2025,275235000000.0,8099000000.0,13335000000.0,2024,254453000000.0,7367000000.0,11339000000.0,2023,242290000000.0,6292000000.0,11068000000.0,3
0000910521,DECK,Deckers Brands,Consumer Discretionary,Footwear,SimFin annual CSV,2024,4985612000.0,966091000.0,1110172000.0,2023,4287763000.0,759563000.0,961945000.0,2022,3627286000.0,516822000.0,537422000.0,3
0000910606,REG,Regency Centers,Real Estate,Retail REITs,SimFin annual CSV,2024,1453904000.0,402726000.0,790198000.0,2023,1322466000.0,366565000.0,719591000.0,2022,1224022000.0,484970000.0,655815000.0,3
0000912595,MAA,Mid-America Apartment Communities,Real Estate,Multi-Family Residential REITs,SimFin annual CSV + SEC Company Facts,2025,2148468000.0,552806000.0,1137187000.0,2024,2019866000.0,637436000.0,1058479000.0,2023,1778082000.0,533791000.0,894967000.0,3
0000914208,IVZ,Invesco,Financials,Asset Management & Custody Banks,SimFin annual CSV,2024,6067000000.0,774800000.0,1190000000.0,2023,5716400000.0,-96900000.0,1300800000.0,2022,6048900000.0,920700000.0,703200000.0,2
0000915913,ALB,Albemarle Corporation,Materials,Specialty Chemicals,SimFin annual CSV,2024,5377526000.0,-1179449000.0,687876000.0,2023,9617203000.0,1573476000.0,1326583000.0,2022,7320104000.0,2689816000.0,1907849000.0,2
0000916076,MLM,Martin Marietta Materials,Materials,Construction Materials,SimFin annual CSV,2024,6536000000.0,1995000000.0,1459000000.0,2023,6777000000.0,1169000000.0,1528000000.0,2022,6161000000.0,867000000.0,991000000.0,3
0000916365,TSCO,Tractor Supply,Consumer Discretionary,Other Specialty Retail,SimFin annual CSV,2024,14883231000.0,1101240000.0,1420835000.0,2023,14555741000.0,1107226000.0,1334033000.0,2022,14204717000.0,1088712000.0,1356979000.0,3
0000920148,LH,Labcorp,Health Care,Health Care Services,SimFin annual CSV,2024,13008900000.0,746000000.0,1585800000.0,2023,12161600000.0,418000000.0,1327700000.0,2022,11863900000.0,1279100000.0,1955900000.0,3
0000920522,ESS,Essex Property Trust,Real Estate,Multi-Family Residential REITs,SimFin annual CSV,2024,1774450000.0,767936000.0,1068305000.0,2023,1669395000.0,420109000.0,980064000.0,2022,1606814000.0,422616000.0,975649000.0,3
0000920760,LEN,Lennar,Consumer Discretionary,Homebuilding,SimFin annual CSV,2022,33671010000.0,4614125000.0,3265668000.0,2021,27130676000.0,4430111000.0,2532774000.0,2020,22488854000.0,2465036000.0,4305994000.0,3
0000922224,PPL,PPL Corporation,Utilities,Electric Utilities,SimFin annual CSV,2024,8462000000.0,888000000.0,2392000000.0,2023,8312000000.0,740000000.0,1758000000.0,2022,7902000000.0,756000000.0,1720000000.0,3
0000922621,ERIE,Erie Indemnity,Financials,Insurance Brokers,SimFin annual CSV + SEC Company Facts,2025,3268940000.0,446061000.0,381205000.0,2024,3864375000.0,600314000.0,611249000.0,2023,3297908000.0,446061000.0,381205000.0,3
0000927066,DVA,DaVita,Health Care,Health Care Services,SimFin annual CSV,2024,12815550000.0,936342000.0,2022038000.0,2023,12140147000.0,691535000.0,2059031000.0,2022,11609894000.0,560400000.0,1564570000.0,3
0000927628,COF,Capital One,Financials,Consumer Finance,SimFin annual CSV,2024,39112000000.0,4750000000.0,18159000000.0,2023,36787000000.0,4887000000.0,20575000000.0,2022,34250000000.0,7360000000.0,13809000000.0,3
0000927653,MCK,McKesson Corporation,Health Care,Health Care Distributors,SimFin annual CSV,2024,359051000000.0,3295000000.0,6085000000.0,2023,308951000000.0,3002000000.0,4314000000.0,2022,276711000000.0,3560000000.0,5159000000.0,3
0000935703,DLTR,Dollar Tree,Consumer Staples,Consumer Staples Merchandise Retail,SimFin annual CSV,2024,17578500000.0,-3030100000.0,-2921800000.0,2023,16781100000.0,-998400000.0,-1129200000.0,2022,15411500000.0,1615400000.0,33100000.0,1
0000936340,DTE,DTE Energy,Utilities,Multi-Utilities,SimFin annual CSV,2024,12457000000.0,1404000000.0,,2023,12745000000.0,1397000000.0,,2022,19228000000.0,1083000000.0,,3
0000936395,CIEN,Ciena,Information Technology,Communications Equipment,SimFin annual CSV,2024,4014955000.0,83956000.0,514532000.0,2023,4386549000.0,254827000.0,168332000.0,2022,3632661000.0,152902000.0,-167756000.0,3
0000936468,LMT,Lockheed Martin,Industrials,Aerospace & Defense,SimFin annual CSV,2024,71043000000.0,5336000000.0,7481000000.0,2023,67571000000.0,6920000000.0,8060000000.0,2022,65984000000.0,5732000000.0,7190000000.0,3
0000940944,DRI,Darden Restaurants,Consumer Discretionary,Restaurants,SimFin annual CSV,2023,10487800000.0,981900000.0,1552800000.0,2022,9630000000.0,952800000.0,1264600000.0,2021,7196100000.0,629300000.0,1193500000.0,3
0000943452,WAB,Wabtec,Industrials,Construction Machinery & Heavy Transportation Equipment,SimFin annual CSV,2024,10387000000.0,1056000000.0,1834000000.0,2023,9677000000.0,815000000.0,1201000000.0,2022,8362000000.0,633000000.0,1038000000.0,3
0000943819,RMD,ResMed|,Health Care,Health Care Equipment,SimFin annual CSV,2025,5146327000.0,1400723000.0,1751588000.0,2024,4685297000.0,1020951000.0,1401260000.0,2023,4222993000.0,897556000.0,693299000.0,3
0000946581,TTWO,Take-Two Interactive,Communication Services,Interactive Home Entertainment,SimFin annual CSV,2024,5633600000.0,-4478900000.0,-45200000.0,2023,5349600000.0,-3744200000.0,-16100000.0,2022,5349900000.0,-1124700000.0,1100000.0,0
0000947484,ACGL,Arch Capital Group,Financials,Property & Casualty Insurance,SimFin annual CSV,2024,17440000000.0,4312000000.0,6673000000.0,2023,13634000000.0,4441000000.0,5749000000.0,2022,9613000000.0,1476000000.0,3816000000.0,3
0001000228,HSIC,Henry Schein,Health Care,Health Care Distributors,SimFin annual CSV,2023,12339000000.0,416000000.0,500000000.0,2022,12647000000.0,538000000.0,602000000.0,2021,12401000000.0,631000000.0,710000000.0,3
0001000697,WAT,Waters Corporation,Health Care,Life Sciences Tools & Services,SimFin annual CSV,2024,2958387000.0,637834000.0,762123000.0,2023,2956416000.0,642234000.0,602809000.0,2022,2971956000.0,707755000.0,611661000.0,3
0001001250,EL,Estée Lauder Companies (The),Consumer Staples,Personal Care Products,SimFin annual CSV,2025,14326000000.0,-1133000000.0,1272000000.0,2024,15608000000.0,390000000.0,2360000000.0,2023,15910000000.0,1006000000.0,1731000000.0,2
0001002047,NTAP,NetApp,Information Technology,"Technology Hardware, Storage & Peripherals",SimFin annual CSV,2025,6572000000.0,1186000000.0,1506000000.0,2024,6268000000.0,986000000.0,1685000000.0,2023,6362000000.0,1274000000.0,1107000000.0,3
0001002910,AEE,Ameren,Utilities,Multi-Utilities,SimFin annual CSV,2024,7623000000.0,1182000000.0,2763000000.0,2023,7500000000.0,1152000000.0,2564000000.0,2022,7957000000.0,1074000000.0,2263000000.0,3
0001004980,PCG,PG&E Corporation,Utilities,Multi-Utilities,SimFin annual CSV,2022,21680000000.0,1814000000.0,3721000000.0,2021,20642000000.0,-88000000.0,2262000000.0,2020,18469000000.0,-1304000000.0,-19130000000.0,1
0001013237,FDS,FactSet,Financials,Financial Exchanges & Data,SimFin annual CSV,2025,2321748000.0,597040000.0,726260000.0,2024,2203056000.0,537126000.0,700338000.0,2023,2085508000.0,468173000.0,645573000.0,3
0001013871,NRG,NRG Energy,Utilities,Independent Power Producers & Energy Traders,SimFin annual CSV,2023,28823000000.0,-202000000.0,-221000000.0,2022,31543000000.0,1221000000.0,360000000.0,2021,26989000000.0,2187000000.0,493000000.0,2
0001014473,VRSN,Verisign,Information Technology,Internet Services & Infrastructure,SimFin annual CSV,2024,1557400000.0,785700000.0,902600000.0,2023,1493100000.0,817600000.0,853800000.0,2022,1424900000.0,673800000.0,831100000.0,3
0001018724,AMZN,Amazon,Consumer Discretionary,Broadline Retail,SimFin annual CSV,2024,637959000000.0,59248000000.0,115877000000.0,2023,574785000000.0,30425000000.0,84946000000.0,2022,513983000000.0,-2722000000.0,46752000000.0,2
0001020569,IRM,Iron Mountain,Real Estate,Other Specialized REITs,SimFin annual CSV,2024,6149909000.0,180156000.0,1196708000.0,2023,5480289000.0,184234000.0,1113567000.0,2022,5103574000.0,556981000.0,927695000.0,3
0001022079,DGX,Quest Diagnostics,Health Care,Health Care Services,SimFin annual CSV,2024,9872000000.0,871000000.0,1334000000.0,2023,9252000000.0,854000000.0,1272000000.0,2022,9883000000.0,946000000.0,1718000000.0,3
0001022671,STLD,Steel Dynamics,Materials,Steel,SimFin annual CSV,2024,17540390000.0,1537134000.0,1844503000.0,2023,18795316000.0,2450882000.0,3519928000.0,2022,22260774000.0,3862674000.0,4460403000.0,3
0001024478,ROK,Rockwell Automation,Industrials,Electrical Components & Equipment,SimFin annual CSV,2024,8264000000.0,953000000.0,864000000.0,2023,9058000000.0,1387000000.0,1374000000.0,2022,7760400000.0,932200000.0,823100000.0,3
0001031296,FE,FirstEnergy,Utilities,Electric Utilities,SimFin annual CSV,2022,12459000000.0,406000000.0,2517000000.0,2021,11132000000.0,1283000000.0,2847000000.0,2020,10790000000.0,1079000000.0,1423000000.0,3
0001032208,SRE,Sempra,Utilities,Multi-Utilities,SimFin annual CSV,2024,13185000000.0,2862000000.0,4886000000.0,2023,16720000000.0,3075000000.0,6192000000.0,2022,14439000000.0,2139000000.0,288000000.0,3
0001034054,SBAC,SBA Communications,Real Estate,Telecom Tower REITs,SimFin annual CSV,2024,2679634000.0,749536000.0,1334866000.0,2023,2711584000.0,501812000.0,1544393000.0,2022,2633454000.0,461429000.0,1285700000.0,3
0001035002,VLO,Valero Energy,Energy,Oil & Gas Refining & Marketing,SimFin annual CSV,2022,176383000000.0,11528000000.0,12574000000.0,2021,113977000000.0,930000000.0,5859000000.0,2020,64912000000.0,-1421000000.0,948000000.0,2
0001035267,ISRG,Intuitive Surgical,Health Care,Health Care Equipment,SimFin annual CSV,2024,8352100000.0,2322600000.0,2415000000.0,2023,7124100000.0,1798000000.0,1813800000.0,2022,6222200000.0,1322300000.0,1490800000.0,3
0001035443,ARE,Alexandria Real Estate Equities,Real Estate,Office REITs,SimFin annual CSV,2024,3116394000.0,322949000.0,1504524000.0,2023,2885699000.0,103639000.0,1630550000.0,2022,2588962000.0,521660000.0,1294321000.0,3
0001035983,FIX,Comfort Systems USA,Industrials,Construction & Engineering,SimFin annual CSV,2024,7027476000.0,522433000.0,849057000.0,2023,5206760000.0,323398000.0,639568000.0,2022,4140364000.0,245947000.0,301531000.0,3
0001037038,RL,Ralph Lauren Corporation,Consumer Discretionary,"Apparel, Accessories & Luxury Goods",SimFin annual CSV,2024,7079000000.0,742900000.0,1235100000.0,2023,6631400000.0,646300000.0,1069700000.0,2022,6443600000.0,522700000.0,411000000.0,3
0001037540,BXP,"BXP, Inc.",Real Estate,Office REITs,SimFin annual CSV,2024,3407719000.0,14272000.0,1234501000.0,2023,3273569000.0,190215000.0,1301520000.0,2022,3108581000.0,848947000.0,1282399000.0,3
0001037646,MTD,Mettler Toledo,Health Care,Life Sciences Tools & Services,SimFin annual CSV,2024,3872361000.0,863140000.0,968346000.0,2023,3788309000.0,788778000.0,965874000.0,2022,3919709000.0,872502000.0,859067000.0,3
0001037868,AME,Ametek,Industrials,Electrical Components & Equipment,SimFin annual CSV,2024,6941180000.0,1376124000.0,1828848000.0,2023,6596950000.0,1313188000.0,1735296000.0,2022,6150530000.0,1159542000.0,1149373000.0,3
0001039684,OKE,Oneok,Energy,Oil & Gas Storage & Transportation,SimFin annual CSV + SEC Company Facts,2025,17677000000.0,2659000000.0,4421000000.0,2024,22387000000.0,1722000000.0,2906000000.0,2023,16540000000.0,1500000000.0,2546000000.0,3
0001041061,YUM,Yum! Brands,Consumer Discretionary,Restaurants,SimFin annual CSV,2024,7549000000.0,1486000000.0,1689000000.0,2023,7076000000.0,1597000000.0,1603000000.0,2022,6842000000.0,1325000000.0,1367000000.0,3
0001043277,CHRW,C.H. Robinson,Industrials,Air Freight & Logistics,SimFin annual CSV,2024,17724956000.0,465690000.0,648191000.0,2023,17596443000.0,325129000.0,495491000.0,2022,24696625000.0,940524000.0,1977660000.0,3
0001045609,PLD,Prologis,Real Estate,Industrial REITs,SimFin annual CSV,2024,8201610000.0,3824743000.0,1705978000.0,2023,8023469000.0,3136488000.0,1973944000.0,2022,5973692000.0,3456787000.0,1008051000.0,3
0001045810,NVDA,Nvidia,Information Technology,Semiconductors,SimFin annual CSV,2024,130497000000.0,72880000000.0,64089000000.0,2023,60922000000.0,29760000000.0,28090000000.0,2022,26974000000.0,4368000000.0,5641000000.0,3
0001047862,ED,Consolidated Edison,Utilities,Multi-Utilities,SimFin annual CSV,2023,13476000000.0,1606000000.0,1905000000.0,2022,15670000000.0,1660000000.0,3598000000.0,2021,13676000000.0,1346000000.0,2410000000.0,3
0001048286,MAR,Marriott International,Consumer Discretionary,"Hotels, Resorts & Cruise Lines",SimFin annual CSV,2024,6618000000.0,2375000000.0,2749000000.0,2023,6300000000.0,3083000000.0,3170000000.0,2022,20773000000.0,2358000000.0,2363000000.0,3
0001048695,FFIV,"F5, Inc.",Information Technology,Communications Equipment,SimFin annual CSV,2024,2816120000.0,566778000.0,792419000.0,2023,2813169000.0,394948000.0,653409000.0,2022,2695845000.0,322160000.0,442631000.0,3
0001048911,FDX,FedEx,Industrials,Air Freight & Logistics,SimFin annual CSV,2024,87693000000.0,4331000000.0,8312000000.0,2023,90155000000.0,3972000000.0,8848000000.0,2022,93512000000.0,3826000000.0,9832000000.0,3
0001050915,PWR,Quanta Services,Industrials,Construction & Engineering,SimFin annual CSV,2024,23672795000.0,904824000.0,2081196000.0,2023,20882206000.0,744689000.0,1575952000.0,2022,17073903000.0,491189000.0,1130312000.0,3
0001051470,CCI,Crown Castle,Real Estate,Telecom Tower REITs,SimFin annual CSV,2022,6986000000.0,1675000000.0,2878000000.0,2021,6340000000.0,1096000000.0,2789000000.0,2020,5840000000.0,1056000000.0,3055000000.0,3
0001053507,AMT,American Tower,Real Estate,Telecom Tower REITs,SimFin annual CSV + SEC Company Facts,2025,747300000.0,1367100000.0,4722400000.0,2024,840700000.0,1696700000.0,3696200000.0,2023,717200000.0,2567600000.0,4819900000.0,3
0001057352,CSGP,CoStar Group,Real Estate,Real Estate Services,SimFin annual CSV,2024,2736000000.0,139000000.0,393000000.0,2023,2455000000.0,375000000.0,489500000.0,2022,2182400000.0,369500000.0,490000000.0,3
0001058090,CMG,Chipotle Mexican Grill,Consumer Discretionary,Restaurants,SimFin annual CSV,2024,11313853000.0,1534110000.0,2105076000.0,2023,9871649000.0,1228737000.0,1783477000.0,2022,8634652000.0,899101000.0,1323179000.0,3
0001058290,CTSH,Cognizant,Information Technology,IT Consulting & Other Services,SimFin annual CSV,2024,19736000000.0,2240000000.0,2124000000.0,2023,19353000000.0,2126000000.0,2330000000.0,2022,19428000000.0,2290000000.0,2568000000.0,3
0001059556,MCO,Moody's Corporation,Financials,Financial Exchanges & Data,SimFin annual CSV,2024,7088000000.0,2058000000.0,2838000000.0,2023,5916000000.0,1607000000.0,2151000000.0,2022,5468000000.0,1374000000.0,2151000000.0,3
0001060391,RSG,Republic Services,Industrials,Environmental & Facilities Services,SimFin annual CSV,2024,16032000000.0,2047000000.0,3936000000.0,2023,14965000000.0,1731000000.0,3617800000.0,2022,13511000000.0,1488000000.0,3618000000.0,3
0001063761,SPG,Simon Property Group,Real Estate,Retail REITs,SimFin annual CSV,2024,5963798000.0,2730662000.0,3814655000.0,2023,5658836000.0,2618354000.0,3930793000.0,2022,5291447000.0,2449647000.0,3766604000.0,3
0001065088,EBAY,eBay Inc.,Consumer Discretionary,Broadline Retail,SimFin annual CSV,2024,10283000000.0,1975000000.0,2414000000.0,2023,10112000000.0,2767000000.0,2426000000.0,2022,9795000000.0,-1269000000.0,2254000000.0,2
0001065280,NFLX,Netflix,Communication Services,Movies & Entertainment,SimFin annual CSV,2024,39000966000.0,8711631000.0,7361364000.0,2023,33723297000.0,5407990000.0,7274301000.0,2022,31615550000.0,4491924000.0,2026257000.0,3
0001067701,URI,United Rentals,Industrials,Trading Companies & Distributors,SimFin annual CSV,2024,15345000000.0,2575000000.0,4597000000.0,2023,14332000000.0,2424000000.0,4742000000.0,2022,11642000000.0,2105000000.0,4465000000.0,3
0001067983,BRK.B,Berkshire Hathaway,Financials,Multi-Sector Holdings,SimFin annual CSV + SEC Company Facts,2025,254906000000.0,96223000000.0,49196000000.0,2024,207771000000.0,-22759000000.0,37350000000.0,2023,191252000000.0,89937000000.0,39427000000.0,2
0001069183,AXON,Axon Enterprise,Industrials,Aerospace & Defense,SimFin annual CSV,2024,2082526000.0,377034000.0,408366000.0,2023,1560699000.0,175783000.0,188726000.0,2022,1187143000.0,146930000.0,235361000.0,3
0001069202,LII,Lennox International,Industrials,Building Products,SimFin annual CSV,2024,5341300000.0,811100000.0,945700000.0,2023,4981900000.0,591200000.0,736200000.0,2022,4718400000.0,497100000.0,302300000.0,3
0001070750,HST,Host Hotels & Resorts,Real Estate,Hotel & Resort REITs,SimFin annual CSV,2024,5684000000.0,697000000.0,1498000000.0,2023,5311000000.0,740000000.0,1441000000.0,2022,4907000000.0,633000000.0,1416000000.0,3
0001071739,CNC,Centene Corporation,Health Care,Managed Health Care,SimFin annual CSV,2024,163071000000.0,3305000000.0,154000000.0,2023,153999000000.0,2702000000.0,8053000000.0,2022,144547000000.0,1202000000.0,6261000000.0,3
0001075531,BKNG,Booking Holdings,Consumer Discretionary,"Hotels, Resorts & Cruise Lines",SimFin annual CSV,2024,23739000000.0,5882000000.0,8799000000.0,2023,21365000000.0,4289000000.0,7202000000.0,2022,17090000000.0,3058000000.0,7032000000.0,3
0001086222,AKAM,Akamai Technologies,Information Technology,Internet Services & Infrastructure,SimFin annual CSV,2024,3991168000.0,504918000.0,1523144000.0,2023,3811920000.0,547629000.0,1342370000.0,2022,3616654000.0,523672000.0,1268554000.0,3
0001090012,DVN,Devon Energy,Energy,Oil & Gas Exploration & Production,SimFin annual CSV,2024,15940000000.0,2891000000.0,6600000000.0,2023,15258000000.0,3747000000.0,6544000000.0,2022,19169000000.0,6015000000.0,8530000000.0,3
0001090727,UPS,United Parcel Service,Industrials,Air Freight & Logistics,SimFin annual CSV,2024,91070000000.0,5782000000.0,10122000000.0,2023,90958000000.0,6708000000.0,10238000000.0,2022,100338000000.0,11548000000.0,14104000000.0,3
0001090872,A,Agilent Technologies,Health Care,Life Sciences Tools & Services,SimFin annual CSV,2024,6510000000.0,1289000000.0,1751000000.0,2023,6833000000.0,1240000000.0,1772000000.0,2022,6848000000.0,1254000000.0,1312000000.0,3
0001091667,CHTR,Charter Communications,Communication Services,Cable & Satellite,SimFin annual CSV,2024,55085000000.0,5083000000.0,14430000000.0,2023,54607000000.0,4557000000.0,14433000000.0,2022,54022000000.0,5055000000.0,14925000000.0,3
0001093557,DXCM,Dexcom,Health Care,Health Care Equipment,SimFin annual CSV,2024,4033000000.0,576200000.0,989500000.0,2023,3622300000.0,541500000.0,748500000.0,2022,2909800000.0,341200000.0,669500000.0,3
0001094285,TDY,Teledyne Technologies,Information Technology,Electronic Equipment & Instruments,SimFin annual CSV,2024,5670000000.0,819200000.0,1191900000.0,2023,5635500000.0,885700000.0,836100000.0,2022,5458600000.0,788600000.0,486800000.0,3
0001095073,EG,Everest Group,Financials,Reinsurance,SimFin annual CSV,2024,17281000000.0,1374000000.0,4956000000.0,2023,14587000000.0,2518000000.0,4553000000.0,2022,12060000000.0,597000000.0,3696000000.0,3
0001097149,ALGN,Align Technology,Health Care,Health Care Supplies,SimFin annual CSV,2024,3999012000.0,421362000.0,738231000.0,2023,3862260000.0,445053000.0,785776000.0,2022,3734635000.0,361573000.0,568732000.0,3
0001097864,ON,ON Semiconductor,Information Technology,Semiconductors,SimFin annual CSV,2024,7082300000.0,1572800000.0,1906400000.0,2023,8253000000.0,2183700000.0,1977500000.0,2022,8326200000.0,1902200000.0,2633100000.0,3
0001099219,MET,MetLife,Financials,Life & Health Insurance,SimFin annual CSV,2024,70986000000.0,4426000000.0,14598000000.0,2023,66905000000.0,1578000000.0,13721000000.0,2022,68770000000.0,5284000000.0,13044000000.0,3
0001099800,EW,Edwards Lifesciences,Health Care,Health Care Equipment,SimFin annual CSV,2024,5439500000.0,4174600000.0,563700000.0,2023,5010000000.0,1402400000.0,907400000.0,2022,4464000000.0,1521900000.0,1270200000.0,3
0001100682,CRL,Charles River Laboratories,Health Care,Life Sciences Tools & Services,SimFin annual CSV,2024,4049989000.0,10297000.0,734577000.0,2023,4129409000.0,474624000.0,683898000.0,2022,3976060000.0,486226000.0,619640000.0,3
0001101239,EQIX,Equinix,Real Estate,Data Center REITs,SimFin annual CSV,2024,8748000000.0,813000000.0,3260000000.0,2023,8188000000.0,969000000.0,3217000000.0,2022,7263000000.0,705000000.0,3217000000.0,3
0001103982,MDLZ,Mondelez International,Consumer Staples,Packaged Foods & Meats,SimFin annual CSV,2024,36441000000.0,4611000000.0,4910000000.0,2023,36016000000.0,4959000000.0,4714000000.0,2022,31496000000.0,2717000000.0,3908000000.0,3
0001108524,CRM,Salesforce,Information Technology,Application Software,SimFin annual CSV,2024,37895000000.0,6197000000.0,13092000000.0,2023,34857000000.0,4136000000.0,10234000000.0,2022,31352000000.0,208000000.0,7111000000.0,3
0001109357,EXC,Exelon,Utilities,Electric Utilities,SimFin annual CSV,2023,21727000000.0,2328000000.0,4703000000.0,2022,19078000000.0,2170000000.0,4703000000.0,2021,17938000000.0,1706000000.0,3350000000.0,3
0001111711,NI,NiSource,Utilities,Multi-Utilities,SimFin annual CSV,2024,5455100000.0,760400000.0,1614700000.0,2023,5505400000.0,714300000.0,1774300000.0,2022,5850600000.0,804100000.0,1257700000.0,3
0001113169,TROW,T. Rowe Price,Financials,Asset Management & Custody Banks,SimFin annual CSV,2024,7093600000.0,2100100000.0,1685600000.0,2023,6460500000.0,1788700000.0,1219100000.0,2022,6488400000.0,1557900000.0,2359400000.0,3
0001116132,TPR,"Tapestry, Inc.",Consumer Discretionary,"Apparel, Accessories & Luxury Goods",SimFin annual CSV,2025,7010700000.0,183200000.0,1216600000.0,2024,6671200000.0,816000000.0,1255600000.0,2023,6660900000.0,936000000.0,975200000.0,3
0001120193,NDAQ,"Nasdaq, Inc.",Financials,Financial Exchanges & Data,SimFin annual CSV,2024,4649000000.0,1113000000.0,909000000.0,2023,3895000000.0,1055000000.0,1718000000.0,2022,6226000000.0,1125000000.0,1706000000.0,3
0001121788,GRMN,Garmin,Consumer Discretionary,Consumer Electronics,SimFin annual CSV,2024,6296903000.0,1411436000.0,1432471000.0,2023,5228252000.0,1289636000.0,1376265000.0,2022,4860286000.0,973585000.0,788259000.0,3
0001123360,GPN,Global Payments,Financials,Transaction & Payment Processing Services,SimFin annual CSV,2024,7735970000.0,1570365000.0,3057583000.0,2023,7379784000.0,986233000.0,2549805000.0,2022,8975515000.0,111493000.0,2244040000.0,3
0001126328,PFG,Principal Financial Group,Financials,Life & Health Insurance,SimFin annual CSV + SEC Company Facts,2025,13665800000.0,623200000.0,3792400000.0,2024,17536100000.0,4756900000.0,3172900000.0,2023,14427800000.0,1580200000.0,3254400000.0,3
0001130310,CNP,CenterPoint Energy,Utilities,Multi-Utilities,SimFin annual CSV,2024,8643000000.0,1019000000.0,2139000000.0,2023,8696000000.0,917000000.0,3877000000.0,2022,9321000000.0,1057000000.0,1810000000.0,3
0001133421,NOC,Northrop Grumman,Industrials,Aerospace & Defense,SimFin annual CSV,2024,41033000000.0,4174000000.0,4388000000.0,2023,39290000000.0,2056000000.0,3875000000.0,2022,36602000000.0,4896000000.0,2901000000.0,3
0001136869,ZBH,Zimmer Biomet,Health Care,Health Care Equipment,SimFin annual CSV,2024,7678600000.0,903700000.0,1499400000.0,2023,7394200000.0,1023900000.0,1581600000.0,2022,6939900000.0,231400000.0,1356200000.0,3
0001136893,FIS,Fidelity National Information Services,Financials,Transaction & Payment Processing Services,SimFin annual CSV,2022,9720000000.0,-16752000000.0,1679000000.0,2021,9339000000.0,417000000.0,4810000000.0,2020,12552000000.0,158000000.0,4442000000.0,2
0001137774,PRU,Prudential Financial,Financials,Life & Health Insurance,SimFin annual CSV,2022,56881000000.0,-1647000000.0,5158000000.0,2021,71247000000.0,8868000000.0,9812000000.0,2020,57033000000.0,-374000000.0,8368000000.0,1
0001137789,STX,Seagate Technology,Information Technology,"Technology Hardware, Storage & Peripherals",SimFin annual CSV,2025,9097000000.0,1469000000.0,1083000000.0,2024,6551000000.0,335000000.0,918000000.0,2023,7384000000.0,-529000000.0,942000000.0,2
0001138118,CBRE,CBRE Group,Real Estate,Real Estate Services,SimFin annual CSV,2024,35767000000.0,968000000.0,1822000000.0,2023,31949000000.0,986000000.0,262000000.0,2022,30828000000.0,1407000000.0,-12900000000.0,3
0001140536,WTW,Willis Towers Watson,Financials,Insurance Brokers,SimFin annual CSV,2024,9930000000.0,-98000000.0,1512000000.0,2023,9483000000.0,1055000000.0,1345000000.0,2022,8866000000.0,1009000000.0,812000000.0,2
0001140859,COR,Cencora,Health Care,Health Care Distributors,SimFin annual CSV,2024,293958599000.0,1509120000.0,3484685000.0,2023,262173411000.0,1745293000.0,3911334000.0,2022,238587006000.0,1698820000.0,2703088000.0,3
0001141391,MA,Mastercard,Financials,Transaction & Payment Processing Services,SimFin annual CSV,2024,28167000000.0,12874000000.0,14780000000.0,2023,25098000000.0,11195000000.0,11980000000.0,2022,22237000000.0,9930000000.0,11195000000.0,3
0001145197,PODD,Insulet Corporation,Health Care,Health Care Equipment,SimFin annual CSV,2024,2071600000.0,418300000.0,430400000.0,2023,1697100000.0,206400000.0,145800000.0,2022,1305300000.0,4600000.0,119000000.0,3
0001156039,ELV,Elevance Health,Health Care,Managed Health Care,SimFin annual CSV,2024,176810000000.0,5980000000.0,5808000000.0,2023,171340000000.0,5987000000.0,8061000000.0,2022,156595000000.0,5894000000.0,8399000000.0,3
0001156375,CME,CME Group,Financials,Financial Exchanges & Data,SimFin annual CSV,2024,6130100000.0,3525800000.0,3690500000.0,2023,5578900000.0,3226200000.0,3453800000.0,2022,5019400000.0,2691000000.0,3056000000.0,3
0001163165,COP,ConocoPhillips,Energy,Oil & Gas Exploration & Production,SimFin annual CSV,2024,56902000000.0,9245000000.0,20124000000.0,2023,58346000000.0,10957000000.0,19965000000.0,2022,81079000000.0,18680000000.0,28314000000.0,3
0001164727,NEM,Newmont,Materials,Gold,SimFin annual CSV,2024,18682000000.0,3348000000.0,6363000000.0,2023,11812000000.0,-2494000000.0,2763000000.0,2022,11915000000.0,-429000000.0,3220000000.0,1
0001166691,CMCSA,Comcast,Communication Services,Cable & Satellite,SimFin annual CSV,2024,123731000000.0,16193000000.0,27674000000.0,2023,121572000000.0,15389000000.0,28501000000.0,2022,121427000000.0,5370000000.0,26413000000.0,3
0001174922,WYNN,Wynn Resorts,Consumer Discretionary,Casinos & Gaming,SimFin annual CSV,2024,7127961000.0,501078000.0,1426203000.0,2023,6531897000.0,729994000.0,1247879000.0,2022,3756825000.0,-423856000.0,-71272000.0,2
0001175454,CPAY,Corpay,Financials,Transaction & Payment Processing Services,SimFin annual CSV + SEC Company Facts,2025,3757719000.0,981890000.0,2101132000.0,2024,3427129000.0,954327000.0,754797000.0,2023,2833736000.0,839497000.0,1197063000.0,3
0001176948,ARES,Ares Management,Financials,Asset Management & Custody Banks,SimFin annual CSV + SEC Company Facts,2025,3631884000.0,474326000.0,-233261000.0,2024,3055443000.0,167541000.0,-734112000.0,2023,4212091000.0,408837000.0,-2596045000.0,3
0001260221,TDG,TransDigm Group,Industrials,Aerospace & Defense,SimFin annual CSV,2024,7940000000.0,1716000000.0,2045000000.0,2023,6585000000.0,1300000000.0,1375000000.0,2022,5429000000.0,866000000.0,948000000.0,3
0001262039,FTNT,Fortinet,Information Technology,Systems Software,SimFin annual CSV,2024,5955800000.0,1745200000.0,2258100000.0,2023,5304800000.0,1147800000.0,1935500000.0,2022,4417400000.0,857300000.0,1730600000.0,3
0001267238,AIZ,Assurant,Financials,Multi-line Insurance,SimFin annual CSV,2024,11877500000.0,760200000.0,1332700000.0,2023,11131600000.0,642500000.0,1138100000.0,2022,10193000000.0,276600000.0,619400000.0,3
0001274494,FSLR,First Solar,Information Technology,Semiconductors,SimFin annual CSV,2024,4206289000.0,1292044000.0,1217999000.0,2023,3318602000.0,830777000.0,602260000.0,2022,2619319000.0,-44166000.0,873369000.0,2
0001280452,MPWR,Monolithic Power Systems,Information Technology,Semiconductors,SimFin annual CSV,2024,2207100000.0,1592058000.0,788410000.0,2023,1821072000.0,427374000.0,638213000.0,2022,1794148000.0,437672000.0,246674000.0,3
0001281761,RF,Regions Financial Corporation,Financials,Regional Banks,SimFin annual CSV,2022,7215000000.0,2245000000.0,3102000000.0,2021,6438000000.0,2521000000.0,3030000000.0,2020,6287000000.0,1094000000.0,2324000000.0,3
0001283699,TMUS,T-Mobile US,Communication Services,Wireless Telecommunication Services,SimFin annual CSV,2024,81400000000.0,11339000000.0,22293000000.0,2023,78558000000.0,8317000000.0,18559000000.0,2022,79571000000.0,2590000000.0,16781000000.0,3
0001285785,MOS,Mosaic Company (The),Materials,Fertilizers & Agricultural Chemicals,SimFin annual CSV,2024,11122800000.0,174900000.0,1299200000.0,2023,13696100000.0,1164900000.0,2407200000.0,2022,19125200000.0,3582800000.0,3935800000.0,3
0001286681,DPZ,Domino's,Consumer Discretionary,Restaurants,SimFin annual CSV,2024,4706416000.0,584170000.0,624897000.0,2023,4479358000.0,519118000.0,590864000.0,2022,4537158000.0,452263000.0,475317000.0,3
0001289490,EXR,Extra Space Storage,Real Estate,Self-Storage REITs,SimFin annual CSV,2024,3256902000.0,854681000.0,1887430000.0,2023,2560244000.0,803198000.0,1402474000.0,2022,1924170000.0,860688000.0,1238139000.0,3
0001297996,DLR,Digital Realty,Real Estate,Data Center REITs,SimFin annual CSV,2024,5554968000.0,615190000.0,2261477000.0,2023,5477061000.0,969548000.0,1634780000.0,2022,4691834000.0,385784000.0,1659388000.0,3
0001300514,LVS,Las Vegas Sands,Consumer Discretionary,Casinos & Gaming,SimFin annual CSV,2024,11298000000.0,1446000000.0,3204000000.0,2023,10372000000.0,1221000000.0,3227000000.0,2022,4110000000.0,1832000000.0,-944000000.0,3
0001316835,BLDR,Builders FirstSource,Industrials,Building Products,SimFin annual CSV,2024,16400492000.0,1077898000.0,1872692000.0,2023,17097330000.0,1540555000.0,2306872000.0,2022,22726418000.0,2749369000.0,3599231000.0,3
0001318605,TSLA,"Tesla, Inc.",Consumer Discretionary,Automobile Manufacturers,SimFin annual CSV,2024,97690000000.0,7091000000.0,14923000000.0,2023,96773000000.0,14997000000.0,13256000000.0,2022,81462000000.0,12556000000.0,14724000000.0,3
0001321655,PLTR,Palantir Technologies,Information Technology,Application Software,SimFin annual CSV,2024,2865507000.0,462190000.0,1153865000.0,2023,2225012000.0,209825000.0,712183000.0,2022,1905871000.0,-373705000.0,223737000.0,2
0001324404,CF,CF Industries,Materials,Fertilizers & Agricultural Chemicals,SimFin annual CSV,2024,5936000000.0,1218000000.0,2271000000.0,2023,6631000000.0,1525000000.0,2757000000.0,2022,11186000000.0,3346000000.0,4107000000.0,3
0001324424,EXPE,Expedia Group,Consumer Discretionary,"Hotels, Resorts & Cruise Lines",SimFin annual CSV,2024,13691000000.0,1234000000.0,3085000000.0,2023,12839000000.0,797000000.0,2690000000.0,2022,11667000000.0,352000000.0,3440000000.0,3
0001326160,DUK,Duke Energy,Utilities,Electric Utilities,SimFin annual CSV,2024,30357000000.0,4524000000.0,12328000000.0,2023,29060000000.0,2841000000.0,9878000000.0,2022,28768000000.0,2550000000.0,5927000000.0,3
0001326801,META,Meta Platforms,Communication Services,Interactive Media & Services,SimFin annual CSV,2024,164501000000.0,62360000000.0,91328000000.0,2023,134902000000.0,39098000000.0,71113000000.0,2022,116609000000.0,23200000000.0,50475000000.0,3
0001327567,PANW,Palo Alto Networks,Information Technology,Systems Software,SimFin annual CSV,2025,9221500000.0,1133900000.0,3716000000.0,2024,8027500000.0,2577600000.0,3257600000.0,2023,6892700000.0,439700000.0,2777500000.0,3
0001327811,WDAY,"Workday, Inc.",Information Technology,Application Software,SimFin annual CSV,2024,8446000000.0,526000000.0,2461000000.0,2023,7259000000.0,1381000000.0,2149000000.0,2022,6216000000.0,-367000000.0,1657000000.0,2
0001335258,LYV,Live Nation Entertainment,Communication Services,Movies & Entertainment,SimFin annual CSV,2024,23155625000.0,896287000.0,1732548000.0,2023,22726317000.0,556893000.0,1364453000.0,2022,16681254000.0,266440000.0,1835047000.0,3
0001336920,LDOS,Leidos,Industrials,Diversified Support Services,SimFin annual CSV + SEC Company Facts,2025,15339000000.0,199000000.0,1187000000.0,2024,14287000000.0,685000000.0,992000000.0,2023,13617000000.0,753000000.0,1033000000.0,3
0001341439,ORCL,Oracle Corporation,Information Technology,Application Software,SimFin annual CSV,2025,57399000000.0,12443000000.0,20821000000.0,2024,52961000000.0,10467000000.0,18673000000.0,2023,49954000000.0,8503000000.0,17165000000.0,3
0001373715,NOW,ServiceNow,Information Technology,Systems Software,SimFin annual CSV,2024,10984000000.0,1425000000.0,4267000000.0,2023,8971000000.0,1731000000.0,3398000000.0,2022,7245000000.0,325000000.0,2723000000.0,3
0001374310,CBOE,Cboe Global Markets,Financials,Financial Exchanges & Data,SimFin annual CSV,2024,4094500000.0,764900000.0,1100600000.0,2023,3773500000.0,761400000.0,1075600000.0,2022,3958500000.0,235000000.0,-57200000.0,3
0001375365,SMCI,Supermicro,Information Technology,"Technology Hardware, Storage & Peripherals",SimFin annual CSV,2025,21972042000.0,1048854000.0,1659524000.0,2024,14989251000.0,1152666000.0,-2485972000.0,2023,7123482000.0,639998000.0,663580000.0,3
0001381197,IBKR,Interactive Brokers,Financials,Investment Banking & Brokerage,SimFin annual CSV,2024,5185000000.0,755000000.0,8724000000.0,2023,4340000000.0,600000000.0,4544000000.0,2022,3067000000.0,380000000.0,3968000000.0,3
0001383312,BR,Broadridge Financial Solutions,Industrials,Data Processing & Outsourced Services,SimFin annual CSV,2025,6889100000.0,839600000.0,1171300000.0,2024,6506800000.0,698000000.0,1056200000.0,2023,6060900000.0,630600000.0,823300000.0,3
0001385157,TEL,TE Connectivity,Information Technology,Electronic Manufacturing Services,SimFin annual CSV,2024,15845000000.0,3193000000.0,3477000000.0,2023,16034000000.0,1910000000.0,3132000000.0,2022,16281000000.0,2428000000.0,2468000000.0,3
0001389170,TRGP,Targa Resources,Energy,Oil & Gas Storage & Transportation,SimFin annual CSV,2024,16381500000.0,1312000000.0,3649700000.0,2023,16060300000.0,1345900000.0,3211600000.0,2022,20929800000.0,1195500000.0,2380800000.0,3
0001390777,BNY,BNY Mellon,Financials,Asset Management & Custody Banks,SimFin annual CSV + SEC Company Facts,2025,17697000000.0,3302000000.0,5912000000.0,2024,16529000000.0,2556000000.0,15068000000.0,2023,15931000000.0,3759000000.0,2838000000.0,3
0001393052,VEEV,Veeva Systems,Health Care,Health Care Technology,SimFin annual CSV,2024,2746619000.0,714138000.0,1090051000.0,2023,2363673000.0,525705000.0,911339000.0,2022,2155060000.0,487706000.0,780470000.0,3
0001393311,PSA,Public Storage,Real Estate,Self-Storage REITs,SimFin annual CSV,2024,4695616000.0,2072011000.0,3128255000.0,2023,4517690000.0,2148327000.0,3246648000.0,2022,4182163000.0,4349147000.0,3117141000.0,3
0001393818,BX,Blackstone Inc.,Financials,Asset Management & Custody Banks,SimFin annual CSV,2024,13229968000.0,2776508000.0,1568850000.0,2023,8022841000.0,1390880000.0,1878007000.0,2022,8517673000.0,1747631000.0,1196804000.0,3
0001396009,VMC,Vulcan Materials Company,Materials,Construction Materials,SimFin annual CSV,2024,7417700000.0,911900000.0,1409600000.0,2023,7781900000.0,933200000.0,1536800000.0,2022,7315200000.0,575600000.0,1148200000.0,3
0001397187,LULU,Lululemon Athletica,Consumer Discretionary,"Apparel, Accessories & Luxury Goods",SimFin annual CSV,2024,10588126000.0,1814616000.0,2272713000.0,2023,9619278000.0,1550190000.0,2296164000.0,2022,8110518000.0,854800000.0,966463000.0,3
0001402057,CDW,CDW Corporation,Information Technology,Technology Distributors,SimFin annual CSV,2024,20998700000.0,1077800000.0,1277300000.0,2023,21376000000.0,1104300000.0,1598700000.0,2022,23748700000.0,1114500000.0,1420500000.0,3
0001403161,V,Visa Inc.,Financials,Transaction & Payment Processing Services,SimFin annual CSV,2024,35926000000.0,19743000000.0,19950000000.0,2023,32653000000.0,17273000000.0,20755000000.0,2022,29310000000.0,14957000000.0,18849000000.0,3
0001403568,ULTA,Ulta Beauty,Consumer Discretionary,Other Specialty Retail,SimFin annual CSV,2024,11295654000.0,1201118000.0,1338605000.0,2023,11207303000.0,1291005000.0,1476266000.0,2022,10208580000.0,1242408000.0,1481915000.0,3
0001404912,KKR,KKR & Co.,Financials,Asset Management & Custody Banks,SimFin annual CSV + SEC Company Facts,2025,14499312000.0,3732261000.0,-1493812000.0,2024,5704180000.0,-521664000.0,-5279259000.0,2023,16226040000.0,4732406000.0,-7176708000.0,2
0001408198,MSCI,MSCI,Financials,Financial Exchanges & Data,SimFin annual CSV,2024,2856128000.0,1109128000.0,1501491000.0,2023,2528920000.0,1148592000.0,1232373000.0,2022,2248598000.0,870573000.0,1095810000.0,3
0001410636,AWK,American Water Works,Utilities,Water Utilities,SimFin annual CSV,2024,4684000000.0,1051000000.0,2045000000.0,2023,4234000000.0,942000000.0,1874000000.0,2022,3792000000.0,820000000.0,1108000000.0,3
0001413329,PM,Philip Morris International,Consumer Staples,Tobacco,SimFin annual CSV,2024,37878000000.0,7057000000.0,12217000000.0,2023,35174000000.0,7813000000.0,8321000000.0,2022,31762000000.0,9048000000.0,10803000000.0,3
0001413447,NXPI,NXP Semiconductors,Information Technology,Semiconductors,SimFin annual CSV,2024,12614000000.0,2510000000.0,2782000000.0,2023,13276000000.0,2797000000.0,3513000000.0,2022,13205000000.0,2787000000.0,3895000000.0,3
0001415404,ECHO,EchoStar,Communication Services,Wireless Telecommunication Services,SimFin annual CSV + SEC Company Facts,2025,17015598000.0,-1702057000.0,2432647000.0,2024,18634246000.0,2536892000.0,3621190000.0,2023,19818678000.0,2521435000.0,4655373000.0,2
0001418135,KDP,Keurig Dr Pepper,Consumer Staples,Soft Drinks & Non-alcoholic Beverages,SimFin annual CSV,2024,15351000000.0,1441000000.0,1628000000.0,2023,14814000000.0,2181000000.0,-418000000.0,2022,14057000000.0,1435000000.0,2562000000.0,3
0001437107,WBD,Warner Bros. Discovery,Communication Services,Broadcasting,SimFin annual CSV,2024,39321000000.0,-11311000000.0,5375000000.0,2023,41321000000.0,-3126000000.0,7477000000.0,2022,33817000000.0,-7371000000.0,4304000000.0,0
0001442145,VRSK,Verisk Analytics,Industrials,Research & Consulting Services,SimFin annual CSV,2024,2881700000.0,958200000.0,1144000000.0,2023,2681400000.0,614600000.0,1060700000.0,2022,2497000000.0,953900000.0,1059000000.0,3
0001466258,TT,Trane Technologies,Industrials,Building Products,SimFin annual CSV,2024,19838200000.0,2567900000.0,3145600000.0,2023,17677600000.0,2023900000.0,2389600000.0,2022,15991700000.0,1756500000.0,1504000000.0,3
0001467373,ACN,Accenture,Information Technology,IT Consulting & Other Services,SimFin annual CSV,2025,69672977000.0,7678433000.0,11474399000.0,2024,64896464000.0,7264787000.0,9131027000.0,2023,64111745000.0,6871557000.0,9524268000.0,3
0001467858,GM,General Motors,Consumer Discretionary,Automobile Manufacturers,SimFin annual CSV,2024,187442000000.0,6009000000.0,20126000000.0,2023,171842000000.0,10128000000.0,20930000000.0,2022,156735000000.0,9934000000.0,16042000000.0,3
0001474735,GNRC,Generac,Industrials,Heavy Electrical Equipment,SimFin annual CSV,2024,4295834000.0,316315000.0,741301000.0,2023,4022667000.0,214606000.0,521670000.0,2022,4564737000.0,399502000.0,58516000.0,3
0001478242,IQV,IQVIA,Health Care,Life Sciences Tools & Services,SimFin annual CSV,2024,15405000000.0,1373000000.0,2716000000.0,2023,14984000000.0,1358000000.0,2149000000.0,2022,14410000000.0,1091000000.0,2260000000.0,3
0001489393,LYB,LyondellBasell,Materials,Specialty Chemicals,SimFin annual CSV,2024,33394000000.0,1360000000.0,3552000000.0,2023,33336000000.0,2114000000.0,4774000000.0,2022,50451000000.0,3882000000.0,6472000000.0,3
0001501585,HII,Huntington Ingalls Industries,Industrials,Aerospace & Defense,SimFin annual CSV,2024,11535000000.0,550000000.0,393000000.0,2023,11454000000.0,681000000.0,970000000.0,2022,10676000000.0,579000000.0,1196000000.0,3
0001506307,KMI,Kinder Morgan,Energy,Oil & Gas Storage & Transportation,SimFin annual CSV,2024,15100000000.0,2613000000.0,5635000000.0,2023,15334000000.0,2391000000.0,6491000000.0,2022,19200000000.0,2548000000.0,4967000000.0,3
0001510295,MPC,Marathon Petroleum,Energy,Oil & Gas Refining & Marketing,SimFin annual CSV,2024,140384000000.0,3445000000.0,8665000000.0,2023,150090000000.0,9681000000.0,14117000000.0,2022,178891000000.0,14516000000.0,16361000000.0,3
0001512673,XYZ,"Block, Inc.",Financials,Transaction & Payment Processing Services,SimFin annual CSV + SEC Company Facts,2025,21915623000.0,9772000.0,100961000.0,2024,17531587000.0,-540747000.0,175903000.0,2023,17661203000.0,166284000.0,847830000.0,2
0001513761,NCLH,Norwegian Cruise Line Holdings,Consumer Discretionary,"Hotels, Resorts & Cruise Lines",SimFin annual CSV,2024,9479651000.0,910257000.0,2049823000.0,2023,8549924000.0,166178000.0,2005714000.0,2022,4843760000.0,-2269909000.0,210020000.0,2
0001521332,APTV,Aptiv,Consumer Discretionary,Automotive Parts & Equipment,SimFin annual CSV,2024,19713000000.0,1787000000.0,2446000000.0,2023,20051000000.0,2938000000.0,1896000000.0,2022,17489000000.0,594000000.0,1263000000.0,3
0001524472,XYL,Xylem Inc.,Industrials,Industrial Machinery & Supplies & Components,SimFin annual CSV,2024,8562000000.0,890000000.0,1263000000.0,2023,7364000000.0,609000000.0,837000000.0,2022,5522000000.0,355000000.0,596000000.0,3
0001534701,PSX,Phillips 66,Energy,Oil & Gas Refining & Marketing,SimFin annual CSV,2024,143153000000.0,2117000000.0,4191000000.0,2023,147399000000.0,7015000000.0,7029000000.0,2022,169990000000.0,11024000000.0,10813000000.0,3
0001535527,CRWD,CrowdStrike,Information Technology,Systems Software,SimFin annual CSV,2024,3953624000.0,-15241000.0,1381727000.0,2023,3055555000.0,72181000.0,1166207000.0,2022,2241236000.0,-183245000.0,941007000.0,1
0001539838,FANG,Diamondback Energy,Energy,Oil & Gas Exploration & Production,SimFin annual CSV,2024,11066000000.0,3338000000.0,6413000000.0,2023,8412000000.0,3143000000.0,5920000000.0,2022,9643000000.0,4386000000.0,4387000000.0,3
0001543151,UBER,Uber,Industrials,Passenger Ground Transportation,SimFin annual CSV,2024,43978000000.0,9856000000.0,7137000000.0,2023,37281000000.0,1887000000.0,3585000000.0,2022,31877000000.0,-9141000000.0,642000000.0,2
0001551152,ABBV,AbbVie,Health Care,Biotechnology,SimFin annual CSV,2024,56334000000.0,4278000000.0,18806000000.0,2023,54318000000.0,4863000000.0,22839000000.0,2022,58054000000.0,11836000000.0,24943000000.0,3
0001551182,ETN,Eaton Corporation,Industrials,Electrical Components & Equipment,SimFin annual CSV,2024,24878000000.0,3794000000.0,4327000000.0,2023,23196000000.0,3218000000.0,3624000000.0,2022,20752000000.0,2462000000.0,2533000000.0,3
0001555280,ZTS,Zoetis,Health Care,Pharmaceuticals,SimFin annual CSV,2024,9256000000.0,2486000000.0,2953000000.0,2023,8544000000.0,2344000000.0,2353000000.0,2022,8080000000.0,2114000000.0,1912000000.0,3
0001559720,ABNB,Airbnb,Consumer Discretionary,"Hotels, Resorts & Cruise Lines",SimFin annual CSV,2024,11102000000.0,2648000000.0,4518000000.0,2023,9917000000.0,4792000000.0,3884000000.0,2022,8399000000.0,1893000000.0,3430000000.0,3
0001561550,DDOG,Datadog,Information Technology,Application Software,SimFin annual CSV,2024,2684275000.0,183746000.0,870603000.0,2023,2128359000.0,48568000.0,659954000.0,2022,1675100000.0,-50160000.0,418407000.0,2
0001564708,"NWSA,NWS",News Corp (Class A),Communication Services,Publishing,SimFin annual CSV,2025,8452000000.0,1180000000.0,-362000000.0,2024,8252000000.0,266000000.0,543000000.0,2023,8012000000.0,149000000.0,590000000.0,3
0001571949,ICE,Intercontinental Exchange,Financials,Financial Exchanges & Data,SimFin annual CSV,2024,11761000000.0,2754000000.0,4609000000.0,2023,9903000000.0,2368000000.0,3542000000.0,2022,9636000000.0,1446000000.0,3554000000.0,3
0001571996,DELL,Dell Technologies,Information Technology,"Technology Hardware, Storage & Peripherals",SimFin annual CSV,2024,95567000000.0,4592000000.0,4521000000.0,2023,88425000000.0,3388000000.0,8676000000.0,2022,102301000000.0,2442000000.0,3565000000.0,3
0001579241,ALLE,Allegion,Industrials,Building Products,SimFin annual CSV,2024,3772200000.0,597500000.0,675000000.0,2023,3650800000.0,540400000.0,600600000.0,2022,3271900000.0,458000000.0,459500000.0,3
0001585689,HLT,Hilton Worldwide,Consumer Discretionary,"Hotels, Resorts & Cruise Lines",SimFin annual CSV,2024,4746000000.0,1535000000.0,2118000000.0,2023,4408000000.0,1141000000.0,2179000000.0,2022,8773000000.0,1255000000.0,1762000000.0,3
0001596532,ANET,Arista Networks,Information Technology,Communications Equipment,SimFin annual CSV,2024,7003100000.0,2852100000.0,3708200000.0,2023,5860200000.0,2087300000.0,2034000000.0,2022,4381310000.0,1352446000.0,492813000.0,3
0001601046,KEYS,Keysight Technologies,Information Technology,Electronic Equipment & Instruments,SimFin annual CSV,2024,4979000000.0,614000000.0,1052000000.0,2023,5464000000.0,1057000000.0,1408000000.0,2022,5420000000.0,1124000000.0,1144000000.0,3
0001601712,SYF,Synchrony Financial,Financials,Consumer Finance,SimFin annual CSV + SEC Company Facts,2025,,2238000000.0,8593000000.0,2024,,3016000000.0,6694000000.0,2023,,4221000000.0,7099000000.0,3
0001609711,GDDY,GoDaddy,Information Technology,Internet Services & Infrastructure,SimFin annual CSV,2024,4573200000.0,936900000.0,1287700000.0,2023,4254100000.0,1374800000.0,1047600000.0,2022,4091300000.0,352200000.0,979700000.0,3
0001613103,MDT,Medtronic,Health Care,Health Care Equipment,SimFin annual CSV,2025,33537000000.0,4664000000.0,7044000000.0,2024,32364000000.0,3677000000.0,6787000000.0,2023,31227000000.0,3758000000.0,6039000000.0,3
0001633917,PYPL,PayPal,Financials,Transaction & Payment Processing Services,SimFin annual CSV,2024,31797000000.0,4147000000.0,7450000000.0,2023,29771000000.0,4246000000.0,4843000000.0,2022,27518000000.0,2419000000.0,5813000000.0,3
0001633978,LITE,Lumentum,Information Technology,Communications Equipment,SimFin annual CSV,2025,1645000000.0,25900000.0,126300000.0,2024,1359200000.0,-546500000.0,24700000.0,2023,1767000000.0,-131600000.0,179800000.0,1
0001637459,KHC,Kraft Heinz,Consumer Staples,Packaged Foods & Meats,SimFin annual CSV,2024,25846000000.0,2744000000.0,4184000000.0,2023,26640000000.0,2855000000.0,3976000000.0,2022,26485000000.0,2363000000.0,2469000000.0,3
0001645590,HPE,Hewlett Packard Enterprise,Information Technology,"Technology Hardware, Storage & Peripherals",SimFin annual CSV,2024,30127000000.0,2579000000.0,4341000000.0,2023,29135000000.0,2025000000.0,4428000000.0,2022,28496000000.0,868000000.0,4593000000.0,3
0001652044,"GOOGL,GOOG",Alphabet Inc. (Class A),Communication Services,Interactive Media & Services,SimFin annual CSV,2024,350018000000.0,100118000000.0,125299000000.0,2023,307394000000.0,73795000000.0,101746000000.0,2022,282836000000.0,59972000000.0,91495000000.0,3
0001659166,FTV,Fortive,Industrials,Industrial Machinery & Supplies & Components,SimFin annual CSV,2024,4080900000.0,832900000.0,1526800000.0,2023,3913900000.0,865800000.0,1353600000.0,2022,5825700000.0,755200000.0,1303200000.0,3
0001666700,DD,DuPont,Industrials,Industrial Conglomerates,SimFin annual CSV + SEC Company Facts,2025,6614000000.0,423000000.0,,2024,13017000000.0,5868000000.0,,2023,12566000000.0,6467000000.0,,3
0001671933,TTD,Trade Desk (The),Communication Services,Advertising,SimFin annual CSV,2024,2444831000.0,393076000.0,739456000.0,2023,1946120000.0,178940000.0,598322000.0,2022,1577795000.0,53385000.0,548734000.0,3
0001674101,VRT,Vertiv,Industrials,Electrical Components & Equipment,SimFin annual CSV,2024,8011800000.0,495800000.0,1319300000.0,2023,6863200000.0,460200000.0,900500000.0,2022,5691500000.0,76600000.0,-152800000.0,3
0001679788,COIN,Coinbase,Financials,Financial Exchanges & Data,SimFin annual CSV,2024,6564028000.0,2579066000.0,3003006000.0,2023,3108383000.0,94871000.0,513541000.0,2022,3194208000.0,-2624949000.0,-1585419000.0,2
0001682852,MRNA,Moderna,Health Care,Biotechnology,SimFin annual CSV,2024,3236000000.0,-3561000000.0,-3004000000.0,2023,6848000000.0,-4714000000.0,-3118000000.0,2022,19263000000.0,8362000000.0,4981000000.0,1
0001687229,INVH,Invitation Homes,Real Estate,Single-Family Residential REITs,SimFin annual CSV,2024,2618942000.0,453917000.0,1081805000.0,2023,2432278000.0,519470000.0,1107088000.0,2022,2238121000.0,383329000.0,1023587000.0,3
0001690820,CVNA,Carvana,Consumer Discretionary,Automotive Retail,SimFin annual CSV,2024,13673000000.0,210000000.0,-8075000000.0,2023,10771000000.0,450000000.0,-5977000000.0,2022,13604000000.0,-1587000000.0,-7811000000.0,2
0001692819,VST,Vistra Corp.,Utilities,Electric Utilities,SimFin annual CSV,2024,17224000000.0,2659000000.0,4563000000.0,2023,14779000000.0,1493000000.0,5453000000.0,2022,13728000000.0,-1227000000.0,502000000.0,2
0001699150,IR,Ingersoll Rand,Industrials,Industrial Machinery & Supplies & Components,SimFin annual CSV + SEC Company Facts,2025,6876100000.0,778700000.0,1377400000.0,2024,7235000000.0,838600000.0,1396700000.0,2023,6876100000.0,778700000.0,1377400000.0,3
0001701605,BKR,Baker Hughes,Energy,Oil & Gas Equipment & Services,SimFin annual CSV,2024,27829000000.0,2979000000.0,3332000000.0,2023,25506000000.0,1943000000.0,3062000000.0,2022,21156000000.0,-601000000.0,1888000000.0,2
0001705696,VICI,Vici Properties,Real Estate,Hotel & Resort REITs,SimFin annual CSV,2024,3808754000.0,2704255000.0,2381498000.0,2023,3573020000.0,2535066000.0,2181009000.0,2022,2565103000.0,1118471000.0,1943396000.0,3
0001707925,LIN,Linde plc,Materials,Industrial Gases,SimFin annual CSV,2024,33005000000.0,6909000000.0,9423000000.0,2023,32854000000.0,6483000000.0,9305000000.0,2022,33364000000.0,4415000000.0,8864000000.0,3
0001711269,EVRG,Evergy,Utilities,Electric Utilities,SimFin annual CSV,2024,5847300000.0,873600000.0,1983700000.0,2023,5508200000.0,731200000.0,1980200000.0,2022,5859100000.0,752700000.0,1801900000.0,3
0001713445,RDDT,Reddit,Communication Services,Interactive Media & Services,SimFin annual CSV + SEC Company Facts,2025,804029000.0,-90824000.0,-75114000.0,2024,666701000.0,-158550000.0,-94021000.0,,,,,0
0001730168,AVGO,Broadcom,Information Technology,Semiconductors,SimFin annual CSV,2024,51574000000.0,5895000000.0,19962000000.0,2023,35819000000.0,14082000000.0,18085000000.0,2022,33203000000.0,11495000000.0,16736000000.0,3
0001739940,CI,Cigna,Health Care,Health Care Services,SimFin annual CSV,2024,247121000000.0,3434000000.0,10363000000.0,2023,195265000000.0,5164000000.0,11813000000.0,2022,180518000000.0,6704000000.0,8656000000.0,3
0001744489,DIS,Walt Disney Company (The),Communication Services,Movies & Entertainment,SimFin annual CSV,2024,91361000000.0,4972000000.0,12925000000.0,2023,88898000000.0,2354000000.0,11774000000.0,2022,82722000000.0,3145000000.0,12273000000.0,3
0001748790,AMCR,Amcor,Materials,Paper & Plastic Packaging Products & Materials,SimFin annual CSV,2025,15009000000.0,511000000.0,1390000000.0,2024,13640000000.0,730000000.0,1321000000.0,2023,14694000000.0,1048000000.0,1261000000.0,3
0001751008,APP,AppLovin,Communication Services,Advertising,SimFin annual CSV,2024,3224058000.0,1579776000.0,2099011000.0,2023,1841762000.0,356711000.0,1061510000.0,2022,2817058000.0,-192746000.0,412773000.0,2
0001751788,DOW,Dow Inc.,Materials,Commodity Chemicals,SimFin annual CSV,2024,42964000000.0,1116000000.0,2939000000.0,2023,44622000000.0,589000000.0,5109000000.0,2022,56902000000.0,4582000000.0,7519000000.0,3
0001754301,"FOXA,FOX",Fox Corporation (Class A),Communication Services,Broadcasting,SimFin annual CSV,2025,16300000000.0,2263000000.0,3324000000.0,2024,13980000000.0,1501000000.0,1840000000.0,2023,14913000000.0,1239000000.0,1800000000.0,3
0001755672,CTVA,Corteva,Materials,Fertilizers & Agricultural Chemicals,SimFin annual CSV,2024,16908000000.0,907000000.0,2145000000.0,2023,17226000000.0,735000000.0,1769000000.0,2022,17455000000.0,1147000000.0,872000000.0,3
0001757898,STE,Steris,Health Care,Health Care Equipment,SimFin annual CSV,2024,5459500000.0,614500000.0,1148100000.0,2023,5138700000.0,378200000.0,973000000.0,2022,4536266000.0,107030000.0,756947000.0,3
0001781335,OTIS,Otis Worldwide,Industrials,Industrial Machinery & Supplies & Components,SimFin annual CSV,2024,14261000000.0,1645000000.0,1563000000.0,2023,14209000000.0,1406000000.0,1627000000.0,2022,13685000000.0,1253000000.0,1560000000.0,3
0001783180,CARR,Carrier Global,Industrials,Building Products,SimFin annual CSV,2022,17288000000.0,3534000000.0,1743000000.0,2021,20613000000.0,1664000000.0,2237000000.0,2020,17456000000.0,1982000000.0,1692000000.0,3
0001783879,HOOD,Robinhood Markets,Financials,Investment Banking & Brokerage,SimFin annual CSV,2024,2951000000.0,1411000000.0,-157000000.0,2023,1865000000.0,-541000000.0,1181000000.0,2022,1358000000.0,-1028000000.0,-852000000.0,1
0001792044,VTRS,Viatris,Health Care,Pharmaceuticals,SimFin annual CSV,2024,14739300000.0,-634200000.0,2302900000.0,2023,15426900000.0,54700000.0,2900000000.0,2022,16262700000.0,2078600000.0,2999000000.0,2
0001792789,DASH,DoorDash,Consumer Discretionary,Specialized Consumer Services,SimFin annual CSV,2024,10722000000.0,123000000.0,2132000000.0,2023,8635000000.0,-558000000.0,1673000000.0,2022,6583000000.0,-1365000000.0,367000000.0,1
0001811074,TPL,Texas Pacific Land Corporation,Energy,Oil & Gas Exploration & Production,SimFin annual CSV,2024,705823000.0,453960000.0,490672000.0,2023,631595000.0,405645000.0,418288000.0,2022,667422000.0,446362000.0,447149000.0,3
0001835632,MRVL,Marvell Technology,Information Technology,Semiconductors,SimFin annual CSV + SEC Company Facts,2026,5507700000.0,-933400000.0,1370500000.0,2025,5919600000.0,-163500000.0,1288800000.0,2024,4462400000.0,-421000000.0,819300000.0,0
0001841666,APA,APA Corporation,Energy,Oil & Gas Exploration & Production,SimFin annual CSV,2023,7973000000.0,2526000000.0,2929000000.0,2022,10883000000.0,3536000000.0,4852000000.0,2021,7985000000.0,1062000000.0,3505000000.0,3
0001858681,APO,Apollo Global Management,Financials,Asset Management & Custody Banks,SimFin annual CSV,2022,3551356000.0,933867000.0,697781000.0,2021,5951598000.0,1838491000.0,2254514000.0,2020,2354019000.0,156614000.0,1292235000.0,3
0001868275,CEG,Constellation Energy,Utilities,Electric Utilities,SimFin annual CSV,2024,23568000000.0,3749000000.0,-2464000000.0,2023,24918000000.0,1623000000.0,-5301000000.0,2022,24440000000.0,-158000000.0,-2353000000.0,2
0001932393,GEHC,GE HealthCare,Health Care,Health Care Equipment,SimFin annual CSV + SEC Company Facts,2025,19552000000.0,1568000000.0,,2024,19672000000.0,2108000000.0,1955000000.0,2023,17585000000.0,2247000000.0,,3
0001944048,KVUE,Kenvue,Consumer Staples,Personal Care Products,SimFin annual CSV,2024,15455000000.0,1030000000.0,1769000000.0,2023,15444000000.0,1664000000.0,3168000000.0,2022,14950000000.0,2064000000.0,2525000000.0,3
0001964738,SOLV,Solventum,Health Care,Health Care Technology,SimFin annual CSV + SEC Company Facts,2025,8197000000.0,1346000000.0,1915000000.0,2024,8130000000.0,1343000000.0,1679000000.0,,,,,2
0001967680,VLTO,Veralto,Industrials,Environmental & Facilities Services,SimFin annual CSV + SEC Company Facts,2025,5021000000.0,839000000.0,963000000.0,2024,4870000000.0,845000000.0,870000000.0,2023,4700000000.0,861000000.0,896000000.0,3
0001973266,TKO,TKO Group Holdings,Communication Services,Movies & Entertainment,SimFin annual CSV + SEC Company Facts,2025,3224796000.0,-35227000.0,266159000.0,2024,1140147000.0,-35227000.0,501723000.0,2023,1031944000.0,-35227000.0,441235000.0,0
0001996810,GEV,GE Vernova,Industrials,Heavy Electrical Equipment,SimFin annual CSV + SEC Company Facts,2025,33239000000.0,-438000000.0,1186000000.0,2024,29654000000.0,-2736000000.0,-114000000.0,,,,,0
0001996862,BG,Bunge Global,Consumer Staples,Agricultural Products & Services,SimFin annual CSV,2022,67232000000.0,1610000000.0,-5874000000.0,2021,59152000000.0,2078000000.0,-2812000000.0,2020,41404000000.0,1155000000.0,-3582000000.0,3
0002005951,SW,Smurfit Westrock,Materials,Paper & Plastic Packaging Products & Materials,SimFin annual CSV + SEC Company Facts,2025,12093000000.0,825000000.0,1559000000.0,2024,13509000000.0,1034000000.0,1433000000.0,,,,,2
0002011641,FERG,Ferguson Enterprises,Industrials,Trading Companies & Distributors,SimFin annual CSV + SEC Company Facts,2025,29734000000.0,1889000000.0,2723000000.0,2024,28566000000.0,2122000000.0,1149000000.0,,,,,2
0002012383,BLK,BlackRock,Financials,Asset Management & Custody Banks,SimFin annual CSV,2023,17859000000.0,5502000000.0,4165000000.0,2022,17873000000.0,5178000000.0,4956000000.0,2021,19374000000.0,5901000000.0,4944000000.0,3
0002023554,SNDK,Sandisk,Information Technology,"Technology Hardware, Storage & Peripherals",SimFin annual CSV + SEC Company Facts,2026,6663000000.0,-672000000.0,-309000000.0,2025,7355000000.0,-1641000000.0,84000000.0,2024,6663000000.0,-672000000.0,-309000000.0,0
0002041610,PSKY,Paramount Skydance Corporation,Communication Services,Movies & Entertainment,SimFin annual CSV + SEC Company Facts,2025,29652000000.0,-608000000.0,475000000.0,,,,,,,,,0
0002058873,Q,Qnity Electronics,Information Technology,Semiconductor Materials & Equipment,SimFin annual CSV + SEC Company Facts,2025,4035000000.0,533000000.0,882000000.0,,,,,,,,,1
0002082247,FDXF,FedEx Freight,Industrials,Cargo Ground Transportation,SimFin annual CSV + SEC Company Facts,2026,9424000000.0,1574000000.0,1541000000.0,,,,,,,,,1
0002089271,HONA,Honeywell Aerospace,Industrials,Aerospace & Defense,SimFin annual CSV + SEC Company Facts,,,,,,,,,,,,,0
0002115436,XOM,ExxonMobil,Energy,Integrated Oil & Gas,SimFin annual CSV,2024,343391000000.0,33680000000.0,55022000000.0,2023,338197000000.0,36010000000.0,55369000000.0,2022,402217000000.0,55740000000.0,76797000000.0,3
