ticker,company,sector,industry,fiscal_year,revenue_usd,operating_cash_flow_usd,capex_usd,free_cash_flow_usd,fcf_margin
MMM,3M,Industrials,Industrial Conglomerates,2024,24575000000.0,1819000000.0,1120000000.0,699000000.0,0.02844354018311292
MMM,3M,Industrials,Industrial Conglomerates,2023,24610000000.0,6680000000.0,1496000000.0,5184000000.0,0.210646078829744
MMM,3M,Industrials,Industrial Conglomerates,2022,26161000000.0,5591000000.0,1549000000.0,4042000000.0,0.15450479721723176
AOS,A. O. Smith,Industrials,Building Products,2024,3818100000.0,581800000.0,108000000.0,473800000.0,0.12409313532909039
AOS,A. O. Smith,Industrials,Building Products,2023,3852800000.0,670300000.0,72600000.0,597700000.0,0.15513392857142858
AOS,A. O. Smith,Industrials,Building Products,2022,3753900000.0,391400000.0,70300000.0,321100000.0,0.08553770745091771
ABT,Abbott Laboratories,Health Care,Health Care Equipment,2024,41950000000.0,8558000000.0,2207000000.0,6351000000.0,0.15139451728247913
ABT,Abbott Laboratories,Health Care,Health Care Equipment,2023,40109000000.0,7261000000.0,2202000000.0,5059000000.0,0.12613129222867686
ABT,Abbott Laboratories,Health Care,Health Care Equipment,2022,43653000000.0,9581000000.0,1777000000.0,7804000000.0,0.1787735092662589
ABBV,AbbVie,Health Care,Biotechnology,2024,56334000000.0,18806000000.0,974000000.0,17832000000.0,0.31654063265523485
ABBV,AbbVie,Health Care,Biotechnology,2023,54318000000.0,22839000000.0,777000000.0,22062000000.0,0.40616370264000884
ABBV,AbbVie,Health Care,Biotechnology,2022,58054000000.0,24943000000.0,695000000.0,24248000000.0,0.41768009094980535
ACN,Accenture,Information Technology,IT Consulting & Other Services,2025,69672977000.0,11474399000.0,600039000.0,10874360000.0,0.15607715456166024
ACN,Accenture,Information Technology,IT Consulting & Other Services,2024,64896464000.0,9131027000.0,516509000.0,8614518000.0,0.13274248655519968
ACN,Accenture,Information Technology,IT Consulting & Other Services,2023,64111745000.0,9524268000.0,528172000.0,8996096000.0,0.14031900083206283
ADBE,Adobe Inc.,Information Technology,Application Software,2024,21505000000.0,8056000000.0,183000000.0,7873000000.0,0.36610090676586843
ADBE,Adobe Inc.,Information Technology,Application Software,2023,19409000000.0,7302000000.0,360000000.0,6942000000.0,0.3576691225720027
ADBE,Adobe Inc.,Information Technology,Application Software,2022,17606000000.0,7838000000.0,442000000.0,7396000000.0,0.4200840622515052
AMD,Advanced Micro Devices,Information Technology,Semiconductors,2024,25785000000.0,3041000000.0,636000000.0,2405000000.0,0.09327128175295715
AMD,Advanced Micro Devices,Information Technology,Semiconductors,2023,22680000000.0,1667000000.0,546000000.0,1121000000.0,0.04942680776014109
AMD,Advanced Micro Devices,Information Technology,Semiconductors,2022,23601000000.0,3565000000.0,450000000.0,3115000000.0,0.13198593279945764
A,Agilent Technologies,Health Care,Life Sciences Tools & Services,2024,6510000000.0,1751000000.0,378000000.0,1373000000.0,0.2109062980030722
A,Agilent Technologies,Health Care,Life Sciences Tools & Services,2023,6833000000.0,1772000000.0,298000000.0,1474000000.0,0.215717839894629
A,Agilent Technologies,Health Care,Life Sciences Tools & Services,2022,6848000000.0,1312000000.0,291000000.0,1021000000.0,0.1490946261682243
APD,Air Products,Materials,Industrial Gases,2024,12100600000.0,3646700000.0,4917900000.0,-1271200000.0,-0.10505264201775119
APD,Air Products,Materials,Industrial Gases,2023,12600000000.0,3205700000.0,4601000000.0,-1395300000.0,-0.11073809523809523
APD,Air Products,Materials,Industrial Gases,2022,12698600000.0,3170600000.0,2880300000.0,290300000.0,0.0228607878033799
ABNB,Airbnb,Consumer Discretionary,"Hotels, Resorts & Cruise Lines",2020,3378000000.0,-740000000.0,37000000.0,-777000000.0,-0.23001776198934282
AKAM,Akamai Technologies,Information Technology,Internet Services & Infrastructure,2024,3991168000.0,1523144000.0,390433000.0,1132711000.0,0.2838043900933261
AKAM,Akamai Technologies,Information Technology,Internet Services & Infrastructure,2023,3811920000.0,1342370000.0,457909000.0,884461000.0,0.23202506873176773
AKAM,Akamai Technologies,Information Technology,Internet Services & Infrastructure,2022,3616654000.0,1268554000.0,241266000.0,1027288000.0,0.2840437597845965
ALB,Albemarle Corporation,Materials,Specialty Chemicals,2024,5377526000.0,687876000.0,1651427000.0,-963551000.0,-0.17918109554467984
ALB,Albemarle Corporation,Materials,Specialty Chemicals,2023,9617203000.0,1326583000.0,2154542000.0,-827959000.0,-0.08609145507274828
ALB,Albemarle Corporation,Materials,Specialty Chemicals,2022,7320104000.0,1907849000.0,1261646000.0,646203000.0,0.08827784413991932
ARE,Alexandria Real Estate Equities,Real Estate,Office REITs,2024,3116394000.0,1504524000.0,1451118000.0,53406000.0,0.01713711424165237
ARE,Alexandria Real Estate Equities,Real Estate,Office REITs,2023,2885699000.0,1630550000.0,2488303000.0,-857753000.0,-0.29724271311734174
ARE,Alexandria Real Estate Equities,Real Estate,Office REITs,2022,2588962000.0,1294321000.0,5190843000.0,-3896522000.0,-1.5050518315834687
ALGN,Align Technology,Health Care,Health Care Supplies,2024,3999012000.0,738231000.0,115580000.0,622651000.0,0.155701208198425
ALGN,Align Technology,Health Care,Health Care Supplies,2023,3862260000.0,785776000.0,177716000.0,608060000.0,0.15743631966775928
ALGN,Align Technology,Health Care,Health Care Supplies,2022,3734635000.0,568732000.0,291900000.0,276832000.0,0.0741255838924018
ALLE,Allegion,Industrials,Building Products,2024,3772200000.0,675000000.0,92100000.0,582900000.0,0.1545252107523461
ALLE,Allegion,Industrials,Building Products,2023,3650800000.0,600600000.0,84200000.0,516400000.0,0.14144844965487016
ALLE,Allegion,Industrials,Building Products,2022,3271900000.0,459500000.0,64000000.0,395500000.0,0.12087777743818576
LNT,Alliant Energy,Utilities,Electric Utilities,2021,3669000000.0,582000000.0,1070000000.0,-488000000.0,-0.13300626873807578
LNT,Alliant Energy,Utilities,Electric Utilities,2020,3416000000.0,501000000.0,1293000000.0,-792000000.0,-0.23185011709601874
GOOG,Alphabet Inc. (Class C),Communication Services,Interactive Media & Services,2024,350018000000.0,125299000000.0,52535000000.0,72764000000.0,0.20788645155392008
GOOG,Alphabet Inc. (Class C),Communication Services,Interactive Media & Services,2023,307394000000.0,101746000000.0,32251000000.0,69495000000.0,0.22607793255561268
GOOG,Alphabet Inc. (Class C),Communication Services,Interactive Media & Services,2022,282836000000.0,91495000000.0,31485000000.0,60010000000.0,0.21217242500954617
MO,Altria,Consumer Staples,Tobacco,2023,24483000000.0,9000000000.0,1504000000.0,10504000000.0,0.4290323898215088
MO,Altria,Consumer Staples,Tobacco,2022,25096000000.0,8057000000.0,795000000.0,8852000000.0,0.3527255339496334
MO,Altria,Consumer Staples,Tobacco,2021,26013000000.0,8235000000.0,169000000.0,8066000000.0,0.3100757313650867
AMZN,Amazon,Consumer Discretionary,Broadline Retail,2024,637959000000.0,115877000000.0,77658000000.0,38219000000.0,0.05990823861721521
AMZN,Amazon,Consumer Discretionary,Broadline Retail,2023,574785000000.0,84946000000.0,48133000000.0,36813000000.0,0.0640465565385318
AMZN,Amazon,Consumer Discretionary,Broadline Retail,2022,513983000000.0,46752000000.0,58321000000.0,-11569000000.0,-0.022508526546597844
AMCR,Amcor,Materials,Paper & Plastic Packaging Products & Materials,2025,15009000000.0,1390000000.0,562000000.0,828000000.0,0.05516689986008395
AMCR,Amcor,Materials,Paper & Plastic Packaging Products & Materials,2024,13640000000.0,1321000000.0,453000000.0,868000000.0,0.06363636363636363
AMCR,Amcor,Materials,Paper & Plastic Packaging Products & Materials,2023,14694000000.0,1261000000.0,496000000.0,765000000.0,0.052062066149448756
AEE,Ameren,Utilities,Multi-Utilities,2024,7623000000.0,2763000000.0,4319000000.0,-1556000000.0,-0.2041191132100223
AEE,Ameren,Utilities,Multi-Utilities,2023,7500000000.0,2564000000.0,3597000000.0,-1033000000.0,-0.13773333333333335
AEE,Ameren,Utilities,Multi-Utilities,2022,7957000000.0,2263000000.0,3351000000.0,-1088000000.0,-0.13673495035817518
AEP,American Electric Power,Utilities,Electric Utilities,2023,18982300000.0,5012200000.0,1186200000.0,6198400000.0,0.3265357727988705
AEP,American Electric Power,Utilities,Electric Utilities,2022,19639500000.0,5288000000.0,989300000.0,4298700000.0,0.2188803177270297
AEP,American Electric Power,Utilities,Electric Utilities,2021,16792000000.0,3839900000.0,118900000.0,3958800000.0,0.2357551214864221
AXP,American Express,Financials,Consumer Finance,2024,65647000000.0,14050000000.0,1911000000.0,12139000000.0,0.18491324813015064
AXP,American Express,Financials,Consumer Finance,2023,60311000000.0,18559000000.0,1563000000.0,16996000000.0,0.28180597237651506
AXP,American Express,Financials,Consumer Finance,2022,52862000000.0,21079000000.0,1855000000.0,19224000000.0,0.36366387953539403
AMT,American Tower,Real Estate,Telecom Tower REITs,2021,9356900000.0,4819900000.0,1376700000.0,3443200000.0,0.36798512327800875
AMT,American Tower,Real Estate,Telecom Tower REITs,2020,8041500000.0,3881400000.0,1031700000.0,2849700000.0,0.3543741839209103
AWK,American Water Works,Utilities,Water Utilities,2024,4684000000.0,2045000000.0,3008000000.0,-963000000.0,-0.2055935098206661
AWK,American Water Works,Utilities,Water Utilities,2023,4234000000.0,1874000000.0,2734000000.0,-860000000.0,-0.2031176192725555
AWK,American Water Works,Utilities,Water Utilities,2022,3792000000.0,1108000000.0,1812000000.0,-704000000.0,-0.18565400843881857
AMP,Ameriprise Financial,Financials,Asset Management & Custody Banks,2024,17926000000.0,6595000000.0,176000000.0,6419000000.0,0.3580832310610287
AMP,Ameriprise Financial,Financials,Asset Management & Custody Banks,2023,16096000000.0,4685000000.0,184000000.0,4501000000.0,0.27963469184890655
AMP,Ameriprise Financial,Financials,Asset Management & Custody Banks,2022,14334000000.0,4407000000.0,182000000.0,4225000000.0,0.2947537323845403
AME,Ametek,Industrials,Electrical Components & Equipment,2024,6941180000.0,1828848000.0,122829000.0,1706019000.0,0.24578227333104746
AME,Ametek,Industrials,Electrical Components & Equipment,2023,6596950000.0,1735296000.0,135369000.0,1599927000.0,0.24252525788432533
AME,Ametek,Industrials,Electrical Components & Equipment,2022,6150530000.0,1149373000.0,127251000.0,1022122000.0,0.1661843776064827
AMGN,Amgen,Health Care,Biotechnology,2024,33424000000.0,11490000000.0,1096000000.0,10394000000.0,0.31097415031115366
AMGN,Amgen,Health Care,Biotechnology,2023,28190000000.0,8471000000.0,1112000000.0,7359000000.0,0.2610500177367861
AMGN,Amgen,Health Care,Biotechnology,2022,26323000000.0,9721000000.0,936000000.0,8785000000.0,0.33373855563575583
APH,Amphenol,Information Technology,Electronic Components,2024,15222700000.0,2814700000.0,657600000.0,2157100000.0,0.14170285166232008
APH,Amphenol,Information Technology,Electronic Components,2023,12554700000.0,2528700000.0,368800000.0,2159900000.0,0.17203915665049743
APH,Amphenol,Information Technology,Electronic Components,2022,12623000000.0,2174600000.0,378200000.0,1796400000.0,0.14231165333122078
ADI,Analog Devices,Information Technology,Semiconductors,2024,9427157000.0,3852529000.0,730463000.0,3122066000.0,0.33117789382313245
ADI,Analog Devices,Information Technology,Semiconductors,2023,12305539000.0,4817634000.0,1261463000.0,3556171000.0,0.2889894542612071
ADI,Analog Devices,Information Technology,Semiconductors,2022,12013953000.0,4475402000.0,699308000.0,3776094000.0,0.314309037167034
AON,Aon plc,Financials,Insurance Brokers,2024,15698000000.0,3035000000.0,218000000.0,2817000000.0,0.17944961141546695
AON,Aon plc,Financials,Insurance Brokers,2023,13376000000.0,3435000000.0,252000000.0,3183000000.0,0.23796351674641147
AON,Aon plc,Financials,Insurance Brokers,2022,12479000000.0,3219000000.0,196000000.0,3023000000.0,0.242246974917862
APA,APA Corporation,Energy,Oil & Gas Exploration & Production,2023,7973000000.0,2929000000.0,1922000000.0,1007000000.0,0.12630126677536685
APA,APA Corporation,Energy,Oil & Gas Exploration & Production,2022,10883000000.0,4852000000.0,762000000.0,4090000000.0,0.37581549205182396
APA,APA Corporation,Energy,Oil & Gas Exploration & Production,2021,7985000000.0,3505000000.0,687000000.0,2818000000.0,0.35291170945522854
APO,Apollo Global Management,Financials,Asset Management & Custody Banks,2022,3551356000.0,697781000.0,202525000.0,495256000.0,0.13945546433531306
APO,Apollo Global Management,Financials,Asset Management & Custody Banks,2021,5951598000.0,2254514000.0,64738000.0,2189776000.0,0.3679307641409921
APO,Apollo Global Management,Financials,Asset Management & Custody Banks,2020,2354019000.0,1292235000.0,59562000.0,1232673000.0,0.5236461557871878
AAPL,Apple Inc.,Information Technology,"Technology Hardware, Storage & Peripherals",2024,391035000000.0,118254000000.0,9447000000.0,108807000000.0,0.27825386474356517
AAPL,Apple Inc.,Information Technology,"Technology Hardware, Storage & Peripherals",2023,383285000000.0,110543000000.0,10959000000.0,99584000000.0,0.25981710737440805
AAPL,Apple Inc.,Information Technology,"Technology Hardware, Storage & Peripherals",2022,394328000000.0,122151000000.0,10708000000.0,111443000000.0,0.2826149804223895
AMAT,Applied Materials,Information Technology,Semiconductor Materials & Equipment,2024,27176000000.0,8677000000.0,1190000000.0,7487000000.0,0.2755004415660877
AMAT,Applied Materials,Information Technology,Semiconductor Materials & Equipment,2023,26517000000.0,8700000000.0,1106000000.0,7594000000.0,0.28638232077535164
AMAT,Applied Materials,Information Technology,Semiconductor Materials & Equipment,2022,25785000000.0,5399000000.0,787000000.0,4612000000.0,0.17886368043436107
APP,AppLovin,Communication Services,Advertising,2024,3224058000.0,2099011000.0,25553000.0,2073458000.0,0.6431205642082122
APP,AppLovin,Communication Services,Advertising,2023,1841762000.0,1061510000.0,63899000.0,997611000.0,0.5416611918369475
APP,AppLovin,Communication Services,Advertising,2022,2817058000.0,412773000.0,40650000.0,453423000.0,0.16095621744387228
APTV,Aptiv,Consumer Discretionary,Automotive Parts & Equipment,2024,19713000000.0,2446000000.0,824000000.0,1622000000.0,0.08228072845330492
APTV,Aptiv,Consumer Discretionary,Automotive Parts & Equipment,2023,20051000000.0,1896000000.0,902000000.0,994000000.0,0.04957358735225176
APTV,Aptiv,Consumer Discretionary,Automotive Parts & Equipment,2022,17489000000.0,1263000000.0,837000000.0,426000000.0,0.024358167991308823
ADM,Archer Daniels Midland,Consumer Staples,Agricultural Products & Services,2024,85530000000.0,2790000000.0,1563000000.0,1227000000.0,0.014345843563661873
ADM,Archer Daniels Midland,Consumer Staples,Agricultural Products & Services,2023,93935000000.0,4460000000.0,1494000000.0,2966000000.0,0.03157502528344068
ADM,Archer Daniels Midland,Consumer Staples,Agricultural Products & Services,2022,101556000000.0,3478000000.0,1319000000.0,2159000000.0,0.02125920674307771
ARES,Ares Management,Financials,Asset Management & Custody Banks,2020,1764046000.0,-425659000.0,15942000.0,-441601000.0,-0.2503341749591564
ANET,Arista Networks,Information Technology,Communications Equipment,2024,7003100000.0,3708200000.0,32000000.0,3676200000.0,0.5249389556053747
ANET,Arista Networks,Information Technology,Communications Equipment,2023,5860200000.0,2034000000.0,34400000.0,1999600000.0,0.34121702330978465
ANET,Arista Networks,Information Technology,Communications Equipment,2022,4381310000.0,492813000.0,44644000.0,448169000.0,0.10229109558556687
AJG,Arthur J. Gallagher & Co.,Financials,Insurance Brokers,2024,11555000000.0,2583000000.0,142000000.0,2441000000.0,0.211250540891389
AJG,Arthur J. Gallagher & Co.,Financials,Insurance Brokers,2023,10072000000.0,2032000000.0,194000000.0,1838000000.0,0.18248610007942812
AJG,Arthur J. Gallagher & Co.,Financials,Insurance Brokers,2022,8550600000.0,1390000000.0,182700000.0,1207300000.0,0.14119476995766378
AIZ,Assurant,Financials,Multi-line Insurance,2024,11877500000.0,1332700000.0,221300000.0,1111400000.0,0.09357187960429383
AIZ,Assurant,Financials,Multi-line Insurance,2023,11131600000.0,1138100000.0,202500000.0,935600000.0,0.08404901361888677
AIZ,Assurant,Financials,Multi-line Insurance,2022,10193000000.0,619400000.0,186300000.0,433100000.0,0.042489944079270085
T,AT&T,Communication Services,Integrated Telecommunication Services,2024,122336000000.0,38771000000.0,20188000000.0,18583000000.0,0.15190132095213182
T,AT&T,Communication Services,Integrated Telecommunication Services,2023,122428000000.0,38314000000.0,17781000000.0,20533000000.0,0.16771490181984514
T,AT&T,Communication Services,Integrated Telecommunication Services,2022,120741000000.0,35812000000.0,19427000000.0,16385000000.0,0.13570369634175633
ATO,Atmos Energy,Utilities,Gas Utilities,2024,4165187000.0,1733746000.0,2937124000.0,-1203378000.0,-0.28891331889780697
ATO,Atmos Energy,Utilities,Gas Utilities,2023,4275357000.0,3459743000.0,2805973000.0,653770000.0,0.15291588515298254
ATO,Atmos Energy,Utilities,Gas Utilities,2022,4201662000.0,977584000.0,2444420000.0,-1466836000.0,-0.3491085194382604
ADSK,Autodesk,Information Technology,Application Software,2024,6131000000.0,1607000000.0,102000000.0,1505000000.0,0.24547382156255096
ADSK,Autodesk,Information Technology,Application Software,2023,5497000000.0,1313000000.0,61000000.0,1252000000.0,0.22776059668910315
ADSK,Autodesk,Information Technology,Application Software,2022,5005000000.0,2071000000.0,46000000.0,2025000000.0,0.4045954045954046
ADP,Automatic Data Processing,Industrials,Human Resource & Employment Services,2025,20560900000.0,4939700000.0,536200000.0,4403500000.0,0.2141686404778001
ADP,Automatic Data Processing,Industrials,Human Resource & Employment Services,2024,19202600000.0,4157600000.0,535100000.0,3622500000.0,0.18864632914292856
ADP,Automatic Data Processing,Industrials,Human Resource & Employment Services,2023,18012200000.0,4207600000.0,571600000.0,3636000000.0,0.20186318162134553
AZO,AutoZone,Consumer Discretionary,Automotive Retail,2025,18938717000.0,3117337000.0,1327257000.0,1790080000.0,0.0945196023574353
AZO,AutoZone,Consumer Discretionary,Automotive Retail,2024,18490268000.0,3004116000.0,1072696000.0,1931420000.0,0.10445603059944832
AZO,AutoZone,Consumer Discretionary,Automotive Retail,2023,17457209000.0,2940788000.0,796657000.0,2144131000.0,0.12282209601775404
AVY,Avery Dennison,Materials,Paper & Plastic Packaging Products & Materials,2024,8755700000.0,938800000.0,208200000.0,730600000.0,0.08344278584236554
AVY,Avery Dennison,Materials,Paper & Plastic Packaging Products & Materials,2023,8364300000.0,826000000.0,264300000.0,561700000.0,0.06715445404875482
AVY,Avery Dennison,Materials,Paper & Plastic Packaging Products & Materials,2022,9039300000.0,961000000.0,275800000.0,685200000.0,0.07580232982642461
AXON,Axon Enterprise,Industrials,Aerospace & Defense,2024,2082526000.0,408366000.0,78785000.0,329581000.0,0.1582602089961902
AXON,Axon Enterprise,Industrials,Aerospace & Defense,2023,1560699000.0,188726000.0,59635000.0,129091000.0,0.08271357897967513
AXON,Axon Enterprise,Industrials,Aerospace & Defense,2022,1187143000.0,235361000.0,55802000.0,179559000.0,0.15125305039072798
BKR,Baker Hughes,Energy,Oil & Gas Equipment & Services,2024,27829000000.0,3332000000.0,1075000000.0,2257000000.0,0.08110244708757051
BKR,Baker Hughes,Energy,Oil & Gas Equipment & Services,2023,25506000000.0,3062000000.0,1016000000.0,2046000000.0,0.08021641966596095
BKR,Baker Hughes,Energy,Oil & Gas Equipment & Services,2022,21156000000.0,1888000000.0,772000000.0,1116000000.0,0.052750992626205334
BALL,Ball Corporation,Materials,"Metal, Glass & Plastic Containers",2024,11795000000.0,115000000.0,484000000.0,-369000000.0,-0.03128444256040695
BALL,Ball Corporation,Materials,"Metal, Glass & Plastic Containers",2023,12062000000.0,1863000000.0,1045000000.0,818000000.0,0.06781628254020892
BALL,Ball Corporation,Materials,"Metal, Glass & Plastic Containers",2022,13372000000.0,301000000.0,1651000000.0,-1350000000.0,-0.10095722405025426
BAX,Baxter International,Health Care,Health Care Equipment,2024,10636000000.0,1033000000.0,446000000.0,587000000.0,0.05518992102294096
BAX,Baxter International,Health Care,Health Care Equipment,2023,10360000000.0,4027000000.0,432000000.0,3595000000.0,0.347007722007722
BAX,Baxter International,Health Care,Health Care Equipment,2022,10057000000.0,1862000000.0,377000000.0,1485000000.0,0.14765834741970765
BDX,Becton Dickinson,Health Care,Health Care Equipment,2024,20178000000.0,3843000000.0,725000000.0,3118000000.0,0.15452472990385568
BDX,Becton Dickinson,Health Care,Health Care Equipment,2023,19372000000.0,2990000000.0,874000000.0,2116000000.0,0.10922981622960974
BDX,Becton Dickinson,Health Care,Health Care Equipment,2022,18870000000.0,2470000000.0,973000000.0,1497000000.0,0.07933227344992051
BBY,Best Buy,Consumer Discretionary,Computer & Electronics Retail,2024,41528000000.0,2098000000.0,706000000.0,1392000000.0,0.0335195530726257
BBY,Best Buy,Consumer Discretionary,Computer & Electronics Retail,2023,43452000000.0,1470000000.0,795000000.0,675000000.0,0.015534382767191384
BBY,Best Buy,Consumer Discretionary,Computer & Electronics Retail,2022,46298000000.0,1824000000.0,930000000.0,894000000.0,0.019309689403429954
TECH,Bio-Techne,Health Care,Life Sciences Tools & Services,2025,1219635000.0,287556000.0,28559000.0,258997000.0,0.21235615573511749
TECH,Bio-Techne,Health Care,Life Sciences Tools & Services,2024,1159060000.0,298981000.0,62877000.0,236104000.0,0.20370300070746986
TECH,Bio-Techne,Health Care,Life Sciences Tools & Services,2023,1136702000.0,254393000.0,20420000.0,233973000.0,0.20583495058511378
BIIB,Biogen,Health Care,Biotechnology,2024,9675900000.0,2875500000.0,65100000.0,2810400000.0,0.2904536012153908
BIIB,Biogen,Health Care,Biotechnology,2023,9835600000.0,1547200000.0,277000000.0,1270200000.0,0.12914311277400464
BIIB,Biogen,Health Care,Biotechnology,2022,10173400000.0,1384300000.0,342300000.0,1726600000.0,0.16971710539249416
BLK,BlackRock,Financials,Asset Management & Custody Banks,2023,17859000000.0,4165000000.0,344000000.0,3821000000.0,0.21395374881012375
BLK,BlackRock,Financials,Asset Management & Custody Banks,2022,17873000000.0,4956000000.0,533000000.0,4423000000.0,0.24746824819560231
BLK,BlackRock,Financials,Asset Management & Custody Banks,2021,19374000000.0,4944000000.0,341000000.0,4603000000.0,0.23758645607515227
BX,Blackstone Inc.,Financials,Asset Management & Custody Banks,2024,13229968000.0,1568850000.0,61409000.0,1507441000.0,0.1139413942648992
BX,Blackstone Inc.,Financials,Asset Management & Custody Banks,2023,8022841000.0,1878007000.0,224231000.0,1653776000.0,0.20613346319589282
BX,Blackstone Inc.,Financials,Asset Management & Custody Banks,2022,8517673000.0,1196804000.0,235497000.0,961307000.0,0.11286028472800023
BA,Boeing,Industrials,Aerospace & Defense,2022,66608000000.0,3512000000.0,1187000000.0,2325000000.0,0.03490571703098727
BA,Boeing,Industrials,Aerospace & Defense,2021,62286000000.0,11555000000.0,451000000.0,11104000000.0,0.17827441158526797
BA,Boeing,Industrials,Aerospace & Defense,2020,58158000000.0,-18410000000.0,1007000000.0,-19417000000.0,-0.33386636404278003
BKNG,Booking Holdings,Consumer Discretionary,"Hotels, Resorts & Cruise Lines",2024,23739000000.0,8799000000.0,429000000.0,8370000000.0,0.3525843548590926
BKNG,Booking Holdings,Consumer Discretionary,"Hotels, Resorts & Cruise Lines",2023,21365000000.0,7202000000.0,345000000.0,6857000000.0,0.32094547156564474
BKNG,Booking Holdings,Consumer Discretionary,"Hotels, Resorts & Cruise Lines",2022,17090000000.0,7032000000.0,368000000.0,6664000000.0,0.3899356348741954
BSX,Boston Scientific,Health Care,Health Care Equipment,2024,16747000000.0,3434000000.0,790000000.0,2644000000.0,0.15787902310861646
BSX,Boston Scientific,Health Care,Health Care Equipment,2023,14240000000.0,2505000000.0,711000000.0,1794000000.0,0.12598314606741573
BSX,Boston Scientific,Health Care,Health Care Equipment,2022,12682000000.0,1527000000.0,576000000.0,951000000.0,0.07498817221258476
BMY,Bristol Myers Squibb,Health Care,Pharmaceuticals,2024,48300000000.0,14566000000.0,1248000000.0,13318000000.0,0.2757349896480331
BMY,Bristol Myers Squibb,Health Care,Pharmaceuticals,2023,45006000000.0,14527000000.0,1209000000.0,13318000000.0,0.2959161000755455
BMY,Bristol Myers Squibb,Health Care,Pharmaceuticals,2022,46159000000.0,13676000000.0,1118000000.0,12558000000.0,0.272059620009099
AVGO,Broadcom,Information Technology,Semiconductors,2024,51574000000.0,19962000000.0,548000000.0,19414000000.0,0.37642998410051576
AVGO,Broadcom,Information Technology,Semiconductors,2023,35819000000.0,18085000000.0,452000000.0,17633000000.0,0.49228063318350596
AVGO,Broadcom,Information Technology,Semiconductors,2022,33203000000.0,16736000000.0,424000000.0,16312000000.0,0.49128090835165494
BR,Broadridge Financial Solutions,Industrials,Data Processing & Outsourced Services,2025,6889100000.0,1171300000.0,43800000.0,1127500000.0,0.16366433931863378
BR,Broadridge Financial Solutions,Industrials,Data Processing & Outsourced Services,2024,6506800000.0,1056200000.0,57400000.0,998800000.0,0.15350095284932685
BR,Broadridge Financial Solutions,Industrials,Data Processing & Outsourced Services,2023,6060900000.0,823300000.0,38400000.0,784900000.0,0.1295022191423716
BRO,Brown & Brown,Financials,Insurance Brokers,2024,4805000000.0,1365000000.0,12000000.0,1353000000.0,0.28158168574401665
BRO,Brown & Brown,Financials,Insurance Brokers,2023,4257000000.0,1199000000.0,38000000.0,1237000000.0,0.29058022081277896
BRO,Brown & Brown,Financials,Insurance Brokers,2022,3573000000.0,881000000.0,8000000.0,889000000.0,0.24881052336971732
BLDR,Builders FirstSource,Industrials,Building Products,2024,16400492000.0,1872692000.0,366575000.0,1506117000.0,0.0918336474296015
BLDR,Builders FirstSource,Industrials,Building Products,2023,17097330000.0,2306872000.0,429620000.0,1877252000.0,0.10979796260585717
BLDR,Builders FirstSource,Industrials,Building Products,2022,22726418000.0,3599231000.0,329465000.0,3269766000.0,0.14387511485531948
BG,Bunge Global,Consumer Staples,Agricultural Products & Services,2022,67232000000.0,-5874000000.0,47000000.0,-5921000000.0,-0.08806818181818182
BG,Bunge Global,Consumer Staples,Agricultural Products & Services,2021,59152000000.0,-2812000000.0,248000000.0,-2564000000.0,-0.04334595618068705
BG,Bunge Global,Consumer Staples,Agricultural Products & Services,2020,41404000000.0,-3582000000.0,171000000.0,-3753000000.0,-0.09064341609506328
BXP,"BXP, Inc.",Real Estate,Office REITs,2024,3407719000.0,1234501000.0,1134089000.0,100412000.0,0.029466044588770376
BXP,"BXP, Inc.",Real Estate,Office REITs,2023,3273569000.0,1301520000.0,1007795000.0,293725000.0,0.08972622846807261
BXP,"BXP, Inc.",Real Estate,Office REITs,2022,3108581000.0,1282399000.0,61192000.0,1221207000.0,0.39285030694069095
CHRW,C.H. Robinson,Industrials,Air Freight & Logistics,2024,17724956000.0,648191000.0,22653000.0,625538000.0,0.03529137110410881
CHRW,C.H. Robinson,Industrials,Air Freight & Logistics,2023,17596443000.0,495491000.0,28665000.0,466826000.0,0.026529566231084316
CHRW,C.H. Robinson,Industrials,Air Freight & Logistics,2022,24696625000.0,1977660000.0,1664000.0,1979324000.0,0.08014552595749419
CDNS,Cadence Design Systems,Information Technology,Application Software,2024,4641264000.0,1260551000.0,142542000.0,1118009000.0,0.24088459523095432
CDNS,Cadence Design Systems,Information Technology,Application Software,2023,4089986000.0,1349176000.0,102503000.0,1246673000.0,0.30481106781294603
CDNS,Cadence Design Systems,Information Technology,Application Software,2022,3561718000.0,1241894000.0,124215000.0,1117679000.0,0.3138033387258621
CPT,Camden Property Trust,Real Estate,Multi-Family Residential REITs,2021,1154117000.0,573435000.0,803956000.0,-230521000.0,-0.19973798150447486
CPT,Camden Property Trust,Real Estate,Multi-Family Residential REITs,2020,1043837000.0,519319000.0,426494000.0,92825000.0,0.0889267194015924
COF,Capital One,Financials,Consumer Finance,2024,39112000000.0,18159000000.0,1204000000.0,16955000000.0,0.4334986704847617
COF,Capital One,Financials,Consumer Finance,2023,36787000000.0,20575000000.0,961000000.0,19614000000.0,0.5331774811754152
COF,Capital One,Financials,Consumer Finance,2022,34250000000.0,13809000000.0,934000000.0,12875000000.0,0.3759124087591241
CAH,Cardinal Health,Health Care,Health Care Distributors,2025,222578000000.0,2397000000.0,547000000.0,1850000000.0,0.008311692979539757
CAH,Cardinal Health,Health Care,Health Care Distributors,2024,226827000000.0,3762000000.0,511000000.0,3251000000.0,0.014332508916487014
CAH,Cardinal Health,Health Care,Health Care Distributors,2023,204979000000.0,2844000000.0,481000000.0,2363000000.0,0.01152801018640934
CCL,Carnival Corporation,Consumer Discretionary,"Hotels, Resorts & Cruise Lines",2024,25021000000.0,5922000000.0,4568000000.0,1354000000.0,0.05411454378322209
CCL,Carnival Corporation,Consumer Discretionary,"Hotels, Resorts & Cruise Lines",2023,21593000000.0,4280000000.0,2944000000.0,1336000000.0,0.06187190293150558
CCL,Carnival Corporation,Consumer Discretionary,"Hotels, Resorts & Cruise Lines",2022,12169000000.0,-1668000000.0,4870000000.0,-6538000000.0,-0.5372668255403074
CARR,Carrier Global,Industrials,Building Products,2022,17288000000.0,1743000000.0,317000000.0,1426000000.0,0.08248496066635817
CARR,Carrier Global,Industrials,Building Products,2021,20613000000.0,2237000000.0,344000000.0,1893000000.0,0.09183524959976713
CARR,Carrier Global,Industrials,Building Products,2020,17456000000.0,1692000000.0,312000000.0,1380000000.0,0.07905591200733272
CVNA,Carvana,Consumer Discretionary,Automotive Retail,2024,13673000000.0,-8075000000.0,80000000.0,-8155000000.0,-0.5964309222555401
CVNA,Carvana,Consumer Discretionary,Automotive Retail,2023,10771000000.0,-5977000000.0,15000000.0,-5992000000.0,-0.5563086064432272
CVNA,Carvana,Consumer Discretionary,Automotive Retail,2022,13604000000.0,-7811000000.0,468000000.0,-8279000000.0,-0.6085710085269038
CASY,Casey's,Consumer Staples,Food Retail,2024,14862913000.0,892953000.0,495324000.0,397629000.0,0.026753100149344882
CASY,Casey's,Consumer Staples,Food Retail,2023,15094475000.0,881951000.0,459465000.0,422486000.0,0.027989446469651975
CASY,Casey's,Consumer Staples,Food Retail,2022,12952594000.0,788741000.0,256357000.0,532384000.0,0.04110250039490159
CAT,Caterpillar Inc.,Industrials,Construction Machinery & Heavy Transportation Equipment,2024,64809000000.0,12035000000.0,2493000000.0,9542000000.0,0.14723263744233053
CAT,Caterpillar Inc.,Industrials,Construction Machinery & Heavy Transportation Equipment,2023,67060000000.0,12885000000.0,2311000000.0,10574000000.0,0.157679689830003
CAT,Caterpillar Inc.,Industrials,Construction Machinery & Heavy Transportation Equipment,2022,59427000000.0,7766000000.0,1769000000.0,5997000000.0,0.10091372608410319
CBOE,Cboe Global Markets,Financials,Financial Exchanges & Data,2024,4094500000.0,1100600000.0,56800000.0,1043800000.0,0.25492734155574553
CBOE,Cboe Global Markets,Financials,Financial Exchanges & Data,2023,3773500000.0,1075600000.0,44200000.0,1031400000.0,0.27332714986087187
CBOE,Cboe Global Markets,Financials,Financial Exchanges & Data,2022,3958500000.0,-57200000.0,59800000.0,-117000000.0,-0.029556650246305417
CBRE,CBRE Group,Real Estate,Real Estate Services,2024,35767000000.0,1822000000.0,461000000.0,1361000000.0,0.038051835490815554
CBRE,CBRE Group,Real Estate,Real Estate Services,2023,31949000000.0,262000000.0,399000000.0,-137000000.0,-0.004288084134088704
CBRE,CBRE Group,Real Estate,Real Estate Services,2022,30828000000.0,-12900000000.0,260000000.0,-13160000000.0,-0.4268846503178928
CDW,CDW Corporation,Information Technology,Technology Distributors,2024,20998700000.0,1277300000.0,122600000.0,1154700000.0,0.05498911837399458
CDW,CDW Corporation,Information Technology,Technology Distributors,2023,21376000000.0,1598700000.0,148200000.0,1450500000.0,0.0678564745508982
CDW,CDW Corporation,Information Technology,Technology Distributors,2022,23748700000.0,1420500000.0,127800000.0,1292700000.0,0.054432453144803716
COR,Cencora,Health Care,Health Care Distributors,2024,293958599000.0,3484685000.0,487173000.0,2997512000.0,0.010197054994128612
COR,Cencora,Health Care,Health Care Distributors,2023,262173411000.0,3911334000.0,458359000.0,3452975000.0,0.013170576630289942
COR,Cencora,Health Care,Health Care Distributors,2022,238587006000.0,2703088000.0,496318000.0,2206770000.0,0.009249330200321136
CNC,Centene Corporation,Health Care,Managed Health Care,2024,163071000000.0,154000000.0,644000000.0,-490000000.0,-0.0030048261186844992
CNC,Centene Corporation,Health Care,Managed Health Care,2023,153999000000.0,8053000000.0,799000000.0,7254000000.0,0.047104201975337504
CNC,Centene Corporation,Health Care,Managed Health Care,2022,144547000000.0,6261000000.0,1004000000.0,5257000000.0,0.03636879354120113
CNP,CenterPoint Energy,Utilities,Multi-Utilities,2024,8643000000.0,2139000000.0,4513000000.0,-2374000000.0,-0.2746731458984149
CNP,CenterPoint Energy,Utilities,Multi-Utilities,2023,8696000000.0,3877000000.0,4401000000.0,-524000000.0,-0.060257589696412144
CNP,CenterPoint Energy,Utilities,Multi-Utilities,2022,9321000000.0,1810000000.0,4419000000.0,-2609000000.0,-0.2799055895290205
CF,CF Industries,Materials,Fertilizers & Agricultural Chemicals,2024,5936000000.0,2271000000.0,515000000.0,1756000000.0,0.29582210242587603
CF,CF Industries,Materials,Fertilizers & Agricultural Chemicals,2023,6631000000.0,2757000000.0,498000000.0,2259000000.0,0.34067259840144776
CF,CF Industries,Materials,Fertilizers & Agricultural Chemicals,2022,11186000000.0,4107000000.0,452000000.0,3655000000.0,0.32674772036474165
CRL,Charles River Laboratories,Health Care,Life Sciences Tools & Services,2024,4049989000.0,734577000.0,232967000.0,501610000.0,0.12385465738302005
CRL,Charles River Laboratories,Health Care,Life Sciences Tools & Services,2023,4129409000.0,683898000.0,318528000.0,365370000.0,0.0884799737686434
CRL,Charles River Laboratories,Health Care,Life Sciences Tools & Services,2022,3976060000.0,619640000.0,324733000.0,294907000.0,0.07417066140853006
SCHW,Charles Schwab Corporation,Financials,Investment Banking & Brokerage,2024,19606000000.0,2670000000.0,620000000.0,2050000000.0,0.10455982862389064
SCHW,Charles Schwab Corporation,Financials,Investment Banking & Brokerage,2023,18837000000.0,19587000000.0,700000000.0,18887000000.0,1.0026543504804375
SCHW,Charles Schwab Corporation,Financials,Investment Banking & Brokerage,2022,20762000000.0,2057000000.0,971000000.0,1086000000.0,0.05230709950871785
CHTR,Charter Communications,Communication Services,Cable & Satellite,2024,55085000000.0,14430000000.0,11269000000.0,3161000000.0,0.057384042842879186
CHTR,Charter Communications,Communication Services,Cable & Satellite,2023,54607000000.0,14433000000.0,11115000000.0,3318000000.0,0.06076144084091783
CHTR,Charter Communications,Communication Services,Cable & Satellite,2022,54022000000.0,14925000000.0,9376000000.0,5549000000.0,0.10271741142497501
CVX,Chevron Corporation,Energy,Integrated Oil & Gas,2024,193414000000.0,31492000000.0,8744000000.0,22748000000.0,0.11761299595685938
CVX,Chevron Corporation,Energy,Integrated Oil & Gas,2023,196913000000.0,35609000000.0,15160000000.0,20449000000.0,0.10384789221635951
CVX,Chevron Corporation,Energy,Integrated Oil & Gas,2022,246252000000.0,49602000000.0,9339000000.0,40263000000.0,0.1635032405828176
CMG,Chipotle Mexican Grill,Consumer Discretionary,Restaurants,2024,11313853000.0,2105076000.0,573490000.0,1531586000.0,0.13537262681422502
CMG,Chipotle Mexican Grill,Consumer Discretionary,Restaurants,2023,9871649000.0,1783477000.0,560731000.0,1222746000.0,0.12386441211594942
CMG,Chipotle Mexican Grill,Consumer Discretionary,Restaurants,2022,8634652000.0,1323179000.0,479164000.0,844015000.0,0.09774742514232189
CHD,Church & Dwight,Consumer Staples,Household Products,2024,6107100000.0,1148000000.0,179800000.0,968200000.0,0.15853678505346236
CHD,Church & Dwight,Consumer Staples,Household Products,2023,5867900000.0,1021300000.0,223500000.0,797800000.0,0.13596005385231513
CHD,Church & Dwight,Consumer Staples,Household Products,2022,5375600000.0,885200000.0,178800000.0,706400000.0,0.13140858694843366
CIEN,Ciena,Information Technology,Communications Equipment,2024,4014955000.0,514532000.0,136641000.0,377891000.0,0.09412085565093507
CIEN,Ciena,Information Technology,Communications Equipment,2023,4386549000.0,168332000.0,106197000.0,62135000.0,0.014164893632785135
CIEN,Ciena,Information Technology,Communications Equipment,2022,3632661000.0,-167756000.0,90818000.0,-258574000.0,-0.07118032758905937
CI,Cigna,Health Care,Health Care Services,2024,247121000000.0,10363000000.0,1406000000.0,8957000000.0,0.03624540205000789
CI,Cigna,Health Care,Health Care Services,2023,195265000000.0,11813000000.0,1573000000.0,10240000000.0,0.052441553785880723
CI,Cigna,Health Care,Health Care Services,2022,180518000000.0,8656000000.0,1295000000.0,7361000000.0,0.04077709702079571
CINF,Cincinnati Financial,Financials,Property & Casualty Insurance,2024,11337000000.0,2649000000.0,22000000.0,2627000000.0,0.23171914968686602
CINF,Cincinnati Financial,Financials,Property & Casualty Insurance,2023,10013000000.0,2052000000.0,18000000.0,2034000000.0,0.20313592329971036
CINF,Cincinnati Financial,Financials,Property & Casualty Insurance,2022,6563000000.0,2052000000.0,15000000.0,2037000000.0,0.3103763522779217
CTAS,Cintas,Industrials,Diversified Support Services,2025,10340181000.0,2165905000.0,384912000.0,1780993000.0,0.1722400217172214
CTAS,Cintas,Industrials,Diversified Support Services,2024,9596615000.0,2068500000.0,409469000.0,1659031000.0,0.17287668620654262
CTAS,Cintas,Industrials,Diversified Support Services,2023,8815769000.0,1586228000.0,331109000.0,1255119000.0,0.1423720381058079
CSCO,Cisco,Information Technology,Communications Equipment,2025,56654000000.0,14193000000.0,905000000.0,13288000000.0,0.23454654569845024
CSCO,Cisco,Information Technology,Communications Equipment,2024,53803000000.0,10880000000.0,670000000.0,10210000000.0,0.18976636990502388
CSCO,Cisco,Information Technology,Communications Equipment,2023,56998000000.0,19886000000.0,849000000.0,19037000000.0,0.33399417523421876
C,Citigroup,Financials,Diversified Banks,2024,81139000000.0,-19671000000.0,6278000000.0,-25949000000.0,-0.3198092162831684
C,Citigroup,Financials,Diversified Banks,2023,78462000000.0,-73417000000.0,6527000000.0,-79944000000.0,-1.0188881241875047
C,Citigroup,Financials,Diversified Banks,2022,75338000000.0,30255000000.0,5569000000.0,24686000000.0,0.3276699673471555
CFG,Citizens Financial Group,Financials,Regional Banks,2022,8021000000.0,4119000000.0,126000000.0,3993000000.0,0.4978182271537215
CFG,Citizens Financial Group,Financials,Regional Banks,2021,6647000000.0,2275000000.0,124000000.0,2151000000.0,0.3236046336693245
CFG,Citizens Financial Group,Financials,Regional Banks,2020,6905000000.0,111000000.0,118000000.0,-7000000.0,-0.0010137581462708182
CLX,Clorox,Consumer Staples,Household Products,2024,7093000000.0,695000000.0,212000000.0,483000000.0,0.06809530523050895
CLX,Clorox,Consumer Staples,Household Products,2023,7389000000.0,1158000000.0,228000000.0,930000000.0,0.12586276898091758
CLX,Clorox,Consumer Staples,Household Products,2022,7107000000.0,786000000.0,251000000.0,535000000.0,0.07527789503306599
CME,CME Group,Financials,Financial Exchanges & Data,2024,6130100000.0,3690500000.0,94000000.0,3596500000.0,0.5866951599484511
CME,CME Group,Financials,Financial Exchanges & Data,2023,5578900000.0,3453800000.0,76400000.0,3377400000.0,0.6053881589560666
CME,CME Group,Financials,Financial Exchanges & Data,2022,5019400000.0,3056000000.0,89700000.0,2966300000.0,0.5909670478543252
CMS,CMS Energy,Utilities,Multi-Utilities,2023,7462000000.0,2289000000.0,2248000000.0,41000000.0,0.005494505494505495
CMS,CMS Energy,Utilities,Multi-Utilities,2022,8596000000.0,889000000.0,2239000000.0,-1350000000.0,-0.1570497906002792
CMS,CMS Energy,Utilities,Multi-Utilities,2021,7329000000.0,1819000000.0,2076000000.0,-257000000.0,-0.035066175467321596
KO,Coca-Cola Company (The),Consumer Staples,Soft Drinks & Non-alcoholic Beverages,2024,47061000000.0,6805000000.0,2024000000.0,4781000000.0,0.10159155139074817
KO,Coca-Cola Company (The),Consumer Staples,Soft Drinks & Non-alcoholic Beverages,2023,45754000000.0,11599000000.0,1778000000.0,9821000000.0,0.2146478996371902
KO,Coca-Cola Company (The),Consumer Staples,Soft Drinks & Non-alcoholic Beverages,2022,43004000000.0,11018000000.0,1409000000.0,9609000000.0,0.2234443307599293
CTSH,Cognizant,Information Technology,IT Consulting & Other Services,2024,19736000000.0,2124000000.0,297000000.0,1827000000.0,0.0925719497365221
CTSH,Cognizant,Information Technology,IT Consulting & Other Services,2023,19353000000.0,2330000000.0,317000000.0,2013000000.0,0.1040148814137343
CTSH,Cognizant,Information Technology,IT Consulting & Other Services,2022,19428000000.0,2568000000.0,332000000.0,2236000000.0,0.11509162034177475
COHR,Coherent Corp.,Information Technology,Electronic Components,2021,1487468000.0,72938000.0,79354000.0,-6416000.0,-0.00431337010275179
COIN,Coinbase,Financials,Financial Exchanges & Data,2020,1277481000.0,284659000.0,9913000.0,274746000.0,0.215068560706578
CL,Colgate-Palmolive,Consumer Staples,Household Products,2024,20101000000.0,4107000000.0,561000000.0,3546000000.0,0.1764091338739366
CL,Colgate-Palmolive,Consumer Staples,Household Products,2023,19457000000.0,3745000000.0,705000000.0,3040000000.0,0.1562419694711415
CL,Colgate-Palmolive,Consumer Staples,Household Products,2022,17967000000.0,2556000000.0,649000000.0,1907000000.0,0.10613903267100797
CMCSA,Comcast,Communication Services,Cable & Satellite,2024,123731000000.0,27674000000.0,15130000000.0,12544000000.0,0.10138122216744389
CMCSA,Comcast,Communication Services,Cable & Satellite,2023,121572000000.0,28501000000.0,15540000000.0,12961000000.0,0.10661171980390222
CMCSA,Comcast,Communication Services,Cable & Satellite,2022,121427000000.0,26413000000.0,13767000000.0,12646000000.0,0.10414487716899866
FIX,Comfort Systems USA,Industrials,Construction & Engineering,2024,7027476000.0,849057000.0,105533000.0,743524000.0,0.10580242465431401
FIX,Comfort Systems USA,Industrials,Construction & Engineering,2023,5206760000.0,639568000.0,88887000.0,550681000.0,0.10576270079665666
FIX,Comfort Systems USA,Industrials,Construction & Engineering,2022,4140364000.0,301531000.0,45501000.0,256030000.0,0.06183755824367133
COP,ConocoPhillips,Energy,Oil & Gas Exploration & Production,2024,56902000000.0,20124000000.0,11857000000.0,8267000000.0,0.1452848757512917
COP,ConocoPhillips,Energy,Oil & Gas Exploration & Production,2023,58346000000.0,19965000000.0,10616000000.0,9349000000.0,0.16023377780824735
COP,ConocoPhillips,Energy,Oil & Gas Exploration & Production,2022,81079000000.0,28314000000.0,6688000000.0,21626000000.0,0.2667275126728253
ED,Consolidated Edison,Utilities,Multi-Utilities,2023,13476000000.0,1905000000.0,4059000000.0,-2154000000.0,-0.15983971504897596
ED,Consolidated Edison,Utilities,Multi-Utilities,2022,15670000000.0,3598000000.0,3824000000.0,-226000000.0,-0.014422463305679643
STZ,Constellation Brands,Consumer Staples,Distillers & Vintners,2024,10208700000.0,3152200000.0,1178600000.0,1973600000.0,0.19332530096878153
STZ,Constellation Brands,Consumer Staples,Distillers & Vintners,2023,9961800000.0,2780000000.0,1247200000.0,1532800000.0,0.15386777490011846
STZ,Constellation Brands,Consumer Staples,Distillers & Vintners,2022,9452600000.0,2756900000.0,1028700000.0,1728200000.0,0.18282800499333518
CEG,Constellation Energy,Utilities,Electric Utilities,2024,23568000000.0,-2464000000.0,3440000000.0,976000000.0,0.041412084181941616
CEG,Constellation Energy,Utilities,Electric Utilities,2023,24918000000.0,-5301000000.0,3400000000.0,-1901000000.0,-0.07629023196083153
CEG,Constellation Energy,Utilities,Electric Utilities,2022,24440000000.0,-2353000000.0,2361000000.0,8000000.0,0.0003273322422258593
COO,Cooper Companies (The),Health Care,Health Care Supplies,2024,3895400000.0,709300000.0,421200000.0,288100000.0,0.07395902859783335
COO,Cooper Companies (The),Health Care,Health Care Supplies,2023,3593200000.0,607500000.0,392500000.0,215000000.0,0.05983524435043972
COO,Cooper Companies (The),Health Care,Health Care Supplies,2022,3308400000.0,692400000.0,242000000.0,450400000.0,0.1361383145931568
CPRT,Copart,Industrials,Diversified Support Services,2025,4646958000.0,1799750000.0,537159000.0,1262591000.0,0.27170269238499684
CPRT,Copart,Industrials,Diversified Support Services,2024,4236823000.0,1472564000.0,506824000.0,965740000.0,0.22793966139251037
CPRT,Copart,Industrials,Diversified Support Services,2023,3869518000.0,1364210000.0,482717000.0,881493000.0,0.22780434152263926
GLW,Corning Inc.,Information Technology,Electronic Components,2024,13118000000.0,1618000000.0,885000000.0,733000000.0,0.05587742033846623
GLW,Corning Inc.,Information Technology,Electronic Components,2023,12588000000.0,2026000000.0,1301000000.0,725000000.0,0.05759453447727995
GLW,Corning Inc.,Information Technology,Electronic Components,2022,14189000000.0,2615000000.0,1604000000.0,1011000000.0,0.07125237860314328
CTVA,Corteva,Materials,Fertilizers & Agricultural Chemicals,2024,16908000000.0,2145000000.0,597000000.0,1548000000.0,0.09155429382540808
CTVA,Corteva,Materials,Fertilizers & Agricultural Chemicals,2023,17226000000.0,1769000000.0,595000000.0,1174000000.0,0.06815279229072332
CTVA,Corteva,Materials,Fertilizers & Agricultural Chemicals,2022,17455000000.0,872000000.0,605000000.0,267000000.0,0.015296476654253795
CSGP,CoStar Group,Real Estate,Real Estate Services,2024,2736000000.0,393000000.0,638000000.0,-245000000.0,-0.089546783625731
CSGP,CoStar Group,Real Estate,Real Estate Services,2023,2455000000.0,489500000.0,142800000.0,346700000.0,0.14122199592668025
CSGP,CoStar Group,Real Estate,Real Estate Services,2022,2182400000.0,490000000.0,143000000.0,347000000.0,0.15899926686217009
COST,Costco,Consumer Staples,Consumer Staples Merchandise Retail,2025,275235000000.0,13335000000.0,5498000000.0,7837000000.0,0.028473849619416135
COST,Costco,Consumer Staples,Consumer Staples Merchandise Retail,2024,254453000000.0,11339000000.0,4710000000.0,6629000000.0,0.026051962444930892
COST,Costco,Consumer Staples,Consumer Staples Merchandise Retail,2023,242290000000.0,11068000000.0,4323000000.0,6745000000.0,0.02783854059185274
CRH,CRH plc,Materials,Construction Materials,2024,35572000000.0,5033000000.0,2306000000.0,2727000000.0,0.07666141909366918
CRH,CRH plc,Materials,Construction Materials,2023,34949000000.0,5061000000.0,1713000000.0,3348000000.0,0.09579673238147014
CRH,CRH plc,Materials,Construction Materials,2022,32723000000.0,3836000000.0,1408000000.0,2428000000.0,0.07419857592519023
CRWD,CrowdStrike,Information Technology,Systems Software,2024,3953624000.0,1381727000.0,254852000.0,1126875000.0,0.2850233102591445
CRWD,CrowdStrike,Information Technology,Systems Software,2023,3055555000.0,1166207000.0,187655000.0,978552000.0,0.32025344004608003
CRWD,CrowdStrike,Information Technology,Systems Software,2022,2241236000.0,941007000.0,237342000.0,703665000.0,0.3139629204599605
CCI,Crown Castle,Real Estate,Telecom Tower REITs,2022,6986000000.0,2878000000.0,1310000000.0,1568000000.0,0.22444889779559118
CCI,Crown Castle,Real Estate,Telecom Tower REITs,2021,6340000000.0,2789000000.0,1229000000.0,1560000000.0,0.24605678233438485
CCI,Crown Castle,Real Estate,Telecom Tower REITs,2020,5840000000.0,3055000000.0,1624000000.0,1431000000.0,0.24503424657534248
CSX,CSX Corporation,Industrials,Rail Transportation,2024,14540000000.0,5247000000.0,2463000000.0,2784000000.0,0.19147180192572213
CSX,CSX Corporation,Industrials,Rail Transportation,2023,14657000000.0,5514000000.0,2169000000.0,3345000000.0,0.22821859862181892
CSX,CSX Corporation,Industrials,Rail Transportation,2022,14853000000.0,5526000000.0,1819000000.0,3707000000.0,0.24957920958728877
CMI,Cummins,Industrials,Construction Machinery & Heavy Transportation Equipment,2024,34102000000.0,1387000000.0,1208000000.0,179000000.0,0.005248959005336931
CMI,Cummins,Industrials,Construction Machinery & Heavy Transportation Equipment,2023,34065000000.0,3618000000.0,1213000000.0,2405000000.0,0.07060032291207985
CMI,Cummins,Industrials,Construction Machinery & Heavy Transportation Equipment,2022,28074000000.0,1962000000.0,916000000.0,1046000000.0,0.03725867350573484
CVS,CVS Health,Health Care,Health Care Services,2024,372809000000.0,9107000000.0,2781000000.0,6326000000.0,0.016968474473523978
CVS,CVS Health,Health Care,Health Care Services,2023,357776000000.0,13426000000.0,3031000000.0,10395000000.0,0.029054492196234516
CVS,CVS Health,Health Care,Health Care Services,2022,322467000000.0,16177000000.0,2727000000.0,13450000000.0,0.041709694325310805
DHR,Danaher Corporation,Health Care,Life Sciences Tools & Services,2024,23875000000.0,6688000000.0,1379000000.0,5309000000.0,0.22236649214659687
DHR,Danaher Corporation,Health Care,Life Sciences Tools & Services,2023,23890000000.0,7164000000.0,1371000000.0,5793000000.0,0.24248639598158225
DHR,Danaher Corporation,Health Care,Life Sciences Tools & Services,2022,26643000000.0,8519000000.0,1109000000.0,7410000000.0,0.27812183312690014
DRI,Darden Restaurants,Consumer Discretionary,Restaurants,2023,10487800000.0,1552800000.0,539500000.0,1013300000.0,0.09661702168233567
DRI,Darden Restaurants,Consumer Discretionary,Restaurants,2022,9630000000.0,1264600000.0,366800000.0,897800000.0,0.0932294911734164
DRI,Darden Restaurants,Consumer Discretionary,Restaurants,2021,7196100000.0,1193500000.0,249500000.0,944000000.0,0.13118216811884215
DDOG,Datadog,Information Technology,Application Software,2024,2684275000.0,870603000.0,34719000.0,835884000.0,0.3114002849931546
DDOG,Datadog,Information Technology,Application Software,2023,2128359000.0,659954000.0,27586000.0,632368000.0,0.2971152892909514
DDOG,Datadog,Information Technology,Application Software,2022,1675100000.0,418407000.0,35261000.0,383146000.0,0.22873022506119037
DVA,DaVita,Health Care,Health Care Services,2024,12815550000.0,2022038000.0,555443000.0,1466595000.0,0.11443870922434074
DVA,DaVita,Health Care,Health Care Services,2023,12140147000.0,2059031000.0,567985000.0,1491046000.0,0.1228194353824546
DVA,DaVita,Health Care,Health Care Services,2022,11609894000.0,1564570000.0,603429000.0,961141000.0,0.08278637169297152
DECK,Deckers Brands,Consumer Discretionary,Footwear,2024,4985612000.0,1110172000.0,75003000.0,1035169000.0,0.2076312797706681
DECK,Deckers Brands,Consumer Discretionary,Footwear,2023,4287763000.0,961945000.0,89331000.0,872614000.0,0.20351264750407147
DECK,Deckers Brands,Consumer Discretionary,Footwear,2022,3627286000.0,537422000.0,81013000.0,456409000.0,0.12582658218844614
DE,Deere & Company,Industrials,Agricultural & Farm Machinery,2024,51716000000.0,9231000000.0,289000000.0,9520000000.0,0.18408229561451
DE,Deere & Company,Industrials,Agricultural & Farm Machinery,2023,61251000000.0,8589000000.0,483000000.0,9072000000.0,0.14811186756134595
DE,Deere & Company,Industrials,Agricultural & Farm Machinery,2022,52577000000.0,4699000000.0,959000000.0,5658000000.0,0.10761359529832436
DELL,Dell Technologies,Information Technology,"Technology Hardware, Storage & Peripherals",2024,95567000000.0,4521000000.0,2652000000.0,1869000000.0,0.019556960038507015
DELL,Dell Technologies,Information Technology,"Technology Hardware, Storage & Peripherals",2023,88425000000.0,8676000000.0,2756000000.0,5920000000.0,0.06694939214023184
DELL,Dell Technologies,Information Technology,"Technology Hardware, Storage & Peripherals",2022,102301000000.0,3565000000.0,3003000000.0,562000000.0,0.005493592438001583
DAL,Delta Air Lines,Industrials,Passenger Airlines,2024,61643000000.0,8025000000.0,1226000000.0,6799000000.0,0.11029638401765002
DAL,Delta Air Lines,Industrials,Passenger Airlines,2023,58048000000.0,6464000000.0,1678000000.0,4786000000.0,0.08244900771775082
DAL,Delta Air Lines,Industrials,Passenger Airlines,2022,50582000000.0,6363000000.0,1871000000.0,4492000000.0,0.08880629472935037
DVN,Devon Energy,Energy,Oil & Gas Exploration & Production,2024,15940000000.0,6600000000.0,7429000000.0,-829000000.0,-0.05200752823086575
DVN,Devon Energy,Energy,Oil & Gas Exploration & Production,2023,15258000000.0,6544000000.0,3921000000.0,2623000000.0,0.1719098178004981
DVN,Devon Energy,Energy,Oil & Gas Exploration & Production,2022,19169000000.0,8530000000.0,5086000000.0,3444000000.0,0.17966508425061298
DXCM,Dexcom,Health Care,Health Care Equipment,2024,4033000000.0,989500000.0,358800000.0,630700000.0,0.15638482519216465
DXCM,Dexcom,Health Care,Health Care Equipment,2023,3622300000.0,748500000.0,236600000.0,511900000.0,0.141319051431411
DXCM,Dexcom,Health Care,Health Care Equipment,2022,2909800000.0,669500000.0,364800000.0,304700000.0,0.10471510069420578
FANG,Diamondback Energy,Energy,Oil & Gas Exploration & Production,2024,11066000000.0,6413000000.0,11320000000.0,-4907000000.0,-0.44343032712814023
FANG,Diamondback Energy,Energy,Oil & Gas Exploration & Production,2023,8412000000.0,5920000000.0,3307000000.0,2613000000.0,0.31062767475035663
FANG,Diamondback Energy,Energy,Oil & Gas Exploration & Production,2022,9643000000.0,4387000000.0,1348000000.0,3039000000.0,0.3151508866535311
DLR,Digital Realty,Real Estate,Data Center REITs,2024,5554968000.0,2261477000.0,1764835000.0,4026312000.0,0.7248128162034416
DLR,Digital Realty,Real Estate,Data Center REITs,2023,5477061000.0,1634780000.0,2619778000.0,4254558000.0,0.7767958034427588
DLR,Digital Realty,Real Estate,Data Center REITs,2022,4691834000.0,1659388000.0,271567000.0,1930955000.0,0.4115565469707581
DG,Dollar General,Consumer Staples,Consumer Staples Merchandise Retail,2024,40612308000.0,2996064000.0,1306327000.0,1689737000.0,0.04160652480031423
DG,Dollar General,Consumer Staples,Consumer Staples Merchandise Retail,2023,38691609000.0,2391798000.0,1694023000.0,697775000.0,0.01803427197871249
DG,Dollar General,Consumer Staples,Consumer Staples Merchandise Retail,2022,37844863000.0,1984555000.0,1555346000.0,429209000.0,0.01134127503645607
DLTR,Dollar Tree,Consumer Staples,Consumer Staples Merchandise Retail,2024,17578500000.0,-2921800000.0,1300500000.0,-4222300000.0,-0.24019683135648662
DLTR,Dollar Tree,Consumer Staples,Consumer Staples Merchandise Retail,2023,16781100000.0,-1129200000.0,1193800000.0,-2323000000.0,-0.13842954275941385
DLTR,Dollar Tree,Consumer Staples,Consumer Staples Merchandise Retail,2022,15411500000.0,33100000.0,4700000.0,28400000.0,0.0018427797424001558
D,Dominion Energy,Utilities,Multi-Utilities,2022,13938000000.0,3700000000.0,6779000000.0,-3079000000.0,-0.22090687329602526
D,Dominion Energy,Utilities,Multi-Utilities,2021,11419000000.0,4037000000.0,6061000000.0,-2024000000.0,-0.17724844557316752
D,Dominion Energy,Utilities,Multi-Utilities,2020,14172000000.0,5227000000.0,6331000000.0,-1104000000.0,-0.07790008467400508
DPZ,Domino's,Consumer Discretionary,Restaurants,2024,4706416000.0,624897000.0,112811000.0,512086000.0,0.10880593640681147
DPZ,Domino's,Consumer Discretionary,Restaurants,2023,4479358000.0,590864000.0,105235000.0,485629000.0,0.10841486659472184
DPZ,Domino's,Consumer Discretionary,Restaurants,2022,4537158000.0,475317000.0,46145000.0,429172000.0,0.09459049034660023
DASH,DoorDash,Consumer Discretionary,Specialized Consumer Services,2024,10722000000.0,2132000000.0,104000000.0,2028000000.0,0.18914381645215445
DASH,DoorDash,Consumer Discretionary,Specialized Consumer Services,2023,8635000000.0,1673000000.0,123000000.0,1550000000.0,0.1795020266357846
DASH,DoorDash,Consumer Discretionary,Specialized Consumer Services,2022,6583000000.0,367000000.0,176000000.0,191000000.0,0.029014127297584687
DOV,Dover Corporation,Industrials,Industrial Machinery & Supplies & Components,2024,7745909000.0,1087833000.0,167533000.0,920300000.0,0.1188111040292366
DOV,Dover Corporation,Industrials,Industrial Machinery & Supplies & Components,2023,7684476000.0,1219546000.0,183406000.0,1036140000.0,0.13483547869757156
DOV,Dover Corporation,Industrials,Industrial Machinery & Supplies & Components,2022,7844174000.0,746754000.0,211082000.0,535672000.0,0.06828915319828449
DOW,Dow Inc.,Materials,Commodity Chemicals,2024,42964000000.0,2939000000.0,2940000000.0,-1000000.0,-2.3275300251373243e-05
DOW,Dow Inc.,Materials,Commodity Chemicals,2023,44622000000.0,5109000000.0,2356000000.0,2753000000.0,0.061696024382591544
DOW,Dow Inc.,Materials,Commodity Chemicals,2022,56902000000.0,7519000000.0,2020000000.0,5499000000.0,0.09663983691258655
DHI,D. R. Horton,Consumer Discretionary,Homebuilding,2024,36801400000.0,2189800000.0,145900000.0,2043900000.0,0.055538647986217916
DHI,D. R. Horton,Consumer Discretionary,Homebuilding,2023,35460400000.0,4304100000.0,96600000.0,4207500000.0,0.11865348388625058
DHI,D. R. Horton,Consumer Discretionary,Homebuilding,2022,33480000000.0,561800000.0,148200000.0,413600000.0,0.012353643966547192
DTE,DTE Energy,Utilities,Multi-Utilities,2021,14964000000.0,3067000000.0,3000000.0,3070000000.0,0.20515904838278534
DTE,DTE Energy,Utilities,Multi-Utilities,2020,11423000000.0,3697000000.0,13000000.0,3710000000.0,0.3247833318742887
DUK,Duke Energy,Utilities,Electric Utilities,2024,30357000000.0,12328000000.0,12231000000.0,97000000.0,0.0031953091543960206
DUK,Duke Energy,Utilities,Electric Utilities,2023,29060000000.0,9878000000.0,12455000000.0,-2577000000.0,-0.08867859600825878
DUK,Duke Energy,Utilities,Electric Utilities,2022,28768000000.0,5927000000.0,11284000000.0,-5357000000.0,-0.18621384872080088
ETN,Eaton Corporation,Industrials,Electrical Components & Equipment,2024,24878000000.0,4327000000.0,793000000.0,3534000000.0,0.1420532197121955
ETN,Eaton Corporation,Industrials,Electrical Components & Equipment,2023,23196000000.0,3624000000.0,749000000.0,2875000000.0,0.12394378341093291
ETN,Eaton Corporation,Industrials,Electrical Components & Equipment,2022,20752000000.0,2533000000.0,477000000.0,2056000000.0,0.09907478797224364
EBAY,eBay Inc.,Consumer Discretionary,Broadline Retail,2024,10283000000.0,2414000000.0,458000000.0,1956000000.0,0.19021686278323446
EBAY,eBay Inc.,Consumer Discretionary,Broadline Retail,2023,10112000000.0,2426000000.0,456000000.0,1970000000.0,0.19481803797468356
EBAY,eBay Inc.,Consumer Discretionary,Broadline Retail,2022,9795000000.0,2254000000.0,449000000.0,1805000000.0,0.18427769270035732
ECHO,EchoStar,Communication Services,Wireless Telecommunication Services,2020,2511515000.0,63770000.0,21588000.0,42182000.0,0.016795440202427618
ECL,Ecolab,Materials,Specialty Chemicals,2024,15741400000.0,3195600000.0,1364900000.0,1830700000.0,0.11629842326603733
ECL,Ecolab,Materials,Specialty Chemicals,2023,15320200000.0,2411800000.0,764900000.0,1646900000.0,0.10749859662406495
ECL,Ecolab,Materials,Specialty Chemicals,2022,14187800000.0,1788400000.0,710600000.0,1077800000.0,0.07596667559452487
EIX,Edison International,Utilities,Electric Utilities,2022,17220000000.0,3339000000.0,5778000000.0,-2439000000.0,-0.1416376306620209
EIX,Edison International,Utilities,Electric Utilities,2021,14905000000.0,414000000.0,5503000000.0,-5089000000.0,-0.3414290506541429
EIX,Edison International,Utilities,Electric Utilities,2020,13578000000.0,1263000000.0,5484000000.0,-4221000000.0,-0.31087052585064073
EW,Edwards Lifesciences,Health Care,Health Care Equipment,2024,5439500000.0,563700000.0,282400000.0,281300000.0,0.05171431197720379
EW,Edwards Lifesciences,Health Care,Health Care Equipment,2023,5010000000.0,907400000.0,266300000.0,641100000.0,0.12796407185628741
EW,Edwards Lifesciences,Health Care,Health Care Equipment,2022,4464000000.0,1270200000.0,264800000.0,1005400000.0,0.22522401433691755
ELV,Elevance Health,Health Care,Managed Health Care,2021,138639000000.0,8364000000.0,1087000000.0,7277000000.0,0.05248883791718059
ELV,Elevance Health,Health Care,Managed Health Care,2020,121867000000.0,10688000000.0,1021000000.0,9667000000.0,0.07932418127959169
EME,Emcor,Industrials,Construction & Engineering,2024,14566116000.0,1406340000.0,71111000.0,1335229000.0,0.09166678337588414
EME,Emcor,Industrials,Construction & Engineering,2023,12582873000.0,899255000.0,64800000.0,834455000.0,0.06631673068622722
EME,Emcor,Industrials,Construction & Engineering,2022,11076120000.0,497533000.0,42144000.0,455389000.0,0.041114487744805944
EMR,Emerson Electric,Industrials,Electrical Components & Equipment,2024,17492000000.0,6768000000.0,419000000.0,6349000000.0,0.36296592728104277
EMR,Emerson Electric,Industrials,Electrical Components & Equipment,2023,15165000000.0,13167000000.0,363000000.0,12804000000.0,0.8443125618199803
EMR,Emerson Electric,Industrials,Electrical Components & Equipment,2022,13804000000.0,3134000000.0,299000000.0,2835000000.0,0.20537525354969574
ETR,Entergy,Utilities,Electric Utilities,2024,11879653000.0,4488510000.0,5660273000.0,-1171763000.0,-0.09863613019673217
ETR,Entergy,Utilities,Electric Utilities,2023,12147412000.0,4294328000.0,4475746000.0,-181418000.0,-0.014934703787111196
ETR,Entergy,Utilities,Electric Utilities,2022,13764237000.0,2585490000.0,5172514000.0,-2587024000.0,-0.187952590470507
EOG,EOG Resources,Energy,Oil & Gas Exploration & Production,2022,25702000000.0,11093000000.0,4651000000.0,6442000000.0,0.25064197338728506
EOG,EOG Resources,Energy,Oil & Gas Exploration & Production,2021,18642000000.0,8791000000.0,3619000000.0,5172000000.0,0.2774380431284197
EOG,EOG Resources,Energy,Oil & Gas Exploration & Production,2020,11032000000.0,5008000000.0,3273000000.0,1735000000.0,0.15726976069615664
EQT,EQT Corporation,Energy,Oil & Gas Exploration & Production,2024,5273309000.0,1644087000.0,557588000.0,1086499000.0,0.20603742356080404
EQT,EQT Corporation,Energy,Oil & Gas Exploration & Production,2023,6908923000.0,2772584000.0,2014837000.0,757747000.0,0.10967657332409118
EQT,EQT Corporation,Energy,Oil & Gas Exploration & Production,2022,7497689000.0,9340886000.0,1391871000.0,7949015000.0,1.06019534819329
EFX,Equifax,Industrials,Research & Consulting Services,2024,5681100000.0,1324500000.0,511500000.0,813000000.0,0.14310608860960025
EFX,Equifax,Industrials,Research & Consulting Services,2023,5265200000.0,1116800000.0,601300000.0,515500000.0,0.09790701207931322
EFX,Equifax,Industrials,Research & Consulting Services,2022,5122200000.0,757100000.0,624500000.0,132600000.0,0.0258873140447464
EQIX,Equinix,Real Estate,Data Center REITs,2024,8748000000.0,3260000000.0,3156000000.0,104000000.0,0.01188843164151806
EQIX,Equinix,Real Estate,Data Center REITs,2023,8188000000.0,3217000000.0,3088000000.0,129000000.0,0.01575476306790425
EQIX,Equinix,Real Estate,Data Center REITs,2022,7263000000.0,3217000000.0,3088000000.0,129000000.0,0.017761255679471292
ERIE,Erie Indemnity,Financials,Insurance Brokers,2024,3864375000.0,611249000.0,124845000.0,486404000.0,0.12586873685912986
ERIE,Erie Indemnity,Financials,Insurance Brokers,2023,3297908000.0,381205000.0,92647000.0,288558000.0,0.08749728615837676
ESS,Essex Property Trust,Real Estate,Multi-Family Residential REITs,2024,1774450000.0,1068305000.0,37445000.0,1105750000.0,0.6231508354701457
ESS,Essex Property Trust,Real Estate,Multi-Family Residential REITs,2023,1669395000.0,980064000.0,121432000.0,858632000.0,0.5143372299545643
ESS,Essex Property Trust,Real Estate,Multi-Family Residential REITs,2022,1606814000.0,975649000.0,129639000.0,846010000.0,0.5265139586784781
EL,Estée Lauder Companies (The),Consumer Staples,Personal Care Products,2025,14326000000.0,1272000000.0,599000000.0,673000000.0,0.04697752338405696
EL,Estée Lauder Companies (The),Consumer Staples,Personal Care Products,2024,15608000000.0,2360000000.0,919000000.0,1441000000.0,0.09232444900051255
EL,Estée Lauder Companies (The),Consumer Staples,Personal Care Products,2023,15910000000.0,1731000000.0,3289000000.0,-1558000000.0,-0.09792583280955373
EVRG,Evergy,Utilities,Electric Utilities,2024,5847300000.0,1983700000.0,2336600000.0,-352900000.0,-0.06035264139004327
EVRG,Evergy,Utilities,Electric Utilities,2023,5508200000.0,1980200000.0,2334000000.0,-353800000.0,-0.06423150938600632
EVRG,Evergy,Utilities,Electric Utilities,2022,5859100000.0,1801900000.0,2166500000.0,-364600000.0,-0.06222798723353416
ES,Eversource Energy,Utilities,Electric Utilities,2024,11900809000.0,2159737000.0,4480529000.0,-2320792000.0,-0.19501128032556442
ES,Eversource Energy,Utilities,Electric Utilities,2023,11910705000.0,1646161000.0,4336849000.0,-2690688000.0,-0.2259050156980632
ES,Eversource Energy,Utilities,Electric Utilities,2022,12289336000.0,2401293000.0,3441852000.0,-1040559000.0,-0.08467170236048555
EXC,Exelon,Utilities,Electric Utilities,2023,21727000000.0,4703000000.0,7383000000.0,-2680000000.0,-0.12334882864638469
EXC,Exelon,Utilities,Electric Utilities,2022,19078000000.0,4703000000.0,7383000000.0,-2680000000.0,-0.14047594087430548
EXC,Exelon,Utilities,Electric Utilities,2021,17938000000.0,3350000000.0,7104000000.0,-3754000000.0,-0.20927639647675325
EXE,Expand Energy,Energy,Oil & Gas Exploration & Production,2024,4235000000.0,1565000000.0,1536000000.0,29000000.0,0.006847697756788666
EXE,Expand Energy,Energy,Oil & Gas Exploration & Production,2023,8721000000.0,2380000000.0,704000000.0,3084000000.0,0.35362917096663227
EXE,Expand Energy,Energy,Oil & Gas Exploration & Production,2022,11743000000.0,4125000000.0,1416000000.0,2709000000.0,0.23069062420165204
EXPE,Expedia Group,Consumer Discretionary,"Hotels, Resorts & Cruise Lines",2024,13691000000.0,3085000000.0,756000000.0,2329000000.0,0.17011175224600103
EXPE,Expedia Group,Consumer Discretionary,"Hotels, Resorts & Cruise Lines",2023,12839000000.0,2690000000.0,846000000.0,1844000000.0,0.1436248929044318
EXPE,Expedia Group,Consumer Discretionary,"Hotels, Resorts & Cruise Lines",2022,11667000000.0,3440000000.0,662000000.0,2778000000.0,0.23810748264335305
EXPD,Expeditors International,Industrials,Air Freight & Logistics,2024,10600515000.0,723361000.0,40466000.0,682895000.0,0.06442092671912639
EXPD,Expeditors International,Industrials,Air Freight & Logistics,2023,9300110000.0,1053191000.0,39314000.0,1013877000.0,0.1090177428008916
EXPD,Expeditors International,Industrials,Air Freight & Logistics,2022,17071284000.0,2129675000.0,86824000.0,2042851000.0,0.11966592553905142
EXR,Extra Space Storage,Real Estate,Self-Storage REITs,2024,3256902000.0,1887430000.0,654225000.0,1233205000.0,0.3786435698710001
EXR,Extra Space Storage,Real Estate,Self-Storage REITs,2023,2560244000.0,1402474000.0,418760000.0,983714000.0,0.38422665964650243
EXR,Extra Space Storage,Real Estate,Self-Storage REITs,2022,1924170000.0,1238139000.0,1291491000.0,-53352000.0,-0.027727279814153634
XOM,ExxonMobil,Energy,Integrated Oil & Gas,2024,343391000000.0,55022000000.0,24306000000.0,30716000000.0,0.08944905370263052
XOM,ExxonMobil,Energy,Integrated Oil & Gas,2023,338197000000.0,55369000000.0,21919000000.0,33450000000.0,0.0989068501494691
XOM,ExxonMobil,Energy,Integrated Oil & Gas,2022,402217000000.0,76797000000.0,18407000000.0,58390000000.0,0.14517039309626395
FFIV,"F5, Inc.",Information Technology,Communications Equipment,2024,2816120000.0,792419000.0,30412000.0,762007000.0,0.2705875459852563
FFIV,"F5, Inc.",Information Technology,Communications Equipment,2023,2813169000.0,653409000.0,54184000.0,599225000.0,0.21300711048643006
FFIV,"F5, Inc.",Information Technology,Communications Equipment,2022,2695845000.0,442631000.0,33624000.0,409007000.0,0.15171755052682925
FDS,FactSet,Financials,Financial Exchanges & Data,2025,2321748000.0,726260000.0,108806000.0,617454000.0,0.2659435907772937
FDS,FactSet,Financials,Financial Exchanges & Data,2024,2203056000.0,700338000.0,85681000.0,614657000.0,0.27900198633171375
FDS,FactSet,Financials,Financial Exchanges & Data,2023,2085508000.0,645573000.0,60786000.0,584787000.0,0.2804050619801027
FICO,Fair Isaac,Information Technology,Application Software,2024,1717526000.0,632964000.0,8884000.0,624080000.0,0.3633598559788906
FICO,Fair Isaac,Information Technology,Application Software,2023,1513557000.0,468915000.0,4237000.0,464678000.0,0.30701057178553565
FICO,Fair Isaac,Information Technology,Application Software,2022,1377270000.0,509450000.0,6029000.0,503421000.0,0.36552092182360757
FAST,Fastenal,Industrials,Trading Companies & Distributors,2024,7546000000.0,1159400000.0,214100000.0,945300000.0,0.1252716671084018
FAST,Fastenal,Industrials,Trading Companies & Distributors,2023,7346700000.0,1435600000.0,160600000.0,1275000000.0,0.17354730695414267
FAST,Fastenal,Industrials,Trading Companies & Distributors,2022,6980600000.0,935100000.0,162400000.0,772700000.0,0.11069249061685242
FRT,Federal Realty Investment Trust,Real Estate,Retail REITs,2024,1202452000.0,574563000.0,420759000.0,153804000.0,0.12790864001224164
FRT,Federal Realty Investment Trust,Real Estate,Retail REITs,2023,1132154000.0,555830000.0,343297000.0,212533000.0,0.18772446151318636
FRT,Federal Realty Investment Trust,Real Estate,Retail REITs,2022,1074378000.0,516769000.0,721478000.0,-204709000.0,-0.19053722246732527
FDX,FedEx,Industrials,Air Freight & Logistics,2024,87693000000.0,8312000000.0,5062000000.0,3250000000.0,0.03706111092105413
FDX,FedEx,Industrials,Air Freight & Logistics,2023,90155000000.0,8848000000.0,6090000000.0,2758000000.0,0.03059175863790139
FDX,FedEx,Industrials,Air Freight & Logistics,2022,93512000000.0,9832000000.0,6669000000.0,3163000000.0,0.03382453588844213
FIS,Fidelity National Information Services,Financials,Transaction & Payment Processing Services,2022,9720000000.0,1679000000.0,227000000.0,1452000000.0,0.14938271604938272
FIS,Fidelity National Information Services,Financials,Transaction & Payment Processing Services,2021,9339000000.0,4810000000.0,320000000.0,4490000000.0,0.4807795267159225
FIS,Fidelity National Information Services,Financials,Transaction & Payment Processing Services,2020,12552000000.0,4442000000.0,263000000.0,4179000000.0,0.33293499043977054
FITB,Fifth Third Bancorp,Financials,Regional Banks,2024,8479000000.0,2829000000.0,390000000.0,2439000000.0,0.2876518457365255
FITB,Fifth Third Bancorp,Financials,Regional Banks,2023,8708000000.0,4484000000.0,484000000.0,4000000000.0,0.4593477262287552
FITB,Fifth Third Bancorp,Financials,Regional Banks,2022,8375000000.0,6428000000.0,346000000.0,6082000000.0,0.7262089552238806
FSLR,First Solar,Information Technology,Semiconductors,2024,4206289000.0,1217999000.0,1526076000.0,-308077000.0,-0.07324199549769404
FSLR,First Solar,Information Technology,Semiconductors,2023,3318602000.0,602260000.0,1386775000.0,-784515000.0,-0.23639924281369082
FSLR,First Solar,Information Technology,Semiconductors,2022,2619319000.0,873369000.0,903605000.0,-30236000.0,-0.011543458433279795
FE,FirstEnergy,Utilities,Electric Utilities,2022,12459000000.0,2517000000.0,2848000000.0,-331000000.0,-0.02656714021992134
FE,FirstEnergy,Utilities,Electric Utilities,2021,11132000000.0,2847000000.0,2487000000.0,360000000.0,0.03233920229967661
FE,FirstEnergy,Utilities,Electric Utilities,2020,10790000000.0,1423000000.0,2657000000.0,-1234000000.0,-0.11436515291936979
FLEX,Flex Ltd.,Information Technology,Electronic Manufacturing Services,2024,25813000000.0,1505000000.0,423000000.0,1082000000.0,0.04191686359586255
FLEX,Flex Ltd.,Information Technology,Electronic Manufacturing Services,2023,26415000000.0,1326000000.0,505000000.0,821000000.0,0.031080825288661747
FLEX,Flex Ltd.,Information Technology,Electronic Manufacturing Services,2022,28502000000.0,950000000.0,615000000.0,335000000.0,0.011753561153603256
FTNT,Fortinet,Information Technology,Systems Software,2024,5955800000.0,2258100000.0,378900000.0,1879200000.0,0.3155243628060042
FTNT,Fortinet,Information Technology,Systems Software,2023,5304800000.0,1935500000.0,204100000.0,1731400000.0,0.32638365254109486
FTNT,Fortinet,Information Technology,Systems Software,2022,4417400000.0,1730600000.0,281200000.0,1449400000.0,0.3281115588355141
FTV,Fortive,Industrials,Industrial Machinery & Supplies & Components,2024,4080900000.0,1526800000.0,86100000.0,1440700000.0,0.35303486975912174
FTV,Fortive,Industrials,Industrial Machinery & Supplies & Components,2023,3913900000.0,1353600000.0,78600000.0,1275000000.0,0.3257620276450599
FTV,Fortive,Industrials,Industrial Machinery & Supplies & Components,2022,5825700000.0,1303200000.0,95800000.0,1207400000.0,0.20725406388931802
FOX,Fox Corporation (Class B),Communication Services,Broadcasting,2025,16300000000.0,3324000000.0,331000000.0,2993000000.0,0.1836196319018405
FOX,Fox Corporation (Class B),Communication Services,Broadcasting,2024,13980000000.0,1840000000.0,345000000.0,1495000000.0,0.10693848354792561
FOX,Fox Corporation (Class B),Communication Services,Broadcasting,2023,14913000000.0,1800000000.0,357000000.0,1443000000.0,0.0967612150472742
BEN,Franklin Resources,Financials,Asset Management & Custody Banks,2024,8478000000.0,971300000.0,2000000.0,969300000.0,0.1143312101910828
BEN,Franklin Resources,Financials,Asset Management & Custody Banks,2023,7849400000.0,1089200000.0,649300000.0,439900000.0,0.05604250006369914
BEN,Franklin Resources,Financials,Asset Management & Custody Banks,2022,8275300000.0,1956700000.0,1445000000.0,511700000.0,0.06183461626768818
FCX,Freeport-McMoRan,Materials,Copper,2024,25455000000.0,6785000000.0,4058000000.0,2727000000.0,0.10713022981732469
FCX,Freeport-McMoRan,Materials,Copper,2023,22855000000.0,4911000000.0,4256000000.0,655000000.0,0.028658936775322687
FCX,Freeport-McMoRan,Materials,Copper,2022,22780000000.0,4835000000.0,2903000000.0,1932000000.0,0.08481123792800703
GRMN,Garmin,Consumer Discretionary,Consumer Electronics,2024,6296903000.0,1432471000.0,193571000.0,1238900000.0,0.19674751222942452
GRMN,Garmin,Consumer Discretionary,Consumer Electronics,2023,5228252000.0,1376265000.0,193524000.0,1182741000.0,0.22622111558509422
GRMN,Garmin,Consumer Discretionary,Consumer Electronics,2022,4860286000.0,788259000.0,244286000.0,543973000.0,0.11192201446581539
IT,Gartner,Information Technology,IT Consulting & Other Services,2024,6267411000.0,1484922000.0,101737000.0,1383185000.0,0.2206947972615806
IT,Gartner,Information Technology,IT Consulting & Other Services,2023,5906956000.0,1155737000.0,103124000.0,1052613000.0,0.17819888958035238
IT,Gartner,Information Technology,IT Consulting & Other Services,2022,5475846000.0,1101422000.0,108050000.0,993372000.0,0.1814097766810827
GE,GE Aerospace,Industrials,Aerospace & Defense,2024,38702000000.0,4709000000.0,918000000.0,3791000000.0,0.09795359412950236
GE,GE Aerospace,Industrials,Aerospace & Defense,2023,35348000000.0,5190000000.0,802000000.0,4388000000.0,0.12413715061672513
GE,GE Aerospace,Industrials,Aerospace & Defense,2022,29139000000.0,5915000000.0,509000000.0,5406000000.0,0.1855245547204777
GEHC,GE HealthCare,Health Care,Health Care Equipment,2024,19672000000.0,1955000000.0,401000000.0,1554000000.0,0.07899552663684424
GEN,Gen Digital,Information Technology,Systems Software,2024,3935000000.0,1221000000.0,15000000.0,1206000000.0,0.3064803049555273
GEN,Gen Digital,Information Technology,Systems Software,2023,3800000000.0,2064000000.0,5000000.0,2069000000.0,0.5444736842105263
GEN,Gen Digital,Information Technology,Systems Software,2022,3317000000.0,757000000.0,6000000.0,751000000.0,0.22640940608984023
GNRC,Generac,Industrials,Heavy Electrical Equipment,2024,4295834000.0,741301000.0,136522000.0,604779000.0,0.14078267456330948
GNRC,Generac,Industrials,Heavy Electrical Equipment,2023,4022667000.0,521670000.0,126164000.0,395506000.0,0.0983193488300175
GNRC,Generac,Industrials,Heavy Electrical Equipment,2022,4564737000.0,58516000.0,84111000.0,-25595000.0,-0.005607113838102831
GD,General Dynamics,Industrials,Aerospace & Defense,2024,47716000000.0,4112000000.0,916000000.0,3196000000.0,0.06697962947439014
GD,General Dynamics,Industrials,Aerospace & Defense,2023,42272000000.0,4710000000.0,904000000.0,3806000000.0,0.09003595760787282
GD,General Dynamics,Industrials,Aerospace & Defense,2022,39407000000.0,4941000000.0,1114000000.0,3827000000.0,0.09711472581013525
GIS,General Mills,Consumer Staples,Packaged Foods & Meats,2025,19486600000.0,2918200000.0,624200000.0,2294000000.0,0.11772192173083042
GIS,General Mills,Consumer Staples,Packaged Foods & Meats,2024,19857200000.0,3302600000.0,773300000.0,2529300000.0,0.12737445359869468
GIS,General Mills,Consumer Staples,Packaged Foods & Meats,2023,20094200000.0,2778600000.0,688200000.0,2090400000.0,0.10403001861233589
GM,General Motors,Consumer Discretionary,Automobile Manufacturers,2024,187442000000.0,20126000000.0,15217000000.0,4909000000.0,0.02618943459843578
GM,General Motors,Consumer Discretionary,Automobile Manufacturers,2023,171842000000.0,20930000000.0,11577000000.0,9353000000.0,0.05442790470315755
GM,General Motors,Consumer Discretionary,Automobile Manufacturers,2022,156735000000.0,16042000000.0,6953000000.0,9089000000.0,0.057989600280728616
GPC,Genuine Parts Company,Consumer Discretionary,Distributors,2024,23486569000.0,1251251000.0,444907000.0,806344000.0,0.03433213254775527
GPC,Genuine Parts Company,Consumer Discretionary,Distributors,2023,23090610000.0,1435610000.0,487576000.0,948034000.0,0.04105712235406514
GPC,Genuine Parts Company,Consumer Discretionary,Distributors,2022,22095973000.0,1466971000.0,194625000.0,1272346000.0,0.057582709754397325
GILD,Gilead Sciences,Health Care,Biotechnology,2024,28754000000.0,10828000000.0,523000000.0,10305000000.0,0.35838492035890657
GILD,Gilead Sciences,Health Care,Biotechnology,2023,27116000000.0,8005000000.0,585000000.0,7420000000.0,0.27363917982003244
GILD,Gilead Sciences,Health Care,Biotechnology,2022,27281000000.0,9072000000.0,728000000.0,8344000000.0,0.3058538909864008
GPN,Global Payments,Financials,Transaction & Payment Processing Services,2024,7735970000.0,3057583000.0,674917000.0,2382666000.0,0.3079983505623729
GPN,Global Payments,Financials,Transaction & Payment Processing Services,2023,7379784000.0,2549805000.0,658142000.0,1891663000.0,0.25633040208222896
GPN,Global Payments,Financials,Transaction & Payment Processing Services,2022,8975515000.0,2244040000.0,615652000.0,1628388000.0,0.18142557836514117
GL,Globe Life,Financials,Life & Health Insurance,2024,5778069000.0,1402440000.0,71045000.0,1331395000.0,0.23042213583811477
GL,Globe Life,Financials,Life & Health Insurance,2023,5447533000.0,1482425000.0,49553000.0,1432872000.0,0.2630313574970542
GL,Globe Life,Financials,Life & Health Insurance,2022,5226740000.0,1422194000.0,27929000.0,1394265000.0,0.26675614245208296
GDDY,GoDaddy,Information Technology,Internet Services & Infrastructure,2024,4573200000.0,1287700000.0,26600000.0,1261100000.0,0.2757587684772151
GDDY,GoDaddy,Information Technology,Internet Services & Infrastructure,2023,4254100000.0,1047600000.0,77400000.0,970200000.0,0.22806233986037
GDDY,GoDaddy,Information Technology,Internet Services & Infrastructure,2022,4091300000.0,979700000.0,60100000.0,919600000.0,0.22476963312394593
GS,Goldman Sachs,Financials,Investment Banking & Brokerage,2024,53512000000.0,-13212000000.0,478000000.0,-13690000000.0,-0.25583046793242636
GS,Goldman Sachs,Financials,Investment Banking & Brokerage,2023,46254000000.0,-12587000000.0,962000000.0,-11625000000.0,-0.25132961473602283
GS,Goldman Sachs,Financials,Investment Banking & Brokerage,2022,47365000000.0,8708000000.0,1042000000.0,7666000000.0,0.1618494669059432
HAL,Halliburton,Energy,Oil & Gas Equipment & Services,2024,22944000000.0,3865000000.0,1219000000.0,2646000000.0,0.11532426778242678
HAL,Halliburton,Energy,Oil & Gas Equipment & Services,2023,23018000000.0,3458000000.0,1184000000.0,2274000000.0,0.09879224954383525
HAL,Halliburton,Energy,Oil & Gas Equipment & Services,2022,20297000000.0,2242000000.0,811000000.0,1431000000.0,0.07050303000443416
HIG,Hartford (The),Financials,Property & Casualty Insurance,2022,22362000000.0,4008000000.0,175000000.0,3833000000.0,0.17140685090779
HAS,Hasbro,Consumer Discretionary,Leisure Products,2024,4135500000.0,796200000.0,87200000.0,709000000.0,0.17144238907024545
HAS,Hasbro,Consumer Discretionary,Leisure Products,2023,5003300000.0,687200000.0,135500000.0,551700000.0,0.11026722363240261
HAS,Hasbro,Consumer Discretionary,Leisure Products,2022,5856700000.0,403000000.0,128200000.0,274800000.0,0.046920620827428414
HCA,HCA Healthcare,Health Care,Health Care Facilities,2024,70603000000.0,10514000000.0,4875000000.0,5639000000.0,0.0798691273741909
HCA,HCA Healthcare,Health Care,Health Care Facilities,2023,64968000000.0,9431000000.0,4744000000.0,4687000000.0,0.07214320896441324
HCA,HCA Healthcare,Health Care,Health Care Facilities,2022,60233000000.0,8522000000.0,4395000000.0,4127000000.0,0.06851725798150515
DOC,Healthpeak Properties,Real Estate,Health Care REITs,2023,543463000.0,269298000.0,78698000.0,190600000.0,0.3507138480448531
DOC,Healthpeak Properties,Real Estate,Health Care REITs,2022,526635000.0,254777000.0,29145000.0,225632000.0,0.42844095056348325
DOC,Healthpeak Properties,Real Estate,Health Care REITs,2021,457699000.0,242777000.0,658034000.0,-415257000.0,-0.9072709357022847
HSIC,Henry Schein,Health Care,Health Care Distributors,2023,12339000000.0,500000000.0,147000000.0,353000000.0,0.02860847718615771
HSIC,Henry Schein,Health Care,Health Care Distributors,2022,12647000000.0,602000000.0,96000000.0,506000000.0,0.04000948841622519
HSIC,Henry Schein,Health Care,Health Care Distributors,2021,12401000000.0,710000000.0,79000000.0,631000000.0,0.05088299330699137
HSY,Hershey Company (The),Consumer Staples,Packaged Foods & Meats,2024,11202263000.0,2531596000.0,605942000.0,1925654000.0,0.17189866011894203
HSY,Hershey Company (The),Consumer Staples,Packaged Foods & Meats,2023,11164992000.0,2323190000.0,771109000.0,1552081000.0,0.13901317618498965
HSY,Hershey Company (The),Consumer Staples,Packaged Foods & Meats,2022,10419294000.0,2327837000.0,519481000.0,1808356000.0,0.173558400406016
HPE,Hewlett Packard Enterprise,Information Technology,"Technology Hardware, Storage & Peripherals",2024,30127000000.0,4341000000.0,1997000000.0,2344000000.0,0.07780396322235868
HPE,Hewlett Packard Enterprise,Information Technology,"Technology Hardware, Storage & Peripherals",2023,29135000000.0,4428000000.0,2226000000.0,2202000000.0,0.07557920027458383
HPE,Hewlett Packard Enterprise,Information Technology,"Technology Hardware, Storage & Peripherals",2022,28496000000.0,4593000000.0,2520000000.0,2073000000.0,0.07274705221785514
HLT,Hilton Worldwide,Consumer Discretionary,"Hotels, Resorts & Cruise Lines",2024,4746000000.0,2118000000.0,88000000.0,2030000000.0,0.4277286135693215
HLT,Hilton Worldwide,Consumer Discretionary,"Hotels, Resorts & Cruise Lines",2023,4408000000.0,2179000000.0,146000000.0,2033000000.0,0.46120689655172414
HLT,Hilton Worldwide,Consumer Discretionary,"Hotels, Resorts & Cruise Lines",2022,8773000000.0,1762000000.0,39000000.0,1723000000.0,0.19639803943918843
HD,Home Depot (The),Consumer Discretionary,Home Improvement Retail,2024,159514000000.0,19810000000.0,3485000000.0,16325000000.0,0.10234211417179684
HD,Home Depot (The),Consumer Discretionary,Home Improvement Retail,2023,152669000000.0,21172000000.0,3226000000.0,17946000000.0,0.11754842174901257
HD,Home Depot (The),Consumer Discretionary,Home Improvement Retail,2022,157403000000.0,14615000000.0,3119000000.0,11496000000.0,0.07303545675749509
HON,Honeywell Technologies,Industrials,Industrial Conglomerates,2024,34717000000.0,1609000000.0,871000000.0,738000000.0,0.02125759714261025
HON,Honeywell Technologies,Industrials,Industrial Conglomerates,2023,33009000000.0,604000000.0,698000000.0,-94000000.0,-0.002847708200793723
HON,Honeywell Technologies,Industrials,Industrial Conglomerates,2022,35466000000.0,5274000000.0,737000000.0,4537000000.0,0.12792533694242372
HRL,Hormel Foods,Consumer Staples,Packaged Foods & Meats,2024,11920797000.0,1266740000.0,255967000.0,1010773000.0,0.08479072330482601
HRL,Hormel Foods,Consumer Staples,Packaged Foods & Meats,2023,12110010000.0,1047847000.0,264889000.0,782958000.0,0.06465378641305829
HRL,Hormel Foods,Consumer Staples,Packaged Foods & Meats,2022,12458806000.0,1134978000.0,277694000.0,857284000.0,0.06880948302750681
HST,Host Hotels & Resorts,Real Estate,Hotel & Resort REITs,2024,5684000000.0,1498000000.0,288000000.0,1210000000.0,0.21287825475017594
HST,Host Hotels & Resorts,Real Estate,Hotel & Resort REITs,2023,5311000000.0,1441000000.0,417000000.0,1024000000.0,0.19280738090755037
HST,Host Hotels & Resorts,Real Estate,Hotel & Resort REITs,2022,4907000000.0,1416000000.0,39000000.0,1455000000.0,0.2965151823925005
HWM,Howmet Aerospace,Industrials,Aerospace & Defense,2024,7430000000.0,1298000000.0,312000000.0,986000000.0,0.13270524899057873
HWM,Howmet Aerospace,Industrials,Aerospace & Defense,2023,6640000000.0,901000000.0,217000000.0,684000000.0,0.10301204819277109
HWM,Howmet Aerospace,Industrials,Aerospace & Defense,2022,5663000000.0,733000000.0,135000000.0,598000000.0,0.10559773971393255
HPQ,HP Inc.,Information Technology,"Technology Hardware, Storage & Peripherals",2024,53559000000.0,3749000000.0,592000000.0,3157000000.0,0.058944341753953584
HPQ,HP Inc.,Information Technology,"Technology Hardware, Storage & Peripherals",2023,53718000000.0,3571000000.0,593000000.0,2978000000.0,0.0554376559067724
HPQ,HP Inc.,Information Technology,"Technology Hardware, Storage & Peripherals",2022,62910000000.0,4463000000.0,765000000.0,3698000000.0,0.05878238753775235
HUBB,Hubbell Incorporated,Industrials,Industrial Machinery & Supplies & Components,2024,5628500000.0,1009400000.0,180400000.0,829000000.0,0.14728613307275473
HUBB,Hubbell Incorporated,Industrials,Industrial Machinery & Supplies & Components,2023,5372900000.0,875600000.0,165700000.0,709900000.0,0.13212603994118632
HUBB,Hubbell Incorporated,Industrials,Industrial Machinery & Supplies & Components,2022,4947900000.0,636200000.0,129300000.0,506900000.0,0.10244750298106267
HUM,Humana,Health Care,Managed Health Care,2024,117667000000.0,2966000000.0,575000000.0,2391000000.0,0.02032005575055028
HUM,Humana,Health Care,Managed Health Care,2023,106311000000.0,3981000000.0,1004000000.0,2977000000.0,0.028002746658389067
HUM,Humana,Health Care,Managed Health Care,2022,92866000000.0,4587000000.0,1137000000.0,3450000000.0,0.037150302586522514
HBAN,Huntington Bancshares,Financials,Regional Banks,2024,7385000000.0,1815000000.0,143000000.0,1672000000.0,0.22640487474610696
HBAN,Huntington Bancshares,Financials,Regional Banks,2023,7360000000.0,2657000000.0,140000000.0,2517000000.0,0.3419836956521739
HBAN,Huntington Bancshares,Financials,Regional Banks,2022,7254000000.0,4027000000.0,214000000.0,3813000000.0,0.5256410256410257
HII,Huntington Ingalls Industries,Industrials,Aerospace & Defense,2024,11535000000.0,393000000.0,367000000.0,26000000.0,0.0022540095361941914
HII,Huntington Ingalls Industries,Industrials,Aerospace & Defense,2023,11454000000.0,970000000.0,292000000.0,678000000.0,0.05919329491880566
HII,Huntington Ingalls Industries,Industrials,Aerospace & Defense,2022,10676000000.0,1196000000.0,402000000.0,794000000.0,0.07437242412888723
IBM,IBM,Information Technology,IT Consulting & Other Services,2024,62753000000.0,13445000000.0,491000000.0,12954000000.0,0.20642837792615493
IBM,IBM,Information Technology,IT Consulting & Other Services,2023,61860000000.0,13931000000.0,924000000.0,13007000000.0,0.21026511477529905
IBM,IBM,Information Technology,IT Consulting & Other Services,2022,60530000000.0,10435000000.0,1235000000.0,9200000000.0,0.1519907483892285
IEX,IDEX Corporation,Industrials,Industrial Machinery & Supplies & Components,2024,3268800000.0,668100000.0,65100000.0,603000000.0,0.1844713656387665
IEX,IDEX Corporation,Industrials,Industrial Machinery & Supplies & Components,2023,3273900000.0,716700000.0,89900000.0,626800000.0,0.1914536180091023
IEX,IDEX Corporation,Industrials,Industrial Machinery & Supplies & Components,2022,3181900000.0,556700000.0,68000000.0,488700000.0,0.1535874791791068
IDXX,Idexx Laboratories,Health Care,Health Care Equipment,2024,3897504000.0,929001000.0,130922000.0,798079000.0,0.20476669170833436
IDXX,Idexx Laboratories,Health Care,Health Care Equipment,2023,3660953000.0,906510000.0,133631000.0,772879000.0,0.21111415524864702
IDXX,Idexx Laboratories,Health Care,Health Care Equipment,2022,3367324000.0,542984000.0,158838000.0,384146000.0,0.11408049834230385
ITW,Illinois Tool Works,Industrials,Industrial Machinery & Supplies & Components,2024,15898000000.0,3282000000.0,425000000.0,2857000000.0,0.17970813938860233
ITW,Illinois Tool Works,Industrials,Industrial Machinery & Supplies & Components,2023,16107000000.0,3541000000.0,435000000.0,3106000000.0,0.19283541317439623
ITW,Illinois Tool Works,Industrials,Industrial Machinery & Supplies & Components,2022,15932000000.0,2350000000.0,397000000.0,1953000000.0,0.1225834797891037
INCY,Incyte,Health Care,Biotechnology,2024,4241217000.0,335337000.0,100163000.0,235174000.0,0.055449650418735945
INCY,Incyte,Health Care,Biotechnology,2023,3695649000.0,496487000.0,47486000.0,449001000.0,0.12149449257762304
INCY,Incyte,Health Care,Biotechnology,2022,3394635000.0,969941000.0,77833000.0,892108000.0,0.2627993878576047
IR,Ingersoll Rand,Industrials,Industrial Machinery & Supplies & Components,2024,7235000000.0,1396700000.0,143000000.0,1253700000.0,0.17328265376641327
IR,Ingersoll Rand,Industrials,Industrial Machinery & Supplies & Components,2023,6876100000.0,1377400000.0,97800000.0,1279600000.0,0.18609386134582104
PODD,Insulet Corporation,Health Care,Health Care Equipment,2024,2071600000.0,430400000.0,134000000.0,296400000.0,0.1430778142498552
PODD,Insulet Corporation,Health Care,Health Care Equipment,2023,1697100000.0,145800000.0,109200000.0,36600000.0,0.02156620116669613
PODD,Insulet Corporation,Health Care,Health Care Equipment,2022,1305300000.0,119000000.0,157300000.0,-38300000.0,-0.02934191373630583
INTC,Intel,Information Technology,Semiconductors,2024,53101000000.0,8288000000.0,25122000000.0,-16834000000.0,-0.3170185118924314
INTC,Intel,Information Technology,Semiconductors,2023,54228000000.0,11471000000.0,25750000000.0,-14279000000.0,-0.26331415504905215
INTC,Intel,Information Technology,Semiconductors,2022,63054000000.0,15433000000.0,24844000000.0,-9411000000.0,-0.14925302121990675
IBKR,Interactive Brokers,Financials,Investment Banking & Brokerage,2024,5185000000.0,8724000000.0,49000000.0,8675000000.0,1.6730954676952747
IBKR,Interactive Brokers,Financials,Investment Banking & Brokerage,2023,4340000000.0,4544000000.0,49000000.0,4495000000.0,1.0357142857142858
IBKR,Interactive Brokers,Financials,Investment Banking & Brokerage,2022,3067000000.0,3968000000.0,69000000.0,3899000000.0,1.2712748614281058
ICE,Intercontinental Exchange,Financials,Financial Exchanges & Data,2024,11761000000.0,4609000000.0,406000000.0,4203000000.0,0.3573675707847972
ICE,Intercontinental Exchange,Financials,Financial Exchanges & Data,2023,9903000000.0,3542000000.0,190000000.0,3352000000.0,0.3384832878925578
ICE,Intercontinental Exchange,Financials,Financial Exchanges & Data,2022,9636000000.0,3554000000.0,225000000.0,3329000000.0,0.345475300954753
IFF,International Flavors & Fragrances,Materials,Specialty Chemicals,2024,11484000000.0,1070000000.0,447000000.0,623000000.0,0.05424939045628701
IFF,International Flavors & Fragrances,Materials,Specialty Chemicals,2023,11479000000.0,1455000000.0,476000000.0,979000000.0,0.08528617475389842
IFF,International Flavors & Fragrances,Materials,Specialty Chemicals,2022,12440000000.0,397000000.0,498000000.0,-101000000.0,-0.008118971061093248
IP,International Paper,Materials,Paper & Plastic Packaging Products & Materials,2024,15835000000.0,1678000000.0,830000000.0,848000000.0,0.05355225765708873
IP,International Paper,Materials,Paper & Plastic Packaging Products & Materials,2023,16033000000.0,1833000000.0,1137000000.0,696000000.0,0.04341046591405227
IP,International Paper,Materials,Paper & Plastic Packaging Products & Materials,2022,21161000000.0,2174000000.0,918000000.0,1256000000.0,0.05935447285099948
INTU,Intuit,Information Technology,Application Software,2025,18831000000.0,6001000000.0,84000000.0,5917000000.0,0.31421592055652914
INTU,Intuit,Information Technology,Application Software,2024,16285000000.0,4455000000.0,191000000.0,4264000000.0,0.2618360454405895
INTU,Intuit,Information Technology,Application Software,2023,14368000000.0,5647000000.0,210000000.0,5437000000.0,0.37841035634743875
ISRG,Intuitive Surgical,Health Care,Health Care Equipment,2024,8352100000.0,2415000000.0,1111200000.0,1303800000.0,0.15610445277235666
ISRG,Intuitive Surgical,Health Care,Health Care Equipment,2023,7124100000.0,1813800000.0,1064200000.0,749600000.0,0.10522030853020031
ISRG,Intuitive Surgical,Health Care,Health Care Equipment,2022,6222200000.0,1490800000.0,532400000.0,958400000.0,0.1540291215325769
IVZ,Invesco,Financials,Asset Management & Custody Banks,2024,6067000000.0,1190000000.0,69100000.0,1120900000.0,0.1847535849678589
IVZ,Invesco,Financials,Asset Management & Custody Banks,2023,5716400000.0,1300800000.0,164300000.0,1136500000.0,0.19881393884262824
IVZ,Invesco,Financials,Asset Management & Custody Banks,2022,6048900000.0,703200000.0,192900000.0,510300000.0,0.08436244606457373
INVH,Invitation Homes,Real Estate,Single-Family Residential REITs,2024,2618942000.0,1081805000.0,957333000.0,124472000.0,0.04752758938533194
INVH,Invitation Homes,Real Estate,Single-Family Residential REITs,2023,2432278000.0,1107088000.0,1184407000.0,-77319000.0,-0.03178871823039965
INVH,Invitation Homes,Real Estate,Single-Family Residential REITs,2022,2238121000.0,1023587000.0,208070000.0,815517000.0,0.3643757419728424
IQV,IQVIA,Health Care,Life Sciences Tools & Services,2024,15405000000.0,2716000000.0,577000000.0,2139000000.0,0.13885102239532618
IQV,IQVIA,Health Care,Life Sciences Tools & Services,2023,14984000000.0,2149000000.0,649000000.0,1500000000.0,0.100106780565937
IQV,IQVIA,Health Care,Life Sciences Tools & Services,2022,14410000000.0,2260000000.0,674000000.0,1586000000.0,0.11006245662734213
IRM,Iron Mountain,Real Estate,Other Specialized REITs,2024,6149909000.0,1196708000.0,1773585000.0,-576877000.0,-0.09380252618372077
IRM,Iron Mountain,Real Estate,Other Specialized REITs,2023,5480289000.0,1113567000.0,1285679000.0,-172112000.0,-0.03140564302357047
IRM,Iron Mountain,Real Estate,Other Specialized REITs,2022,5103574000.0,927695000.0,704959000.0,222736000.0,0.043643141061538444
JBHT,J.B. Hunt,Industrials,Cargo Ground Transportation,2024,12087204000.0,1483156000.0,674406000.0,808750000.0,0.06690960126096987
JBHT,J.B. Hunt,Industrials,Cargo Ground Transportation,2023,12829665000.0,1744618000.0,1600215000.0,144403000.0,0.011255399108238601
JBHT,J.B. Hunt,Industrials,Cargo Ground Transportation,2022,14813999000.0,1776882000.0,1431895000.0,344987000.0,0.02328790490670345
JBL,Jabil,Information Technology,Electronic Manufacturing Services,2025,29802000000.0,1640000000.0,322000000.0,1318000000.0,0.04422521978390712
JBL,Jabil,Information Technology,Electronic Manufacturing Services,2024,28883000000.0,1716000000.0,661000000.0,1055000000.0,0.03652667659176678
JBL,Jabil,Information Technology,Electronic Manufacturing Services,2023,34702000000.0,1734000000.0,708000000.0,1026000000.0,0.029566019249610973
JKHY,Jack Henry & Associates,Financials,Transaction & Payment Processing Services,2023,2077702000.0,381559000.0,11240000.0,370319000.0,0.17823489605342827
JKHY,Jack Henry & Associates,Financials,Transaction & Payment Processing Services,2022,1942884000.0,504631000.0,34614000.0,470017000.0,0.24191717055675996
JKHY,Jack Henry & Associates,Financials,Transaction & Payment Processing Services,2021,1758225000.0,462129000.0,16801000.0,445328000.0,0.2532827141008688
J,Jacobs Solutions,Industrials,Construction & Engineering,2024,11500941000.0,1054673000.0,114927000.0,939746000.0,0.08171035743944778
J,Jacobs Solutions,Industrials,Construction & Engineering,2023,10851420000.0,974763000.0,135942000.0,838821000.0,0.07730057448702567
J,Jacobs Solutions,Industrials,Construction & Engineering,2022,9783074000.0,474709000.0,118223000.0,356486000.0,0.03643905790756566
JNJ,Johnson & Johnson,Health Care,Pharmaceuticals,2024,88821000000.0,24266000000.0,3749000000.0,20517000000.0,0.23099267065221063
JNJ,Johnson & Johnson,Health Care,Pharmaceuticals,2023,85159000000.0,22791000000.0,4185000000.0,18606000000.0,0.21848542138822674
JNJ,Johnson & Johnson,Health Care,Pharmaceuticals,2022,79990000000.0,21194000000.0,3466000000.0,17728000000.0,0.22162770346293287
JCI,Johnson Controls,Industrials,Building Products,2024,22952000000.0,1568000000.0,493000000.0,1075000000.0,0.046836876960613456
JCI,Johnson Controls,Industrials,Building Products,2023,22331000000.0,1856000000.0,416000000.0,1440000000.0,0.06448434911110117
JCI,Johnson Controls,Industrials,Building Products,2022,20637000000.0,1237000000.0,360000000.0,877000000.0,0.042496486892474684
KVUE,Kenvue,Consumer Staples,Personal Care Products,2024,15455000000.0,1769000000.0,440000000.0,1329000000.0,0.08599158848269169
KVUE,Kenvue,Consumer Staples,Personal Care Products,2023,15444000000.0,3168000000.0,448000000.0,2720000000.0,0.1761201761201761
KVUE,Kenvue,Consumer Staples,Personal Care Products,2022,14950000000.0,2525000000.0,375000000.0,2150000000.0,0.14381270903010032
KDP,Keurig Dr Pepper,Consumer Staples,Soft Drinks & Non-alcoholic Beverages,2024,15351000000.0,1628000000.0,618000000.0,1010000000.0,0.0657937593642108
KDP,Keurig Dr Pepper,Consumer Staples,Soft Drinks & Non-alcoholic Beverages,2023,14814000000.0,-418000000.0,472000000.0,-890000000.0,-0.06007830430673687
KDP,Keurig Dr Pepper,Consumer Staples,Soft Drinks & Non-alcoholic Beverages,2022,14057000000.0,2562000000.0,211000000.0,2351000000.0,0.16724763463043324
KEY,KeyCorp,Financials,Regional Banks,2024,4574000000.0,664000000.0,41000000.0,623000000.0,0.13620463489287277
KEY,KeyCorp,Financials,Regional Banks,2023,6383000000.0,2903000000.0,137000000.0,2766000000.0,0.4333385555381482
KEY,KeyCorp,Financials,Regional Banks,2022,7245010000.0,4469000000.0,92000000.0,4377000000.0,0.6041399528779118
KEYS,Keysight Technologies,Information Technology,Electronic Equipment & Instruments,2024,4979000000.0,1052000000.0,154000000.0,898000000.0,0.18035750150632657
KEYS,Keysight Technologies,Information Technology,Electronic Equipment & Instruments,2023,5464000000.0,1408000000.0,197000000.0,1211000000.0,0.2216325036603221
KEYS,Keysight Technologies,Information Technology,Electronic Equipment & Instruments,2022,5420000000.0,1144000000.0,185000000.0,959000000.0,0.17693726937269372
KMB,Kimberly-Clark,Consumer Staples,Household Products,2024,20058000000.0,3234000000.0,721000000.0,2513000000.0,0.12528666866088345
KMB,Kimberly-Clark,Consumer Staples,Household Products,2023,20431000000.0,3542000000.0,766000000.0,2776000000.0,0.1358719592775684
KMB,Kimberly-Clark,Consumer Staples,Household Products,2022,20175000000.0,2733000000.0,876000000.0,1857000000.0,0.0920446096654275
KMI,Kinder Morgan,Energy,Oil & Gas Storage & Transportation,2024,15100000000.0,5635000000.0,2629000000.0,3006000000.0,0.1990728476821192
KMI,Kinder Morgan,Energy,Oil & Gas Storage & Transportation,2023,15334000000.0,6491000000.0,2317000000.0,4174000000.0,0.27220555628016174
KMI,Kinder Morgan,Energy,Oil & Gas Storage & Transportation,2022,19200000000.0,4967000000.0,1621000000.0,3346000000.0,0.17427083333333335
KLAC,KLA Corporation,Information Technology,Semiconductor Materials & Equipment,2025,12156162000.0,4081903000.0,335259000.0,3746644000.0,0.3082094496601806
KLAC,KLA Corporation,Information Technology,Semiconductor Materials & Equipment,2024,9812247000.0,3308575000.0,277384000.0,3031191000.0,0.3089191497115798
KLAC,KLA Corporation,Information Technology,Semiconductor Materials & Equipment,2023,10496056000.0,3669805000.0,341591000.0,3328214000.0,0.3170918676500964
KHC,Kraft Heinz,Consumer Staples,Packaged Foods & Meats,2024,25846000000.0,4184000000.0,1024000000.0,3160000000.0,0.12226263251566974
KHC,Kraft Heinz,Consumer Staples,Packaged Foods & Meats,2023,26640000000.0,3976000000.0,1013000000.0,2963000000.0,0.11122372372372373
KHC,Kraft Heinz,Consumer Staples,Packaged Foods & Meats,2022,26485000000.0,2469000000.0,916000000.0,1553000000.0,0.05863696431942609
KR,Kroger,Consumer Staples,Food Retail,2024,147123000000.0,5794000000.0,3640000000.0,2154000000.0,0.014640810750188618
KR,Kroger,Consumer Staples,Food Retail,2023,150039000000.0,6788000000.0,3803000000.0,2985000000.0,0.01989482734489033
KR,Kroger,Consumer Staples,Food Retail,2022,148258000000.0,4498000000.0,3000000000.0,1498000000.0,0.010104007878158346
LHX,L3Harris,Industrials,Aerospace & Defense,2024,21325000000.0,2559000000.0,408000000.0,2151000000.0,0.1008675263774912
LHX,L3Harris,Industrials,Aerospace & Defense,2023,19419000000.0,2096000000.0,449000000.0,1647000000.0,0.0848138421133941
LHX,L3Harris,Industrials,Aerospace & Defense,2022,17062000000.0,2158000000.0,238000000.0,1920000000.0,0.11253077013245809
LH,Labcorp,Health Care,Health Care Services,2024,13008900000.0,1585800000.0,487900000.0,1097900000.0,0.08439606730776622
LH,Labcorp,Health Care,Health Care Services,2023,12161600000.0,1327700000.0,453000000.0,874700000.0,0.07192310222339166
LH,Labcorp,Health Care,Health Care Services,2022,11863900000.0,1955900000.0,427900000.0,1528000000.0,0.12879407277539426
LRCX,Lam Research,Information Technology,Semiconductor Materials & Equipment,2025,18435591000.0,6173264000.0,759186000.0,5414078000.0,0.29367531531807145
LRCX,Lam Research,Information Technology,Semiconductor Materials & Equipment,2024,14905386000.0,4652269000.0,396670000.0,4255599000.0,0.2855074668982071
LRCX,Lam Research,Information Technology,Semiconductor Materials & Equipment,2023,17428516000.0,5167767000.0,501568000.0,4666199000.0,0.26773358098876576
LVS,Las Vegas Sands,Consumer Discretionary,Casinos & Gaming,2024,11298000000.0,3204000000.0,1579000000.0,1625000000.0,0.14383076650734644
LVS,Las Vegas Sands,Consumer Discretionary,Casinos & Gaming,2023,10372000000.0,3227000000.0,1254000000.0,1973000000.0,0.19022367913613575
LVS,Las Vegas Sands,Consumer Discretionary,Casinos & Gaming,2022,4110000000.0,-944000000.0,771000000.0,-1715000000.0,-0.4172749391727494
LDOS,Leidos,Industrials,Diversified Support Services,2021,14396000000.0,1031000000.0,104000000.0,927000000.0,0.0643928869130314
LDOS,Leidos,Industrials,Diversified Support Services,2020,12297000000.0,1334000000.0,171000000.0,1163000000.0,0.09457591282426608
LEN,Lennar,Consumer Discretionary,Homebuilding,2022,33671010000.0,3265668000.0,32528000.0,3233140000.0,0.09602147366532812
LEN,Lennar,Consumer Discretionary,Homebuilding,2021,27130676000.0,2532774000.0,23621000.0,2509153000.0,0.09248398381227213
LEN,Lennar,Consumer Discretionary,Homebuilding,2020,22488854000.0,4305994000.0,38818000.0,4267176000.0,0.18974626274864873
LII,Lennox International,Industrials,Building Products,2024,5341300000.0,945700000.0,168800000.0,776900000.0,0.14545148184898807
LII,Lennox International,Industrials,Building Products,2023,4981900000.0,736200000.0,224900000.0,511300000.0,0.10263152612457095
LII,Lennox International,Industrials,Building Products,2022,4718400000.0,302300000.0,99500000.0,202800000.0,0.042980671414038656
LLY,Lilly (Eli),Health Care,Pharmaceuticals,2024,45043000000.0,8818000000.0,4457000000.0,4361000000.0,0.09681859556423862
LLY,Lilly (Eli),Health Care,Pharmaceuticals,2023,34124000000.0,4240000000.0,1844000000.0,2396000000.0,0.070214511780565
LLY,Lilly (Eli),Health Care,Pharmaceuticals,2022,28541400000.0,7585700000.0,1758500000.0,5827200000.0,0.20416657907460742
LIN,Linde plc,Materials,Industrial Gases,2024,33005000000.0,9423000000.0,4497000000.0,4926000000.0,0.1492501136191486
LIN,Linde plc,Materials,Industrial Gases,2023,32854000000.0,9305000000.0,3787000000.0,5518000000.0,0.16795519571437267
LIN,Linde plc,Materials,Industrial Gases,2022,33364000000.0,8864000000.0,3173000000.0,5691000000.0,0.17057307277304878
LYV,Live Nation Entertainment,Communication Services,Movies & Entertainment,2024,23155625000.0,1732548000.0,655156000.0,1077392000.0,0.04652830575724041
LYV,Live Nation Entertainment,Communication Services,Movies & Entertainment,2023,22726317000.0,1364453000.0,475257000.0,889196000.0,0.039126269337878196
LYV,Live Nation Entertainment,Communication Services,Movies & Entertainment,2022,16681254000.0,1835047000.0,353286000.0,1481761000.0,0.08882791425632629
LMT,Lockheed Martin,Industrials,Aerospace & Defense,2024,71043000000.0,7481000000.0,1685000000.0,5796000000.0,0.08158439255099025
LMT,Lockheed Martin,Industrials,Aerospace & Defense,2023,67571000000.0,8060000000.0,1691000000.0,6369000000.0,0.09425641177428187
LMT,Lockheed Martin,Industrials,Aerospace & Defense,2022,65984000000.0,7190000000.0,1670000000.0,5520000000.0,0.08365664403491756
L,Loews Corporation,Financials,Multi-line Insurance,2024,17568000000.0,3025000000.0,632000000.0,2393000000.0,0.13621357012750454
L,Loews Corporation,Financials,Multi-line Insurance,2023,16021000000.0,3907000000.0,686000000.0,3221000000.0,0.20104862368141813
L,Loews Corporation,Financials,Multi-line Insurance,2022,14183000000.0,3314000000.0,660000000.0,2654000000.0,0.18712543185503772
LOW,Lowe's,Consumer Discretionary,Home Improvement Retail,2024,83674000000.0,9625000000.0,1822000000.0,7803000000.0,0.09325477448191792
LOW,Lowe's,Consumer Discretionary,Home Improvement Retail,2023,86377000000.0,8140000000.0,1911000000.0,6229000000.0,0.07211410444910103
LOW,Lowe's,Consumer Discretionary,Home Improvement Retail,2022,97059000000.0,8589000000.0,1784000000.0,6805000000.0,0.07011199373576897
LULU,Lululemon Athletica,Consumer Discretionary,"Apparel, Accessories & Luxury Goods",2024,10588126000.0,2272713000.0,689232000.0,1583481000.0,0.1495525270477514
LULU,Lululemon Athletica,Consumer Discretionary,"Apparel, Accessories & Luxury Goods",2023,9619278000.0,2296164000.0,651865000.0,1644299000.0,0.1709378812006473
LULU,Lululemon Athletica,Consumer Discretionary,"Apparel, Accessories & Luxury Goods",2022,8110518000.0,966463000.0,638657000.0,327806000.0,0.04041739380887879
LITE,Lumentum,Information Technology,Communications Equipment,2025,1645000000.0,126300000.0,230700000.0,-104400000.0,-0.06346504559270516
LITE,Lumentum,Information Technology,Communications Equipment,2024,1359200000.0,24700000.0,136200000.0,-111500000.0,-0.08203354914655679
LITE,Lumentum,Information Technology,Communications Equipment,2023,1767000000.0,179800000.0,128200000.0,51600000.0,0.029202037351443125
LYB,LyondellBasell,Materials,Specialty Chemicals,2024,33394000000.0,3552000000.0,1771000000.0,1781000000.0,0.05333293406001078
LYB,LyondellBasell,Materials,Specialty Chemicals,2023,33336000000.0,4774000000.0,1531000000.0,3243000000.0,0.09728221742260619
LYB,LyondellBasell,Materials,Specialty Chemicals,2022,50451000000.0,6472000000.0,1890000000.0,4582000000.0,0.09082079641632475
MTB,M&T Bank,Financials,Regional Banks,2024,9279000000.0,3610000000.0,216000000.0,3394000000.0,0.365772173725617
MTB,M&T Bank,Financials,Regional Banks,2023,9643000000.0,3905000000.0,256000000.0,3649000000.0,0.3784092087524629
MTB,M&T Bank,Financials,Regional Banks,2022,8179000000.0,4574000000.0,214000000.0,4360000000.0,0.5330725027509475
MPC,Marathon Petroleum,Energy,Oil & Gas Refining & Marketing,2024,140384000000.0,8665000000.0,2498000000.0,6167000000.0,0.04392950763619786
MPC,Marathon Petroleum,Energy,Oil & Gas Refining & Marketing,2023,150090000000.0,14117000000.0,1854000000.0,12263000000.0,0.08170431074688521
MPC,Marathon Petroleum,Energy,Oil & Gas Refining & Marketing,2022,178891000000.0,16361000000.0,2330000000.0,14031000000.0,0.07843323588106724
MAR,Marriott International,Consumer Discretionary,"Hotels, Resorts & Cruise Lines",2024,6618000000.0,2749000000.0,734000000.0,2015000000.0,0.304472650347537
MAR,Marriott International,Consumer Discretionary,"Hotels, Resorts & Cruise Lines",2023,6300000000.0,3170000000.0,381000000.0,2789000000.0,0.4426984126984127
MAR,Marriott International,Consumer Discretionary,"Hotels, Resorts & Cruise Lines",2022,20773000000.0,2363000000.0,331000000.0,2032000000.0,0.0978192846483416
MLM,Martin Marietta Materials,Materials,Construction Materials,2024,6536000000.0,1459000000.0,1305000000.0,2764000000.0,0.4228886168910649
MLM,Martin Marietta Materials,Materials,Construction Materials,2023,6777000000.0,1528000000.0,223000000.0,1305000000.0,0.19256308100929614
MLM,Martin Marietta Materials,Materials,Construction Materials,2022,6161000000.0,991000000.0,205000000.0,1196000000.0,0.19412433046583347
MAS,Masco,Industrials,Building Products,2024,7828000000.0,1075000000.0,167000000.0,908000000.0,0.11599386816555952
MAS,Masco,Industrials,Building Products,2023,7967000000.0,1414000000.0,240000000.0,1174000000.0,0.14735785113593575
MAS,Masco,Industrials,Building Products,2022,8680000000.0,1022000000.0,142000000.0,880000000.0,0.10138248847926268
MA,Mastercard,Financials,Transaction & Payment Processing Services,2024,28167000000.0,14780000000.0,474000000.0,14306000000.0,0.5078993148010083
MA,Mastercard,Financials,Transaction & Payment Processing Services,2023,25098000000.0,11980000000.0,371000000.0,11609000000.0,0.46254681647940077
MA,Mastercard,Financials,Transaction & Payment Processing Services,2022,22237000000.0,11195000000.0,442000000.0,10753000000.0,0.483563430318838
MKC,McCormick & Company,Consumer Staples,Packaged Foods & Meats,2024,6723700000.0,921900000.0,274900000.0,647000000.0,0.09622677989797285
MKC,McCormick & Company,Consumer Staples,Packaged Foods & Meats,2023,6662200000.0,1237300000.0,263900000.0,973400000.0,0.14610789228783286
MKC,McCormick & Company,Consumer Staples,Packaged Foods & Meats,2022,6350500000.0,651500000.0,248400000.0,403100000.0,0.06347531690418078
MCD,McDonald's,Consumer Discretionary,Restaurants,2024,25920000000.0,9446000000.0,3011000000.0,6435000000.0,0.2482638888888889
MCD,McDonald's,Consumer Discretionary,Restaurants,2023,25495000000.0,9612000000.0,2508000000.0,7104000000.0,0.2786428711512061
MCD,McDonald's,Consumer Discretionary,Restaurants,2022,23182000000.0,7387000000.0,2221000000.0,5166000000.0,0.22284531101716848
MCK,McKesson Corporation,Health Care,Health Care Distributors,2024,359051000000.0,6085000000.0,537000000.0,5548000000.0,0.015451843888472669
MCK,McKesson Corporation,Health Care,Health Care Distributors,2023,308951000000.0,4314000000.0,431000000.0,3883000000.0,0.012568336079184077
MCK,McKesson Corporation,Health Care,Health Care Distributors,2022,276711000000.0,5159000000.0,390000000.0,4769000000.0,0.017234587710643956
MDT,Medtronic,Health Care,Health Care Equipment,2025,33537000000.0,7044000000.0,1859000000.0,5185000000.0,0.15460536124280647
MDT,Medtronic,Health Care,Health Care Equipment,2024,32364000000.0,6787000000.0,1587000000.0,5200000000.0,0.160672351996045
MDT,Medtronic,Health Care,Health Care Equipment,2023,31227000000.0,6039000000.0,1459000000.0,4580000000.0,0.14666794760944055
MRK,Merck & Co.,Health Care,Pharmaceuticals,2024,64168000000.0,22884000000.0,4072000000.0,18812000000.0,0.2931679341727964
MRK,Merck & Co.,Health Care,Pharmaceuticals,2023,60115000000.0,15320000000.0,3863000000.0,11457000000.0,0.19058471263411794
MRK,Merck & Co.,Health Care,Pharmaceuticals,2022,59283000000.0,20568000000.0,4388000000.0,16180000000.0,0.2729281581566385
META,Meta Platforms,Communication Services,Interactive Media & Services,2024,164501000000.0,91328000000.0,37256000000.0,54072000000.0,0.3287031689776962
META,Meta Platforms,Communication Services,Interactive Media & Services,2023,134902000000.0,71113000000.0,27045000000.0,44068000000.0,0.3266667655038472
META,Meta Platforms,Communication Services,Interactive Media & Services,2022,116609000000.0,50475000000.0,31186000000.0,19289000000.0,0.16541604850397482
MTD,Mettler Toledo,Health Care,Life Sciences Tools & Services,2024,3872361000.0,968346000.0,102267000.0,866079000.0,0.2236565754070966
MTD,Mettler Toledo,Health Care,Life Sciences Tools & Services,2023,3788309000.0,965874000.0,104488000.0,861386000.0,0.22738007908013838
MTD,Mettler Toledo,Health Care,Life Sciences Tools & Services,2022,3919709000.0,859067000.0,120842000.0,738225000.0,0.18833668519780422
MGM,MGM Resorts,Consumer Discretionary,Casinos & Gaming,2024,17240545000.0,2362495000.0,1137410000.0,1225085000.0,0.07105836851445241
MGM,MGM Resorts,Consumer Discretionary,Casinos & Gaming,2023,16164249000.0,2690777000.0,465990000.0,2224787000.0,0.13763627372976003
MGM,MGM Resorts,Consumer Discretionary,Casinos & Gaming,2022,13127485000.0,1756462000.0,401265000.0,2157727000.0,0.16436712744291843
MCHP,Microchip Technology,Information Technology,Semiconductors,2024,4401600000.0,898100000.0,126000000.0,772100000.0,0.17541348600508905
MCHP,Microchip Technology,Information Technology,Semiconductors,2023,7634400000.0,2892700000.0,285100000.0,2607600000.0,0.3415592580949387
MCHP,Microchip Technology,Information Technology,Semiconductors,2022,8438700000.0,3621000000.0,486200000.0,3134800000.0,0.37147901928022087
MU,Micron Technology,Information Technology,Semiconductors,2025,37378000000.0,17525000000.0,15857000000.0,1668000000.0,0.04462518058751137
MU,Micron Technology,Information Technology,Semiconductors,2024,25111000000.0,8507000000.0,8386000000.0,121000000.0,0.004818605392059257
MU,Micron Technology,Information Technology,Semiconductors,2023,15540000000.0,1559000000.0,7676000000.0,-6117000000.0,-0.39362934362934365
MSFT,Microsoft,Information Technology,Systems Software,2025,281724000000.0,136162000000.0,64551000000.0,71611000000.0,0.2541884965427156
MSFT,Microsoft,Information Technology,Systems Software,2024,245122000000.0,118548000000.0,44477000000.0,74071000000.0,0.3021801388696241
MSFT,Microsoft,Information Technology,Systems Software,2023,211915000000.0,87582000000.0,28107000000.0,59475000000.0,0.2806549795908737
MAA,Mid-America Apartment Communities,Real Estate,Multi-Family Residential REITs,2020,1677984000.0,823949000.0,282471000.0,541478000.0,0.32269556801495125
MRNA,Moderna,Health Care,Biotechnology,2024,3236000000.0,-3004000000.0,1051000000.0,-4055000000.0,-1.2530902348578492
MRNA,Moderna,Health Care,Biotechnology,2023,6848000000.0,-3118000000.0,707000000.0,-3825000000.0,-0.5585572429906542
MRNA,Moderna,Health Care,Biotechnology,2022,19263000000.0,4981000000.0,400000000.0,4581000000.0,0.23781342470020245
TAP,Molson Coors Beverage Company,Consumer Staples,Brewers,2024,11627000000.0,1910300000.0,649600000.0,1260700000.0,0.10842865743527995
TAP,Molson Coors Beverage Company,Consumer Staples,Brewers,2023,11702100000.0,2079000000.0,660600000.0,1418400000.0,0.12120901376675981
TAP,Molson Coors Beverage Company,Consumer Staples,Brewers,2022,10701000000.0,1502000000.0,629200000.0,872800000.0,0.08156247079712177
MDLZ,Mondelez International,Consumer Staples,Packaged Foods & Meats,2024,36441000000.0,4910000000.0,1371000000.0,3539000000.0,0.09711588595263576
MDLZ,Mondelez International,Consumer Staples,Packaged Foods & Meats,2023,36016000000.0,4714000000.0,1093000000.0,3621000000.0,0.10053864948911595
MDLZ,Mondelez International,Consumer Staples,Packaged Foods & Meats,2022,31496000000.0,3908000000.0,861000000.0,3047000000.0,0.09674244348488698
MPWR,Monolithic Power Systems,Information Technology,Semiconductors,2024,2207100000.0,788410000.0,164293000.0,624117000.0,0.2827769471251869
MPWR,Monolithic Power Systems,Information Technology,Semiconductors,2023,1821072000.0,638213000.0,57578000.0,580635000.0,0.31884241809220065
MPWR,Monolithic Power Systems,Information Technology,Semiconductors,2022,1794148000.0,246674000.0,58843000.0,187831000.0,0.10469091736021778
MNST,Monster Beverage,Consumer Staples,Soft Drinks & Non-alcoholic Beverages,2024,7492709000.0,1928533000.0,303702000.0,1624831000.0,0.21685494525411303
MNST,Monster Beverage,Consumer Staples,Soft Drinks & Non-alcoholic Beverages,2023,7140027000.0,1717753000.0,232204000.0,1485549000.0,0.20805929725475827
MNST,Monster Beverage,Consumer Staples,Soft Drinks & Non-alcoholic Beverages,2022,6311050000.0,887699000.0,210840000.0,676859000.0,0.10724982372188463
MCO,Moody's Corporation,Financials,Financial Exchanges & Data,2024,7088000000.0,2838000000.0,317000000.0,2521000000.0,0.35567155756207675
MCO,Moody's Corporation,Financials,Financial Exchanges & Data,2023,5916000000.0,2151000000.0,271000000.0,1880000000.0,0.3177822853279243
MCO,Moody's Corporation,Financials,Financial Exchanges & Data,2022,5468000000.0,2151000000.0,271000000.0,1880000000.0,0.34381858083394295
MS,Morgan Stanley,Financials,Investment Banking & Brokerage,2021,59755000000.0,33971000000.0,2308000000.0,31663000000.0,0.5298803447410259
MS,Morgan Stanley,Financials,Investment Banking & Brokerage,2020,48757000000.0,-25231000000.0,1444000000.0,-26675000000.0,-0.5471009290973604
MOS,Mosaic Company (The),Materials,Fertilizers & Agricultural Chemicals,2024,11122800000.0,1299200000.0,1235000000.0,64200000.0,0.00577192793181573
MOS,Mosaic Company (The),Materials,Fertilizers & Agricultural Chemicals,2023,13696100000.0,2407200000.0,1397600000.0,1009600000.0,0.0737144150524602
MOS,Mosaic Company (The),Materials,Fertilizers & Agricultural Chemicals,2022,19125200000.0,3935800000.0,1247300000.0,2688500000.0,0.14057369334699768
MSI,Motorola Solutions,Information Technology,Communications Equipment,2024,10817000000.0,2391000000.0,257000000.0,2134000000.0,0.19728205602292687
MSI,Motorola Solutions,Information Technology,Communications Equipment,2023,9978000000.0,2044000000.0,253000000.0,1791000000.0,0.17949488875526157
MSI,Motorola Solutions,Information Technology,Communications Equipment,2022,9112000000.0,1823000000.0,256000000.0,1567000000.0,0.1719710272168569
MSCI,MSCI,Financials,Financial Exchanges & Data,2024,2856128000.0,1501491000.0,33762000.0,1467729000.0,0.5138876829049679
MSCI,MSCI,Financials,Financial Exchanges & Data,2023,2528920000.0,1232373000.0,22757000.0,1209616000.0,0.47831327206870916
MSCI,MSCI,Financials,Financial Exchanges & Data,2022,2248598000.0,1095810000.0,13617000.0,1082193000.0,0.4812745541888768
NDAQ,"Nasdaq, Inc.",Financials,Financial Exchanges & Data,2024,4649000000.0,909000000.0,207000000.0,702000000.0,0.1510002151000215
NDAQ,"Nasdaq, Inc.",Financials,Financial Exchanges & Data,2023,3895000000.0,1718000000.0,158000000.0,1560000000.0,0.40051347881899874
NDAQ,"Nasdaq, Inc.",Financials,Financial Exchanges & Data,2022,6226000000.0,1706000000.0,152000000.0,1554000000.0,0.24959845807902345
NTAP,NetApp,Information Technology,"Technology Hardware, Storage & Peripherals",2025,6572000000.0,1506000000.0,168000000.0,1338000000.0,0.20359099208764456
NTAP,NetApp,Information Technology,"Technology Hardware, Storage & Peripherals",2024,6268000000.0,1685000000.0,155000000.0,1530000000.0,0.2440970006381621
NTAP,NetApp,Information Technology,"Technology Hardware, Storage & Peripherals",2023,6362000000.0,1107000000.0,239000000.0,868000000.0,0.1364350833071361
NFLX,Netflix,Communication Services,Movies & Entertainment,2024,39000966000.0,7361364000.0,439538000.0,6921826000.0,0.17747832194720511
NFLX,Netflix,Communication Services,Movies & Entertainment,2023,33723297000.0,7274301000.0,348552000.0,6925749000.0,0.20536986641608618
NFLX,Netflix,Communication Services,Movies & Entertainment,2022,31615550000.0,2026257000.0,407729000.0,1618528000.0,0.051194048498286446
NEM,Newmont,Materials,Gold,2024,18682000000.0,6363000000.0,3402000000.0,2961000000.0,0.1584948078364201
NEM,Newmont,Materials,Gold,2023,11812000000.0,2763000000.0,2666000000.0,97000000.0,0.008211987809007788
NEM,Newmont,Materials,Gold,2022,11915000000.0,3220000000.0,2131000000.0,1089000000.0,0.09139739823751573
NWS,News Corp (Class B),Communication Services,Publishing,2025,8452000000.0,-362000000.0,407000000.0,-769000000.0,-0.09098438239469948
NWS,News Corp (Class B),Communication Services,Publishing,2024,8252000000.0,543000000.0,357000000.0,186000000.0,0.022539990305380515
NWS,News Corp (Class B),Communication Services,Publishing,2023,8012000000.0,590000000.0,310000000.0,280000000.0,0.034947578632051925
NEE,NextEra Energy,Utilities,Multi-Utilities,2024,24753000000.0,13260000000.0,8115000000.0,5145000000.0,0.2078535935038177
NEE,NextEra Energy,Utilities,Multi-Utilities,2023,28114000000.0,11301000000.0,9363000000.0,1938000000.0,0.06893362737426194
NEE,NextEra Energy,Utilities,Multi-Utilities,2022,20956000000.0,8262000000.0,9519000000.0,-1257000000.0,-0.05998282114907425
NKE,"Nike, Inc.",Consumer Discretionary,"Apparel, Accessories & Luxury Goods",2025,46309000000.0,3698000000.0,430000000.0,3268000000.0,0.07056943574683107
NKE,"Nike, Inc.",Consumer Discretionary,"Apparel, Accessories & Luxury Goods",2024,51362000000.0,7429000000.0,812000000.0,6617000000.0,0.12883065301195437
NKE,"Nike, Inc.",Consumer Discretionary,"Apparel, Accessories & Luxury Goods",2023,51217000000.0,5841000000.0,969000000.0,4872000000.0,0.09512466563836226
NI,NiSource,Utilities,Multi-Utilities,2024,5455100000.0,1614700000.0,2614000000.0,-999300000.0,-0.18318637605176807
NI,NiSource,Utilities,Multi-Utilities,2023,5505400000.0,1774300000.0,2645800000.0,-871500000.0,-0.15829912449594943
NI,NiSource,Utilities,Multi-Utilities,2022,5850600000.0,1257700000.0,2203100000.0,-945400000.0,-0.16159026424640208
NDSN,Nordson Corporation,Industrials,Industrial Machinery & Supplies & Components,2024,2689921000.0,556193000.0,64335000.0,491858000.0,0.18285221015784478
NDSN,Nordson Corporation,Industrials,Industrial Machinery & Supplies & Components,2023,2628632000.0,641282000.0,34482000.0,606800000.0,0.23084250667267234
NDSN,Nordson Corporation,Industrials,Industrial Machinery & Supplies & Components,2022,2590278000.0,513131000.0,51148000.0,461983000.0,0.1783526710260443
NSC,Norfolk Southern,Industrials,Rail Transportation,2024,12123000000.0,4052000000.0,2381000000.0,1671000000.0,0.1378371690175699
NSC,Norfolk Southern,Industrials,Rail Transportation,2023,12156000000.0,3179000000.0,2327000000.0,852000000.0,0.0700888450148075
NSC,Norfolk Southern,Industrials,Rail Transportation,2022,12745000000.0,4222000000.0,1948000000.0,2274000000.0,0.1784229109454688
NTRS,Northern Trust,Financials,Asset Management & Custody Banks,2024,8290400000.0,-486000000.0,699100000.0,213100000.0,0.02570442921933803
NTRS,Northern Trust,Financials,Asset Management & Custody Banks,2023,6773500000.0,2625600000.0,116500000.0,2509100000.0,0.37042887724219387
NTRS,Northern Trust,Financials,Asset Management & Custody Banks,2022,6761200000.0,2392400000.0,128600000.0,2263800000.0,0.3348222209075312
NOC,Northrop Grumman,Industrials,Aerospace & Defense,2024,41033000000.0,4388000000.0,1767000000.0,2621000000.0,0.06387541734701338
NOC,Northrop Grumman,Industrials,Aerospace & Defense,2023,39290000000.0,3875000000.0,1775000000.0,2100000000.0,0.053448714685670654
NOC,Northrop Grumman,Industrials,Aerospace & Defense,2022,36602000000.0,2901000000.0,1280000000.0,1621000000.0,0.04428719742090596
NCLH,Norwegian Cruise Line Holdings,Consumer Discretionary,"Hotels, Resorts & Cruise Lines",2024,9479651000.0,2049823000.0,1210952000.0,838871000.0,0.08849175987597012
NCLH,Norwegian Cruise Line Holdings,Consumer Discretionary,"Hotels, Resorts & Cruise Lines",2023,8549924000.0,2005714000.0,2750362000.0,-744648000.0,-0.08709410750317781
NCLH,Norwegian Cruise Line Holdings,Consumer Discretionary,"Hotels, Resorts & Cruise Lines",2022,4843760000.0,210020000.0,1783857000.0,-1573837000.0,-0.3249205162931276
NRG,NRG Energy,Utilities,Independent Power Producers & Energy Traders,2023,28823000000.0,-221000000.0,1409000000.0,1188000000.0,0.04121708357908615
NRG,NRG Energy,Utilities,Independent Power Producers & Energy Traders,2022,31543000000.0,360000000.0,258000000.0,102000000.0,0.003233681006879498
NRG,NRG Energy,Utilities,Independent Power Producers & Energy Traders,2021,26989000000.0,493000000.0,561000000.0,1054000000.0,0.03905294749712846
NUE,Nucor,Materials,Steel,2024,30734000000.0,3979000000.0,3156000000.0,823000000.0,0.026778160994338517
NUE,Nucor,Materials,Steel,2023,34714000000.0,7112000000.0,2199000000.0,4913000000.0,0.14152791380999022
NUE,Nucor,Materials,Steel,2022,41512000000.0,10072000000.0,1916000000.0,8156000000.0,0.19647330892272113
NVDA,Nvidia,Information Technology,Semiconductors,2024,130497000000.0,64089000000.0,3365000000.0,60724000000.0,0.46532870487444156
NVDA,Nvidia,Information Technology,Semiconductors,2023,60922000000.0,28090000000.0,1143000000.0,26947000000.0,0.44231968746922296
NVDA,Nvidia,Information Technology,Semiconductors,2022,26974000000.0,5641000000.0,1833000000.0,3808000000.0,0.14117298138948617
NVR,"NVR, Inc.",Consumer Discretionary,Homebuilding,2024,10436315000.0,7809768000.0,26168000.0,7783600000.0,0.745818806733986
NVR,"NVR, Inc.",Consumer Discretionary,Homebuilding,2023,9462615000.0,7337932000.0,22504000.0,7315428000.0,0.7730873548168239
NVR,"NVR, Inc.",Consumer Discretionary,Homebuilding,2022,10363808000.0,8211022000.0,17696000.0,8193326000.0,0.7905709947540518
NXPI,NXP Semiconductors,Information Technology,Semiconductors,2024,12614000000.0,2782000000.0,872000000.0,1910000000.0,0.15141905818931345
NXPI,NXP Semiconductors,Information Technology,Semiconductors,2023,13276000000.0,3513000000.0,1005000000.0,2508000000.0,0.18891232298885208
NXPI,NXP Semiconductors,Information Technology,Semiconductors,2022,13205000000.0,3895000000.0,1223000000.0,2672000000.0,0.20234759560772433
ORLY,O'Reilly Automotive,Consumer Discretionary,Automotive Retail,2024,16708479000.0,3049576000.0,1007037000.0,2042539000.0,0.12224565742938062
ORLY,O'Reilly Automotive,Consumer Discretionary,Automotive Retail,2023,15812250000.0,3034084000.0,988575000.0,2045509000.0,0.12936229821815365
ORLY,O'Reilly Automotive,Consumer Discretionary,Automotive Retail,2022,14409860000.0,3148250000.0,548539000.0,2599711000.0,0.18041195403702742
OXY,Occidental Petroleum,Energy,Oil & Gas Exploration & Production,2023,28918000000.0,12286000000.0,5696000000.0,6590000000.0,0.22788574590220623
ODFL,Old Dominion,Industrials,Cargo Ground Transportation,2024,5814810000.0,1659283000.0,751194000.0,908089000.0,0.15616830128585457
ODFL,Old Dominion,Industrials,Cargo Ground Transportation,2023,5866152000.0,1569135000.0,708672000.0,860463000.0,0.14668269761847288
ODFL,Old Dominion,Industrials,Cargo Ground Transportation,2022,6260077000.0,1691582000.0,753052000.0,938530000.0,0.14992307602606167
OMC,Omnicom Group,Communication Services,Advertising,2024,15689100000.0,1733500000.0,140600000.0,1592900000.0,0.10152908707319094
OMC,Omnicom Group,Communication Services,Advertising,2023,14692200000.0,1421900000.0,78400000.0,1343500000.0,0.09144307864036699
OMC,Omnicom Group,Communication Services,Advertising,2022,14289100000.0,926500000.0,78200000.0,848300000.0,0.059366930037581096
ON,ON Semiconductor,Information Technology,Semiconductors,2024,7082300000.0,1906400000.0,687800000.0,1218600000.0,0.172062747977352
ON,ON Semiconductor,Information Technology,Semiconductors,2023,8253000000.0,1977500000.0,1535100000.0,442400000.0,0.053604749787955895
ON,ON Semiconductor,Information Technology,Semiconductors,2022,8326200000.0,2633100000.0,976900000.0,1656200000.0,0.19891427061564698
ORCL,Oracle Corporation,Information Technology,Application Software,2025,57399000000.0,20821000000.0,21215000000.0,-394000000.0,-0.00686423108416523
ORCL,Oracle Corporation,Information Technology,Application Software,2024,52961000000.0,18673000000.0,6866000000.0,11807000000.0,0.22293763335284456
ORCL,Oracle Corporation,Information Technology,Application Software,2023,49954000000.0,17165000000.0,8695000000.0,8470000000.0,0.16955599151219122
OTIS,Otis Worldwide,Industrials,Industrial Machinery & Supplies & Components,2024,14261000000.0,1563000000.0,120000000.0,1443000000.0,0.10118505013673655
OTIS,Otis Worldwide,Industrials,Industrial Machinery & Supplies & Components,2023,14209000000.0,1627000000.0,131000000.0,1496000000.0,0.10528538250404673
OTIS,Otis Worldwide,Industrials,Industrial Machinery & Supplies & Components,2022,13685000000.0,1560000000.0,115000000.0,1445000000.0,0.10559006211180125
PCAR,Paccar,Industrials,Construction Machinery & Heavy Transportation Equipment,2024,31564300000.0,4640900000.0,1049500000.0,3591400000.0,0.113780441828268
PCAR,Paccar,Industrials,Construction Machinery & Heavy Transportation Equipment,2023,33315500000.0,4190000000.0,648000000.0,3542000000.0,0.10631687953054884
PCAR,Paccar,Industrials,Construction Machinery & Heavy Transportation Equipment,2022,27314300000.0,3027000000.0,702800000.0,2324200000.0,0.08509095968046042
PKG,Packaging Corporation of America,Materials,Paper & Plastic Packaging Products & Materials,2024,8383300000.0,1191200000.0,668400000.0,522800000.0,0.06236207698638961
PKG,Packaging Corporation of America,Materials,Paper & Plastic Packaging Products & Materials,2023,7802400000.0,1315100000.0,468100000.0,847000000.0,0.10855634163847021
PKG,Packaging Corporation of America,Materials,Paper & Plastic Packaging Products & Materials,2022,8478000000.0,1495000000.0,822000000.0,673000000.0,0.07938192970040103
PLTR,Palantir Technologies,Information Technology,Application Software,2024,2865507000.0,1153865000.0,12634000.0,1141231000.0,0.3982649492742471
PLTR,Palantir Technologies,Information Technology,Application Software,2023,2225012000.0,712183000.0,15114000.0,697069000.0,0.3132877485604572
PLTR,Palantir Technologies,Information Technology,Application Software,2022,1905871000.0,223737000.0,40027000.0,183710000.0,0.0963916235673873
PANW,Palo Alto Networks,Information Technology,Systems Software,2025,9221500000.0,3716000000.0,246200000.0,3469800000.0,0.37627284064414684
PANW,Palo Alto Networks,Information Technology,Systems Software,2024,8027500000.0,3257600000.0,156800000.0,3100800000.0,0.38627218934911245
PANW,Palo Alto Networks,Information Technology,Systems Software,2023,6892700000.0,2777500000.0,146300000.0,2631200000.0,0.3817372002263264
PH,Parker Hannifin,Industrials,Industrial Machinery & Supplies & Components,2025,19850000000.0,3776000000.0,403000000.0,3373000000.0,0.1699244332493703
PH,Parker Hannifin,Industrials,Industrial Machinery & Supplies & Components,2024,19930000000.0,3384000000.0,391000000.0,2993000000.0,0.1501756146512795
PH,Parker Hannifin,Industrials,Industrial Machinery & Supplies & Components,2023,19065000000.0,2980000000.0,368000000.0,2612000000.0,0.13700498295305533
PAYX,Paychex,Industrials,Human Resource & Employment Services,2023,5007100000.0,1706200000.0,136700000.0,1569500000.0,0.31345489405044835
PAYX,Paychex,Industrials,Human Resource & Employment Services,2022,4611700000.0,1589700000.0,143200000.0,1446500000.0,0.3136587375588178
PAYX,Paychex,Industrials,Human Resource & Employment Services,2021,4056800000.0,1260300000.0,123300000.0,1137000000.0,0.2802701636758036
PYPL,PayPal,Financials,Transaction & Payment Processing Services,2024,31797000000.0,7450000000.0,682000000.0,6768000000.0,0.2128502688932918
PYPL,PayPal,Financials,Transaction & Payment Processing Services,2023,29771000000.0,4843000000.0,578000000.0,4265000000.0,0.14326021967686675
PYPL,PayPal,Financials,Transaction & Payment Processing Services,2022,27518000000.0,5813000000.0,701000000.0,5112000000.0,0.18576931463042373
PNR,Pentair,Industrials,Industrial Machinery & Supplies & Components,2024,4082800000.0,766700000.0,73800000.0,692900000.0,0.16971196237875968
PNR,Pentair,Industrials,Industrial Machinery & Supplies & Components,2023,4104500000.0,619200000.0,70400000.0,548800000.0,0.13370690705323426
PNR,Pentair,Industrials,Industrial Machinery & Supplies & Components,2022,4121800000.0,363300000.0,81100000.0,282200000.0,0.06846523363579018
PEP,PepsiCo,Consumer Staples,Soft Drinks & Non-alcoholic Beverages,2024,91854000000.0,12507000000.0,342000000.0,12849000000.0,0.13988503494676335
PEP,PepsiCo,Consumer Staples,Soft Drinks & Non-alcoholic Beverages,2023,91471000000.0,13442000000.0,198000000.0,13640000000.0,0.14911829978900418
PEP,PepsiCo,Consumer Staples,Soft Drinks & Non-alcoholic Beverages,2022,86392000000.0,11136000000.0,4956000000.0,6180000000.0,0.0715344013334568
PFE,Pfizer,Health Care,Pharmaceuticals,2024,63627000000.0,4703000000.0,2909000000.0,1794000000.0,0.02819557734923853
PFE,Pfizer,Health Care,Pharmaceuticals,2023,59554000000.0,6514000000.0,3907000000.0,2607000000.0,0.04377539711858146
PFE,Pfizer,Health Care,Pharmaceuticals,2022,101175000000.0,29267000000.0,3236000000.0,26031000000.0,0.2572868791697554
PCG,PG&E Corporation,Utilities,Multi-Utilities,2022,21680000000.0,3721000000.0,9584000000.0,-5863000000.0,-0.2704335793357934
PCG,PG&E Corporation,Utilities,Multi-Utilities,2021,20642000000.0,2262000000.0,6940000000.0,-4678000000.0,-0.22662532700319737
PCG,PG&E Corporation,Utilities,Multi-Utilities,2020,18469000000.0,-19130000000.0,7690000000.0,-26820000000.0,-1.4521630840868482
PM,Philip Morris International,Consumer Staples,Tobacco,2024,37878000000.0,12217000000.0,1444000000.0,10773000000.0,0.2844131157928085
PM,Philip Morris International,Consumer Staples,Tobacco,2023,35174000000.0,8321000000.0,1321000000.0,7000000000.0,0.19901063285381249
PM,Philip Morris International,Consumer Staples,Tobacco,2022,31762000000.0,10803000000.0,1077000000.0,9726000000.0,0.30621497386814434
PSX,Phillips 66,Energy,Oil & Gas Refining & Marketing,2024,143153000000.0,4191000000.0,777000000.0,3414000000.0,0.023848609529664066
PSX,Phillips 66,Energy,Oil & Gas Refining & Marketing,2023,147399000000.0,7029000000.0,1763000000.0,5266000000.0,0.0357261582507344
PSX,Phillips 66,Energy,Oil & Gas Refining & Marketing,2022,169990000000.0,10813000000.0,1884000000.0,8929000000.0,0.05252661921289488
PNW,Pinnacle West Capital,Utilities,Multi-Utilities,2023,4695991000.0,1207697000.0,1846370000.0,-638673000.0,-0.13600388075701167
PNW,Pinnacle West Capital,Utilities,Multi-Utilities,2022,4324385000.0,1241441000.0,1707490000.0,-466049000.0,-0.10777231906964806
PNW,Pinnacle West Capital,Utilities,Multi-Utilities,2021,3803835000.0,860014000.0,1473475000.0,-613461000.0,-0.1612743454960586
PPG,PPG Industries,Materials,Specialty Chemicals,2021,16802000000.0,1562000000.0,418000000.0,1980000000.0,0.11784311391501012
PPG,PPG Industries,Materials,Specialty Chemicals,2020,13834000000.0,2130000000.0,304000000.0,1826000000.0,0.1319936388607778
PPL,PPL Corporation,Utilities,Electric Utilities,2024,8462000000.0,2392000000.0,2805000000.0,-413000000.0,-0.04880642874025053
PPL,PPL Corporation,Utilities,Electric Utilities,2023,8312000000.0,1758000000.0,2390000000.0,-632000000.0,-0.07603464870067372
PPL,PPL Corporation,Utilities,Electric Utilities,2022,7902000000.0,1720000000.0,2390000000.0,-670000000.0,-0.08478866109845609
PG,Procter & Gamble,Consumer Staples,Personal Care Products,2025,84284000000.0,17818000000.0,3666000000.0,14152000000.0,0.16790849983389491
PG,Procter & Gamble,Consumer Staples,Personal Care Products,2024,84039000000.0,19847000000.0,2976000000.0,16871000000.0,0.20075203179476195
PG,Procter & Gamble,Consumer Staples,Personal Care Products,2023,82006000000.0,16848000000.0,3016000000.0,13832000000.0,0.16867058507914054
PGR,Progressive Corporation,Financials,Property & Casualty Insurance,2023,62108500000.0,10643300000.0,204800000.0,10438500000.0,0.16806878285580878
PGR,Progressive Corporation,Financials,Property & Casualty Insurance,2022,49610700000.0,6848800000.0,256900000.0,6591900000.0,0.1328725456403558
PGR,Progressive Corporation,Financials,Property & Casualty Insurance,2021,47702000000.0,7761700000.0,177300000.0,7584400000.0,0.15899542996100793
PLD,Prologis,Real Estate,Industrial REITs,2024,8201610000.0,1705978000.0,2714086000.0,-1008108000.0,-0.1229158665188908
PLD,Prologis,Real Estate,Industrial REITs,2023,8023469000.0,1973944000.0,4498756000.0,-2524812000.0,-0.3146783517204341
PLD,Prologis,Real Estate,Industrial REITs,2022,5973692000.0,1008051000.0,2703466000.0,-1695415000.0,-0.283813594674784
PEG,Public Service Enterprise Group,Utilities,Electric Utilities,2024,10290000000.0,2264000000.0,3380000000.0,-1116000000.0,-0.10845481049562682
PEG,Public Service Enterprise Group,Utilities,Electric Utilities,2023,11237000000.0,2398000000.0,3325000000.0,-927000000.0,-0.0824953279345021
PEG,Public Service Enterprise Group,Utilities,Electric Utilities,2022,9800000000.0,2180000000.0,2888000000.0,-708000000.0,-0.07224489795918368
PTC,PTC Inc.,Information Technology,Application Software,2024,2298472000.0,749984000.0,14378000.0,735606000.0,0.320041314403656
PTC,PTC Inc.,Information Technology,Application Software,2023,2097053000.0,610861000.0,23814000.0,587047000.0,0.27993903825988187
PTC,PTC Inc.,Information Technology,Application Software,2022,1933347000.0,435326000.0,25947000.0,409379000.0,0.21174626179366662
PSA,Public Storage,Real Estate,Self-Storage REITs,2024,4695616000.0,3128255000.0,1014351000.0,2113904000.0,0.4501867273644182
PSA,Public Storage,Real Estate,Self-Storage REITs,2023,4517690000.0,3246648000.0,1298758000.0,1947890000.0,0.4311694693527002
PSA,Public Storage,Real Estate,Self-Storage REITs,2022,4182163000.0,3117141000.0,1531228000.0,1585913000.0,0.3792087969789795
PHM,PulteGroup,Consumer Discretionary,Homebuilding,2024,17946950000.0,1680794000.0,118545000.0,1562249000.0,0.08704816138675374
PHM,PulteGroup,Consumer Discretionary,Homebuilding,2023,16061578000.0,2196762000.0,92201000.0,2104561000.0,0.13103077418669573
PHM,PulteGroup,Consumer Discretionary,Homebuilding,2022,16002979000.0,668466000.0,112661000.0,555805000.0,0.034731345957524536
PWR,Quanta Services,Industrials,Construction & Engineering,2024,23672795000.0,2081196000.0,526435000.0,1554761000.0,0.0656771200865804
PWR,Quanta Services,Industrials,Construction & Engineering,2023,20882206000.0,1575952000.0,365456000.0,1210496000.0,0.05796782198202623
PWR,Quanta Services,Industrials,Construction & Engineering,2022,17073903000.0,1130312000.0,363507000.0,766805000.0,0.04491093805558108
QCOM,Qualcomm,Information Technology,Semiconductors,2024,38962000000.0,12202000000.0,1031000000.0,11171000000.0,0.28671526102356143
QCOM,Qualcomm,Information Technology,Semiconductors,2023,35820000000.0,11299000000.0,1323000000.0,9976000000.0,0.2785036292573981
QCOM,Qualcomm,Information Technology,Semiconductors,2022,44200000000.0,9096000000.0,2257000000.0,6839000000.0,0.15472850678733033
DGX,Quest Diagnostics,Health Care,Health Care Services,2024,9872000000.0,1334000000.0,425000000.0,909000000.0,0.09207860615883307
DGX,Quest Diagnostics,Health Care,Health Care Services,2023,9252000000.0,1272000000.0,408000000.0,864000000.0,0.0933852140077821
DGX,Quest Diagnostics,Health Care,Health Care Services,2022,9883000000.0,1718000000.0,404000000.0,1314000000.0,0.1329555802893858
RL,Ralph Lauren Corporation,Consumer Discretionary,"Apparel, Accessories & Luxury Goods",2024,7079000000.0,1235100000.0,216200000.0,1018900000.0,0.14393275886424636
RL,Ralph Lauren Corporation,Consumer Discretionary,"Apparel, Accessories & Luxury Goods",2023,6631400000.0,1069700000.0,164800000.0,904900000.0,0.1364568567723256
RL,Ralph Lauren Corporation,Consumer Discretionary,"Apparel, Accessories & Luxury Goods",2022,6443600000.0,411000000.0,217500000.0,193500000.0,0.03002979700788379
RJF,Raymond James Financial,Financials,Investment Banking & Brokerage,2024,12821000000.0,2196000000.0,205000000.0,1991000000.0,0.1552920989002418
RJF,Raymond James Financial,Financials,Investment Banking & Brokerage,2023,11619000000.0,-3563000000.0,173000000.0,-3736000000.0,-0.3215423014028746
RJF,Raymond James Financial,Financials,Investment Banking & Brokerage,2022,11003000000.0,39000000.0,91000000.0,-52000000.0,-0.004725983822593838
RTX,RTX Corporation,Industrials,Aerospace & Defense,2024,80738000000.0,7159000000.0,2625000000.0,4534000000.0,0.05615695211672323
RTX,RTX Corporation,Industrials,Aerospace & Defense,2023,68920000000.0,7883000000.0,2415000000.0,5468000000.0,0.07933836331979106
RTX,RTX Corporation,Industrials,Aerospace & Defense,2022,67074000000.0,7168000000.0,2288000000.0,4880000000.0,0.07275546411426186
O,Realty Income,Real Estate,Retail REITs,2021,2080463000.0,1321824000.0,6313076000.0,-4991252000.0,-2.3991063527685905
O,Realty Income,Real Estate,Retail REITs,2020,1647087000.0,1115543000.0,259459000.0,1375002000.0,0.8348083616712414
REG,Regency Centers,Real Estate,Retail REITs,2024,1453904000.0,790198000.0,234753000.0,555445000.0,0.38203691577985893
REG,Regency Centers,Real Estate,Retail REITs,2023,1322466000.0,719591000.0,221688000.0,497903000.0,0.37649587966722775
REG,Regency Centers,Real Estate,Retail REITs,2022,1224022000.0,655815000.0,52285000.0,603530000.0,0.4930712029685741
REGN,Regeneron Pharmaceuticals,Health Care,Biotechnology,2024,14202000000.0,4420500000.0,861500000.0,3559000000.0,0.25059850725249966
REGN,Regeneron Pharmaceuticals,Health Care,Biotechnology,2023,13117200000.0,4594000000.0,926400000.0,3667600000.0,0.279602354160949
REGN,Regeneron Pharmaceuticals,Health Care,Biotechnology,2022,12172900000.0,5014900000.0,590100000.0,4424800000.0,0.36349596234258064
RSG,Republic Services,Industrials,Environmental & Facilities Services,2024,16032000000.0,3936000000.0,1808000000.0,2128000000.0,0.13273453093812376
RSG,Republic Services,Industrials,Environmental & Facilities Services,2023,14965000000.0,3617800000.0,1601900000.0,2015900000.0,0.1347076511861009
RSG,Republic Services,Industrials,Environmental & Facilities Services,2022,13511000000.0,3618000000.0,1602000000.0,2016000000.0,0.14921175338612983
RMD,ResMed|,Health Care,Health Care Equipment,2025,5146327000.0,1751588000.0,100642000.0,1650946000.0,0.32080083523647057
RMD,ResMed|,Health Care,Health Care Equipment,2024,4685297000.0,1401260000.0,114856000.0,1286404000.0,0.27456189010002996
RMD,ResMed|,Health Care,Health Care Equipment,2023,4222993000.0,693299000.0,134000000.0,559299000.0,0.13244137511002269
HOOD,Robinhood Markets,Financials,Investment Banking & Brokerage,2024,2951000000.0,-157000000.0,13000000.0,-170000000.0,-0.05760759064723822
HOOD,Robinhood Markets,Financials,Investment Banking & Brokerage,2023,1865000000.0,1181000000.0,2000000.0,1179000000.0,0.632171581769437
HOOD,Robinhood Markets,Financials,Investment Banking & Brokerage,2022,1358000000.0,-852000000.0,28000000.0,-880000000.0,-0.6480117820324006
ROK,Rockwell Automation,Industrials,Electrical Components & Equipment,2024,8264000000.0,864000000.0,225000000.0,639000000.0,0.07732333010648597
ROK,Rockwell Automation,Industrials,Electrical Components & Equipment,2023,9058000000.0,1374000000.0,161000000.0,1213000000.0,0.1339147714727313
ROK,Rockwell Automation,Industrials,Electrical Components & Equipment,2022,7760400000.0,823100000.0,141100000.0,682000000.0,0.08788206793464254
ROL,"Rollins, Inc.",Industrials,Environmental & Facilities Services,2024,3388708000.0,624952000.0,23502000.0,601450000.0,0.17748652288718886
ROL,"Rollins, Inc.",Industrials,Environmental & Facilities Services,2023,3073278000.0,544160000.0,19976000.0,524184000.0,0.17056185610283223
ROL,"Rollins, Inc.",Industrials,Environmental & Facilities Services,2022,2695823000.0,489821000.0,16031000.0,473790000.0,0.17574966902500647
ROP,Roper Technologies,Information Technology,Electronic Equipment & Instruments,2024,7039200000.0,2393200000.0,66000000.0,2327200000.0,0.33060575065348335
ROP,Roper Technologies,Information Technology,Electronic Equipment & Instruments,2023,6177800000.0,2035100000.0,68000000.0,1967100000.0,0.31841432225063937
ROP,Roper Technologies,Information Technology,Electronic Equipment & Instruments,2022,5371800000.0,734600000.0,40100000.0,694500000.0,0.12928627275773483
ROST,Ross Stores,Consumer Discretionary,Apparel Retail,2024,21129219000.0,2356988000.0,637462000.0,1719526000.0,0.08138142730216388
ROST,Ross Stores,Consumer Discretionary,Apparel Retail,2023,20376941000.0,2514490000.0,762812000.0,1751678000.0,0.08596373714778877
ROST,Ross Stores,Consumer Discretionary,Apparel Retail,2022,18695829000.0,1689373000.0,654070000.0,1035303000.0,0.05537614833768537
RCL,Royal Caribbean Group,Consumer Discretionary,"Hotels, Resorts & Cruise Lines",2024,16485000000.0,5374000000.0,3268000000.0,2106000000.0,0.12775250227479526
RCL,Royal Caribbean Group,Consumer Discretionary,"Hotels, Resorts & Cruise Lines",2023,13900000000.0,4470000000.0,3897000000.0,573000000.0,0.04122302158273381
RCL,Royal Caribbean Group,Consumer Discretionary,"Hotels, Resorts & Cruise Lines",2022,8840000000.0,481000000.0,2710000000.0,-2229000000.0,-0.2521493212669683
SPGI,S&P Global,Financials,Financial Exchanges & Data,2024,14208000000.0,5689000000.0,44000000.0,5733000000.0,0.40350506756756754
SPGI,S&P Global,Financials,Financial Exchanges & Data,2023,12497000000.0,3710000000.0,871000000.0,4581000000.0,0.3665679763143154
SPGI,S&P Global,Financials,Financial Exchanges & Data,2022,11181000000.0,2603000000.0,3420000000.0,6023000000.0,0.5386816921563367
CRM,Salesforce,Information Technology,Application Software,2024,37895000000.0,13092000000.0,658000000.0,12434000000.0,0.3281171658530149
CRM,Salesforce,Information Technology,Application Software,2023,34857000000.0,10234000000.0,736000000.0,9498000000.0,0.2724847232980463
CRM,Salesforce,Information Technology,Application Software,2022,31352000000.0,7111000000.0,798000000.0,6313000000.0,0.20135876499106914
SNDK,Sandisk,Information Technology,"Technology Hardware, Storage & Peripherals",2025,7355000000.0,84000000.0,204000000.0,-120000000.0,-0.016315431679129844
SNDK,Sandisk,Information Technology,"Technology Hardware, Storage & Peripherals",2024,6663000000.0,-309000000.0,29000000.0,-338000000.0,-0.050727900345189855
SBAC,SBA Communications,Real Estate,Telecom Tower REITs,2024,2679634000.0,1334866000.0,227816000.0,1107050000.0,0.4131347788541271
SBAC,SBA Communications,Real Estate,Telecom Tower REITs,2023,2711584000.0,1544393000.0,232980000.0,1311413000.0,0.4836335514592209
SBAC,SBA Communications,Real Estate,Telecom Tower REITs,2022,2633454000.0,1285700000.0,214443000.0,1071257000.0,0.4067878155456674
SLB,Schlumberger,Energy,Oil & Gas Equipment & Services,2024,36289000000.0,6602000000.0,1931000000.0,4671000000.0,0.12871669100829453
SLB,Schlumberger,Energy,Oil & Gas Equipment & Services,2023,33135000000.0,6637000000.0,1939000000.0,4698000000.0,0.14178361249434132
SLB,Schlumberger,Energy,Oil & Gas Equipment & Services,2022,28091000000.0,3720000000.0,1498000000.0,2222000000.0,0.07910006763732157
STX,Seagate Technology,Information Technology,"Technology Hardware, Storage & Peripherals",2025,9097000000.0,1083000000.0,264000000.0,819000000.0,0.0900296801143234
STX,Seagate Technology,Information Technology,"Technology Hardware, Storage & Peripherals",2024,6551000000.0,918000000.0,214000000.0,704000000.0,0.10746450923523126
STX,Seagate Technology,Information Technology,"Technology Hardware, Storage & Peripherals",2023,7384000000.0,942000000.0,218000000.0,1160000000.0,0.1570964247020585
SRE,Sempra,Utilities,Multi-Utilities,2024,13185000000.0,4886000000.0,9203000000.0,-4317000000.0,-0.3274175199089875
SRE,Sempra,Utilities,Multi-Utilities,2023,16720000000.0,6192000000.0,8779000000.0,-2587000000.0,-0.15472488038277513
SRE,Sempra,Utilities,Multi-Utilities,2022,14439000000.0,288000000.0,5733000000.0,-5445000000.0,-0.37710367753999585
NOW,ServiceNow,Information Technology,Systems Software,2024,10984000000.0,4267000000.0,892000000.0,3375000000.0,0.3072651128914785
NOW,ServiceNow,Information Technology,Systems Software,2023,8971000000.0,3398000000.0,697000000.0,2701000000.0,0.30108126184371864
NOW,ServiceNow,Information Technology,Systems Software,2022,7245000000.0,2723000000.0,550000000.0,2173000000.0,0.29993098688750863
SHW,Sherwin-Williams,Materials,Specialty Chemicals,2024,23098500000.0,3153200000.0,1058400000.0,2094800000.0,0.09068987163668636
SHW,Sherwin-Williams,Materials,Specialty Chemicals,2023,23051900000.0,3521900000.0,818300000.0,2703600000.0,0.11728317405506704
SHW,Sherwin-Williams,Materials,Specialty Chemicals,2022,22148900000.0,1924700000.0,611300000.0,1313400000.0,0.05929865591519218
SPG,Simon Property Group,Real Estate,Retail REITs,2024,5963798000.0,3814655000.0,700381000.0,3114274000.0,0.5221964258346778
SPG,Simon Property Group,Real Estate,Retail REITs,2023,5658836000.0,3930793000.0,793283000.0,3137510000.0,0.5544444122430832
SPG,Simon Property Group,Real Estate,Retail REITs,2022,5291447000.0,3766604000.0,590366000.0,3176238000.0,0.6002588705887066
SWKS,Skyworks Solutions,Information Technology,Semiconductors,2024,4178000000.0,1824700000.0,183100000.0,1641600000.0,0.392915270464337
SWKS,Skyworks Solutions,Information Technology,Semiconductors,2023,4772400000.0,1856400000.0,236100000.0,1620300000.0,0.3395147095800855
SWKS,Skyworks Solutions,Information Technology,Semiconductors,2022,5485500000.0,1424600000.0,509700000.0,914900000.0,0.16678516087868014
SJM,J.M. Smucker Company (The),Consumer Staples,Packaged Foods & Meats,2023,8529200000.0,1194200000.0,477400000.0,716800000.0,0.0840407072175585
SJM,J.M. Smucker Company (The),Consumer Staples,Packaged Foods & Meats,2022,7998900000.0,1153200000.0,417500000.0,735700000.0,0.09197514658265511
SJM,J.M. Smucker Company (The),Consumer Staples,Packaged Foods & Meats,2021,8002700000.0,1565000000.0,306700000.0,1258300000.0,0.1572344333787347
SNA,Snap-on,Industrials,Industrial Machinery & Supplies & Components,2024,4707400000.0,1217500000.0,80400000.0,1137100000.0,0.24155584823894294
SNA,Snap-on,Industrials,Industrial Machinery & Supplies & Components,2023,4730200000.0,1154200000.0,92300000.0,1061900000.0,0.22449367891421082
SNA,Snap-on,Industrials,Industrial Machinery & Supplies & Components,2022,4492800000.0,675200000.0,79100000.0,596100000.0,0.132678952991453
LUV,Southwest Airlines,Industrials,Passenger Airlines,2024,27483000000.0,462000000.0,2054000000.0,-1592000000.0,-0.057926718334970706
LUV,Southwest Airlines,Industrials,Passenger Airlines,2023,26091000000.0,3164000000.0,3520000000.0,-356000000.0,-0.01364455176114369
LUV,Southwest Airlines,Industrials,Passenger Airlines,2022,23814000000.0,3790000000.0,3946000000.0,-156000000.0,-0.00655076845553036
SWK,Stanley Black & Decker,Industrials,Industrial Machinery & Supplies & Components,2024,15365700000.0,1106900000.0,353900000.0,753000000.0,0.049005251957281476
SWK,Stanley Black & Decker,Industrials,Industrial Machinery & Supplies & Components,2023,15781100000.0,1191300000.0,338700000.0,852600000.0,0.05402665213451534
SWK,Stanley Black & Decker,Industrials,Industrial Machinery & Supplies & Components,2022,16947400000.0,-1459500000.0,488700000.0,-1948200000.0,-0.11495568641797561
SBUX,Starbucks,Consumer Discretionary,Restaurants,2024,36176200000.0,6095600000.0,2777500000.0,3318100000.0,0.09172052343806149
SBUX,Starbucks,Consumer Discretionary,Restaurants,2023,35975600000.0,6008700000.0,2223600000.0,3785100000.0,0.10521297768487531
SBUX,Starbucks,Consumer Discretionary,Restaurants,2022,32250300000.0,4397300000.0,1841300000.0,2556000000.0,0.07925507669696095
STT,State Street Corporation,Financials,Asset Management & Custody Banks,2022,12148000000.0,11954000000.0,734000000.0,11220000000.0,0.9236088244978597
STT,State Street Corporation,Financials,Asset Management & Custody Banks,2021,12027000000.0,-6710000000.0,811000000.0,-7521000000.0,-0.6253429782988277
STT,State Street Corporation,Financials,Asset Management & Custody Banks,2020,11703000000.0,3532000000.0,560000000.0,2972000000.0,0.25395197812526704
STLD,Steel Dynamics,Materials,Steel,2024,17540390000.0,1844503000.0,1868006000.0,-23503000.0,-0.0013399359991425504
STLD,Steel Dynamics,Materials,Steel,2023,18795316000.0,3519928000.0,1657905000.0,1862023000.0,0.09906845939701146
STLD,Steel Dynamics,Materials,Steel,2022,22260774000.0,4460403000.0,908902000.0,3551501000.0,0.1595407688879102
STE,Steris,Health Care,Health Care Equipment,2024,5459500000.0,1148100000.0,360900000.0,787200000.0,0.1441890282992948
STE,Steris,Health Care,Health Care Equipment,2023,5138700000.0,973000000.0,352900000.0,620100000.0,0.12067254363944188
STE,Steris,Health Care,Health Care Equipment,2022,4536266000.0,756947000.0,347382000.0,409565000.0,0.09028681298671638
SYK,Stryker Corporation,Health Care,Health Care Equipment,2024,22595000000.0,4242000000.0,755000000.0,3487000000.0,0.15432617835804383
SYK,Stryker Corporation,Health Care,Health Care Equipment,2023,20498000000.0,3711000000.0,575000000.0,3136000000.0,0.15299053566201581
SYK,Stryker Corporation,Health Care,Health Care Equipment,2022,18449000000.0,2624000000.0,588000000.0,2036000000.0,0.11035828500189712
SMCI,Supermicro,Information Technology,"Technology Hardware, Storage & Peripherals",2025,21972042000.0,1659524000.0,127214000.0,1532310000.0,0.0697390802366025
SMCI,Supermicro,Information Technology,"Technology Hardware, Storage & Peripherals",2024,14989251000.0,-2485972000.0,124279000.0,-2610251000.0,-0.17414152314882178
SMCI,Supermicro,Information Technology,"Technology Hardware, Storage & Peripherals",2023,7123482000.0,663580000.0,36793000.0,626787000.0,0.08798885151952374
SNPS,Synopsys,Information Technology,Application Software,2024,6127436000.0,1407029000.0,123161000.0,1283868000.0,0.20952776985349172
SNPS,Synopsys,Information Technology,Application Software,2023,5318014000.0,1703274000.0,189618000.0,1513656000.0,0.2846280585195902
SNPS,Synopsys,Information Technology,Application Software,2022,4615714000.0,1738900000.0,136589000.0,1602311000.0,0.34714260892247656
SYY,Sysco,Consumer Staples,Food Distributors,2025,81370000000.0,2510000000.0,692000000.0,1818000000.0,0.02234238662897874
SYY,Sysco,Consumer Staples,Food Distributors,2024,78844000000.0,2989000000.0,753000000.0,2236000000.0,0.028359799096950942
SYY,Sysco,Consumer Staples,Food Distributors,2023,76325000000.0,2868000000.0,751000000.0,2117000000.0,0.0277366524729774
TMUS,T-Mobile US,Communication Services,Wireless Telecommunication Services,2024,81400000000.0,22293000000.0,12212000000.0,10081000000.0,0.12384520884520885
TMUS,T-Mobile US,Communication Services,Wireless Telecommunication Services,2023,78558000000.0,18559000000.0,10658000000.0,7901000000.0,0.10057537106341811
TMUS,T-Mobile US,Communication Services,Wireless Telecommunication Services,2022,79571000000.0,16781000000.0,17301000000.0,-520000000.0,-0.00653504417438514
TROW,T. Rowe Price,Financials,Asset Management & Custody Banks,2024,7093600000.0,1685600000.0,423400000.0,1262200000.0,0.17793504003608887
TROW,T. Rowe Price,Financials,Asset Management & Custody Banks,2023,6460500000.0,1219100000.0,307900000.0,911200000.0,0.1410417150375358
TROW,T. Rowe Price,Financials,Asset Management & Custody Banks,2022,6488400000.0,2359400000.0,237600000.0,2121800000.0,0.32701436409592505
TTWO,Take-Two Interactive,Communication Services,Interactive Home Entertainment,2024,5633600000.0,-45200000.0,169400000.0,-214600000.0,-0.03809287134336836
TTWO,Take-Two Interactive,Communication Services,Interactive Home Entertainment,2023,5349600000.0,-16100000.0,141700000.0,-157800000.0,-0.02949753252579632
TTWO,Take-Two Interactive,Communication Services,Interactive Home Entertainment,2022,5349900000.0,1100000.0,204200000.0,-203100000.0,-0.037963326417316215
TPR,"Tapestry, Inc.",Consumer Discretionary,"Apparel, Accessories & Luxury Goods",2025,7010700000.0,1216600000.0,122700000.0,1093900000.0,0.15603292110630892
TPR,"Tapestry, Inc.",Consumer Discretionary,"Apparel, Accessories & Luxury Goods",2024,6671200000.0,1255600000.0,108900000.0,1146700000.0,0.17188811608106488
TPR,"Tapestry, Inc.",Consumer Discretionary,"Apparel, Accessories & Luxury Goods",2023,6660900000.0,975200000.0,184200000.0,791000000.0,0.11875272110375475
TRGP,Targa Resources,Energy,Oil & Gas Storage & Transportation,2024,16381500000.0,3649700000.0,2965800000.0,683900000.0,0.04174831364649147
TRGP,Targa Resources,Energy,Oil & Gas Storage & Transportation,2023,16060300000.0,3211600000.0,2385400000.0,826200000.0,0.05144362185015224
TRGP,Targa Resources,Energy,Oil & Gas Storage & Transportation,2022,20929800000.0,2380800000.0,1311300000.0,1069500000.0,0.05109938938738067
TGT,Target Corporation,Consumer Staples,Consumer Staples Merchandise Retail,2024,106566000000.0,7367000000.0,2891000000.0,4476000000.0,0.04200213951917122
TGT,Target Corporation,Consumer Staples,Consumer Staples Merchandise Retail,2023,107412000000.0,8621000000.0,4806000000.0,3815000000.0,0.035517446840204074
TGT,Target Corporation,Consumer Staples,Consumer Staples Merchandise Retail,2022,109120000000.0,4018000000.0,5520000000.0,-1502000000.0,-0.013764662756598241
TEL,TE Connectivity,Information Technology,Electronic Manufacturing Services,2024,15845000000.0,3477000000.0,664000000.0,2813000000.0,0.17753234458819817
TEL,TE Connectivity,Information Technology,Electronic Manufacturing Services,2023,16034000000.0,3132000000.0,728000000.0,2404000000.0,0.1499313957839591
TEL,TE Connectivity,Information Technology,Electronic Manufacturing Services,2022,16281000000.0,2468000000.0,662000000.0,1806000000.0,0.1109268472452552
TDY,Teledyne Technologies,Information Technology,Electronic Equipment & Instruments,2024,5670000000.0,1191900000.0,83700000.0,1108200000.0,0.19544973544973546
TDY,Teledyne Technologies,Information Technology,Electronic Equipment & Instruments,2023,5635500000.0,836100000.0,114900000.0,721200000.0,0.12797444769763108
TDY,Teledyne Technologies,Information Technology,Electronic Equipment & Instruments,2022,5458600000.0,486800000.0,92600000.0,394200000.0,0.07221631920272598
TER,Teradyne,Information Technology,Semiconductor Materials & Equipment,2024,2819880000.0,677990000.0,198095000.0,479895000.0,0.17018277373505256
TER,Teradyne,Information Technology,Semiconductor Materials & Equipment,2023,2676298000.0,590723000.0,159642000.0,431081000.0,0.161073617362491
TER,Teradyne,Information Technology,Semiconductor Materials & Equipment,2022,3155045000.0,577923000.0,159839000.0,418084000.0,0.13251284846967318
TSLA,"Tesla, Inc.",Consumer Discretionary,Automobile Manufacturers,2024,97690000000.0,14923000000.0,11342000000.0,3581000000.0,0.03665677141979732
TSLA,"Tesla, Inc.",Consumer Discretionary,Automobile Manufacturers,2023,96773000000.0,13256000000.0,8899000000.0,4357000000.0,0.04502288861562626
TSLA,"Tesla, Inc.",Consumer Discretionary,Automobile Manufacturers,2022,81462000000.0,14724000000.0,7172000000.0,7552000000.0,0.09270580147798974
TXN,Texas Instruments,Information Technology,Semiconductors,2024,15641000000.0,6318000000.0,4625000000.0,1693000000.0,0.1082411610510837
TXN,Texas Instruments,Information Technology,Semiconductors,2023,17519000000.0,6420000000.0,5068000000.0,1352000000.0,0.07717335464352988
TXN,Texas Instruments,Information Technology,Semiconductors,2022,20028000000.0,9124000000.0,2794000000.0,6330000000.0,0.3160575194727382
TPL,Texas Pacific Land Corporation,Energy,Oil & Gas Exploration & Production,2024,705823000.0,490672000.0,31172000.0,459500000.0,0.6510130726825281
TPL,Texas Pacific Land Corporation,Energy,Oil & Gas Exploration & Production,2023,631595000.0,418288000.0,56746000.0,361542000.0,0.5724269508150002
TPL,Texas Pacific Land Corporation,Energy,Oil & Gas Exploration & Production,2022,667422000.0,447149000.0,19739000.0,427410000.0,0.6403894387658783
TXT,Textron,Industrials,Aerospace & Defense,2022,12869000000.0,1488000000.0,332000000.0,1156000000.0,0.08982826948480846
TXT,Textron,Industrials,Aerospace & Defense,2021,12382000000.0,1598000000.0,372000000.0,1226000000.0,0.09901469875625908
TXT,Textron,Industrials,Aerospace & Defense,2020,11651000000.0,768000000.0,284000000.0,484000000.0,0.04154149858381255
TMO,Thermo Fisher Scientific,Health Care,Life Sciences Tools & Services,2024,42879000000.0,8667000000.0,1343000000.0,7324000000.0,0.17080622216003172
TMO,Thermo Fisher Scientific,Health Care,Life Sciences Tools & Services,2023,42857000000.0,8406000000.0,1392000000.0,7014000000.0,0.16366054553515177
TMO,Thermo Fisher Scientific,Health Care,Life Sciences Tools & Services,2022,44915000000.0,9201000000.0,2219000000.0,6982000000.0,0.15544918178782144
TJX,TJX Companies,Consumer Discretionary,Apparel Retail,2024,56360000000.0,6116000000.0,1918000000.0,4198000000.0,0.07448545067423705
TJX,TJX Companies,Consumer Discretionary,Apparel Retail,2023,54217000000.0,6057000000.0,1722000000.0,4335000000.0,0.0799564712175148
TJX,TJX Companies,Consumer Discretionary,Apparel Retail,2022,49936000000.0,4084000000.0,1457000000.0,2627000000.0,0.05260733739186158
TTD,Trade Desk (The),Communication Services,Advertising,2024,2444831000.0,739456000.0,98238000.0,641218000.0,0.2622749793339499
TTD,Trade Desk (The),Communication Services,Advertising,2023,1946120000.0,598322000.0,46790000.0,551532000.0,0.28340081803794215
TTD,Trade Desk (The),Communication Services,Advertising,2022,1577795000.0,548734000.0,84160000.0,464574000.0,0.29444509584578477
TSCO,Tractor Supply,Consumer Discretionary,Other Specialty Retail,2024,14883231000.0,1420835000.0,643918000.0,776917000.0,0.05220082924198381
TSCO,Tractor Supply,Consumer Discretionary,Other Specialty Retail,2023,14555741000.0,1334033000.0,667379000.0,666654000.0,0.04580007297464279
TSCO,Tractor Supply,Consumer Discretionary,Other Specialty Retail,2022,14204717000.0,1356979000.0,702961000.0,654018000.0,0.046042311156216625
TT,Trane Technologies,Industrials,Building Products,2024,19838200000.0,3145600000.0,365900000.0,2779700000.0,0.14011855914347068
TT,Trane Technologies,Industrials,Building Products,2023,17677600000.0,2389600000.0,291500000.0,2098100000.0,0.11868692582703534
TT,Trane Technologies,Industrials,Building Products,2022,15991700000.0,1504000000.0,282100000.0,1221900000.0,0.07640838685067879
TDG,TransDigm Group,Industrials,Aerospace & Defense,2024,7940000000.0,2045000000.0,165000000.0,1880000000.0,0.2367758186397985
TDG,TransDigm Group,Industrials,Aerospace & Defense,2023,6585000000.0,1375000000.0,139000000.0,1236000000.0,0.1876993166287016
TDG,TransDigm Group,Industrials,Aerospace & Defense,2022,5429000000.0,948000000.0,119000000.0,829000000.0,0.1526984711733284
TRMB,Trimble Inc.,Information Technology,Application Software,2024,3683300000.0,531400000.0,33600000.0,497800000.0,0.13515054434881763
TRMB,Trimble Inc.,Information Technology,Application Software,2023,3798700000.0,597100000.0,42000000.0,555100000.0,0.14612893884750047
TRMB,Trimble Inc.,Information Technology,Application Software,2022,3676300000.0,391200000.0,43200000.0,348000000.0,0.09466039224220003
TFC,Truist Financial,Financials,Diversified Banks,2020,22705000000.0,7437000000.0,815000000.0,6622000000.0,0.29165382074432944
TYL,Tyler Technologies,Information Technology,Application Software,2024,2137803000.0,624633000.0,20535000.0,604098000.0,0.2825788905713015
TYL,Tyler Technologies,Information Technology,Application Software,2023,1951751000.0,380440000.0,20519000.0,359921000.0,0.18440928171677637
TYL,Tyler Technologies,Information Technology,Application Software,2022,1850204000.0,381455000.0,22529000.0,358926000.0,0.19399266243073737
TSN,Tyson Foods,Consumer Staples,Packaged Foods & Meats,2024,53309000000.0,2590000000.0,1132000000.0,1458000000.0,0.027349978427657618
TSN,Tyson Foods,Consumer Staples,Packaged Foods & Meats,2023,52881000000.0,1752000000.0,1939000000.0,-187000000.0,-0.0035362417503451145
TSN,Tyson Foods,Consumer Staples,Packaged Foods & Meats,2022,53282000000.0,2687000000.0,1887000000.0,800000000.0,0.015014451409481626
UBER,Uber,Industrials,Passenger Ground Transportation,2024,43978000000.0,7137000000.0,242000000.0,6895000000.0,0.15678293692300696
UBER,Uber,Industrials,Passenger Ground Transportation,2023,37281000000.0,3585000000.0,223000000.0,3362000000.0,0.0901799844424774
UBER,Uber,Industrials,Passenger Ground Transportation,2022,31877000000.0,642000000.0,252000000.0,390000000.0,0.012234526461084794
UDR,"UDR, Inc.",Real Estate,Multi-Family Residential REITs,2024,1671842000.0,876848000.0,338219000.0,538629000.0,0.32217697605395723
UDR,"UDR, Inc.",Real Estate,Multi-Family Residential REITs,2023,1627501000.0,832664000.0,487070000.0,345594000.0,0.21234641330481518
UDR,"UDR, Inc.",Real Estate,Multi-Family Residential REITs,2022,1517386000.0,820071000.0,775184000.0,44887000.0,0.029581793953549065
ULTA,Ulta Beauty,Consumer Discretionary,Other Specialty Retail,2024,11295654000.0,1338605000.0,374458000.0,964147000.0,0.0853555712666128
ULTA,Ulta Beauty,Consumer Discretionary,Other Specialty Retail,2023,11207303000.0,1476266000.0,435267000.0,1040999000.0,0.09288577278583438
ULTA,Ulta Beauty,Consumer Discretionary,Other Specialty Retail,2022,10208580000.0,1481915000.0,312126000.0,1169789000.0,0.11458880667046739
UNP,Union Pacific Corporation,Industrials,Rail Transportation,2024,24250000000.0,9346000000.0,3452000000.0,5894000000.0,0.24305154639175258
UNP,Union Pacific Corporation,Industrials,Rail Transportation,2023,24119000000.0,8379000000.0,3606000000.0,4773000000.0,0.1978937766905759
UNP,Union Pacific Corporation,Industrials,Rail Transportation,2022,24875000000.0,9362000000.0,3620000000.0,5742000000.0,0.23083417085427135
UAL,United Airlines Holdings,Industrials,Passenger Airlines,2024,57063000000.0,9445000000.0,5506000000.0,3939000000.0,0.0690289679827559
UAL,United Airlines Holdings,Industrials,Passenger Airlines,2023,53717000000.0,6911000000.0,7132000000.0,-221000000.0,-0.004114153806057673
UAL,United Airlines Holdings,Industrials,Passenger Airlines,2022,44955000000.0,6066000000.0,4612000000.0,1454000000.0,0.03234345456567679
UPS,United Parcel Service,Industrials,Air Freight & Logistics,2024,91070000000.0,10122000000.0,2794000000.0,7328000000.0,0.08046557593060283
UPS,United Parcel Service,Industrials,Air Freight & Logistics,2023,90958000000.0,10238000000.0,4965000000.0,5273000000.0,0.05797181116559291
UPS,United Parcel Service,Industrials,Air Freight & Logistics,2022,100338000000.0,14104000000.0,4757000000.0,9347000000.0,0.09315513564153162
URI,United Rentals,Industrials,Trading Companies & Distributors,2024,15345000000.0,4597000000.0,1214000000.0,5811000000.0,0.3786901270772238
URI,United Rentals,Industrials,Trading Companies & Distributors,2023,14332000000.0,4742000000.0,1278000000.0,6020000000.0,0.42003907340217694
URI,United Rentals,Industrials,Trading Companies & Distributors,2022,11642000000.0,4465000000.0,735000000.0,5200000000.0,0.44665864971654357
UNH,UnitedHealth Group,Health Care,Managed Health Care,2024,400278000000.0,24204000000.0,3499000000.0,20705000000.0,0.051726550047716834
UNH,UnitedHealth Group,Health Care,Managed Health Care,2023,371622000000.0,29068000000.0,3386000000.0,25682000000.0,0.06910785690836388
UNH,UnitedHealth Group,Health Care,Managed Health Care,2022,324162000000.0,26206000000.0,2802000000.0,23404000000.0,0.07219846866690112
VLO,Valero Energy,Energy,Oil & Gas Refining & Marketing,2022,176383000000.0,12574000000.0,756000000.0,11818000000.0,0.0670019219539298
VLO,Valero Energy,Energy,Oil & Gas Refining & Marketing,2021,113977000000.0,5859000000.0,243000000.0,5616000000.0,0.049273098958561815
VLO,Valero Energy,Energy,Oil & Gas Refining & Marketing,2020,64912000000.0,948000000.0,1014000000.0,-66000000.0,-0.001016761153561745
VEEV,Veeva Systems,Health Care,Health Care Technology,2021,1850777000.0,764463000.0,14214000.0,750249000.0,0.405369744707223
VEEV,Veeva Systems,Health Care,Health Care Technology,2020,1465069000.0,551246000.0,8683000.0,542563000.0,0.37033272835613884
VTR,Ventas,Real Estate,Health Care REITs,2022,4129193000.0,1127447000.0,787771000.0,339676000.0,0.08226207881297871
VTR,Ventas,Real Estate,Health Care REITs,2021,3828007000.0,1026116000.0,961583000.0,64533000.0,0.016858119642936913
VTR,Ventas,Real Estate,Health Care REITs,2020,3795357000.0,1450176000.0,437062000.0,1887238000.0,0.49724913888206035
VRSN,Verisign,Information Technology,Internet Services & Infrastructure,2024,1557400000.0,902600000.0,28100000.0,874500000.0,0.5615127777064338
VRSN,Verisign,Information Technology,Internet Services & Infrastructure,2023,1493100000.0,853800000.0,45800000.0,808000000.0,0.5411559841939588
VRSN,Verisign,Information Technology,Internet Services & Infrastructure,2022,1424900000.0,831100000.0,27400000.0,803700000.0,0.5640395817250333
VRSK,Verisk Analytics,Industrials,Research & Consulting Services,2024,2881700000.0,1144000000.0,223900000.0,920100000.0,0.31929069646389285
VRSK,Verisk Analytics,Industrials,Research & Consulting Services,2023,2681400000.0,1060700000.0,230000000.0,830700000.0,0.309800850302081
VRSK,Verisk Analytics,Industrials,Research & Consulting Services,2022,2497000000.0,1059000000.0,274700000.0,784300000.0,0.3140969162995595
VRTX,Vertex Pharmaceuticals,Health Care,Biotechnology,2024,11020100000.0,-680300000.0,297700000.0,-978000000.0,-0.08874692607145125
VRTX,Vertex Pharmaceuticals,Health Care,Biotechnology,2023,9869200000.0,3479300000.0,200400000.0,3278900000.0,0.3322356421999757
VRTX,Vertex Pharmaceuticals,Health Care,Biotechnology,2022,8930700000.0,4129900000.0,204700000.0,3925200000.0,0.4395176189996305
VRT,Vertiv,Industrials,Electrical Components & Equipment,2024,8011800000.0,1319300000.0,167000000.0,1152300000.0,0.1438253575975436
VRT,Vertiv,Industrials,Electrical Components & Equipment,2023,6863200000.0,900500000.0,115500000.0,785000000.0,0.11437813264949295
VRT,Vertiv,Industrials,Electrical Components & Equipment,2022,5691500000.0,-152800000.0,96100000.0,-248900000.0,-0.04373188087498902
VTRS,Viatris,Health Care,Pharmaceuticals,2024,14739300000.0,2302900000.0,2183800000.0,4486700000.0,0.3044038726398133
VTRS,Viatris,Health Care,Pharmaceuticals,2023,15426900000.0,2900000000.0,1100000.0,2901100000.0,0.18805463184437574
VTRS,Viatris,Health Care,Pharmaceuticals,2022,16262700000.0,2999000000.0,1557800000.0,4556800000.0,0.28019947487194624
VICI,Vici Properties,Real Estate,Hotel & Resort REITs,2024,3808754000.0,2381498000.0,6563000.0,2374935000.0,0.6235464406469937
VICI,Vici Properties,Real Estate,Hotel & Resort REITs,2023,3573020000.0,2181009000.0,2200000.0,2183209000.0,0.6110262467044685
VICI,Vici Properties,Real Estate,Hotel & Resort REITs,2022,2565103000.0,1943396000.0,1876000.0,1941520000.0,0.7568974813097173
V,Visa Inc.,Financials,Transaction & Payment Processing Services,2024,35926000000.0,19950000000.0,1257000000.0,18693000000.0,0.5203195457328954
V,Visa Inc.,Financials,Transaction & Payment Processing Services,2023,32653000000.0,20755000000.0,1059000000.0,19696000000.0,0.6031911309833706
V,Visa Inc.,Financials,Transaction & Payment Processing Services,2022,29310000000.0,18849000000.0,970000000.0,17879000000.0,0.6099965881951552
VST,Vistra Corp.,Utilities,Electric Utilities,2024,17224000000.0,4563000000.0,959000000.0,3604000000.0,0.20924291686019508
VST,Vistra Corp.,Utilities,Electric Utilities,2023,14779000000.0,5453000000.0,1061000000.0,4392000000.0,0.2971784288517491
VST,Vistra Corp.,Utilities,Electric Utilities,2022,13728000000.0,502000000.0,1251000000.0,-749000000.0,-0.05456002331002331
VMC,Vulcan Materials Company,Materials,Construction Materials,2024,7417700000.0,1409600000.0,548800000.0,860800000.0,0.11604675303665557
VMC,Vulcan Materials Company,Materials,Construction Materials,2023,7781900000.0,1536800000.0,778000000.0,758800000.0,0.09750832059008725
VMC,Vulcan Materials Company,Materials,Construction Materials,2022,7315200000.0,1148200000.0,573900000.0,574300000.0,0.0785077646544182
WRB,W. R. Berkley Corporation,Financials,Property & Casualty Insurance,2024,13638752000.0,3678368000.0,172255000.0,3506113000.0,0.25706992839227516
WRB,W. R. Berkley Corporation,Financials,Property & Casualty Insurance,2023,12142938000.0,2929238000.0,55154000.0,2874084000.0,0.23668769452664587
WRB,W. R. Berkley Corporation,Financials,Property & Casualty Insurance,2022,11166499000.0,2568604000.0,98604000.0,2470000000.0,0.22119735111246597
GWW,W. W. Grainger,Industrials,Industrial Machinery & Supplies & Components,2024,17168000000.0,2111000000.0,541000000.0,1570000000.0,0.09144920782851818
GWW,W. W. Grainger,Industrials,Industrial Machinery & Supplies & Components,2023,16478000000.0,2031000000.0,445000000.0,1586000000.0,0.09624954484767569
GWW,W. W. Grainger,Industrials,Industrial Machinery & Supplies & Components,2022,15228000000.0,1333000000.0,256000000.0,1077000000.0,0.07072498029944839
WAB,Wabtec,Industrials,Construction Machinery & Heavy Transportation Equipment,2024,10387000000.0,1834000000.0,194000000.0,1640000000.0,0.15788966977953212
WAB,Wabtec,Industrials,Construction Machinery & Heavy Transportation Equipment,2023,9677000000.0,1201000000.0,184000000.0,1017000000.0,0.10509455409734422
WAB,Wabtec,Industrials,Construction Machinery & Heavy Transportation Equipment,2022,8362000000.0,1038000000.0,146000000.0,892000000.0,0.10667304472614207
WMT,Walmart,Consumer Staples,Consumer Staples Merchandise Retail,2024,680985000000.0,36443000000.0,23351000000.0,13092000000.0,0.019225093063723872
WMT,Walmart,Consumer Staples,Consumer Staples Merchandise Retail,2023,648125000000.0,35726000000.0,20356000000.0,15370000000.0,0.023714561234329797
WMT,Walmart,Consumer Staples,Consumer Staples Merchandise Retail,2022,611289000000.0,28841000000.0,16687000000.0,12154000000.0,0.01988257599924095
DIS,Walt Disney Company (The),Communication Services,Movies & Entertainment,2024,91361000000.0,12925000000.0,5412000000.0,7513000000.0,0.08223421372358009
DIS,Walt Disney Company (The),Communication Services,Movies & Entertainment,2023,88898000000.0,11774000000.0,4969000000.0,6805000000.0,0.07654840378861166
DIS,Walt Disney Company (The),Communication Services,Movies & Entertainment,2022,82722000000.0,12273000000.0,4943000000.0,7330000000.0,0.08861004327748362
WBD,Warner Bros. Discovery,Communication Services,Broadcasting,2024,39321000000.0,5375000000.0,948000000.0,4427000000.0,0.11258614989445843
WBD,Warner Bros. Discovery,Communication Services,Broadcasting,2023,41321000000.0,7477000000.0,1316000000.0,6161000000.0,0.14910094140993685
WBD,Warner Bros. Discovery,Communication Services,Broadcasting,2022,33817000000.0,4304000000.0,987000000.0,3317000000.0,0.09808676109648994
WM,Waste Management,Industrials,Environmental & Facilities Services,2024,22063000000.0,5390000000.0,3231000000.0,2159000000.0,0.09785613923763767
WM,Waste Management,Industrials,Environmental & Facilities Services,2023,20426000000.0,4719000000.0,2895000000.0,1824000000.0,0.0892979535885636
WM,Waste Management,Industrials,Environmental & Facilities Services,2022,19698000000.0,4536000000.0,2587000000.0,1949000000.0,0.0989440552340339
WAT,Waters Corporation,Health Care,Life Sciences Tools & Services,2024,2958387000.0,762123000.0,142481000.0,619642000.0,0.20945265105613295
WAT,Waters Corporation,Health Care,Life Sciences Tools & Services,2023,2956416000.0,602809000.0,160632000.0,442177000.0,0.14956521680304802
WAT,Waters Corporation,Health Care,Life Sciences Tools & Services,2022,2971956000.0,611661000.0,183456000.0,428205000.0,0.1440818773898402
WEC,WEC Energy Group,Utilities,Electric Utilities,2024,8599900000.0,3211800000.0,2781100000.0,430700000.0,0.050081977697415084
WEC,WEC Energy Group,Utilities,Electric Utilities,2023,8893000000.0,3018400000.0,2492900000.0,525500000.0,0.05909142021814911
WEC,WEC Energy Group,Utilities,Electric Utilities,2022,9597400000.0,2060700000.0,2245900000.0,-185200000.0,-0.019296892908496052
WELL,Welltower,Real Estate,Health Care REITs,2024,7991118000.0,2296460000.0,521021000.0,1775439000.0,0.22217654651076357
WELL,Welltower,Real Estate,Health Care REITs,2023,6637995000.0,1590238000.0,420941000.0,1169297000.0,0.17615213630019305
WELL,Welltower,Real Estate,Health Care REITs,2022,5860615000.0,1316246000.0,276520000.0,1039726000.0,0.17740902618581839
WST,West Pharmaceutical Services,Health Care,Health Care Supplies,2024,2893200000.0,653400000.0,377000000.0,276400000.0,0.09553435642195493
WST,West Pharmaceutical Services,Health Care,Health Care Supplies,2023,2949800000.0,776500000.0,362000000.0,414500000.0,0.1405180012204217
WST,West Pharmaceutical Services,Health Care,Health Care Supplies,2022,2886900000.0,724000000.0,284600000.0,439400000.0,0.15220478714191693
WDC,Western Digital,Information Technology,"Technology Hardware, Storage & Peripherals",2025,9520000000.0,1691000000.0,407000000.0,1284000000.0,0.13487394957983193
WDC,Western Digital,Information Technology,"Technology Hardware, Storage & Peripherals",2024,6317000000.0,-294000000.0,292000000.0,-586000000.0,-0.09276555326895679
WDC,Western Digital,Information Technology,"Technology Hardware, Storage & Peripherals",2023,6255000000.0,-408000000.0,807000000.0,-1215000000.0,-0.19424460431654678
WY,Weyerhaeuser,Real Estate,Timber REITs,2024,7124000000.0,1053000000.0,416000000.0,637000000.0,0.08941605839416059
WY,Weyerhaeuser,Real Estate,Timber REITs,2023,7674000000.0,1480000000.0,447000000.0,1033000000.0,0.13461037268699505
WY,Weyerhaeuser,Real Estate,Timber REITs,2022,10184000000.0,2877000000.0,468000000.0,2409000000.0,0.23654752553024352
WSM,"Williams-Sonoma, Inc.",Consumer Discretionary,Homefurnishing Retail,2024,7711541000.0,1360222000.0,221567000.0,1138655000.0,0.14765596137010747
WSM,"Williams-Sonoma, Inc.",Consumer Discretionary,Homefurnishing Retail,2023,7750652000.0,1680273000.0,188458000.0,1491815000.0,0.19247606523941468
WSM,"Williams-Sonoma, Inc.",Consumer Discretionary,Homefurnishing Retail,2022,8674417000.0,1052822000.0,354117000.0,698705000.0,0.08054777629436076
WMB,Williams Companies,Energy,Oil & Gas Storage & Transportation,2024,10503000000.0,4974000000.0,2678000000.0,2296000000.0,0.21860420832143196
WMB,Williams Companies,Energy,Oil & Gas Storage & Transportation,2023,10907000000.0,5938000000.0,2567000000.0,3371000000.0,0.3090675712844962
WMB,Williams Companies,Energy,Oil & Gas Storage & Transportation,2022,10965000000.0,4889000000.0,2283000000.0,2606000000.0,0.23766529867761058
WTW,Willis Towers Watson,Financials,Insurance Brokers,2024,9930000000.0,1512000000.0,245000000.0,1267000000.0,0.12759315206445115
WTW,Willis Towers Watson,Financials,Insurance Brokers,2023,9483000000.0,1345000000.0,242000000.0,1103000000.0,0.11631340293156174
WTW,Willis Towers Watson,Financials,Insurance Brokers,2022,8866000000.0,812000000.0,138000000.0,674000000.0,0.07602075344010828
WDAY,"Workday, Inc.",Information Technology,Application Software,2024,8446000000.0,2461000000.0,272000000.0,2189000000.0,0.25917594127397586
WDAY,"Workday, Inc.",Information Technology,Application Software,2023,7259000000.0,2149000000.0,242000000.0,1907000000.0,0.2627083620333379
WDAY,"Workday, Inc.",Information Technology,Application Software,2022,6216000000.0,1657000000.0,365000000.0,1292000000.0,0.20785070785070786
WYNN,Wynn Resorts,Consumer Discretionary,Casinos & Gaming,2024,7127961000.0,1426203000.0,370140000.0,1056063000.0,0.1481577971596646
WYNN,Wynn Resorts,Consumer Discretionary,Casinos & Gaming,2023,6531897000.0,1247879000.0,452383000.0,795496000.0,0.12178636619652759
WYNN,Wynn Resorts,Consumer Discretionary,Casinos & Gaming,2022,3756825000.0,-71272000.0,310852000.0,-382124000.0,-0.1017146127381499
XYL,Xylem Inc.,Industrials,Industrial Machinery & Supplies & Components,2024,8562000000.0,1263000000.0,317000000.0,946000000.0,0.11048820369072647
XYL,Xylem Inc.,Industrials,Industrial Machinery & Supplies & Components,2023,7364000000.0,837000000.0,270000000.0,567000000.0,0.07699619771863118
XYL,Xylem Inc.,Industrials,Industrial Machinery & Supplies & Components,2022,5522000000.0,596000000.0,208000000.0,388000000.0,0.07026439695762404
YUM,Yum! Brands,Consumer Discretionary,Restaurants,2024,7549000000.0,1689000000.0,257000000.0,1432000000.0,0.18969399920519275
YUM,Yum! Brands,Consumer Discretionary,Restaurants,2023,7076000000.0,1603000000.0,285000000.0,1318000000.0,0.18626342566421708
YUM,Yum! Brands,Consumer Discretionary,Restaurants,2022,6842000000.0,1367000000.0,279000000.0,1088000000.0,0.15901783104355452
ZBRA,Zebra Technologies,Information Technology,Electronic Equipment & Instruments,2024,4981000000.0,927000000.0,59000000.0,868000000.0,0.17426219634611523
ZBRA,Zebra Technologies,Information Technology,Electronic Equipment & Instruments,2023,4584000000.0,-30000000.0,87000000.0,-117000000.0,-0.025523560209424083
ZBRA,Zebra Technologies,Information Technology,Electronic Equipment & Instruments,2022,5781000000.0,494000000.0,75000000.0,419000000.0,0.07247880989448192
ZBH,Zimmer Biomet,Health Care,Health Care Equipment,2024,7678600000.0,1499400000.0,203800000.0,1295600000.0,0.16872867449795537
ZBH,Zimmer Biomet,Health Care,Health Care Equipment,2023,7394200000.0,1581600000.0,291100000.0,1290500000.0,0.17452868464472154
ZBH,Zimmer Biomet,Health Care,Health Care Equipment,2022,6939900000.0,1356200000.0,187900000.0,1168300000.0,0.16834536520699145
ZTS,Zoetis,Health Care,Pharmaceuticals,2024,9256000000.0,2953000000.0,655000000.0,2298000000.0,0.2482713915298185
ZTS,Zoetis,Health Care,Pharmaceuticals,2023,8544000000.0,2353000000.0,732000000.0,1621000000.0,0.1897237827715356
ZTS,Zoetis,Health Care,Pharmaceuticals,2022,8080000000.0,1912000000.0,585000000.0,1327000000.0,0.16423267326732674
