ticker,security,upright_company_name,industry,revenue_musd,employee_count,net_impact_ratio_percent,rank_top_percent,environment_cost_cents_per_dollar,environment_benefit_cents_per_dollar,ghg_emissions_cost_cents_per_dollar,ghg_emissions_benefit_cents_per_dollar,non_ghg_emissions_cost_cents_per_dollar,society_cost_cents_per_dollar,society_benefit_cents_per_dollar,health_cost_cents_per_dollar,health_benefit_cents_per_dollar,knowledge_cost_cents_per_dollar,knowledge_benefit_cents_per_dollar,largest_cost,largest_benefit,upright_url
WMT,WALMART,WALMART,Retail,648125.0,2100000.0,-20.0,77.0,-15.2,0.9,-7.1,0.6,-2.2,-0.4,12.5,-5.3,6.5,-3.6,0.3,GHG emissions 110M tons of GHG emissions,Taxes 597M days of primary education,https://uprightplatform.com/company/d093d98d-7c71-4597-8233-ac1ab7a1e8fc/Walmart/
AMZN,AMAZON,AMAZON,Retail,742776.0,1575000.0,-5.0,69.0,-8.8,0.6,-4.0,0.4,-1.0,-0.4,11.1,-2.4,2.3,-5.0,2.0,Scarce human capital 508k scarce worker years,Taxes 646M days of primary education,https://uprightplatform.com/company/5f9171f9-3030-4773-94eb-853601d02f99/Amazon/
UNH,UNITEDHEALTH,UNITEDHEALTH,Insurance,400278.0,400000.0,57.0,15.0,-1.8,0.0,-0.6,,-0.2,-1.0,9.2,-0.9,9.7,-5.2,1.9,Scarce human capital 343k scarce worker years,Physical diseases 2.13M life years,https://uprightplatform.com/company/624a39cb-b949-46aa-a5a7-9b16cbd95feb/UnitedHealth/
AAPL,APPLE,APPLE,Consumer Product Manufacturing,416161.0,166000.0,20.0,50.0,-7.5,0.5,-2.7,0.3,-0.7,-0.6,9.4,-4.3,3.2,-4.3,7.8,Scarce human capital 273k scarce worker years,Taxes 345M days of primary education,https://uprightplatform.com/company/d1df56f3-4ce3-4167-a713-c6aeba7e26f1/Apple/
CVS,CVS HEALTH,CVS HEALTH,Hospitals and Healthcare,372809.0,300000.0,56.0,16.0,-4.6,0.2,-1.9,0.1,-0.7,-1.1,11.7,-2.4,17.2,-5.3,0.9,Scarce human capital 322k scarce worker years,Physical diseases 4.28M life years,https://uprightplatform.com/company/a31e688e-36ab-4f7c-9c89-c80b03c605d3/CVS%20Health/
GOOGL,ALPHABET,ALPHABET,Computer Software,350018.0,187103.0,52.0,20.0,-4.0,0.1,-1.5,0.1,-0.2,-0.3,9.0,-3.3,1.4,-6.2,18.1,Scarce human capital 326k scarce worker years,Distributing knowledge 95.1k days of BBC news,https://uprightplatform.com/company/c4c9afcf-6eff-4af6-a659-350c0fc469a2/Alphabet/
GOOG,ALPHABET,ALPHABET,Computer Software,350018.0,187103.0,52.0,20.0,-4.0,0.1,-1.5,0.1,-0.2,-0.3,9.0,-3.3,1.4,-6.2,18.1,Scarce human capital 326k scarce worker years,Distributing knowledge 95.1k days of BBC news,https://uprightplatform.com/company/c4c9afcf-6eff-4af6-a659-350c0fc469a2/Alphabet/
COR,"CENCORA, INC","CENCORA, INC",Pharmaceuticals and Biotechnology,325777.78,51000.0,37.0,35.0,-7.5,0.3,-3.4,0.1,-1.1,-0.5,10.4,-2.2,11.3,-4.4,1.0,Scarce human capital 234k scarce worker years,Physical diseases 2.53M life years,https://uprightplatform.com/company/69f5685c-206e-4bc2-8313-ad3df05bba84/Cencora%2C%20Inc/
JPM,JPMORGAN CHASE,JPMORGAN CHASE,Banks,,,-5.0,,,,,,,,,,,,,Scarce human capital 268k scarce worker years,Societal infrastructure 253M long-haul train rides,https://uprightplatform.com/company/ff302c8b-a4be-41ac-8380-1f08da896f27/JPMorgan%20Chase/
CI,CIGNA,CIGNA,Insurance,247121.0,73500.0,60.0,12.0,-5.1,0.7,-2.2,0.7,-1.2,-1.4,13.2,-2.1,17.2,-4.9,2.8,Scarce human capital 199k scarce worker years,Physical diseases 2.71M life years,https://uprightplatform.com/company/43769174-532f-4aad-84a6-2745984ced39/Cigna/
MSFT,MICROSOFT,MICROSOFT,Computer Software,245122.0,221000.0,35.0,37.0,-3.7,0.3,-1.7,0.2,-0.3,-0.3,10.9,-1.9,2.3,-6.0,4.7,Scarce human capital 239k scarce worker years,Taxes 274M days of primary education,https://uprightplatform.com/company/7f880866-d248-44aa-beac-dd2256fe8b8c/Microsoft/
CAH,CARDINAL HEALTH,CARDINAL HEALTH,Hospitals and Healthcare,226827.0,57700.0,52.0,19.0,-7.7,0.2,-3.3,0.1,-1.0,-0.5,8.5,-2.4,19.2,-2.9,0.0,GHG emissions 18.1M tons of GHG emissions,Physical diseases 3.33M life years,https://uprightplatform.com/company/9c57667c-eb1a-4a97-9b84-aa3e644dcd41/Cardinal%20Health/
CVX,CHEVRON,CHEVRON,Energy and Environmental,202792.0,45298.0,-105.0,96.0,-32.7,0.9,-18.4,0.6,-6.1,-1.9,19.2,-6.6,0.8,-2.4,0.4,GHG emissions 89.3M tons of GHG emissions,Societal infrastructure 753M long-haul train rides,https://uprightplatform.com/company/704b2a91-d3b8-4a43-849f-2ba799575be5/Chevron/
BAC,BANK OF AMERICA,BANK OF AMERICA,Banks,192434.0,213000.0,1.0,65.0,-2.1,0.1,-1.1,0.1,-0.3,-0.6,6.7,-0.3,0.5,-6.2,2.0,Scarce human capital 197k scarce worker years,Taxes 100M days of primary education,https://uprightplatform.com/company/08fb13a2-68f4-489a-a868-ee9eeb38db11/Bank%20of%20America/
GM,GENERAL MOTORS,GENERAL MOTORS,Automotive,187442.0,162000.0,-51.0,87.0,-23.8,2.2,-13.1,1.5,-5.0,-0.4,17.7,-6.9,2.0,-2.3,0.2,GHG emissions 58.8M tons of GHG emissions,Societal infrastructure 539M long-haul train rides,https://uprightplatform.com/company/459d1070-384a-4a27-833a-373e21266373/General%20Motors/
F,FORD MOTOR,FORD MOTOR,Automotive,184992.0,171000.0,-41.0,85.0,-23.5,2.2,-12.7,1.5,-4.7,-0.4,18.7,-6.6,2.0,-2.5,0.4,GHG emissions 56.1M tons of GHG emissions,Societal infrastructure 573M long-haul train rides,https://uprightplatform.com/company/25f9dcfa-1830-406a-a2b6-17bde5e74da9/Ford%20Motor/
ELV,ELEVANCE HEALTH,ELEVANCE HEALTH,Insurance,177011.0,96129.0,51.0,20.0,-3.0,0.1,-1.2,0.1,-0.5,-1.1,10.5,-1.2,9.5,-4.9,0.9,Scarce human capital 142k scarce worker years,Physical diseases 993k life years,https://uprightplatform.com/company/cc9136fb-958d-4a6b-a1d1-f62afbdbc372/Elevance%20Health/
C,CITIGROUP,CITIGROUP,Financial Services,170757.0,239000.0,16.0,53.0,-1.8,0.2,-0.9,0.1,-0.2,-0.3,7.4,-0.2,0.6,-5.5,1.2,Scarce human capital 155k scarce worker years,Societal infrastructure 186M long-haul train rides,https://uprightplatform.com/company/db6cbfea-3c91-43b7-9638-3fcefd683956/Citigroup/
CNC,CENTENE,CENTENE,Hospitals and Healthcare,163071.0,61100.0,42.0,29.0,-1.9,0.1,-0.8,0.0,-0.3,-1.4,9.9,-0.7,5.0,-4.8,0.2,Scarce human capital 128k scarce worker years,Jobs 833k direct or indirect jobs,https://uprightplatform.com/company/ed622de1-68bc-4cbf-ae57-54f656cb1edc/Centene/
HD,HOME DEPOT,HOME DEPOT,Retail,159514.0,470000.0,-34.0,82.0,-14.9,1.2,-7.6,0.7,-2.2,-0.3,12.9,-2.3,1.5,-3.5,0.1,GHG emissions 29.2M tons of GHG emissions,Taxes 148M days of primary education,https://uprightplatform.com/company/4929d60a-46d9-4f36-affd-02d6e2b65a6d/Home%20Depot/
KR,KROGER,KROGER,Retail,147225.0,409000.0,-24.0,79.0,-14.9,0.9,-7.0,0.6,-2.2,-0.6,14.4,-6.9,5.3,-4.0,0.7,GHG emissions 24.8M tons of GHG emissions,Taxes 150M days of primary education,https://uprightplatform.com/company/78452f07-a1e1-470d-a1db-b4b60ea2d3c8/Kroger/
PSX,PHILLIPS 66,PHILLIPS 66,Energy and Environmental,145496.0,14000.0,-83.0,93.0,-27.2,1.7,-15.1,1.1,-4.9,-0.9,17.0,-4.6,0.8,-3.1,0.1,GHG emissions 52.6M tons of GHG emissions,Societal infrastructure 407M long-haul train rides,https://uprightplatform.com/company/abfe467a-546a-4c51-b9ef-02cb426ec2f9/Phillips%2066/
MPC,MARATHON PETROLEUM,MARATHON PETROLEUM,Energy and Environmental,140412.0,18300.0,-104.0,96.0,-31.4,1.5,-17.0,1.1,-6.0,-1.3,18.0,-6.4,0.7,-2.2,0.1,GHG emissions 57.4M tons of GHG emissions,Societal infrastructure 494M long-haul train rides,https://uprightplatform.com/company/12adabe6-714a-4572-9ea5-02b1e8870d6e/Marathon%20Petroleum/
VZ,VERIZON COMMUNICATIONS,VERIZON COMMUNICATIONS,Telecommunications,134788.0,99600.0,38.0,34.0,-5.6,0.4,-2.5,0.3,-0.5,-0.4,10.8,-4.5,4.6,-4.4,8.1,Scarce human capital 97.8k scarce worker years,Taxes 137M days of primary education,https://uprightplatform.com/company/3509b043-ed83-4121-bfae-8f2de5b94f8f/Verizon%20Communications/
NVDA,NVIDIA,NVIDIA,Computer Software,130497.0,36000.0,14.0,55.0,-7.0,0.4,-3.1,0.3,-0.9,-0.4,8.2,-1.6,1.2,-3.9,5.2,Scarce human capital 84.5k scarce worker years,Taxes 109M days of primary education,https://uprightplatform.com/company/51da69d1-738a-4304-8a11-102f4e2c3b21/Nvidia/
GS,GOLDMAN SACHS,GOLDMAN SACHS,Financial Services,126853.0,45300.0,-23.0,78.0,-1.9,0.1,-1.0,0.1,-0.2,-0.7,5.6,-0.3,0.9,-6.3,0.9,Scarce human capital 131k scarce worker years,Taxes 57.8M days of primary education,https://uprightplatform.com/company/b27d9528-b2f0-4898-9199-7645f344bf58/Goldman%20Sachs/
VLO,VALERO ENERGY,VALERO ENERGY,Energy and Environmental,123974.0,9908.0,-124.0,97.0,-29.3,0.9,-16.5,0.6,-5.2,-1.2,15.0,-5.9,1.3,-2.3,0.0,GHG emissions 49.1M tons of GHG emissions,Societal infrastructure 328M long-haul train rides,https://uprightplatform.com/company/76dfa3d7-e2bd-40a4-833b-95809cf82ccb/Valero%20Energy/
CMCSA,COMCAST,COMCAST,Telecommunications,123731.0,182000.0,37.0,35.0,-4.9,0.4,-2.4,0.3,-0.5,-0.2,12.1,-4.5,3.9,-4.5,6.1,Scarce human capital 90.9k scarce worker years,Taxes 132M days of primary education,https://uprightplatform.com/company/89f6d844-6307-49dd-a145-1ad5714daa13/Comcast/
T,AT&T,AT&T,Telecommunications,122336.0,139970.0,35.0,37.0,-6.4,0.5,-3.1,0.4,-0.7,-0.4,11.9,-4.0,4.3,-5.0,7.4,Scarce human capital 101k scarce worker years,Taxes 139M days of primary education,https://uprightplatform.com/company/c8661ed0-239f-4a06-ac8e-0feb0879c27a/AT%26T/
HUM,HUMANA,HUMANA,Insurance,117761.0,65680.0,33.0,38.0,-5.6,0.2,-2.5,0.2,-0.8,-1.1,9.0,-2.2,10.9,-4.6,0.1,Scarce human capital 87.8k scarce worker years,Physical diseases 817k life years,https://uprightplatform.com/company/2d84c046-a8c6-49f2-a398-24ff727ced28/Humana/
MS,MORGAN STANLEY,MORGAN STANLEY,Financial Services,107285.0,80000.0,-5.0,69.0,-2.1,0.1,-1.1,0.1,-0.3,-0.4,5.2,-0.3,0.8,-6.3,2.6,Scarce human capital 112k scarce worker years,Taxes 45.8M days of primary education,https://uprightplatform.com/company/17ea051d-d7ce-49bf-a840-9d1bc9406a48/Morgan%20Stanley/
TGT,TARGET,TARGET,Retail,106566.0,440000.0,-22.0,78.0,-14.6,0.8,-7.0,0.5,-2.1,-0.5,13.1,-3.3,3.9,-3.5,0.2,GHG emissions 18.0M tons of GHG emissions,Taxes 97.2M days of primary education,https://uprightplatform.com/company/770e928b-1477-4604-a251-4099b38ce486/Target/
TSLA,TESLA,TESLA,Automotive,94827.0,134785.0,54.0,17.0,-11.1,8.9,-4.7,6.6,-2.2,-0.4,24.1,-2.2,3.0,-2.9,0.4,GHG emissions 10.9M tons of GHG emissions,Societal infrastructure 392M long-haul train rides,https://uprightplatform.com/company/cac88d31-47c6-4728-9fd4-c2a726ddea39/Tesla/
PEP,PEPSICO,PEPSICO,Food and Beverage,91854.0,318000.0,-110.0,96.0,-15.4,0.4,-4.8,0.3,-2.5,-0.2,6.6,-11.1,6.5,-1.6,0.1,Physical diseases 792k life years,Taxes 56.3M days of primary education,https://uprightplatform.com/company/640d09ec-d35b-4560-b3df-59896905e599/PepsiCo/
DIS,WALT DISNEY,WALT DISNEY,Media,91361.0,233000.0,19.0,51.0,-6.9,0.2,-2.9,0.2,-0.8,-0.3,10.9,-4.4,6.7,-3.3,0.5,Scarce human capital 48.7k scarce worker years,Taxes 84.7M days of primary education,https://uprightplatform.com/company/3edfe7da-4942-405f-b22c-eb3d643ad3ba/Walt%20Disney/
UPS,UNITED PARCEL SERVICE,UNITED PARCEL SERVICE,Consumer Services,91070.0,490000.0,-59.0,89.0,-23.9,1.7,-12.0,1.3,-5.8,-0.7,13.9,-3.4,2.4,-2.5,1.1,GHG emissions 26.2M tons of GHG emissions,Taxes 94.4M days of primary education,https://uprightplatform.com/company/1fd34172-70b0-443e-9d18-f34a4bc32303/United%20Parcel%20Service/
ADM,ARCHER DANIELS MIDLAND,ARCHER DANIELS MIDLAND,Agriculture and Forestry,85530.0,42383.0,1.0,66.0,-11.9,1.5,-5.4,1.1,-2.0,-0.4,10.4,-3.9,6.3,-2.8,0.8,GHG emissions 11.0M tons of GHG emissions,Nutrition 17.3bn bananas,https://uprightplatform.com/company/e884287f-b5da-4a64-9ea3-f59af33b3e1b/Archer%20Daniels%20Midland/
PG,PROCTER & GAMBLE,PROCTER & GAMBLE,Consumer Product Manufacturing,84039.0,109000.0,-21.0,77.0,-13.9,1.7,-6.6,0.6,-2.3,-0.5,7.2,-3.2,7.4,-2.3,0.1,GHG emissions 13.3M tons of GHG emissions,Physical diseases 346k life years,https://uprightplatform.com/company/e9d6e413-4f70-4b0d-8882-28a8d71eaf9d/Procter%20%26%20Gamble/
LOW,LOWE'S,LOWE'S,Retail,83674.0,161000.0,-44.0,86.0,-15.7,1.1,-8.2,0.8,-2.2,-0.3,12.9,-2.4,1.0,-3.5,0.1,GHG emissions 16.4M tons of GHG emissions,Taxes 75.1M days of primary education,https://uprightplatform.com/company/7f570a31-ad07-41a2-98c6-e1ca76df38be/Lowe's/
SYY,SYSCO,SYSCO,Food and Beverage,78844.0,75000.0,-5.0,69.0,-13.3,0.5,-5.4,0.3,-1.6,-0.1,8.9,-3.6,8.8,-2.0,0.0,GHG emissions 10.2M tons of GHG emissions,Nutrition 27.6bn bananas,https://uprightplatform.com/company/1eb33464-7f56-4b6d-a709-fa56da22bd6f/Sysco/
PGR,PROGRESSIVE,PROGRESSIVE,Insurance,75372.0,66300.0,-64.0,90.0,-9.1,0.8,-4.5,0.6,-1.9,-1.1,7.3,-2.4,1.9,-3.9,0.0,GHG emissions 8.20M tons of GHG emissions,Societal infrastructure 69.1M long-haul train rides,https://uprightplatform.com/company/87272392-b279-4c12-a789-4c006014132f/Progressive/
AXP,AMERICAN EXPRESS,AMERICAN EXPRESS,Financial Services,74201.0,75100.0,10.0,59.0,-2.5,0.1,-1.2,0.1,-0.3,-0.2,8.0,-0.3,0.4,-4.8,0.2,Scarce human capital 58.9k scarce worker years,Societal infrastructure 75.9M long-haul train rides,https://uprightplatform.com/company/ca42e102-6df6-46ce-b1dd-462f01a8c980/American%20Express/
MET,METLIFE,METLIFE,Insurance,70986.0,45000.0,20.0,50.0,-1.5,0.1,-0.7,0.1,-0.2,-1.3,7.1,-0.4,3.0,-4.9,0.1,Scarce human capital 57.6k scarce worker years,Societal infrastructure 63.0M long-haul train rides,https://uprightplatform.com/company/283328d5-6c84-4d45-85ab-a763d9078d85/MetLife/
PRU,PRUDENTIAL FINANCIAL,PRUDENTIAL FINANCIAL,Insurance,70405.0,38196.0,13.0,56.0,-1.5,0.2,-0.7,0.1,-0.2,-1.0,6.4,-0.4,2.2,-5.3,0.7,Scarce human capital 61.4k scarce worker years,Societal infrastructure 64.0M long-haul train rides,https://uprightplatform.com/company/12faac26-5992-400d-838b-03e671613945/Prudential%20Financial/
MRK,MERCK & CO,MERCK & CO,Pharmaceuticals and Biotechnology,65011.0,72000.0,58.0,14.0,-9.5,0.3,-3.9,0.1,-1.8,-1.1,7.1,-6.1,41.2,-4.1,0.3,Physical diseases 316k life years,Physical diseases 2.05M life years,https://uprightplatform.com/company/e5d1f66c-f4bd-4b01-aff9-923df382e45e/Merck%20%26%20Co/
CAT,CATERPILLAR,CATERPILLAR,Construction and Building Materials,64809.0,113200.0,-29.0,80.0,-18.3,2.5,-9.9,1.5,-3.6,-0.3,14.7,-3.0,1.0,-2.2,0.3,GHG emissions 15.4M tons of GHG emissions,Societal infrastructure 153M long-haul train rides,https://uprightplatform.com/company/78b09433-547b-4f3c-8f5f-2107b656d786/Caterpillar/
ALL,ALLSTATE,ALLSTATE,Insurance,64106.0,55000.0,-16.0,75.0,-3.3,0.2,-1.8,0.1,-0.5,-1.4,6.5,-0.6,1.9,-4.8,0.1,Scarce human capital 50.3k scarce worker years,Societal infrastructure 51.8M long-haul train rides,https://uprightplatform.com/company/9970072d-ed7b-46ba-b3d9-6789ed06096d/Allstate/
PFE,PFIZER,PFIZER,Pharmaceuticals and Biotechnology,62580.0,75000.0,60.0,12.0,-8.8,0.2,-3.6,0.1,-1.8,-1.2,7.3,-5.6,40.8,-3.9,0.2,Physical diseases 284k life years,Physical diseases 2.22M life years,https://uprightplatform.com/company/f50c4614-23dd-483b-9017-752a82e67179/Pfizer/
CB,CHUBB,CHUBB,Insurance,57213.0,43000.0,-4.0,69.0,-3.1,0.2,-1.6,0.1,-0.4,-0.7,6.3,-0.5,1.9,-4.5,0.1,Scarce human capital 42.2k scarce worker years,Societal infrastructure 40.8M long-haul train rides,https://uprightplatform.com/company/7453a47e-3033-4b87-b41d-c7690747005f/Chubb/
COP,CONOCOPHILLIPS,CONOCOPHILLIPS,Energy and Environmental,56953.0,11800.0,-112.0,97.0,-32.6,0.7,-18.4,0.5,-5.7,-4.2,17.5,-4.3,0.4,-2.8,2.0,GHG emissions 25.1M tons of GHG emissions,Societal infrastructure 168M long-haul train rides,https://uprightplatform.com/company/40ff0fbd-fac1-4548-bbca-4ac3e68eb1f9/ConocoPhillips/
TJX,TJX COMPANIES,TJX COMPANIES,Retail,56360.0,364000.0,-48.0,87.0,-16.0,1.0,-7.6,0.6,-2.1,-1.1,12.5,-2.5,1.9,-3.5,0.2,GHG emissions 10.3M tons of GHG emissions,Taxes 53.9M days of primary education,https://uprightplatform.com/company/ae700c46-f731-4467-8547-a0c727fb9ab7/TJX%20companies/
ABBV,ABBVIE,ABBVIE,Pharmaceuticals and Biotechnology,56334.0,55000.0,34.0,38.0,-9.5,0.2,-4.0,0.1,-1.9,-1.1,7.1,-7.1,25.4,-3.9,0.0,Physical diseases 299k life years,Physical diseases 1.01M life years,https://uprightplatform.com/company/17a459b4-cef9-4524-ab8a-74b857ba320e/AbbVie/
CHTR,CHARTER COMMUNICATIONS,CHARTER COMMUNICATIONS,Telecommunications,55085.0,94500.0,38.0,34.0,-4.2,0.4,-2.1,0.3,-0.3,-0.3,11.9,-6.4,5.0,-4.5,7.3,Scarce human capital 40.3k scarce worker years,Taxes 57.1M days of primary education,https://uprightplatform.com/company/33d0a32b-fdff-4cb9-ae22-4a07be599d30/Charter%20Communications/
COF,CAPITAL ONE,CAPITAL ONE,Financial Services,53938.0,76500.0,31.0,41.0,-1.8,0.0,-1.0,0.0,-0.2,-0.1,8.8,-0.1,0.2,-4.4,0.1,Scarce human capital 38.6k scarce worker years,Societal infrastructure 80.9M long-haul train rides,https://uprightplatform.com/company/293f469c-9855-4f7a-be55-240411736a1e/Capital%20One/
HPQ,HP INC.,HP INC.,Computer Hardware,53559.0,58000.0,22.0,48.0,-7.9,0.7,-3.4,0.4,-0.9,-0.7,9.2,-2.6,1.7,-3.9,7.7,Scarce human capital 34.2k scarce worker years,Taxes 44.3M days of primary education,https://uprightplatform.com/company/811cacb6-0267-43d5-9c84-23409607a2b0/HP%20Inc./
TSN,TYSON FOODS,TYSON FOODS,Food and Beverage,53309.0,139000.0,-70.0,91.0,-25.9,0.4,-10.8,0.3,-3.1,-0.4,6.3,-11.4,16.1,-1.2,0.0,Physical diseases 489k life years,Nutrition 35.2bn bananas,https://uprightplatform.com/company/376411c8-193f-4425-8c82-4d669c156e26/Tyson%20Foods/
CSCO,CISCO SYSTEMS,CISCO SYSTEMS,Computer Hardware,53161.0,84900.0,45.0,26.0,-4.1,0.3,-1.9,0.2,-0.5,-0.3,10.7,-0.9,1.6,-5.2,6.7,Scarce human capital 45.5k scarce worker years,Taxes 52.5M days of primary education,https://uprightplatform.com/company/31d43c04-a2db-4499-97e8-c5a565c4a966/Cisco%20Systems/
INTC,INTEL,INTEL,Computer Hardware,52853.0,85100.0,14.0,55.0,-7.4,0.3,-3.3,0.3,-1.0,-0.4,7.6,-1.1,0.8,-2.6,4.6,GHG emissions 4.14M tons of GHG emissions,Knowledge infrastructure 13.4M personal computers,https://uprightplatform.com/company/f5b17b4b-ef15-4bf5-876c-3b164f4fb53f/Intel/
DE,JOHN DEERE,JOHN DEERE,Agriculture and Forestry,51716.0,75800.0,-31.0,81.0,-18.7,2.0,-9.1,1.4,-3.1,-0.3,11.3,-3.7,5.1,-1.9,0.3,GHG emissions 11.3M tons of GHG emissions,Taxes 37.5M days of primary education,https://uprightplatform.com/company/283dfdb7-ca25-4ca5-ac36-8898aeac2e73/John%20Deere/
NKE,NIKE,NIKE,Consumer Product Manufacturing,46513.0,77800.0,-22.0,68.0,-14.3,0.9,-7.5,0.6,-1.6,-1.6,8.8,-2.1,9.1,-1.3,0.1,GHG emissions 8.76M tons of GHG emissions,Physical diseases 204k life years,https://uprightplatform.com/company/53a9f70a-8e65-430e-bd73-356caeb57fc7/Nike/
KO,COCA-COLA COMPANY,COCA-COLA COMPANY,Food and Beverage,47061.0,69700.0,-227.0,100.0,-15.6,0.3,-5.8,0.2,-2.9,-0.1,6.3,-16.6,3.9,-1.8,0.0,Physical diseases 605k life years,Taxes 29.2M days of primary education,https://uprightplatform.com/company/542259b1-75ad-4c9b-88c1-24c3623d7155/Coca-Cola%20Company/
AIG,AMERICAN INTERNATIONAL GROUP,AMERICAN INTERNATIONAL GROUP,Insurance,46802.0,25200.0,-7.0,71.0,-2.7,0.2,-1.4,0.1,-0.5,-0.6,5.6,-0.6,1.5,-4.6,0.7,Scarce human capital 35.7k scarce worker years,Societal infrastructure 32.6M long-haul train rides,https://uprightplatform.com/company/ebb4e522-fed4-49d3-af07-219676214a5b/American%20International%20Group/
TRV,TRAVELERS,TRAVELERS,Financial Services,46423.0,34000.0,-13.0,73.0,-5.0,0.3,-2.7,0.2,-0.9,-0.5,7.8,-1.1,1.1,-4.1,0.3,Scarce human capital 31.1k scarce worker years,Societal infrastructure 41.4M long-haul train rides,https://uprightplatform.com/company/fc6c3a50-e4da-4d7d-8d31-0f861aa1ca08/Travelers/
NFLX,NETFLIX,NETFLIX,Media,45183.04,16000.0,4.0,64.0,-4.6,0.3,-2.2,0.2,-0.6,-0.2,9.2,-6.6,4.8,-3.4,1.0,Scarce human capital 25.2k scarce worker years,Taxes 38.9M days of primary education,https://uprightplatform.com/company/774d99c3-fa3e-4cda-99e7-faa8ec9bccc9/Netflix/
LLY,ELI LILLY,ELI LILLY,Pharmaceuticals and Biotechnology,45043.0,47000.0,45.0,26.0,-8.8,0.2,-3.7,0.1,-1.8,-1.3,6.8,-5.0,27.9,-4.0,0.0,Physical diseases 177k life years,Physical diseases 904k life years,https://uprightplatform.com/company/926e79ad-81e3-453c-821b-072045d235f1/Eli%20Lilly/
BMY,BRISTOL-MYERS SQUIBB,BRISTOL-MYERS SQUIBB,Pharmaceuticals and Biotechnology,45006.0,34100.0,40.0,32.0,-9.4,0.2,-3.9,0.1,-1.9,-1.2,6.7,-7.3,29.7,-4.2,0.0,Physical diseases 263k life years,Physical diseases 1.00M life years,https://uprightplatform.com/company/4a06a7c7-e370-4dca-9295-583006daafde/Bristol-Myers%20Squibb/
QCOM,QUALCOMM,QUALCOMM,Media,44867.0,52000.0,21.0,50.0,-6.5,0.4,-2.9,0.3,-0.8,-0.4,9.4,-2.3,1.3,-4.3,5.9,Scarce human capital 31.6k scarce worker years,Taxes 39.4M days of primary education,https://uprightplatform.com/company/3ddd740a-c6d1-4f91-800a-1e78297b443f/Qualcomm/
DOW,DOW,DOW,Chemicals,42964.0,35900.0,-127.0,98.0,-20.0,0.9,-10.5,0.6,-3.2,-0.8,7.8,-3.4,2.7,-2.3,0.3,GHG emissions 10.8M tons of GHG emissions,Taxes 28.8M days of primary education,https://uprightplatform.com/company/157c9128-c0f4-4d26-bc0b-a9965ccec60a/Dow/
TMO,THERMO FISHER SCIENTIFIC,THERMO FISHER SCIENTIFIC,Hospitals and Healthcare,42879.0,125000.0,49.0,22.0,-7.4,0.2,-3.3,0.1,-0.9,-0.7,12.0,-1.5,11.3,-4.0,3.3,Scarce human capital 28.5k scarce worker years,Physical diseases 328k life years,https://uprightplatform.com/company/7c214549-9d26-4848-8a3b-9f894757142e/Thermo%20Fisher%20Scientific/
ABT,ABBOTT LABORATORIES,ABBOTT LABORATORIES,Pharmaceuticals and Biotechnology,41950.0,114000.0,55.0,16.0,-7.4,0.4,-3.1,0.2,-1.1,-0.5,8.5,-2.6,20.4,-3.1,1.0,GHG emissions 3.13M tons of GHG emissions,Physical diseases 457k life years,https://uprightplatform.com/company/bae297bf-d5af-4d2c-95cd-a2840722dec4/Abbott%20Laboratories/
BBY,BEST BUY,BEST BUY,Retail,41528.0,85000.0,-25.0,79.0,-13.3,0.8,-6.0,0.6,-1.7,-0.6,12.6,-3.5,2.6,-4.9,1.8,GHG emissions 6.02M tons of GHG emissions,Taxes 44.7M days of primary education,https://uprightplatform.com/company/8765771b-f4ee-4a48-a191-88a98e4c49ac/Best%20Buy/
LYB,LYONDELLBASELL INDUSTRIES,LYONDELLBASELL INDUSTRIES,Chemicals,40734.0,18970.0,-132.0,98.0,-20.9,0.7,-10.9,0.5,-3.6,-0.8,9.5,-4.4,1.6,-2.2,0.4,GHG emissions 10.7M tons of GHG emissions,Societal infrastructure 42.9M long-haul train rides,https://uprightplatform.com/company/2c6e53da-9b61-47e5-96c4-6aceeb2688ef/LyondellBasell%20Industries/
DG,DOLLAR GENERAL,DOLLAR GENERAL,Retail,40612.0,194200.0,-70.0,91.0,-14.9,0.9,-6.9,0.6,-2.2,-0.8,11.8,-12.8,6.0,-3.6,0.2,Physical diseases 303k life years,Taxes 42.4M days of primary education,https://uprightplatform.com/company/b0bba363-48ba-4fc0-9491-097e5ffe6d4e/Dollar%20General/
WBD,WARNER BROS. DISCOVERY,WARNER BROS. DISCOVERY,Media,39321.0,35000.0,9.0,60.0,-3.8,0.2,-1.8,0.1,-0.4,-0.2,9.1,-6.2,4.9,-3.4,0.8,Scarce human capital 21.6k scarce worker years,Taxes 33.1M days of primary education,https://uprightplatform.com/company/99ef7c3d-5b55-4c21-898d-89d94cde4508/Warner%20Bros.%20Discovery/
CRM,SALESFORCE,SALESFORCE,Computer Software,37895.0,83334.0,35.0,37.0,-5.5,0.4,-2.8,0.3,-0.7,-0.4,13.3,-1.4,2.4,-6.1,4.6,Scarce human capital 38.1k scarce worker years,Taxes 43.9M days of primary education,https://uprightplatform.com/company/71233f77-d7e1-4403-94ac-2bf4ab356b86/Salesforce/
MDLZ,MONDELEZ,MONDELEZ,Food and Beverage,36441.0,90000.0,-131.0,98.0,-17.1,0.4,-4.5,0.3,-2.6,-0.3,6.7,-12.3,6.5,-1.6,0.0,Physical diseases 348k life years,Taxes 23.0M days of primary education,https://uprightplatform.com/company/731a2224-3710-4eef-9625-1e57f4f69172/Mondelez/
SBUX,STARBUCKS,STARBUCKS,Food and Beverage,36176.0,361000.0,-85.0,93.0,-18.6,0.3,-5.4,0.2,-3.1,-0.2,9.9,-11.0,6.7,-1.5,0.0,Physical diseases 302k life years,Jobs 240k direct or indirect jobs,https://uprightplatform.com/company/522999b6-e702-427b-a439-9b65fc8c0ab1/Starbucks/
V,VISA,VISA,Financial Services,35926.0,31600.0,17.0,53.0,-3.1,0.1,-1.6,0.1,-0.2,-0.4,9.8,-0.2,0.3,-5.4,0.8,Scarce human capital 31.9k scarce worker years,Taxes 23.3M days of primary education,https://uprightplatform.com/company/3a340c69-583e-4dba-9377-df1c4fc2d2dc/Visa/
CBRE,CBRE,CBRE,Real Estate,35767.0,140000.0,24.0,47.0,-9.5,1.0,-5.2,0.6,-1.1,-0.3,13.9,-0.8,0.8,-3.5,2.8,GHG emissions 4.49M tons of GHG emissions,Taxes 32.9M days of primary education,https://uprightplatform.com/company/4124cab7-62a3-4cd1-9170-705eb28e4812/CBRE/
SLB,SCHLUMBERGER,SCHLUMBERGER,Energy and Environmental,35709.0,109000.0,-41.0,85.0,-19.2,1.4,-10.1,0.9,-3.7,-0.6,13.4,-2.2,0.4,-3.0,2.5,GHG emissions 8.61M tons of GHG emissions,Societal infrastructure 62.9M long-haul train rides,https://uprightplatform.com/company/d6371d0b-d0b6-42aa-ada4-f0b0557687fd/Schlumberger/
PNC,PNC FINANCIAL SERVICES,PNC FINANCIAL SERVICES,Financial Services,34440.0,53175.0,19.0,51.0,-2.5,0.1,-1.3,0.1,-0.3,-0.2,8.4,-0.5,1.2,-5.7,1.3,Scarce human capital 32.1k scarce worker years,Societal infrastructure 33.9M long-haul train rides,https://uprightplatform.com/company/20457afe-951f-48de-a5be-a0d6c73f80ad/PNC%20Financial%20Services/
CMI,CUMMINS,CUMMINS,Industrial Manufacturing and Services,34102.0,75500.0,-18.0,76.0,-13.9,2.8,-7.5,2.0,-2.6,-0.6,11.7,-2.3,0.9,-2.1,0.7,GHG emissions 6.10M tons of GHG emissions,Societal infrastructure 43.6M long-haul train rides,https://uprightplatform.com/company/d2793d64-c64e-472e-babb-db0c7bd43638/Cummins/
LIN,LINDE,LINDE,Chemicals,33986.0,64842.0,-37.0,83.0,-20.3,4.4,-11.3,3.4,-3.6,-0.9,12.2,-3.5,2.7,-2.6,0.5,GHG emissions 9.21M tons of GHG emissions,Societal infrastructure 54.0M long-haul train rides,https://uprightplatform.com/company/3c943867-6b9b-46f1-9c53-e00497a74b1b/Linde/
PCAR,PACCAR,PACCAR,Automotive,33664.0,25900.0,-61.0,89.0,-29.4,2.1,-15.8,1.5,-6.6,-0.5,20.5,-8.7,2.6,-2.2,0.1,GHG emissions 12.8M tons of GHG emissions,Societal infrastructure 123M long-haul train rides,https://uprightplatform.com/company/8ef69b70-0caf-4ee4-934c-2543d1215308/Paccar/
MDT,MEDTRONIC,MEDTRONIC,Hospitals and Healthcare,33537.0,95000.0,55.0,16.0,-4.8,0.2,-2.0,0.1,-0.6,-0.5,9.9,-2.6,15.2,-3.6,0.4,Scarce human capital 20.1k scarce worker years,Physical diseases 326k life years,https://uprightplatform.com/company/edd67dea-77b6-4cdf-a2c5-d1e4cde536d4/Medtronic/
AMGN,AMGEN,AMGEN,Pharmaceuticals and Biotechnology,33424.0,28000.0,46.0,25.0,-9.2,0.2,-3.8,0.1,-1.9,-1.2,6.7,-5.2,29.3,-3.9,0.1,Physical diseases 139k life years,Physical diseases 716k life years,https://uprightplatform.com/company/0a6d3096-7fec-4716-bab1-778f71f17ef7/Amgen/
GE,GE AEROSPACE,GE AEROSPACE,Aerospace and Defense,33300.0,57000.0,-23.0,78.0,-12.4,2.4,-6.6,1.6,-2.8,-1.1,10.8,-2.2,0.5,-1.6,0.3,GHG emissions 5.28M tons of GHG emissions,Taxes 23.9M days of primary education,https://uprightplatform.com/company/3870b1bb-28e0-4899-9219-ae8743ebc1c7/GE%20Aerospace/
PYPL,PAYPAL,PAYPAL,Financial Services,31797.0,23800.0,21.0,49.0,-2.9,0.1,-1.4,0.1,-0.2,-0.2,10.1,-0.2,0.2,-5.1,0.3,Scarce human capital 26.4k scarce worker years,Taxes 22.0M days of primary education,https://uprightplatform.com/company/5be971e4-3572-4f7f-b2ea-20aae3f44e16/PayPal/
DLTR,DOLLAR TREE,DOLLAR TREE,Retail,30846.0,64434.0,-47.0,86.0,-14.6,0.9,-7.0,0.6,-2.2,-0.5,11.7,-5.9,4.0,-3.6,0.2,GHG emissions 5.16M tons of GHG emissions,Taxes 29.0M days of primary education,https://uprightplatform.com/company/34c8041a-88fe-43de-86fd-c74a50494e18/Dollar%20Tree/
GILD,GILEAD SCIENCES,GILEAD SCIENCES,Pharmaceuticals and Biotechnology,29087.0,17600.0,69.0,5.0,-7.7,0.2,-3.0,,-1.7,-1.2,6.6,-5.0,50.1,-3.8,0.0,Physical diseases 116k life years,Physical diseases 1.11M life years,https://uprightplatform.com/company/047032f6-9b32-4a33-a874-0983d8317c4a/Gilead%20Sciences/
MA,MASTERCARD,MASTERCARD,Financial Services,28167.0,33400.0,23.0,47.0,-2.5,0.1,-1.3,0.1,-0.2,-0.2,9.7,-0.3,0.5,-5.8,1.3,Scarce human capital 26.8k scarce worker years,Taxes 20.2M days of primary education,https://uprightplatform.com/company/d3d6cfd5-eccf-4bb5-af7d-d4b627e77d54/Mastercard/
BKR,BAKER HUGHES,BAKER HUGHES,Energy and Environmental,27829.0,58000.0,-49.0,87.0,-25.4,1.4,-14.0,1.2,-4.5,-1.1,17.7,-2.5,0.3,-2.7,1.8,GHG emissions 9.36M tons of GHG emissions,Societal infrastructure 88.2M long-haul train rides,https://uprightplatform.com/company/1017a5ad-036a-416f-b66e-c93a2908dd6c/Baker%20Hughes/
AMAT,APPLIED MATERIALS,APPLIED MATERIALS,Computer Hardware,27176.0,36500.0,19.0,51.0,-8.0,1.4,-3.4,1.0,-1.0,-0.2,9.8,-0.9,0.6,-3.3,3.5,GHG emissions 2.24M tons of GHG emissions,Taxes 22.0M days of primary education,https://uprightplatform.com/company/ce7fd35b-f673-40fb-852c-1c2b5926cf93/Applied%20Materials/
KHC,KRAFT HEINZ,KRAFT HEINZ,Food and Beverage,26640.0,3600.0,-49.0,87.0,-15.6,0.7,-5.6,0.6,-2.7,-0.3,7.0,-7.7,9.2,-1.4,0.0,Physical diseases 163k life years,Nutrition 6.80bn bananas,https://uprightplatform.com/company/27573c84-743d-43f7-9299-d95ee7f097d7/Kraft%20Heinz/
ETN,EATON,EATON,Industrial Manufacturing and Services,26633.0,94000.0,19.0,51.0,-10.0,1.4,-5.1,1.0,-1.4,-0.5,13.2,-1.6,1.7,-2.6,1.7,GHG emissions 3.28M tons of GHG emissions,Societal infrastructure 41.5M long-haul train rides,https://uprightplatform.com/company/7c7f76a3-79ea-41c1-904c-d405cc9e6fc0/Eaton/
HIG,HARTFORD FINANCIAL SERVICES,HARTFORD FINANCIAL SERVICES,Insurance,26535.0,19100.0,-13.0,74.0,-3.7,0.2,-1.9,0.2,-0.7,-0.8,6.4,-0.6,1.7,-4.4,0.1,Scarce human capital 19.2k scarce worker years,Societal infrastructure 19.3M long-haul train rides,https://uprightplatform.com/company/1a94d3da-7a05-4d98-9a82-f4512be30e99/Hartford%20Financial%20Services/
SCHW,CHARLES SCHWAB,CHARLES SCHWAB,Financial Services,25999.0,32600.0,-21.0,77.0,-2.8,0.1,-2.0,0.1,-0.2,-1.0,6.0,-0.2,0.8,-7.3,2.5,Scarce human capital 31.3k scarce worker years,Taxes 12.8M days of primary education,https://uprightplatform.com/company/c3263d8e-6802-4882-bde0-7161d1f22784/Charles%20Schwab/
AMD,ADVANCED MICRO DEVICES,ADVANCED MICRO DEVICES,Computer Hardware,25785.0,28000.0,16.0,54.0,-8.0,1.1,-3.7,0.9,-0.9,-0.5,10.2,-3.1,2.1,-4.5,5.9,Scarce human capital 19.1k scarce worker years,Taxes 26.1M days of primary education,https://uprightplatform.com/company/ef1f62a1-3ab2-4897-9e1c-737414d9bd48/Advanced%20Micro%20Devices/
TFC,TRUIST FINANCIAL CORPORATION,TRUIST FINANCIAL CORPORATION,Banks,25612.0,36769.0,16.0,54.0,-3.0,0.1,-1.6,0.1,-0.3,-0.4,8.9,-0.6,1.0,-5.6,1.2,Scarce human capital 23.4k scarce worker years,Societal infrastructure 29.2M long-haul train rides,https://uprightplatform.com/company/91bfd3ce-b36d-437d-b6d9-68fe8512ee2b/Truist%20Financial%20Corporation/
MCD,MCDONALD'S,MCDONALD'S,Food and Beverage,25493.7,150000.0,-94.0,95.0,-18.4,0.6,-6.8,0.5,-2.9,-0.5,9.1,-12.2,7.3,-1.8,0.0,Physical diseases 241k life years,Jobs 147k direct or indirect jobs,https://uprightplatform.com/company/2b7dc0c1-0ee8-49eb-854b-307553618c52/McDonald's/
FCX,FREEPORT-MCMORAN,FREEPORT-MCMORAN,Mining and Metals,25455.0,28500.0,-87.0,94.0,-18.8,1.0,-8.2,0.8,-2.7,-1.1,10.1,-2.5,0.9,-1.7,0.9,GHG emissions 5.04M tons of GHG emissions,Societal infrastructure 27.4M long-haul train rides,https://uprightplatform.com/company/290cd849-364b-4af9-a975-bc929259049d/Freeport-McMoRan/
MU,MICRON TECHNOLOGY,MICRON TECHNOLOGY,Computer Hardware,25111.0,43000.0,5.0,63.0,-7.8,0.2,-3.3,0.2,-1.0,-0.3,7.0,-0.9,0.7,-2.4,4.0,GHG emissions 2.00M tons of GHG emissions,Taxes 17.0M days of primary education,https://uprightplatform.com/company/d70049ed-f886-4b6c-a2e2-ff8cb5360e9f/Micron%20Technology/
MAR,MARRIOTT,MARRIOTT,"Leisure, Sports and Recreation",25100.0,148000.0,-31.0,81.0,-19.5,0.2,-8.6,,-2.7,-0.8,14.2,-2.5,3.4,-2.8,1.7,GHG emissions 5.16M tons of GHG emissions,Taxes 31.1M days of primary education,https://uprightplatform.com/company/83d79e51-1234-4827-a0cf-8b0dd752f22e/Marriott/
CEG,CONSTELLATION ENERGY,CONSTELLATION ENERGY,Energy and Environmental,24918.0,13871.0,43.0,29.0,-15.8,12.3,-5.2,9.8,-3.2,-0.6,22.9,-1.2,0.5,-3.1,0.6,GHG emissions 3.11M tons of GHG emissions,Societal infrastructure 111M long-haul train rides,https://uprightplatform.com/company/dbb6f118-1c1d-44a5-a280-3df0c09e6e21/Constellation%20Energy/
CARR,CARRIER,CARRIER,Construction and Building Materials,24809.0,48000.0,10.0,58.0,-12.3,2.7,-7.0,2.1,-1.9,-0.5,14.5,-1.9,1.0,-1.6,0.0,GHG emissions 4.15M tons of GHG emissions,Societal infrastructure 55.5M long-haul train rides,https://uprightplatform.com/company/d49730cc-cd49-43a9-978e-107db8922204/Carrier/
NEE,NEXTERA ENERGY,NEXTERA ENERGY,Energy and Environmental,24753.0,16800.0,11.0,58.0,-23.9,8.5,-13.4,6.8,-3.5,-1.0,24.7,-2.4,0.4,-3.0,0.5,GHG emissions 7.97M tons of GHG emissions,Societal infrastructure 122M long-haul train rides,https://uprightplatform.com/company/22fbe23c-347b-4825-b3ea-c3a84247e9e1/NextEra%20Energy/
UNP,UNION PACIFIC,UNION PACIFIC,Transportation,24250.0,29711.0,-28.0,80.0,-24.6,3.9,-11.6,3.0,-5.9,-0.8,18.7,-2.4,0.6,-2.1,0.2,GHG emissions 6.74M tons of GHG emissions,Societal infrastructure 68.7M long-haul train rides,https://uprightplatform.com/company/9c4d1816-e00b-4126-9d62-7f4429f25641/Union%20Pacific/
BLK,BLACKROCK,BLACKROCK,Financial Services,24216.0,24600.0,3.0,64.0,-2.7,0.3,-1.3,0.2,-0.4,-0.4,7.1,-0.5,1.4,-6.3,1.6,Scarce human capital 25.0k scarce worker years,Taxes 13.8M days of primary education,https://uprightplatform.com/company/3538aceb-6fb1-4e94-bf4e-2af48bea6390/BlackRock/
EOG,EOG RESOURCES,EOG RESOURCES,Energy and Environmental,23698.0,3400.0,-101.0,96.0,-32.2,0.6,-17.9,0.4,-5.8,-2.5,18.6,-5.2,0.4,-2.6,1.5,GHG emissions 10.2M tons of GHG emissions,Societal infrastructure 83.4M long-haul train rides,https://uprightplatform.com/company/48d34ee9-fda6-4dc6-b6c8-52aa2495f25a/EOG%20Resources/
PWR,QUANTA SERVICES,QUANTA SERVICES,Construction and Building Materials,23673.0,58400.0,38.0,34.0,-16.8,8.0,-9.7,5.9,-2.2,-0.8,24.2,-1.7,0.9,-2.4,1.6,GHG emissions 5.51M tons of GHG emissions,Societal infrastructure 112M long-haul train rides,https://uprightplatform.com/company/928c5e78-d306-4962-9d54-5933405022b1/Quanta%20Services/
EXC,EXELON,EXELON,Energy and Environmental,23028.0,19962.0,28.0,43.0,-17.8,10.6,-7.7,8.2,-3.2,-1.4,21.5,-1.5,0.4,-3.4,0.8,GHG emissions 4.25M tons of GHG emissions,Societal infrastructure 88.2M long-haul train rides,https://uprightplatform.com/company/3385012f-9e41-46e7-9eec-e4595c7ad8f3/Exelon/
JCI,JOHNSON CONTROLS,JOHNSON CONTROLS,Industrial Manufacturing and Services,22952.0,94000.0,66.0,7.0,-6.4,5.1,-3.4,4.0,-0.9,-0.3,19.9,-0.6,2.5,-2.1,0.1,GHG emissions 1.89M tons of GHG emissions,Societal infrastructure 65.4M long-haul train rides,https://uprightplatform.com/company/7a35a742-38f7-4ff7-9035-b6e7acda009c/Johnson%20Controls/
STT,STATE STREET,STATE STREET,Financial Services,22054.0,51564.0,11.0,58.0,-1.9,0.2,-1.0,0.1,-0.2,-0.3,7.5,-0.4,0.9,-6.4,1.6,Scarce human capital 23.2k scarce worker years,Taxes 14.3M days of primary education,https://uprightplatform.com/company/b05f860c-103d-4da5-85a1-30bcb2600f71/State%20Street/
OKE,ONEOK,ONEOK,Energy and Environmental,21698.0,5177.0,-76.0,92.0,-30.6,1.3,-17.2,1.0,-5.1,-3.5,20.1,-3.4,0.3,-2.8,1.3,GHG emissions 8.96M tons of GHG emissions,Societal infrastructure 80.9M long-haul train rides,https://uprightplatform.com/company/7a0a6b9d-e028-4f8a-8701-52831c2080b2/Oneok/
HAL,HALLIBURTON,HALLIBURTON,Energy and Environmental,21690.0,47885.0,-64.0,90.0,-27.0,2.7,-14.9,2.4,-5.0,-1.1,16.4,-3.2,0.3,-2.5,1.3,GHG emissions 7.74M tons of GHG emissions,Societal infrastructure 61.9M long-haul train rides,https://uprightplatform.com/company/58c6bc95-5608-45a7-9736-2218ea776c0b/Halliburton/
ADBE,ADOBE,ADOBE,Computer Software,21505.0,31020.0,32.0,40.0,-3.5,0.1,-1.5,0.1,-0.3,-0.1,10.1,-1.4,1.2,-5.5,4.2,Scarce human capital 19.4k scarce worker years,Taxes 21.6M days of primary education,https://uprightplatform.com/company/867310fe-b675-457f-9fc8-70ba403da368/Adobe/
IR,INGERSOLL RAND,INGERSOLL RAND,Construction and Building Materials,21321.9,44000.0,-15.0,75.0,-16.4,2.5,-8.9,1.6,-2.7,-0.3,14.7,-2.3,1.0,-2.1,0.1,GHG emissions 4.55M tons of GHG emissions,Societal infrastructure 40.5M long-haul train rides,https://uprightplatform.com/company/5745ef42-3dc2-4052-8f73-7974cad2d344/Ingersoll%20Rand/
PH,PARKER HANNIFIN,PARKER HANNIFIN,Industrial Manufacturing and Services,20461.42,57950.0,-2.0,68.0,-11.0,1.5,-5.8,0.8,-1.9,-0.3,11.4,-1.3,0.9,-2.3,0.7,GHG emissions 2.86M tons of GHG emissions,Taxes 15.1M days of primary education,https://uprightplatform.com/company/7ba00b8e-d681-47ab-8189-a1a8ddb8018e/Parker%20Hannifin/
WM,WASTE MANAGEMENT,WASTE MANAGEMENT,Energy and Environmental,20426.0,48000.0,47.0,24.0,-12.4,7.9,-6.7,0.9,-3.0,-0.2,17.5,-1.2,3.4,-1.5,0.0,GHG emissions 3.30M tons of GHG emissions,Societal infrastructure 49.1M long-haul train rides,https://uprightplatform.com/company/6e7df0f5-76c9-484f-94ae-2dde84fc9b92/Waste%20Management/
BDX,BECTON DICKINSON,BECTON DICKINSON,Hospitals and Healthcare,20178.0,74000.0,53.0,18.0,-6.0,0.2,-2.6,0.1,-0.9,-0.5,10.3,-1.8,13.6,-3.8,2.0,Scarce human capital 12.6k scarce worker years,Physical diseases 170k life years,https://uprightplatform.com/company/d18ee84e-653a-4343-8f49-6636bbc77956/Becton%20Dickinson/
CL,COLGATE-PALMOLIVE,COLGATE-PALMOLIVE,Consumer Product Manufacturing,,,12.0,,,,,,,,,,,,,GHG emissions 2.72M tons of GHG emissions,Physical diseases 160k life years,https://uprightplatform.com/company/43570f21-cf1f-456f-816d-b331d1ce86c2/Colgate-Palmolive/
GIS,GENERAL MILLS,GENERAL MILLS,Food and Beverage,19857.0,34000.0,-24.0,78.0,-17.5,0.9,-5.4,0.7,-2.5,-0.2,5.8,-6.7,14.1,-1.4,0.0,Physical diseases 106k life years,Nutrition 10.6bn bananas,https://uprightplatform.com/company/66abc510-d62f-455c-ac69-9949a213a790/General%20Mills/
APTV,APTIV,APTIV,Automotive,19725.0,141000.0,25.0,46.0,-11.2,3.0,-6.2,2.1,-2.1,-0.1,14.9,-3.4,2.7,-2.6,2.5,GHG emissions 2.94M tons of GHG emissions,Societal infrastructure 45.2M long-haul train rides,https://uprightplatform.com/company/674f3707-29c2-4c00-8d31-cf7516f9fd5e/Aptiv/
EIX,EDISON,EDISON,Energy and Environmental,19317.0,13725.0,47.0,24.0,-15.7,10.0,-7.2,8.4,-2.3,-0.6,30.7,-1.5,0.4,-4.4,0.4,GHG emissions 3.34M tons of GHG emissions,Societal infrastructure 112M long-haul train rides,https://uprightplatform.com/company/8e7ab906-5613-4356-87c4-eea128f0b6aa/Edison/
ADP,AUTOMATIC DATA PROCESSING,AUTOMATIC DATA PROCESSING,Computer Software,19203.0,67000.0,53.0,18.0,-2.1,0.2,-1.0,0.1,-0.3,-0.3,10.2,-0.7,2.0,-4.8,4.3,Scarce human capital 15.2k scarce worker years,Taxes 17.3M days of primary education,https://uprightplatform.com/company/b3aead16-d78e-4f4d-b3bb-e976639e8d1b/Automatic%20Data%20Processing/
SYF,SYNCHRONY FINANCIAL,SYNCHRONY FINANCIAL,Financial Services,18986.0,20000.0,24.0,47.0,-2.3,0.1,-1.3,0.1,-0.2,-0.3,9.7,-0.5,0.7,-5.3,0.4,Scarce human capital 16.4k scarce worker years,Societal infrastructure 26.7M long-haul train rides,https://uprightplatform.com/company/7eee08a2-265b-4d47-9230-13965a9d0a49/Synchrony%20Financial/
AFL,AFLAC,AFLAC,Insurance,18927.0,12785.0,53.0,18.0,-1.5,0.0,-0.6,0.0,-0.1,-1.3,9.9,-0.7,6.6,-4.4,0.1,Scarce human capital 13.8k scarce worker years,Physical diseases 58.6k life years,https://uprightplatform.com/company/c92b0ce9-0202-441c-a05a-6bd3509260c8/Aflac/
NEM,NEWMONT CORPORATION,NEWMONT CORPORATION,Mining and Metals,,,-101.0,,,,,,,,,,,,,GHG emissions 2.59M tons of GHG emissions,Taxes 12.2M days of primary education,https://uprightplatform.com/company/f305d20a-cdaf-4f9c-ace3-c8334fc57faf/Newmont%20Corporation/
IP,INTERNATIONAL PAPER,INTERNATIONAL PAPER,Industrial Manufacturing and Services,18619.0,37000.0,-52.0,88.0,-16.7,5.9,-7.6,3.6,-2.0,-1.3,6.7,-1.8,1.3,-1.7,0.1,GHG emissions 3.38M tons of GHG emissions,Taxes 12.3M days of primary education,https://uprightplatform.com/company/84a2be9d-e62d-4c64-afd5-8c64af696969/International%20Paper/
TT,TRANE TECHNOLOGIES,TRANE TECHNOLOGIES,Construction and Building Materials,18227.2,45000.0,27.0,44.0,-12.4,3.3,-6.8,2.5,-2.0,-0.5,17.4,-1.5,1.0,-1.9,0.5,GHG emissions 2.96M tons of GHG emissions,Societal infrastructure 51.2M long-haul train rides,https://uprightplatform.com/company/e45a9371-318b-4a61-958c-47e573ad382f/Trane%20Technologies/
PHM,PULTEGROUP,PULTEGROUP,Construction and Building Materials,17947.0,6506.0,12.0,57.0,-16.5,0.5,-10.0,0.3,-1.9,-0.6,21.6,-1.5,2.0,-2.7,0.0,GHG emissions 4.31M tons of GHG emissions,Societal infrastructure 67.3M long-haul train rides,https://uprightplatform.com/company/9b086eb3-5795-4162-a2fb-d69e8cf813de/PulteGroup/
AMP,AMERIPRISE FINANCIAL,AMERIPRISE FINANCIAL,Financial Services,17926.0,13600.0,11.0,58.0,-1.8,0.2,-0.8,0.2,-0.2,-0.7,6.0,-0.4,1.1,-6.2,2.8,Scarce human capital 18.2k scarce worker years,Distributing knowledge 776 days of BBC news,https://uprightplatform.com/company/f05ab590-85c5-4fc6-a083-83af1a4cf774/Ameriprise%20Financial/
CHRW,C. H. ROBINSON WORLDWIDE,C. H. ROBINSON WORLDWIDE,Transportation,17725.0,13166.0,-13.0,74.0,-15.6,0.6,-7.5,0.4,-3.1,-0.4,13.7,-1.8,3.1,-2.0,0.1,GHG emissions 3.20M tons of GHG emissions,Societal infrastructure 30.6M long-haul train rides,https://uprightplatform.com/company/386a61cb-6f95-46d5-9cf5-7e6ef16fe5a2/C.%20H.%20Robinson%20Worldwide/
PPG,PPG INDUSTRIES,PPG INDUSTRIES,Chemicals,17723.0,46000.0,-62.0,90.0,-19.3,2.3,-11.2,1.4,-3.3,-0.6,10.4,-4.0,3.0,-2.3,0.4,GHG emissions 4.74M tons of GHG emissions,Societal infrastructure 20.3M long-haul train rides,https://uprightplatform.com/company/10fd1ecc-0cf7-4f13-89e1-7e0a2e4d3189/PPG%20Industries/
BNY,BANK OF NEW YORK MELLON,BANK OF NEW YORK MELLON,Banks,17502.0,49900.0,-11.0,73.0,-2.4,0.2,-1.2,0.1,-0.3,-0.3,5.9,-0.5,1.0,-6.3,1.5,Scarce human capital 18.0k scarce worker years,Taxes 8.72M days of primary education,https://uprightplatform.com/company/96fb2aa8-a5b0-468f-8217-8fb3388ca2b2/Bank%20of%20New%20York%20Mellon/
EMR,EMERSON ELECTRIC,EMERSON ELECTRIC,Industrial Manufacturing and Services,17492.0,73000.0,2.0,65.0,-11.7,1.9,-5.9,1.2,-2.0,-0.4,11.9,-1.5,1.2,-2.9,1.7,GHG emissions 2.47M tons of GHG emissions,Taxes 14.0M days of primary education,https://uprightplatform.com/company/30ab9580-6e60-46f5-bacf-21138a2200ad/Emerson%20Electric/
LRCX,LAM RESEARCH,LAM RESEARCH,Computer Hardware,17400.0,19000.0,13.0,56.0,-6.2,0.3,-2.6,0.3,-1.2,-0.1,8.0,-0.5,0.4,-2.3,1.8,GHG emissions 1.07M tons of GHG emissions,Taxes 12.2M days of primary education,https://uprightplatform.com/company/4db669f1-6ccd-446b-bcc2-8249df8ac08d/Lam%20Research/
MGM,MGM RESORTS,MGM RESORTS,"Leisure, Sports and Recreation",17241.0,45000.0,-83.0,93.0,-19.2,0.3,-7.7,0.2,-3.0,-2.1,14.3,-18.8,8.3,-2.6,0.5,Physical diseases 154k life years,Taxes 22.9M days of primary education,https://uprightplatform.com/company/48cb56ee-603b-4216-8c39-232ed5da760e/MGM%20Resorts/
CTVA,CORTEVA,CORTEVA,Chemicals,17226.0,22500.0,14.0,56.0,-16.9,1.2,-5.5,1.0,-2.7,-0.4,7.8,-5.5,19.5,-2.1,0.4,"Biodiversity 4,910,000 square meters of felled forest",Nutrition 12.5bn bananas,https://uprightplatform.com/company/8510d2c2-ba44-48bc-91ac-b7028088227b/Corteva/
KMI,KINDER MORGAN,KINDER MORGAN,Energy and Environmental,16937.0,11028.0,-73.0,91.0,-31.6,1.1,-17.8,0.8,-5.5,-1.0,20.5,-3.7,0.7,-2.4,0.0,GHG emissions 7.25M tons of GHG emissions,Societal infrastructure 71.8M long-haul train rides,https://uprightplatform.com/company/ccdf9f73-7d70-4385-8553-9a5d4b8df641/Kinder%20Morgan/
BSX,BOSTON SCIENTIFIC,BOSTON SCIENTIFIC,Pharmaceuticals and Biotechnology,16747.0,53000.0,56.0,16.0,-4.8,0.2,-1.9,0.1,-0.7,-0.5,10.5,-3.0,15.3,-3.5,0.6,Scarce human capital 9.77k scarce worker years,Physical diseases 167k life years,https://uprightplatform.com/company/d5f915bd-2413-4676-bae2-5d588ad3ec39/Boston%20Scientific/
TXN,TEXAS INSTRUMENTS,TEXAS INSTRUMENTS,Computer Hardware,16675.0,34000.0,16.0,54.0,-7.1,0.7,-3.1,0.6,-1.0,-0.2,8.9,-1.0,0.4,-2.6,2.9,GHG emissions 1.24M tons of GHG emissions,Taxes 12.2M days of primary education,https://uprightplatform.com/company/09305768-bbaf-4812-bd48-2b27310dcaff/Texas%20Instruments/
RJF,RAYMOND JAMES FINANCIAL,RAYMOND JAMES FINANCIAL,Financial Services,16053.0,19000.0,8.0,61.0,-1.8,0.1,-0.9,0.1,-0.2,-0.6,5.6,-0.2,0.7,-6.6,3.6,Scarce human capital 17.5k scarce worker years,Distributing knowledge 853 days of BBC news,https://uprightplatform.com/company/67b2a6cf-0e90-43f2-ab56-5b493589529f/Raymond%20James%20Financial/
ITW,ILLINOIS TOOL WORKS,ILLINOIS TOOL WORKS,Industrial Manufacturing and Services,15949.0,44000.0,-18.0,76.0,-13.4,1.6,-6.8,1.0,-2.1,-0.3,10.4,-1.8,1.6,-2.0,1.2,GHG emissions 2.60M tons of GHG emissions,Taxes 11.1M days of primary education,https://uprightplatform.com/company/b7781942-486b-4655-9e9b-383b24f52c2c/Illinois%20Tool%20Works/
OMC,OMNICOM,OMNICOM,Media,15910.8,74900.0,15.0,54.0,-4.1,0.1,-2.2,0.1,-0.3,-0.3,9.3,-2.2,2.0,-5.4,2.6,Scarce human capital 13.5k scarce worker years,Taxes 13.9M days of primary education,https://uprightplatform.com/company/4fe490db-b7be-4f5f-876f-a44239b20304/Omnicom/
TEL,TE CONNECTIVITY,TE CONNECTIVITY,Electronics,15850.0,87000.0,0.0,66.0,-11.3,1.7,-5.7,1.2,-1.8,-1.5,13.4,-4.0,2.8,-2.6,1.6,GHG emissions 2.16M tons of GHG emissions,Societal infrastructure 25.1M long-haul train rides,https://uprightplatform.com/company/03127226-19aa-413c-a318-0e1b76220df1/TE%20Connectivity/
KDP,KEURIG DR PEPPER,KEURIG DR PEPPER,Food and Beverage,15759.0,29400.0,-149.0,99.0,-14.9,0.3,-5.7,0.2,-2.9,-0.2,5.5,-8.7,4.5,-1.9,0.0,Physical diseases 103k life years,Taxes 9.56M days of primary education,https://uprightplatform.com/company/12232400-ec36-4c04-9bfb-c667f1a60047/Keurig%20Dr%20Pepper/
ECL,ECOLAB,ECOLAB,Energy and Environmental,15684.5,48000.0,23.0,47.0,-11.5,1.2,-5.6,0.5,-1.9,-0.4,14.7,-1.7,4.1,-2.0,0.4,GHG emissions 2.12M tons of GHG emissions,Jobs 103k direct or indirect jobs,https://uprightplatform.com/company/c941f6b5-c0b4-450c-90f3-30b7b64f5812/Ecolab/
GLW,CORNING,CORNING,Industrial Manufacturing and Services,15629.0,56300.0,8.0,61.0,-10.8,1.0,-5.2,0.5,-1.5,-0.4,10.5,-1.4,2.4,-2.6,2.5,GHG emissions 1.93M tons of GHG emissions,Taxes 11.8M days of primary education,https://uprightplatform.com/company/488bf5b4-f546-4295-9ef3-e985fb482b91/Corning/
PFG,PRINCIPAL FINANCIAL,PRINCIPAL FINANCIAL,Financial Services,15461.8,19700.0,29.0,42.0,-2.2,0.1,-1.2,0.1,-0.3,-0.8,8.8,-0.6,2.1,-5.4,1.8,Scarce human capital 13.8k scarce worker years,Societal infrastructure 19.6M long-haul train rides,https://uprightplatform.com/company/0e99f4c5-13e1-497f-8289-1f8c477fb736/Principal%20Financial/
SPGI,S&P GLOBAL,S&P GLOBAL,Corporate Services,15336.0,42350.0,23.0,48.0,-4.1,0.3,-2.0,0.2,-0.7,-0.5,9.7,-1.7,1.5,-5.6,4.0,Scarce human capital 14.2k scarce worker years,Distributing knowledge 896 days of BBC news,https://uprightplatform.com/company/6ef5e338-379b-4cbf-9fd2-55c887cb6e8d/S%26P%20Global/
RSG,REPUBLIC SERVICES,REPUBLIC SERVICES,Energy and Environmental,15245.1,42000.0,55.0,17.0,-9.9,7.8,-5.3,0.7,-2.4,-0.2,15.4,-0.8,3.6,-1.5,0.7,GHG emissions 1.95M tons of GHG emissions,Societal infrastructure 28.6M long-haul train rides,https://uprightplatform.com/company/1c0290f4-1efa-404a-b69c-070f3be4b021/Republic%20Services/
EL,ESTÉE LAUDER COMPANIES,ESTÉE LAUDER COMPANIES,Consumer Product Manufacturing,15190.0,57000.0,-48.0,87.0,-10.7,0.3,-4.8,0.2,-1.8,-0.5,6.4,-2.4,4.0,-2.3,0.0,GHG emissions 1.76M tons of GHG emissions,Taxes 9.93M days of primary education,https://uprightplatform.com/company/b8ef2a37-407e-4476-aee4-4500b4622255/Est%C3%A9e%20Lauder%20Companies/
DVN,DEVON ENERGY,DEVON ENERGY,Energy and Environmental,15140.0,1900.0,-104.0,96.0,-30.1,0.6,-17.0,0.4,-5.4,-3.3,16.4,-3.8,0.5,-2.8,2.1,GHG emissions 6.18M tons of GHG emissions,Societal infrastructure 43.0M long-haul train rides,https://uprightplatform.com/company/0235e439-b728-4693-9f37-742d73e3c8c8/Devon%20Energy/
SWK,STANLEY BLACK & DECKER,STANLEY BLACK & DECKER,Consumer Product Manufacturing,15130.4,43500.0,-8.0,71.0,-13.0,1.5,-6.7,1.0,-2.0,-0.4,12.1,-2.3,2.2,-1.9,0.4,GHG emissions 2.45M tons of GHG emissions,Societal infrastructure 19.0M long-haul train rides,https://uprightplatform.com/company/0dde3164-4fb5-40fa-850a-fb200287f58f/Stanley%20Black%20%26%20Decker/
BAX,BAXTER,BAXTER,Hospitals and Healthcare,15055.0,38000.0,51.0,20.0,-6.3,0.2,-2.5,0.1,-1.2,-0.8,11.4,-3.0,17.2,-3.9,0.2,Scarce human capital 9.63k scarce worker years,Physical diseases 168k life years,https://uprightplatform.com/company/9000d198-022f-4f0d-b49b-532d68b4a724/Baxter/
CSX,CSX,CSX,Transportation,15030.0,23000.0,-46.0,86.0,-30.0,3.9,-15.9,3.6,-6.0,-1.2,19.6,-3.6,2.2,-2.9,0.1,GHG emissions 5.72M tons of GHG emissions,Societal infrastructure 42.5M long-haul train rides,https://uprightplatform.com/company/82a32310-78ee-4002-a644-a5444aa432e3/CSX/
EG,EVEREST RE,EVEREST RE,Insurance,14587.0,3037.0,-8.0,71.0,-2.5,0.1,-1.3,0.1,-0.4,-1.1,6.4,-0.3,1.1,-4.5,0.3,Scarce human capital 10.8k scarce worker years,Societal infrastructure 10.8M long-haul train rides,https://uprightplatform.com/company/d920a801-d324-486b-b473-70e3874e5c4b/Everest%20Re/
TSCO,TRACTOR SUPPLY,TRACTOR SUPPLY,Retail,14555.74,26000.0,-35.0,83.0,-15.7,1.3,-8.1,0.8,-2.1,-0.3,12.6,-2.5,2.5,-3.6,0.1,GHG emissions 2.82M tons of GHG emissions,Taxes 13.4M days of primary education,https://uprightplatform.com/company/b0919a26-75fe-4d58-994b-ee1cbe52bf2e/Tractor%20Supply/
BALL,BALL CORPORATION,BALL CORPORATION,Industrial Manufacturing and Services,14554.0,21000.0,-130.0,98.0,-20.6,2.5,-11.6,0.7,-2.1,-0.2,7.5,-8.8,3.5,-1.6,0.0,GHG emissions 4.04M tons of GHG emissions,Taxes 10.9M days of primary education,https://uprightplatform.com/company/a11ea7d6-7a4d-44e3-a2f5-d7ffb7014fee/Ball%20Corporation/
INTU,INTUIT,INTUIT,Computer Software,14368.0,18200.0,39.0,33.0,-2.3,0.1,-1.1,0.1,-0.2,-0.1,9.4,-0.3,0.3,-5.5,3.5,Scarce human capital 12.9k scarce worker years,Taxes 12.8M days of primary education,https://uprightplatform.com/company/31e12b09-7965-40a2-a108-eb916db3071e/Intuit/
REGN,REGENERON PHARMACEUTICALS,REGENERON PHARMACEUTICALS,Pharmaceuticals and Biotechnology,14342.9,15410.0,22.0,49.0,-11.3,0.2,-5.0,0.1,-2.2,-1.3,7.1,-5.2,20.8,-4.2,0.0,Physical diseases 59.5k life years,Physical diseases 215k life years,https://uprightplatform.com/company/cfeb2e13-a397-4794-8ce5-35a822be3d5b/Regeneron%20Pharmaceuticals/
URI,UNITED RENTALS,UNITED RENTALS,Corporate Services,14332.0,27900.0,-2.0,67.0,-12.1,3.0,-6.3,1.5,-1.8,-0.2,12.1,-1.8,0.5,-1.8,0.0,GHG emissions 2.16M tons of GHG emissions,Societal infrastructure 22.4M long-haul train rides,https://uprightplatform.com/company/1dbf382f-9a12-45da-b932-f0ec88070b88/United%20Rentals/
WRB,W. R. BERKLEY,W. R. BERKLEY,Insurance,14202.15,8606.0,-12.0,73.0,-3.3,0.2,-1.6,0.1,-0.6,-0.6,5.7,-0.7,1.7,-4.2,0.3,Scarce human capital 9.91k scarce worker years,Taxes 5.72M days of primary education,https://uprightplatform.com/company/895243d2-7dfa-4bbc-824d-c4c6ba8b8770/W.%20R.%20Berkley/
OTIS,OTIS WORLDWIDE,OTIS WORLDWIDE,Industrial Manufacturing and Services,14181.0,72000.0,36.0,36.0,-7.5,3.6,-3.7,2.4,-0.8,-0.4,11.4,-1.2,1.5,-1.6,0.0,GHG emissions 1.26M tons of GHG emissions,Taxes 10.8M days of primary education,https://uprightplatform.com/company/d27f7c9f-31ac-4d9e-a451-09c4cea6f347/Otis%20Worldwide/
AJG,ARTHUR J. GALLAGHER,ARTHUR J. GALLAGHER,Insurance,13941.8,56000.0,10.0,58.0,-2.8,0.2,-1.5,0.1,-0.4,-0.7,7.3,-0.5,1.3,-4.5,0.7,Scarce human capital 10.2k scarce worker years,Taxes 6.31M days of primary education,https://uprightplatform.com/company/1101f818-cfda-4b66-bcdf-a9ceed6b4e02/Arthur%20J.%20Gallagher/
FOXA,FOX,FOX,Media,13920.0,10400.0,50.0,21.0,-3.7,0.1,-1.7,0.1,-0.5,-0.3,13.7,-6.0,7.8,-3.3,5.2,Scarce human capital 7.61k scarce worker years,Taxes 14.0M days of primary education,https://uprightplatform.com/company/a68a5918-e176-49e6-b770-ac1be485e95e/FOX/
FOX,FOX,FOX,Media,13920.0,10400.0,50.0,21.0,-3.7,0.1,-1.7,0.1,-0.5,-0.3,13.7,-6.0,7.8,-3.3,5.2,Scarce human capital 7.61k scarce worker years,Taxes 14.0M days of primary education,https://uprightplatform.com/company/a68a5918-e176-49e6-b770-ac1be485e95e/FOX/
NTRS,NORTHERN,NORTHERN,Financial Services,13919.8,23400.0,7.0,62.0,-2.3,0.2,-1.2,0.1,-0.3,-0.5,6.5,-0.4,0.9,-6.4,2.8,Scarce human capital 14.5k scarce worker years,Taxes 7.01M days of primary education,https://uprightplatform.com/company/5c4b2806-91ae-4cd2-ae37-2fee909c743c/Northern/
ACGL,ARCH CAPITAL,ARCH CAPITAL,Insurance,13916.0,8000.0,-49.0,87.0,-2.6,0.3,-1.2,0.1,-0.4,-0.8,4.6,-0.3,0.6,-4.5,0.1,Scarce human capital 10.2k scarce worker years,Taxes 5.03M days of primary education,https://uprightplatform.com/company/9769ae57-af52-4211-a274-681882f8a608/Arch%20Capital/
RCL,ROYAL CARIBBEAN CRUISES,ROYAL CARIBBEAN CRUISES,"Leisure, Sports and Recreation",13900.0,105950.0,-36.0,83.0,-17.5,1.5,-9.2,1.0,-3.3,-0.5,10.9,-3.7,5.5,-2.9,0.1,GHG emissions 3.07M tons of GHG emissions,Taxes 13.5M days of primary education,https://uprightplatform.com/company/36b39a17-8866-4f46-9888-8628a9ed6d88/Royal%20Caribbean%20Cruises/
AMCR,AMCOR,AMCOR,Industrial Manufacturing and Services,13778.0,42000.0,-64.0,90.0,-19.6,1.4,-9.4,1.0,-2.3,-0.7,7.1,-4.3,7.5,-2.0,0.2,GHG emissions 3.09M tons of GHG emissions,Physical diseases 61.2k life years,https://uprightplatform.com/company/17f475c2-f4d4-4d55-8749-3fd1817d029b/Amcor/
LH,LABCORP,LABCORP,Hospitals and Healthcare,13765.3,70000.0,63.0,10.0,-5.3,0.1,-1.9,0.0,-0.8,-1.2,14.0,-1.1,12.5,-4.2,5.2,Scarce human capital 9.46k scarce worker years,Physical diseases 124k life years,https://uprightplatform.com/company/90d88dfa-bdb5-4290-8365-e3cf59f99459/LabCorp/
SRE,SEMPRA ENERGY,SEMPRA ENERGY,Energy and Environmental,13711.0,16773.0,5.0,63.0,-21.0,5.1,-11.1,4.0,-3.2,-1.0,22.2,-1.7,0.4,-3.3,0.6,GHG emissions 3.67M tons of GHG emissions,Societal infrastructure 59.0M long-haul train rides,https://uprightplatform.com/company/d045cc2c-a7cb-41ba-968b-0ccd9a153cf9/Sempra%20Energy/
NXPI,NXP SEMICONDUCTORS,NXP SEMICONDUCTORS,Computer Hardware,13276.0,33100.0,10.0,59.0,-10.0,1.3,-4.7,0.9,-1.8,-0.3,10.2,-2.1,1.7,-3.2,4.1,GHG emissions 1.49M tons of GHG emissions,Taxes 10.1M days of primary education,https://uprightplatform.com/company/e9c606be-00ed-456a-966b-bcdba0bfb97d/NXP%20Semiconductors/
LVS,LAS VEGAS SANDS,LAS VEGAS SANDS,"Leisure, Sports and Recreation",13017.0,39900.0,-139.0,98.0,-12.9,0.1,-5.1,0.1,-1.9,-3.4,11.2,-23.0,5.9,-2.3,0.2,Physical diseases 86.9k life years,Taxes 14.1M days of primary education,https://uprightplatform.com/company/4d029716-dd40-4dbc-bb71-ce2c86acb763/Las%20Vegas%20Sands/
ES,EVERSOURCE ENERGY,EVERSOURCE ENERGY,Energy and Environmental,12991.14,10680.0,29.0,42.0,-22.2,7.3,-12.2,6.3,-3.2,-0.9,33.8,-2.1,0.5,-4.3,0.3,GHG emissions 3.79M tons of GHG emissions,Societal infrastructure 86.2M long-haul train rides,https://uprightplatform.com/company/0e19247f-e6c8-433c-a7d8-3af21ae2fdec/Eversource%20Energy/
ETR,ENTERGY,ENTERGY,Energy and Environmental,12946.69,12267.0,-30.0,81.0,-33.0,6.8,-20.5,5.8,-4.5,-1.5,23.3,-3.4,0.8,-3.6,1.0,GHG emissions 6.36M tons of GHG emissions,Societal infrastructure 55.7M long-haul train rides,https://uprightplatform.com/company/72ab6e80-c4b0-48c2-9ec1-8e081481ca8c/Entergy/
HSIC,HENRY SCHEIN,HENRY SCHEIN,Hospitals and Healthcare,12938.0,25000.0,43.0,28.0,-7.3,0.2,-3.4,0.1,-0.8,-0.3,9.7,-1.9,11.8,-3.1,0.3,GHG emissions 1.07M tons of GHG emissions,Physical diseases 111k life years,https://uprightplatform.com/company/c1224792-32c0-4fcd-8a7d-e639ad1fe7ca/Henry%20Schein/
APD,AIR PRODUCTS & CHEMICALS,AIR PRODUCTS & CHEMICALS,Chemicals,12600.0,23000.0,-110.0,96.0,-23.2,2.5,-13.0,2.0,-4.3,-0.8,10.6,-4.3,1.4,-2.5,0.1,GHG emissions 3.94M tons of GHG emissions,Societal infrastructure 14.9M long-haul train rides,https://uprightplatform.com/company/39fd1fa4-6267-40f6-9188-259f9a9bad2c/Air%20Products%20%26%20Chemicals/
AIZ,ASSURANT,ASSURANT,Insurance,12576.3,14200.0,27.0,44.0,-2.3,0.1,-1.1,0.1,-0.3,-1.1,8.8,-0.6,3.2,-4.9,0.1,Scarce human capital 10.1k scarce worker years,Societal infrastructure 14.1M long-haul train rides,https://uprightplatform.com/company/40abdac2-7c84-4f8b-8c64-f1d4e7948200/Assurant/
NSC,NORFOLK SOUTHERN RAILWAY,NORFOLK SOUTHERN RAILWAY,Transportation,12230.0,20300.0,-29.0,80.0,-27.4,5.3,-14.3,4.5,-5.6,-1.3,20.5,-3.3,1.0,-2.9,0.3,GHG emissions 4.19M tons of GHG emissions,Societal infrastructure 37.4M long-haul train rides,https://uprightplatform.com/company/64a4b7d8-0b79-4382-92bb-397f6182e72e/Norfolk%20Southern%20Railway/
DVA,DAVITA,DAVITA,Hospitals and Healthcare,,,68.0,6.0,-4.3,0.2,-1.3,,-0.5,-1.3,15.0,-3.2,23.8,-4.1,1.1,Scarce human capital 8.09k scarce worker years,Physical diseases 219k life years,https://uprightplatform.com/company/cf0f701b-f0f9-4440-bd4d-7cb111cb18a4/DaVita/
HRL,HORMEL FOODS,HORMEL FOODS,Food and Beverage,12058.59,20000.0,-32.0,81.0,-18.8,0.8,-7.2,0.6,-2.3,-0.4,7.2,-8.2,13.7,-1.4,0.3,Physical diseases 78.6k life years,Nutrition 6.10bn bananas,https://uprightplatform.com/company/72d34534-7157-4451-9a8d-dd0cd3510140/Hormel%20Foods/
HLT,HILTON WORLDWIDE,HILTON WORLDWIDE,"Leisure, Sports and Recreation",12039.0,182000.0,-61.0,89.0,-20.6,0.2,-8.9,,-2.8,-1.2,14.2,-6.4,4.1,-2.7,0.7,GHG emissions 2.56M tons of GHG emissions,Taxes 15.2M days of primary education,https://uprightplatform.com/company/6aa08d95-cfbd-43eb-8a63-3b4100fe85f1/Hilton%20Worldwide/
JBHT,J. B. HUNT,J. B. HUNT,Transportation,11999.1,33646.0,-37.0,83.0,-22.5,1.5,-11.1,1.3,-5.1,-0.6,17.4,-2.1,0.8,-2.4,0.4,GHG emissions 3.20M tons of GHG emissions,Societal infrastructure 29.3M long-haul train rides,https://uprightplatform.com/company/09493926-ccfe-4187-8966-658e1556e954/J.%20B.%20Hunt/
IFF,INTERNATIONAL FLAVORS & FRAGRANCES,INTERNATIONAL FLAVORS & FRAGRANCES,Consumer Product Manufacturing,11479.0,22400.0,-7.0,71.0,-12.9,1.4,-5.6,0.7,-2.4,-0.5,7.3,-4.3,9.9,-2.3,0.1,GHG emissions 1.55M tons of GHG emissions,Taxes 7.66M days of primary education,https://uprightplatform.com/company/cdc9d8e2-956f-4ac2-bfb4-940424d5c80a/International%20Flavors%20%26%20Fragrances/
VRTX,VERTEX PHARMACEUTICALS,VERTEX PHARMACEUTICALS,Pharmaceuticals and Biotechnology,11418.8,6100.0,30.0,42.0,-9.7,0.2,-4.1,0.1,-2.0,-1.2,6.7,-5.5,21.8,-3.9,0.0,Physical diseases 49.7k life years,Physical diseases 182k life years,https://uprightplatform.com/company/00cb2302-e758-4d5c-bb09-5a85296a8f59/Vertex%20Pharmaceuticals/
ICE,INTERCONTINENTAL EXCHANGE,INTERCONTINENTAL EXCHANGE,Financial Services,11397.0,12806.0,-0.0,66.0,-2.3,0.2,-1.1,0.1,-0.3,-1.5,6.9,-0.4,0.7,-5.8,2.2,Scarce human capital 10.9k scarce worker years,Taxes 7.29M days of primary education,https://uprightplatform.com/company/8c27f753-7bf0-44fb-9d1b-ae1569a59c9b/Intercontinental%20Exchange/
EXPD,EXPEDITORS,EXPEDITORS,Transportation,11273.14,18400.0,-6.0,70.0,-12.4,0.7,-6.4,0.5,-2.5,-0.1,12.2,-0.5,0.8,-1.9,0.4,GHG emissions 1.74M tons of GHG emissions,Societal infrastructure 16.1M long-haul train rides,https://uprightplatform.com/company/7464c83a-d826-45e0-a4cd-445d63fb4e81/Expeditors/
MOS,THE MOSAIC COMPANY,THE MOSAIC COMPANY,Chemicals,11253.4,10454.0,-32.0,81.0,-23.6,1.6,-10.7,1.3,-4.1,-0.6,8.1,-3.0,12.4,-2.0,0.0,GHG emissions 2.89M tons of GHG emissions,Nutrition 5.55bn bananas,https://uprightplatform.com/company/585f495a-8a3d-475e-9d2b-c839f771de15/The%20Mosaic%20Company/
HSY,HERSHEY,HERSHEY,Food and Beverage,11165.0,18540.0,-133.0,98.0,-15.5,0.4,-4.2,0.3,-2.4,-0.3,5.9,-13.1,6.7,-1.6,0.0,Physical diseases 111k life years,Taxes 6.47M days of primary education,https://uprightplatform.com/company/6660ca94-bf57-4c4a-a947-75e340dc467a/Hershey/
TAP,MOLSON COORS BEVERAGE,MOLSON COORS BEVERAGE,Food and Beverage,11140.8,16200.0,-210.0,100.0,-11.4,0.3,-4.0,0.2,-2.8,-0.4,9.7,-52.6,11.3,-1.8,0.0,Physical diseases 262k life years,Taxes 13.9M days of primary education,https://uprightplatform.com/company/f7ce21cc-bd5a-40f4-901b-43a5e1a3e627/Molson%20Coors%20Beverage/
EBAY,EBAY,EBAY,Consumer Services,11100.0,12300.0,-23.0,78.0,-13.5,1.0,-6.1,0.7,-1.9,-0.6,12.2,-3.4,2.9,-4.6,1.7,GHG emissions 1.62M tons of GHG emissions,Taxes 11.6M days of primary education,https://uprightplatform.com/company/e08e0a1b-40bb-4832-a996-af1a7ee974b4/EBay/
MSI,MOTOROLA SOLUTIONS,MOTOROLA SOLUTIONS,Telecommunications,11094.0,21000.0,51.0,20.0,-6.7,0.4,-3.4,0.2,-0.8,-0.3,16.8,-1.6,2.2,-4.0,6.7,Scarce human capital 7.38k scarce worker years,Taxes 11.9M days of primary education,https://uprightplatform.com/company/8dde8efc-26fc-4934-a3e1-169c0a5eb8f1/Motorola%20Solutions/
WMB,WILLIAMS COMPANIES,WILLIAMS COMPANIES,Energy and Environmental,10907.0,5601.0,-75.0,92.0,-31.9,1.1,-17.9,0.8,-5.2,-2.6,20.1,-2.9,0.4,-2.9,1.3,GHG emissions 4.67M tons of GHG emissions,Societal infrastructure 40.9M long-haul train rides,https://uprightplatform.com/company/edc8b637-e2d0-436e-aefb-14359314ff4d/Williams%20Companies/
CME,CME,CME,Financial Services,10818.4,3760.0,-18.0,76.0,-4.2,0.2,-2.1,0.1,-0.6,-0.6,6.8,-0.9,1.6,-6.1,1.5,Scarce human capital 10.7k scarce worker years,Taxes 6.22M days of primary education,https://uprightplatform.com/company/6363b89a-6c90-4a2e-aef4-f88e6a64530c/CME/
KLAC,KLA,KLA,Computer Hardware,10499.19,15000.0,31.0,41.0,-6.3,0.3,-2.5,0.2,-0.8,-0.1,9.3,-0.6,0.6,-3.2,4.5,Scarce human capital 5.48k scarce worker years,Taxes 9.19M days of primary education,https://uprightplatform.com/company/fb1b6822-f2dc-4356-af3d-7e1df1775b1c/KLA/
DRI,DARDEN RESTAURANTS,DARDEN RESTAURANTS,"Leisure, Sports and Recreation",10487.1,190000.0,-22.0,78.0,-19.2,1.1,-6.8,0.9,-2.8,-0.7,11.4,-8.5,12.1,-1.7,0.0,Physical diseases 71.4k life years,Nutrition 3.39bn bananas,https://uprightplatform.com/company/bc984bcc-304e-4717-8915-5044e29fef23/Darden%20Restaurants/
PEG,PUBLIC SERVICE,PUBLIC SERVICE,Energy and Environmental,10430.0,13047.0,20.0,50.0,-24.0,7.0,-12.8,6.0,-3.7,-1.4,32.4,-2.5,0.4,-4.3,0.3,GHG emissions 3.20M tons of GHG emissions,Societal infrastructure 66.2M long-haul train rides,https://uprightplatform.com/company/602f6505-8eb4-4add-9565-5b3f2cb9218f/Public%20Service/
AMT,AMERICAN TOWER,AMERICAN TOWER,Real Estate,10259.6,4691.0,-30.0,81.0,-12.4,0.4,-4.7,0.3,-1.5,-0.2,9.8,-0.7,0.5,-1.8,0.9,"Biodiversity 2,380,000 square meters of felled forest",Taxes 7.61M days of primary education,https://uprightplatform.com/company/f9d8762a-4bcb-423c-9d0d-63dfe6729e3f/American%20Tower/
STX,SEAGATE TECHNOLOGY,SEAGATE TECHNOLOGY,Computer Hardware,10058.0,30000.0,-0.0,66.0,-7.8,0.2,-3.4,0.2,-1.0,-0.3,7.6,-0.9,0.9,-2.9,3.1,GHG emissions 831k tons of GHG emissions,Taxes 7.87M days of primary education,https://uprightplatform.com/company/f09e43ec-5d2c-45fb-836a-8f56e8d7c502/Seagate%20Technology/
NWSA,NEWS,NEWS,Media,9941.0,22300.0,50.0,21.0,-2.9,0.2,-1.3,0.1,-0.3,-0.2,11.8,-3.5,3.5,-4.0,5.8,Scarce human capital 6.42k scarce worker years,Taxes 10.0M days of primary education,https://uprightplatform.com/company/2d10dc0b-c031-459c-86f6-75694a67d574/News/
NWS,NEWS,NEWS,Media,9941.0,22300.0,50.0,21.0,-2.9,0.2,-1.3,0.1,-0.3,-0.2,11.8,-3.5,3.5,-4.0,5.8,Scarce human capital 6.42k scarce worker years,Taxes 10.0M days of primary education,https://uprightplatform.com/company/2d10dc0b-c031-459c-86f6-75694a67d574/News/
CTAS,CINTAS,CINTAS,Corporate Services,9940.48,46500.0,39.0,33.0,-10.9,1.1,-4.8,0.6,-1.6,-0.7,16.2,-1.7,6.8,-1.8,0.6,GHG emissions 1.15M tons of GHG emissions,Jobs 82.1k direct or indirect jobs,https://uprightplatform.com/company/e274b108-1cfa-49aa-aefc-d2a9c315196f/Cintas/
BIIB,BIOGEN,BIOGEN,Pharmaceuticals and Biotechnology,9890.6,7570.0,44.0,27.0,-6.9,0.1,-2.5,0.1,-1.2,-1.3,11.2,-5.1,18.4,-5.2,3.6,Scarce human capital 8.46k scarce worker years,Physical diseases 122k life years,https://uprightplatform.com/company/ffa8c820-cb79-4ee1-aa82-01e668dadee0/Biogen/
FIS,FIDELITY NATIONAL INFORMATION SERVICES,FIDELITY NATIONAL INFORMATION SERVICES,Financial Services,9821.0,50000.0,34.0,38.0,-2.7,0.1,-1.3,0.1,-0.3,-0.3,10.7,-0.5,1.1,-6.3,2.8,Scarce human capital 10.1k scarce worker years,Taxes 8.20M days of primary education,https://uprightplatform.com/company/6c841aa8-1e0e-4a81-beb5-706c4e38196b/Fidelity%20National%20Information%20Services/
MTB,M&T BANK,M&T BANK,Banks,9690.0,22590.0,20.0,50.0,-3.3,0.1,-1.9,0.1,-0.4,-0.4,10.5,-0.5,1.0,-5.3,0.3,Scarce human capital 8.47k scarce worker years,Societal infrastructure 15.8M long-haul train rides,https://uprightplatform.com/company/06986cf6-1870-437d-a49d-7230571387c9/M%26T%20Bank/
WAB,WABTEC,WABTEC,Transportation,9677.0,29000.0,36.0,36.0,-8.0,3.1,-4.0,2.5,-1.7,-0.1,13.6,-1.3,0.5,-1.7,0.1,GHG emissions 933k tons of GHG emissions,Societal infrastructure 20.9M long-haul train rides,https://uprightplatform.com/company/3be6d4d2-dc09-4f10-9ddc-66b880078b05/Wabtec/
NCLH,NORWEGIAN CRUISE LINE,NORWEGIAN CRUISE LINE,"Leisure, Sports and Recreation",9560.99,36500.0,-54.0,88.0,-17.5,1.5,-9.1,1.0,-3.4,-0.7,10.6,-5.1,4.6,-2.8,0.3,GHG emissions 2.08M tons of GHG emissions,Taxes 9.40M days of primary education,https://uprightplatform.com/company/9ce776cd-81eb-48a0-9b8c-b1cf06f3c5f1/Norwegian%20Cruise%20Line/
STZ,CONSTELLATION BRANDS,CONSTELLATION BRANDS,Food and Beverage,9383.0,10600.0,-233.0,100.0,-10.5,0.4,-3.7,0.3,-2.2,-0.7,9.4,-54.4,10.5,-1.6,0.0,Physical diseases 223k life years,Taxes 11.1M days of primary education,https://uprightplatform.com/company/cab2055f-bb4d-4c7f-b6da-7e0125715a02/Constellation%20Brands/
DGX,QUEST DIAGNOSTICS,QUEST DIAGNOSTICS,Hospitals and Healthcare,9287.0,57000.0,62.0,10.0,-3.8,0.1,-1.3,0.0,-0.5,-0.9,13.7,-1.9,12.5,-5.2,4.9,Scarce human capital 7.99k scarce worker years,Physical diseases 73.3k life years,https://uprightplatform.com/company/b4d283be-3c3c-4c77-9a1a-b470ec7fa463/Quest%20Diagnostics/
ZTS,ZOETIS,ZOETIS,Pharmaceuticals and Biotechnology,9286.0,13800.0,-5.0,69.0,-15.0,1.1,-6.9,0.1,-1.9,-0.5,6.9,-4.3,12.9,-2.2,0.0,GHG emissions 1.54M tons of GHG emissions,Physical diseases 51.5k life years,https://uprightplatform.com/company/116fa2f7-8a22-4c66-8041-380dca7f2974/Zoetis/
EQIX,EQUINIX,EQUINIX,Real Estate,9217.0,13606.0,35.0,37.0,-5.7,0.2,-2.0,0.2,-0.5,-0.2,9.0,-1.0,0.8,-4.5,7.6,Scarce human capital 6.81k scarce worker years,Knowledge infrastructure 3.97M personal computers,https://uprightplatform.com/company/5ba187dc-a09b-4d1b-8cca-4f5bf5f1d741/Equinix/
WTW,WILLIS TOWERS WATSON,WILLIS TOWERS WATSON,Insurance,9202.0,48000.0,24.0,46.0,-2.3,0.2,-1.2,0.1,-0.3,-0.3,7.4,-0.4,0.4,-4.9,2.4,Scarce human capital 7.45k scarce worker years,Taxes 6.34M days of primary education,https://uprightplatform.com/company/b217d61e-a5af-42cb-92c6-5525422ccb8a/Willis%20Towers%20Watson/
CNP,CENTERPOINT ENERGY,CENTERPOINT ENERGY,Energy and Environmental,8836.0,8872.0,11.0,58.0,-24.6,3.4,-14.0,2.8,-3.3,-1.0,30.2,-1.8,0.3,-3.1,0.2,GHG emissions 2.96M tons of GHG emissions,Societal infrastructure 56.3M long-haul train rides,https://uprightplatform.com/company/b47c0ef2-154c-4252-b0cf-c992bf69a612/CenterPoint%20Energy/
BEN,FRANKLIN RESOURCES,FRANKLIN RESOURCES,Financial Services,8770.7,9900.0,4.0,64.0,-2.0,0.2,-0.9,0.1,-0.3,-0.6,5.7,-0.4,1.6,-6.3,2.2,Scarce human capital 9.15k scarce worker years,Taxes 3.39M days of primary education,https://uprightplatform.com/company/aff1e0af-db6e-4142-a2ef-2bdb04015472/Franklin%20Resources/
FITB,FIFTH THIRD BANK,FIFTH THIRD BANK,Banks,8710.0,18724.0,12.0,57.0,-4.4,0.2,-2.4,0.2,-0.6,-0.4,10.5,-0.9,1.4,-5.5,0.7,Scarce human capital 7.88k scarce worker years,Societal infrastructure 11.6M long-haul train rides,https://uprightplatform.com/company/2f837249-9e74-4636-abdf-4c520dbcf570/Fifth%20Third%20Bank/
ROK,ROCKWELL AUTOMATION,ROCKWELL AUTOMATION,Electronics,8566.0,26000.0,29.0,42.0,-7.4,1.6,-3.5,1.2,-1.1,-0.2,12.2,-0.9,1.2,-4.4,3.2,Scarce human capital 6.16k scarce worker years,Taxes 8.20M days of primary education,https://uprightplatform.com/company/083ee122-8aa0-4888-b0bc-76caba256085/Rockwell%20Automation/
SJM,J.M. SMUCKER,J.M. SMUCKER,Food and Beverage,8529.2,8000.0,-29.0,80.0,-15.4,1.4,-5.1,1.0,-2.3,-0.2,8.5,-5.3,7.2,-1.3,0.0,GHG emissions 1.05M tons of GHG emissions,Jobs 48.1k direct or indirect jobs,https://uprightplatform.com/company/c9379651-dc8e-4a48-943e-2421da3c8a41/J.M.%20Smucker/
PLD,PROLOGIS,PROLOGIS,Real Estate,8201.61,2703.0,5.0,63.0,-8.6,1.2,-4.1,0.9,-1.4,-0.3,11.2,-0.9,0.8,-2.9,0.2,GHG emissions 800k tons of GHG emissions,Taxes 8.28M days of primary education,https://uprightplatform.com/company/e3d46eb5-3cec-482b-9024-6e55950393df/Prologis/
YUM,YUM! BRANDS,YUM! BRANDS,"Leisure, Sports and Recreation",7908.0,35000.0,-47.0,87.0,-15.5,0.6,-5.8,0.5,-2.1,-0.5,10.1,-6.8,6.2,-2.1,0.0,Physical diseases 41.2k life years,Taxes 6.50M days of primary education,https://uprightplatform.com/company/94e84944-3d9c-47be-997c-48819e1f8769/Yum!%20Brands/
RL,RALPH LAUREN,RALPH LAUREN,Consumer Product Manufacturing,7833.1,15000.0,-40.0,84.0,-14.8,1.4,-6.2,0.9,-1.7,-1.4,8.9,-1.6,3.7,-1.7,0.0,GHG emissions 1.16M tons of GHG emissions,Jobs 43.2k direct or indirect jobs,https://uprightplatform.com/company/6610d979-4465-449b-ba8f-a8be97491b88/Ralph%20Lauren/
DOV,DOVER,DOVER,Industrial Manufacturing and Services,7829.06,24000.0,8.0,61.0,-12.3,2.1,-6.5,1.3,-1.9,-0.5,14.2,-1.4,0.6,-2.6,1.3,GHG emissions 1.21M tons of GHG emissions,Societal infrastructure 14.9M long-haul train rides,https://uprightplatform.com/company/430e4797-d74b-481c-8f58-1bf6ce47d336/Dover/
XYL,XYLEM,XYLEM,Real Estate,7400.0,23000.0,48.0,23.0,-10.2,4.1,-5.4,1.3,-1.8,-0.2,21.0,-1.6,1.9,-2.3,0.8,GHG emissions 963k tons of GHG emissions,Societal infrastructure 22.8M long-haul train rides,https://uprightplatform.com/company/228a547f-eaa3-4523-ad43-404f48200e58/Xylem/
ZBH,ZIMMER BIOMET,ZIMMER BIOMET,Hospitals and Healthcare,7394.0,17000.0,46.0,25.0,-6.3,0.1,-3.1,0.1,-0.5,-0.4,9.5,-2.7,12.3,-2.6,0.1,GHG emissions 555k tons of GHG emissions,Physical diseases 52.8k life years,https://uprightplatform.com/company/874d740e-6386-4edd-b32a-8bec8ad7731e/Zimmer%20Biomet/
RF,REGIONS FINANCIAL,REGIONS FINANCIAL,Banks,7294.0,19642.0,18.0,52.0,-3.0,0.1,-1.6,0.1,-0.4,-0.3,9.3,-0.3,0.6,-5.0,0.4,Scarce human capital 6.01k scarce worker years,Societal infrastructure 10.0M long-haul train rides,https://uprightplatform.com/company/598133e3-c05d-4278-a188-1553600d4142/Regions%20Financial/
ADSK,AUTODESK,AUTODESK,Computer Software,7206.0,14300.0,47.0,24.0,-4.1,0.4,-1.9,0.3,-0.5,-0.2,11.6,-0.6,0.8,-4.9,5.5,Scarce human capital 5.81k scarce worker years,Taxes 7.16M days of primary education,https://uprightplatform.com/company/a9c59a4c-a00d-4d92-b9e9-8de14a519c16/Autodesk/
BR,BROADRIDGE FINANCIAL SOLUTIONS,BROADRIDGE FINANCIAL SOLUTIONS,Computer Software,7055.7,14700.0,51.0,20.0,-2.1,0.2,-1.0,0.1,-0.3,-0.1,12.5,-0.4,0.7,-6.0,4.3,Scarce human capital 7.00k scarce worker years,Taxes 7.57M days of primary education,https://uprightplatform.com/company/7ae9fa5d-224c-4d54-ae45-97d05c178d3e/Broadridge%20Financial%20Solutions/
WY,WEYERHAEUSER,WEYERHAEUSER,Construction and Building Materials,7036.0,9440.0,-14.0,74.0,-12.8,3.6,-5.2,3.1,-1.6,-0.8,8.8,-1.4,1.9,-1.8,0.4,GHG emissions 880k tons of GHG emissions,Taxes 4.30M days of primary education,https://uprightplatform.com/company/30818d5d-cf90-43d3-90df-d38199a68418/Weyerhaeuser/
TPR,TAPESTRY,TAPESTRY,Consumer Product Manufacturing,7010.7,12500.0,-92.0,94.0,-17.8,1.3,-8.4,0.7,-1.7,-2.1,7.8,-1.4,2.6,-1.2,0.0,GHG emissions 1.41M tons of GHG emissions,Jobs 34.5k direct or indirect jobs,https://uprightplatform.com/company/2c16d125-9823-4d58-be70-d3c8c540e509/Tapestry/
A,AGILENT TECHNOLOGIES,AGILENT TECHNOLOGIES,Hospitals and Healthcare,6788.0,18000.0,47.0,24.0,-6.8,0.4,-3.1,0.2,-1.0,-0.5,10.8,-1.0,7.5,-3.5,3.6,Scarce human capital 3.85k scarce worker years,Physical diseases 34.2k life years,https://uprightplatform.com/company/e271a67f-955a-4917-b6c1-0ff3040e0cbf/Agilent%20Technologies/
CF,CF INDUSTRIES,CF INDUSTRIES,Chemicals,6736.0,2800.0,-46.0,86.0,-23.0,1.2,-11.5,0.9,-3.8,-0.5,5.9,-3.4,12.8,-2.0,0.0,GHG emissions 1.87M tons of GHG emissions,Nutrition 3.45bn bananas,https://uprightplatform.com/company/831fefe9-8df0-412b-82dd-e5e2bccc938b/CF%20Industries/
MKC,MCCORMICK,MCCORMICK,Food and Beverage,6662.2,13800.0,14.0,55.0,-12.5,0.5,-4.8,0.3,-2.7,-0.2,6.8,-4.6,14.7,-1.5,0.0,GHG emissions 764k tons of GHG emissions,Nutrition 3.05bn bananas,https://uprightplatform.com/company/d44f2083-866a-49bb-9b3a-d50f69b0d68c/McCormick/
WELL,WELLTOWER,WELLTOWER,Real Estate,6569.28,533.0,61.0,12.0,-7.7,1.3,-3.7,0.9,-0.8,-0.6,22.9,-1.5,6.7,-2.3,0.0,GHG emissions 578k tons of GHG emissions,Societal infrastructure 15.2M long-haul train rides,https://uprightplatform.com/company/b9c97c5b-2b1d-444b-ac93-549176ea36a6/Welltower/
NDAQ,NASDAQ,NASDAQ,Financial Services,6564.0,9492.0,23.0,48.0,-1.6,0.1,-0.7,0.1,-0.2,-0.6,6.0,-0.3,1.1,-6.2,3.9,Scarce human capital 6.70k scarce worker years,Taxes 3.59M days of primary education,https://uprightplatform.com/company/ad8d405a-80cc-41b2-b6c1-e3f9a3c279cd/Nasdaq/
TROW,T. ROWE PRICE,T. ROWE PRICE,Financial Services,6460.5,8158.0,-35.0,82.0,-1.5,0.2,-0.6,0.2,-0.2,-1.1,5.3,-0.2,0.8,-9.5,2.9,Scarce human capital 10.1k scarce worker years,Taxes 3.45M days of primary education,https://uprightplatform.com/company/077850ba-b1be-4bdb-b788-51a24a5316e5/T.%20Rowe%20Price/
ON,ON SEMICONDUCTOR,ON SEMICONDUCTOR,Computer Hardware,6398.8,26400.0,12.0,57.0,-7.7,0.8,-3.4,0.5,-1.0,-0.3,9.3,-1.2,1.0,-3.0,2.8,GHG emissions 516k tons of GHG emissions,Taxes 5.16M days of primary education,https://uprightplatform.com/company/4f44c6e6-ac68-40d1-ac2c-5d1d22932f7d/On%20Semiconductor/
IVZ,INVESCO,INVESCO,Financial Services,6377.1,7499.0,5.0,63.0,-2.6,0.4,-1.2,0.2,-0.4,-0.5,6.8,-0.5,1.2,-5.0,0.6,Scarce human capital 5.28k scarce worker years,Societal infrastructure 6.17M long-haul train rides,https://uprightplatform.com/company/34ebed8e-0bab-4881-afe8-75331e28ba4f/Invesco/
SPG,SIMON PROPERTY,SIMON PROPERTY,Real Estate,6364.5,2400.0,6.0,62.0,-10.5,0.4,-5.5,0.3,-2.1,-0.2,14.6,-1.4,1.1,-3.1,0.2,GHG emissions 833k tons of GHG emissions,Jobs 44.7k direct or indirect jobs,https://uprightplatform.com/company/8aa6a9a2-657e-4674-95a3-d7854ed7329f/Simon%20Property/
FTV,FORTIVE,FORTIVE,Industrial Manufacturing and Services,6195.2,18000.0,32.0,40.0,-6.8,0.8,-3.1,0.5,-1.1,-0.4,10.3,-1.2,3.3,-3.5,3.1,Scarce human capital 3.53k scarce worker years,Taxes 5.47M days of primary education,https://uprightplatform.com/company/b6db51ca-cf28-4d52-951c-ec7a7a278664/Fortive/
IRM,IRON MOUNTAIN,IRON MOUNTAIN,Corporate Services,5988.46,27000.0,45.0,26.0,-6.9,2.0,-3.2,1.5,-0.8,-0.3,15.8,-0.8,1.1,-3.3,1.6,Scarce human capital 3.20k scarce worker years,Jobs 52.6k direct or indirect jobs,https://uprightplatform.com/company/71cd85f6-eb95-4f64-bd53-13503de00f48/Iron%20Mountain/
MCO,MOODY'S,MOODY'S,Financial Services,5916.0,15913.0,29.0,42.0,-3.5,0.4,-1.8,0.2,-0.5,-0.6,8.4,-1.2,1.4,-5.4,5.2,Scarce human capital 5.28k scarce worker years,Taxes 3.89M days of primary education,https://uprightplatform.com/company/897349b3-a402-4509-bf93-60f827af6d98/Moody's/
EW,EDWARDS LIFESCIENCES,EDWARDS LIFESCIENCES,Hospitals and Healthcare,5883.8,15800.0,53.0,18.0,-3.6,0.2,-1.5,0.1,-0.4,-0.3,9.4,-3.5,11.9,-2.6,0.0,Physical diseases 16.3k life years,Physical diseases 41.0k life years,https://uprightplatform.com/company/4b1d8ade-fba7-47e5-9309-fd76a074c260/Edwards%20Lifesciences/
ANET,ARISTA NETWORKS,ARISTA NETWORKS,Computer Hardware,5860.17,4412.0,46.0,25.0,-4.7,0.4,-2.2,0.3,-0.6,-0.2,11.8,-1.4,1.2,-5.0,7.8,Scarce human capital 4.86k scarce worker years,Taxes 6.21M days of primary education,https://uprightplatform.com/company/e933fd97-7cbc-461c-b4ef-ae9a35e24da0/Arista%20Networks/
EQT,EQT CORPORATION,EQT CORPORATION,Energy and Environmental,5660.12,1461.0,-84.0,93.0,-33.2,0.9,-18.8,0.7,-5.0,-3.2,21.3,-3.1,0.2,-2.2,0.1,GHG emissions 2.55M tons of GHG emissions,Societal infrastructure 24.9M long-haul train rides,https://uprightplatform.com/company/cbf40fe8-2a48-4ec1-bdb2-926354e1d169/EQT%20Corporation/
PAYX,PAYCHEX,PAYCHEX,Financial Services,5571.7,19000.0,35.0,36.0,-2.7,0.2,-1.4,0.1,-0.3,-0.3,10.4,-0.8,1.6,-5.5,2.0,Scarce human capital 4.99k scarce worker years,Taxes 4.71M days of primary education,https://uprightplatform.com/company/17e8111b-8852-48e7-afef-548847fd3125/Paychex/
GL,GLOBE LIFE AND ACCIDENT INSURANCE,GLOBE LIFE AND ACCIDENT INSURANCE,Insurance,5542.35,3636.0,14.0,55.0,-1.4,0.1,-0.7,0.1,-0.2,-1.4,6.4,-0.3,2.6,-5.1,0.3,Scarce human capital 4.62k scarce worker years,Societal infrastructure 4.34M long-haul train rides,https://uprightplatform.com/company/e2b0b6aa-56f2-46c3-9f83-4096d1c94302/Globe%20Life%20And%20Accident%20Insurance/
HST,HOST HOTELS & RESORTS,HOST HOTELS & RESORTS,Real Estate,5524.0,163.0,-50.0,87.0,-20.5,0.2,-8.8,,-2.7,-0.7,13.9,-2.6,3.6,-2.7,0.0,GHG emissions 1.17M tons of GHG emissions,Taxes 6.55M days of primary education,https://uprightplatform.com/company/9f0d6b15-f04d-4eb9-8662-f8a04bf55a0e/Host%20Hotels%20%26%20Resorts/
DLR,DIGITAL REALTY,DIGITAL REALTY,Real Estate,5477.06,3936.0,45.0,26.0,-5.8,2.1,-2.8,1.8,-0.5,-0.2,11.7,-1.2,1.0,-6.0,9.1,Scarce human capital 5.37k scarce worker years,Taxes 6.21M days of primary education,https://uprightplatform.com/company/4d84cfbd-fedc-40dc-a76e-1017a1f96a35/Digital%20Realty/
ZBRA,ZEBRA TECHNOLOGIES,ZEBRA TECHNOLOGIES,Computer Hardware,5396.0,10700.0,18.0,52.0,-7.9,0.8,-3.8,0.5,-1.0,-0.4,9.9,-1.5,1.3,-3.3,3.9,GHG emissions 497k tons of GHG emissions,Taxes 4.50M days of primary education,https://uprightplatform.com/company/50bcace4-b5be-46d6-b5be-8af4447669fd/Zebra%20Technologies/
FTNT,FORTINET,FORTINET,Corporate Services,5304.8,13568.0,41.0,30.0,-4.8,0.2,-2.0,0.1,-0.5,-0.3,13.0,-1.0,1.7,-6.1,5.9,Scarce human capital 5.30k scarce worker years,Taxes 5.32M days of primary education,https://uprightplatform.com/company/12a18c72-e420-4016-ab7f-dbdae10d863f/Fortinet/
MRNA,MODERNA,MODERNA,Pharmaceuticals and Biotechnology,5153.0,5800.0,83.0,1.0,-6.6,0.2,-2.5,,-1.3,-1.3,9.0,-3.1,74.2,-3.5,1.1,Scarce human capital 2.99k scarce worker years,Physical diseases 302k life years,https://uprightplatform.com/company/2d7c9b12-d093-4626-ba77-973053339a5e/Moderna/
ALB,ALBEMARLE,ALBEMARLE,Chemicals,5142.73,8300.0,-43.0,85.0,-21.0,3.5,-11.6,2.3,-3.4,-0.7,11.5,-4.1,4.5,-2.4,0.1,GHG emissions 1.43M tons of GHG emissions,Societal infrastructure 6.51M long-haul train rides,https://uprightplatform.com/company/3771b586-44f2-47a8-843d-babd4f0e7118/Albemarle/
KEYS,KEYSIGHT TECHNOLOGIES,KEYSIGHT TECHNOLOGIES,Industrial Manufacturing and Services,4979.0,15500.0,31.0,40.0,-5.6,0.8,-2.6,0.5,-0.6,-1.1,11.9,-2.5,1.4,-5.0,6.6,Scarce human capital 4.12k scarce worker years,Taxes 5.24M days of primary education,https://uprightplatform.com/company/ffe88211-1845-432a-9c5b-9b886f888aa4/Keysight%20Technologies/
VTR,VENTAS,VENTAS,Real Estate,4801.6,486.0,42.0,30.0,-7.5,0.6,-3.8,0.5,-0.8,-0.5,14.9,-1.2,4.9,-2.9,0.3,GHG emissions 436k tons of GHG emissions,Jobs 31.2k direct or indirect jobs,https://uprightplatform.com/company/78da620f-641e-4f51-b371-dc3528809e26/Ventas/
AWK,AMERICAN WATER,AMERICAN WATER,Energy and Environmental,4684.0,6700.0,67.0,7.0,-7.7,4.2,-4.2,0.5,-1.5,-0.4,29.4,-1.6,4.0,-2.9,0.2,GHG emissions 467k tons of GHG emissions,Societal infrastructure 19.3M long-haul train rides,https://uprightplatform.com/company/4929bbef-71ef-42c8-b63b-4c36d6022041/American%20Water/
CBOE,CBOE GLOBAL MARKETS,CBOE GLOBAL MARKETS,Financial Services,4531.8,1685.0,-21.0,77.0,-1.5,0.1,-0.7,0.1,-0.2,-0.7,5.5,-0.3,0.8,-6.8,1.3,Scarce human capital 5.03k scarce worker years,Taxes 2.28M days of primary education,https://uprightplatform.com/company/b277c8e3-36a3-4c1a-a4a7-357d1f0cbbc1/Cboe%20Global%20Markets/
HAS,HASBRO,HASBRO,Consumer Product Manufacturing,4250.8,4985.0,13.0,56.0,-8.4,0.9,-3.6,0.8,-1.2,-1.3,8.5,-5.8,10.7,-2.2,0.2,GHG emissions 366k tons of GHG emissions,Meaning & joy 105M roller coaster rides,https://uprightplatform.com/company/0ea73391-a4b7-4c8c-b70e-7d443c5fee73/Hasbro/
GEN,GEN DIGITAL INC,GEN DIGITAL INC,Computer Software,4227.0,3500.0,44.0,27.0,-4.3,0.2,-1.8,0.1,-0.5,-0.4,13.7,-1.0,1.8,-6.9,6.4,Scarce human capital 4.78k scarce worker years,Taxes 4.61M days of primary education,https://uprightplatform.com/company/607b0a3e-f6f6-40eb-b515-22e191b7f141/Gen%20Digital%20Inc/
GNRC,GENERAC,GENERAC,Electronics,4124.7,9239.0,26.0,45.0,-13.1,3.8,-6.8,3.0,-2.2,-0.2,17.8,-1.5,0.9,-2.1,0.2,GHG emissions 675k tons of GHG emissions,Societal infrastructure 12.9M long-haul train rides,https://uprightplatform.com/company/62197c2f-16c0-420d-b076-bdbb5773eada/Generac/
PNR,PENTAIR,PENTAIR,Industrial Manufacturing and Services,4093.1,9750.0,30.0,42.0,-10.3,2.6,-5.5,0.9,-1.7,-0.3,14.4,-1.3,3.0,-2.2,0.0,GHG emissions 540k tons of GHG emissions,Societal infrastructure 7.38M long-haul train rides,https://uprightplatform.com/company/81e38bda-b127-4edc-85c7-e0e2d7e2880d/Pentair/
BF.B,BROWN-FORMAN,BROWN-FORMAN,Food and Beverage,3910.0,5000.0,-196.0,100.0,-8.8,0.3,-3.1,0.2,-2.2,-0.4,10.2,-45.6,8.5,-1.6,0.0,Physical diseases 82.7k life years,Taxes 5.27M days of primary education,https://uprightplatform.com/company/4a94f2ce-aa2e-4118-94d2-239d32af96b8/Brown-Forman/
MTD,METTLER-TOLEDO,METTLER-TOLEDO,Industrial Manufacturing and Services,3788.31,17300.0,25.0,46.0,-9.0,0.7,-4.1,0.4,-1.2,-0.2,10.5,-1.0,2.5,-3.3,4.3,GHG emissions 376k tons of GHG emissions,Taxes 3.41M days of primary education,https://uprightplatform.com/company/3d5ef53e-acd2-4fff-bc4f-2e53b93ab072/Mettler-Toledo/
IDXX,IDEXX LABORATORIES,IDEXX LABORATORIES,Pharmaceuticals and Biotechnology,3660.95,11000.0,43.0,28.0,-7.1,0.7,-3.0,0.1,-0.6,-0.4,9.7,-2.2,8.9,-2.7,2.2,GHG emissions 264k tons of GHG emissions,Taxes 3.22M days of primary education,https://uprightplatform.com/company/ca069db4-398f-406f-91c0-27e5bbbf05df/Idexx%20Laboratories/
EXR,EXTRA SPACE STORAGE,EXTRA SPACE STORAGE,Real Estate,3377.54,8012.0,20.0,50.0,-7.3,1.1,-3.8,0.9,-0.8,-0.5,13.3,-1.1,0.6,-3.2,0.0,GHG emissions 308k tons of GHG emissions,Societal infrastructure 4.77M long-haul train rides,https://uprightplatform.com/company/13651c65-810d-4b1b-849c-5832d02488e1/Extra%20Space%20Storage/
IEX,IDEX,IDEX,Industrial Manufacturing and Services,3273.9,9000.0,18.0,52.0,-13.2,2.0,-6.9,1.2,-2.2,-0.5,14.6,-1.6,3.8,-2.6,1.5,GHG emissions 542k tons of GHG emissions,Societal infrastructure 5.51M long-haul train rides,https://uprightplatform.com/company/5c03c6ae-64cd-41f0-b2e7-2e7589381f80/Idex/
BXP,BOSTON PROPERTIES,BOSTON PROPERTIES,Real Estate,3200.0,836.0,4.0,64.0,-11.1,0.7,-5.9,0.5,-1.4,-0.3,13.9,-1.2,1.5,-3.2,0.3,GHG emissions 450k tons of GHG emissions,Taxes 3.45M days of primary education,https://uprightplatform.com/company/3adf7057-5062-4cea-9ffc-1fc5f7d58366/Boston%20Properties/
WAT,WATERS,WATERS,Hospitals and Healthcare,3046.06,7600.0,39.0,33.0,-6.5,0.6,-3.3,0.3,-0.8,-0.4,10.4,-1.1,4.8,-3.4,2.7,Scarce human capital 1.71k scarce worker years,Taxes 2.57M days of primary education,https://uprightplatform.com/company/f24b7cbd-1e4f-46d5-83a8-6d1ff53b6a9a/Waters/
ARE,ALEXANDRIA REAL ESTATE EQUITIES,ALEXANDRIA REAL ESTATE EQUITIES,Real Estate,3038.95,514.0,41.0,31.0,-9.3,0.4,-4.2,0.3,-1.3,-1.0,15.9,-1.9,11.5,-5.5,2.1,Scarce human capital 2.73k scarce worker years,Physical diseases 22.5k life years,https://uprightplatform.com/company/ffe88ca4-1165-4c63-a680-38de4e770753/Alexandria%20Real%20Estate%20Equities/
FFIV,F5 NETWORKS,F5 NETWORKS,Corporate Services,3024.66,6557.0,46.0,25.0,-4.2,0.4,-1.9,0.2,-0.5,-0.3,13.3,-0.7,1.2,-6.7,7.1,Scarce human capital 3.33k scarce worker years,Taxes 3.45M days of primary education,https://uprightplatform.com/company/f0baf061-6ec1-40f6-8e23-d94dad9e1600/F5%20Networks/
MSCI,MSCI,MSCI,Corporate Services,2986.72,6208.0,28.0,43.0,-1.5,0.1,-0.7,0.1,-0.2,-0.1,6.8,-0.3,0.5,-6.3,4.1,Scarce human capital 3.10k scarce worker years,Taxes 1.98M days of primary education,https://uprightplatform.com/company/ccaf6862-0f0f-4a12-8575-997642608c71/MSCI/
SBAC,SBA COMMUNICATIONS,SBA COMMUNICATIONS,Real Estate,2724.52,1720.0,43.0,28.0,-5.9,0.6,-2.9,0.3,-0.6,-0.3,10.6,-3.6,5.7,-3.9,7.4,Scarce human capital 1.75k scarce worker years,Taxes 2.83M days of primary education,https://uprightplatform.com/company/d009ca1d-2b41-445f-ae45-f3bbde03df80/Sba%20Communications/
VRSK,VERISK ANALYTICS,VERISK ANALYTICS,Corporate Services,2681.4,7800.0,-30.0,81.0,-1.7,0.1,-0.9,0.1,-0.2,-1.2,6.0,-0.3,0.2,-5.0,0.0,Scarce human capital 2.18k scarce worker years,Taxes 1.45M days of primary education,https://uprightplatform.com/company/372590bf-cc7c-490c-b920-62a2ee1d8106/Verisk%20Analytics/
NDSN,NORDSON,NORDSON,Industrial Manufacturing and Services,2651.35,7900.0,-5.0,70.0,-11.7,2.0,-5.7,1.0,-1.9,-0.3,10.6,-1.8,1.6,-2.2,0.9,GHG emissions 362k tons of GHG emissions,Taxes 2.03M days of primary education,https://uprightplatform.com/company/c96518d3-3a8f-417e-b1a5-213ffb35dda9/Nordson/
FDS,FACTSET RESEARCH SYSTEMS,FACTSET RESEARCH SYSTEMS,Corporate Services,2401.06,12840.0,26.0,45.0,-1.5,0.1,-0.8,0.1,-0.2,-0.1,6.9,-0.4,0.6,-6.0,3.2,Scarce human capital 2.36k scarce worker years,Taxes 1.65M days of primary education,https://uprightplatform.com/company/11b03530-ec7c-4d4e-aaad-6c415463692c/Factset%20Research%20Systems/
DOC,HEALTHPEAK PROPERTIES,HEALTHPEAK PROPERTIES,Real Estate,2181.0,387.0,32.0,40.0,-8.0,0.3,-4.0,0.2,-1.0,-0.5,13.7,-0.7,3.9,-3.5,0.7,GHG emissions 211k tons of GHG emissions,Taxes 1.98M days of primary education,https://uprightplatform.com/company/6511fcdf-3443-42be-926e-6c3882a32921/Healthpeak%20Properties/
KIM,KIMCO REALTY,KIMCO REALTY,Real Estate,2123.06,717.0,0.0,66.0,-7.4,0.4,-3.5,0.3,-1.2,-0.2,10.0,-0.5,0.9,-3.4,0.1,GHG emissions 176k tons of GHG emissions,Taxes 1.59M days of primary education,https://uprightplatform.com/company/59b8c35c-e971-453b-997d-546d364c8af9/Kimco%20Realty/
TYL,TYLER TECHNOLOGIES,TYLER TECHNOLOGIES,Computer Software,2077.61,7462.0,49.0,22.0,-3.2,0.4,-1.5,0.3,-0.4,-0.3,13.7,-0.5,0.7,-5.4,3.5,Scarce human capital 1.84k scarce worker years,Taxes 2.18M days of primary education,https://uprightplatform.com/company/6135af6c-307b-4fad-95a1-e0742130b0c2/Tyler%20Technologies/
APA,APA GROUP,APA GROUP,Energy and Environmental,1987.94,2271.0,-27.0,80.0,-27.2,3.7,-15.1,3.1,-4.3,-2.1,22.7,-2.2,0.5,-3.1,0.4,GHG emissions 719k tons of GHG emissions,Societal infrastructure 8.79M long-haul train rides,https://uprightplatform.com/company/97d30c8f-1ec6-44c5-b462-2cb366b15f7c/Apa%20Group/
ESS,ESSEX PROPERTY,ESSEX PROPERTY,Real Estate,1669.39,1715.0,10.0,59.0,-11.5,0.4,-6.4,0.3,-1.2,-0.4,16.1,-1.4,2.2,-3.6,0.0,GHG emissions 255k tons of GHG emissions,Taxes 1.88M days of primary education,https://uprightplatform.com/company/f451ccb6-0ce7-440d-9b06-78ed946a6010/Essex%20Property/
UDR,UDR,UDR,Real Estate,1620.66,1397.0,41.0,30.0,-11.3,2.0,-6.3,1.6,-1.2,-0.4,23.7,-1.1,1.5,-3.1,0.0,GHG emissions 245k tons of GHG emissions,Societal infrastructure 6.64M long-haul train rides,https://uprightplatform.com/company/a0118dee-3f0b-49aa-b0d1-562d0429e2f4/Udr/
REG,REGENCY CENTERS,REGENCY CENTERS,Real Estate,1553.52,507.0,-2.0,68.0,-8.1,0.2,-3.5,0.1,-1.4,-0.2,10.8,-0.4,0.3,-2.8,0.0,GHG emissions 129k tons of GHG emissions,Taxes 1.55M days of primary education,https://uprightplatform.com/company/deaffe7f-4f13-44b0-9001-a6914e21cea7/Regency%20Centers/
FRT,FEDERAL REALTY INVESTMENT,FEDERAL REALTY INVESTMENT,Real Estate,1165.79,304.0,-12.0,73.0,-9.7,0.2,-4.5,0.1,-1.3,-0.2,11.1,-0.5,0.5,-2.8,0.0,GHG emissions 125k tons of GHG emissions,Taxes 1.14M days of primary education,https://uprightplatform.com/company/26102880-057c-4fcc-870c-e823eb994b67/Federal%20Realty%20Investment/
BA,BOEING,BOEING,,66517.0,182000.0,-53.0,88.0,-13.7,0.8,-6.6,0.6,-2.4,-6.3,15.7,-8.0,2.0,-3.1,1.9,,,https://uprightplatform.com/company/a006e3ac-a68e-4bbb-adbb-d9d740c1b39c/Boeing/
MMM,3M,3M,,32681.0,85000.0,5.0,63.0,-11.6,1.1,-6.2,0.6,-1.7,-0.4,9.9,-1.7,4.9,-2.1,0.8,,,https://uprightplatform.com/company/501931ad-1212-425a-bdb1-adfda6590507/3M/
AOS,A.O. SMITH,A.O. SMITH,,3830.2,11500.0,28.0,43.0,-17.7,3.5,-9.6,2.1,-3.5,-0.6,26.3,-1.8,1.2,-2.3,0.2,,,https://uprightplatform.com/company/87cd361c-d974-472d-8bb3-d7ae85b75b19/A.O.%20Smith/
ACN,ACCENTURE,ACCENTURE,,64588.25,733000.0,33.0,39.0,-4.0,0.3,-1.9,0.2,-0.6,-1.1,11.8,-1.6,1.8,-4.9,3.2,,,https://uprightplatform.com/company/fa3ce74e-4f80-41df-a139-49330fb8d26b/Accenture/
AES,AES,AES,,12032.0,9100.0,-8.0,71.0,-27.4,7.3,-16.3,4.9,-4.1,-1.4,23.8,-2.6,0.5,-3.5,0.8,,,https://uprightplatform.com/company/5aeaf80d-b572-4f34-9bf6-648145fa7e25/AES/
ABNB,AIRBNB,AIRBNB,,12241.0,8200.0,71.0,4.0,-3.9,5.0,-1.2,2.5,-0.5,-0.1,13.3,-0.3,2.1,-2.9,4.1,,,https://uprightplatform.com/company/3970f097-62b4-4816-81f3-52849660514b/Airbnb/
AKAM,AKAMAI TECHNOLOGIES,AKAMAI TECHNOLOGIES,,4083.25,10811.0,34.0,38.0,-4.2,0.4,-1.9,0.3,-0.3,-0.4,12.0,-1.8,2.0,-6.1,4.5,,,https://uprightplatform.com/company/a51a9091-08e8-47f5-af1e-0e717964a1b6/Akamai%20Technologies/
ALGN,ALIGN TECHNOLOGY,ALIGN TECHNOLOGY,,4034.96,20945.0,52.0,19.0,-4.8,0.2,-1.9,0.1,-0.6,-0.2,9.4,-0.5,7.7,-2.8,0.2,,,https://uprightplatform.com/company/3f8eb097-853f-4ca5-85ab-71e4018b7410/Align%20Technology/
ALLE,ALLEGION,ALLEGION,,3674.8,12400.0,67.0,7.0,-4.5,0.5,-2.7,0.3,-0.6,-0.1,20.6,-0.4,1.7,-2.8,0.8,,,https://uprightplatform.com/company/8a2212f6-db87-4d86-bd6b-147b3511be50/Allegion/
LNT,ALLIANT ENERGY,ALLIANT ENERGY,,4275.0,3281.0,23.0,48.0,-22.3,9.3,-11.4,7.7,-3.5,-1.2,28.1,-2.1,0.5,-4.0,0.5,,,https://uprightplatform.com/company/e0987bd7-a4d4-4e8a-8307-b7c4893146e2/Alliant%20Energy/
MO,ALTRIA,ALTRIA,,20444.0,6200.0,-774.0,100.0,-9.1,0.0,-1.4,,-2.5,-9.5,17.2,-157.2,3.1,-1.9,0.0,,,https://uprightplatform.com/company/c7698125-7245-4bd4-8860-e3316eb281d2/Altria/
AEE,AMEREN,AMEREN,,7500.0,9372.0,25.0,46.0,-23.3,6.7,-12.6,5.8,-3.5,-1.1,34.8,-2.7,0.4,-4.6,0.3,,,https://uprightplatform.com/company/4c153976-d803-4b0d-9226-f1bb78892039/Ameren/
AEP,AMERICAN ELECTRIC POWER,AMERICAN ELECTRIC POWER,,19721.0,17581.0,13.0,56.0,-23.1,6.8,-13.7,5.6,-2.9,-0.9,26.5,-2.2,0.4,-3.7,0.7,,,https://uprightplatform.com/company/73c21169-9835-4426-b39f-fec6df3dea8a/American%20Electric%20Power/
AME,AMETEK,AMETEK,,6980.19,21500.0,-9.0,72.0,-12.4,1.3,-6.7,0.9,-1.9,-0.3,11.2,-1.4,1.1,-2.3,1.5,,,https://uprightplatform.com/company/fd421761-1ed2-4817-8827-3282b55ef109/Ametek/
APH,AMPHENOL,AMPHENOL,,13392.7,125000.0,14.0,55.0,-9.4,0.7,-4.1,0.4,-1.4,-0.6,11.3,-1.5,0.7,-2.8,3.9,,,https://uprightplatform.com/company/7de4d2ea-36d2-4ea4-9e6c-b79d9fc97079/Amphenol/
ADI,ANALOG DEVICES,ANALOG DEVICES,,11019.71,24000.0,24.0,47.0,-7.8,1.0,-3.7,0.7,-1.1,-0.3,11.1,-1.4,1.1,-3.2,3.5,,,https://uprightplatform.com/company/35a057ed-c8c0-48b0-a4d5-ffa0ad80676f/Analog%20Devices/
AON,AON,AON,,16357.0,60000.0,12.0,57.0,-2.2,0.2,-1.1,0.1,-0.3,-0.7,5.9,-0.5,2.3,-4.6,0.5,,,https://uprightplatform.com/company/72574e42-ec4b-4636-b7c2-728a92af1493/AON/
APO,APOLLO GLOBAL MANAGEMENT,APOLLO GLOBAL MANAGEMENT,,26262.0,4879.0,9.0,60.0,-2.2,0.4,-1.0,0.2,-0.3,-0.4,7.7,-0.5,0.8,-5.3,0.3,,,https://uprightplatform.com/company/c0e0cbd5-279f-4dc3-9262-b8a0b6d9be72/Apollo%20Global%20Management/
APP,APPLOVIN,APPLOVIN,,5805.76,898.0,-17.0,76.0,-6.7,0.1,-4.0,0.1,-0.3,-0.1,11.6,-2.5,0.6,-7.2,1.7,,,https://uprightplatform.com/company/87d0aed0-3a08-453c-8ab3-0fcbcb3b29fa/AppLovin/
ARES,ARES MANAGEMENT,ARES MANAGEMENT,,3427.88,2100.0,23.0,47.0,-4.5,0.4,-2.4,0.3,-0.6,-0.4,11.1,-0.6,1.6,-4.9,0.5,,,https://uprightplatform.com/company/75f79f30-c82b-4cc7-a1ef-e4943f3a036c/Ares%20Management/
ATO,ATMOS ENERGY,ATMOS ENERGY,,4623.22,5260.0,-44.0,86.0,-32.5,1.2,-17.6,0.9,-5.3,-2.0,25.9,-2.5,0.4,-2.7,0.1,,,https://uprightplatform.com/company/2ca25638-97cb-42d1-b98f-102b904b0f05/Atmos%20Energy/
AZO,AUTOZONE,AUTOZONE,,18490.0,75600.0,-42.0,85.0,-12.3,0.8,-6.9,0.6,-1.7,-0.1,10.8,-1.7,0.6,-3.2,0.0,,,https://uprightplatform.com/company/b92427a1-0f30-4e78-a50f-afaf90085029/AutoZone/
AVY,AVERY DENNISON,AVERY DENNISON,,8855.5,35000.0,-65.0,90.0,-13.4,1.7,-7.5,1.2,-2.0,-0.6,7.3,-2.3,1.5,-2.2,0.7,,,https://uprightplatform.com/company/8874360e-1529-43a6-bddc-6a5039e15609/Avery%20Dennison/
BRK.B,BERKSHIRE HATHAWAY,BERKSHIRE HATHAWAY,,371433.0,392400.0,-12.0,73.0,-11.4,1.8,-5.4,1.3,-1.7,-0.8,10.4,-2.5,3.1,-3.0,0.5,,,https://uprightplatform.com/company/1ee6e253-fe24-4287-9937-319a6e41519d/Berkshire%20Hathaway/
TECH,BIO-TECHNE,BIO-TECHNE,,1136.7,3100.0,62.0,11.0,-5.8,0.2,-2.4,0.1,-0.7,-0.8,11.9,-0.9,14.3,-4.0,3.4,,,https://uprightplatform.com/company/fc49b3d9-f248-4bee-9607-34038a7ed56a/Bio-Techne/
BX,BLACKSTONE,BLACKSTONE,,10328.82,4895.0,2.0,65.0,-3.7,0.5,-1.8,0.4,-0.5,-0.3,7.2,-0.4,0.9,-4.4,0.3,,,https://uprightplatform.com/company/460fe7bf-32b2-414a-95cf-54df65b4462e/Blackstone/
XYZ,BLOCK,BLOCK,,24121.0,11372.0,-213.0,100.0,-28.6,0.2,-26.4,0.1,-0.3,-6.2,12.4,-0.4,0.5,-7.5,0.6,,,https://uprightplatform.com/company/1d530a81-d4a6-4dde-850d-c8d823b605b2/Block/
BKNG,BOOKING,BOOKING,,23739.0,24300.0,12.0,57.0,-4.7,0.0,-2.0,0.0,-0.8,-0.1,9.1,-0.6,0.9,-5.6,2.3,,,https://uprightplatform.com/company/1379b1cf-e0ed-4921-bc3a-a1fae36918b8/Booking/
AVGO,BROADCOM,BROADCOM,,52432.0,37000.0,34.0,38.0,-5.6,0.6,-2.5,0.4,-0.6,-0.3,10.7,-1.2,1.1,-4.7,5.6,,,https://uprightplatform.com/company/ff11e965-f8f4-4d22-aa96-5abfa241dbd9/Broadcom/
BRO,BROWN & BROWN,BROWN & BROWN,,5058.0,17403.0,13.0,56.0,-2.2,0.1,-1.1,0.1,-0.3,-0.5,6.2,-0.5,1.9,-4.4,0.5,,,https://uprightplatform.com/company/0e011ec6-65ad-44cb-92a1-7f214af25062/Brown%20%26%20Brown/
BLDR,BUILDERS FIRSTSOURCE,BUILDERS FIRSTSOURCE,,17032.82,29000.0,1.0,65.0,-11.8,1.5,-6.1,1.3,-1.5,-0.7,12.0,-1.2,1.0,-1.5,0.9,,,https://uprightplatform.com/company/151bfe02-3c03-439f-803b-9d79bc05201f/Builders%20FirstSource/
BG,BUNGE LIMITED,BUNGE LIMITED,,51334.0,37000.0,-4.0,69.0,-17.1,1.6,-6.8,1.1,-2.8,-0.4,7.6,-4.5,13.5,-1.5,0.1,,,https://uprightplatform.com/company/90f46343-351d-4e58-b009-6b6fe9d70f81/Bunge%20Limited/
CDNS,CADENCE DESIGN SYSTEMS,CADENCE DESIGN SYSTEMS,,5089.29,13152.0,14.0,55.0,-7.9,0.3,-3.1,0.2,-1.1,-0.2,10.2,-0.9,0.6,-3.7,3.7,,,https://uprightplatform.com/company/c7acd3e4-35e4-4fb9-b923-e6c10b912227/Cadence%20Design%20Systems/
CPT,CAMDEN PROPERTY,CAMDEN PROPERTY,,1573.54,1640.0,16.0,54.0,-13.5,0.6,-8.2,0.4,-1.4,-0.6,18.5,-0.8,1.5,-2.9,0.6,,,https://uprightplatform.com/company/06d3e78b-369e-46ee-a0eb-c36f5b113901/Camden%20Property/
CCL,CARNIVAL,CARNIVAL,,26976.0,112000.0,-51.0,87.0,-20.0,1.9,-11.1,1.2,-4.1,-0.2,10.7,-1.3,3.6,-3.2,0.2,,,https://uprightplatform.com/company/a91790e7-0204-42d1-804d-0f84d1ab1fb7/Carnival/
CVNA,CARVANA,CARVANA,,14520.0,16600.0,-7.0,71.0,-16.2,1.9,-8.1,1.3,-2.7,-0.4,19.0,-5.4,2.5,-5.1,1.8,,,https://uprightplatform.com/company/b94e2fc5-3e48-42a9-92c3-37e0f6efe95d/Carvana/
CASY,CASEY'S GENERAL STORES,CASEY'S GENERAL STORES,,14862.91,23338.0,-55.0,88.0,-24.6,0.7,-13.0,0.5,-4.4,-0.7,20.1,-7.7,2.8,-3.7,0.1,,,https://uprightplatform.com/company/1d22bfdc-043a-4fcc-b948-33ea9833e1e2/Casey's%20General%20Stores/
CDW,CDW,CDW,,20999.0,15100.0,27.0,44.0,-6.8,0.6,-2.8,0.4,-0.6,-0.6,9.8,-2.6,2.6,-4.4,6.7,,,https://uprightplatform.com/company/6b58ac5d-2fb4-4933-b64d-6f792517695c/CDW/
CRL,CHARLES RIVER LABORATORIES,CHARLES RIVER LABORATORIES,,4028.62,18600.0,63.0,9.0,-4.8,0.0,-1.5,,-1.0,-1.2,11.0,-2.7,22.2,-5.1,4.1,,,https://uprightplatform.com/company/86ed38ec-4a86-4370-9e69-5c70e2d291fd/Charles%20River%20Laboratories/
CMG,CHIPOTLE MEXICAN GRILL,CHIPOTLE MEXICAN GRILL,,11925.6,116068.0,-56.0,89.0,-15.8,0.7,-5.2,0.5,-2.8,-0.4,9.9,-17.1,11.7,-1.6,0.0,,,https://uprightplatform.com/company/9ffcae30-5d8e-46e7-a32d-9f58c1a41aeb/Chipotle%20Mexican%20Grill/
CHD,CHURCH & DWIGHT,CHURCH & DWIGHT,,6203.2,5750.0,-4.0,69.0,-11.4,0.4,-5.0,0.3,-2.1,-0.3,7.0,-2.2,8.1,-2.2,0.0,,,https://uprightplatform.com/company/0fb2608c-ae19-48f2-8459-2dfb6549155a/Church%20%26%20Dwight/
CIEN,CIENA,CIENA,,5124.29,8898.0,42.0,29.0,-5.4,0.4,-2.3,0.3,-0.7,-0.2,12.0,-1.9,1.3,-5.1,8.3,,,https://uprightplatform.com/company/7493d554-d52e-4b16-8cd0-e060af878e6d/Ciena/
CINF,CINCINNATI FINANCIAL,CINCINNATI FINANCIAL,,11672.0,5624.0,-16.0,75.0,-4.8,0.3,-2.5,0.2,-0.8,-0.6,7.6,-0.8,1.0,-4.2,0.1,,,https://uprightplatform.com/company/25d24cdb-3d96-4301-b256-8c8c2d8238ca/Cincinnati%20Financial/
CFG,CITIZENS FINANCIAL,CITIZENS FINANCIAL,,8224.0,17354.0,30.0,42.0,-4.0,0.2,-2.3,0.1,-0.5,-0.5,11.3,-1.1,2.1,-5.1,1.7,,,https://uprightplatform.com/company/72551a59-58f5-4f49-82cd-780b6e719a11/Citizens%20Financial/
CLX,CLOROX,CLOROX,,7104.0,7600.0,-31.0,81.0,-12.4,0.6,-5.4,0.3,-2.2,-0.5,6.8,-2.9,6.0,-1.8,0.0,,,https://uprightplatform.com/company/ea8157d5-9821-40c0-ac35-9fc06a5d9dd8/Clorox/
CMS,CMS ENERGY,CMS ENERGY,,8017.0,8324.0,-11.0,73.0,-28.9,6.2,-16.5,5.2,-4.4,-1.5,25.5,-2.6,0.5,-3.5,0.6,,,https://uprightplatform.com/company/b976fa0b-078b-43db-a445-e9c2c288d894/CMS%20Energy/
COHR,COHERENT,COHERENT,,6043.36,30216.0,12.0,57.0,-9.2,1.2,-4.0,0.8,-1.3,-0.3,10.4,-1.5,1.3,-2.8,2.9,,,https://uprightplatform.com/company/0885467f-4c2a-4922-bd98-2dd2f9850371/Coherent/
FIX,COMFORT SYSTEMS USA,COMFORT SYSTEMS USA,,3879.26,14100.0,32.0,40.0,-11.3,2.1,-6.1,1.4,-1.5,-0.5,16.5,-1.6,2.7,-1.8,1.1,,,https://uprightplatform.com/company/716ba5a0-3547-43de-a658-898daad9c442/Comfort%20Systems%20Usa/
COO,COOPER COMPANIES,COOPER COMPANIES,,4045.7,16000.0,53.0,19.0,-5.1,0.1,-2.5,,-0.2,-1.8,8.6,-2.5,15.7,-2.1,0.0,,,https://uprightplatform.com/company/d3b9d791-7a83-4880-9ea5-ec6ead76f2c5/Cooper%20Companies/
CPRT,COPART,COPART,,4646.96,11700.0,-19.0,76.0,-20.0,2.2,-10.5,1.5,-4.4,-0.3,18.1,-5.9,1.8,-3.5,3.1,,,https://uprightplatform.com/company/cdf49235-cef4-4943-ae48-c1c637803625/Copart/
CPAY,CORPAY,CORPAY,,3791.64,11200.0,21.0,49.0,-5.7,0.8,-2.8,0.6,-1.0,-0.2,13.2,-0.8,0.3,-5.1,0.8,,,https://uprightplatform.com/company/c6b1ede4-09e9-42df-a4b4-e6b04ca24717/Corpay/
CSGP,COSTAR,COSTAR,,2598.93,6593.0,50.0,21.0,-4.7,0.4,-2.3,0.3,-0.4,-0.1,16.3,-0.5,0.7,-4.1,1.2,,,https://uprightplatform.com/company/6fbf5a42-7b64-4498-96a5-04bfa6298fbc/CoStar/
COST,COSTCO,COSTCO,,254453.0,341000.0,-26.0,79.0,-15.0,0.7,-6.8,0.5,-2.2,-0.6,13.3,-7.8,6.7,-3.5,0.6,,,https://uprightplatform.com/company/f65edd8d-9eac-4122-87ef-ecc19700ef8d/Costco/
CRH,CRH,CRH,,36347.0,79800.0,-49.0,87.0,-20.6,1.2,-10.9,0.8,-2.8,-0.7,14.6,-2.5,1.0,-1.6,0.2,,,https://uprightplatform.com/company/61fec298-6fdf-43eb-9fdd-8c3dfe3c1117/CRH/
CCI,CROWN CASTLE,CROWN CASTLE,,4842.0,5000.0,14.0,55.0,-16.5,1.4,-8.0,1.0,-1.8,-0.3,18.1,-1.7,1.6,-2.6,3.6,,,https://uprightplatform.com/company/b3283ee3-5405-405d-b747-7ed29a192f94/Crown%20Castle/
DHR,DANAHER,DANAHER,,23875.0,63000.0,61.0,12.0,-5.6,0.2,-2.4,0.1,-0.8,-0.6,12.2,-0.9,11.8,-4.1,4.7,,,https://uprightplatform.com/company/ee726ffb-cf46-4c92-baf9-4a0b00f4a90e/Danaher/
DDOG,DATADOG,DATADOG,,3427.16,8100.0,46.0,25.0,-4.6,0.5,-2.1,0.3,-0.5,-0.3,14.8,-0.8,1.4,-7.1,7.3,,,https://uprightplatform.com/company/64174d79-a440-433a-9a17-e5a62f83677c/Datadog/
DELL,DELL TECHNOLOGIES,DELL TECHNOLOGIES,,95567.0,108000.0,35.0,37.0,-5.3,0.5,-2.4,0.4,-0.6,-0.4,9.3,-1.2,0.9,-5.0,7.6,,,https://uprightplatform.com/company/21cd3097-45c4-47f9-b36b-3618e8fb8b1a/Dell%20Technologies/
DAL,DELTA AIR LINES,DELTA AIR LINES,,61643.0,103000.0,-127.0,98.0,-29.0,1.0,-15.1,0.7,-5.2,-0.9,12.2,-5.8,3.9,-3.2,0.1,,,https://uprightplatform.com/company/16794cac-8c0a-4cc0-8009-689d04ff3c75/Delta%20Air%20Lines/
DXCM,DEXCOM,DEXCOM,,4662.0,11000.0,75.0,3.0,-2.9,0.2,-1.9,0.1,-0.1,-0.1,8.5,-0.3,14.1,-3.7,4.8,,,https://uprightplatform.com/company/4e490d56-25ab-4303-9645-d56497c980d3/Dexcom/
FANG,DIAMONDBACK ENERGY,DIAMONDBACK ENERGY,,8714.0,1983.0,-95.0,95.0,-30.4,0.5,-17.2,0.4,-5.3,-3.2,18.3,-4.8,0.6,-3.5,2.1,,,https://uprightplatform.com/company/e3b2422c-e024-4b2a-9adc-36a1fb604db7/Diamondback%20Energy/
D,DOMINION ENERGY,DOMINION ENERGY,,15227.0,14700.0,35.0,37.0,-21.0,9.2,-11.3,7.9,-3.1,-0.8,35.1,-2.5,0.5,-4.8,0.3,,,https://uprightplatform.com/company/b7e98fb3-dfbe-4ed8-b456-0ca6be2b24ad/Dominion%20Energy/
DASH,DOORDASH,DOORDASH,,12635.0,31400.0,-14.0,74.0,-23.6,4.0,-10.6,3.7,-5.8,-1.2,20.4,-10.5,8.6,-2.5,0.0,,,https://uprightplatform.com/company/ae7c2bd9-5c35-4071-ac83-606fb5de6efd/DoorDash/
DHI,D. R. HORTON,D. R. HORTON,,36801.0,14766.0,22.0,49.0,-15.2,0.5,-9.2,0.3,-1.7,-0.6,23.1,-1.4,2.0,-2.8,0.1,,,https://uprightplatform.com/company/bef4d4ff-16df-4e5b-bbd3-ec0d7d3a8990/D.%20R.%20Horton/
DTE,DTE ENERGY,DTE ENERGY,,12745.0,9950.0,-49.0,87.0,-30.9,5.0,-19.4,4.0,-4.2,-1.5,19.5,-3.4,0.7,-3.4,1.1,,,https://uprightplatform.com/company/fb05a3f7-9b78-49f5-826a-ac45b18ca3e1/DTE%20Energy/
DUK,DUKE ENERGY,DUKE ENERGY,,29938.0,26413.0,-2.0,68.0,-26.0,8.8,-14.7,6.9,-3.8,-1.6,22.9,-2.8,0.5,-3.4,0.7,,,https://uprightplatform.com/company/807d77a5-6a1d-42f8-915f-dda001724e5b/Duke%20Energy/
DD,DUPONT,DUPONT,,12192.0,24000.0,16.0,53.0,-12.4,2.4,-6.6,1.1,-1.9,-0.6,13.5,-2.1,3.9,-2.4,1.2,,,https://uprightplatform.com/company/e0c8a803-366e-4a1a-afc7-033624590dbd/DuPont/
ECHO,ECHOSTAR,ECHOSTAR,,15175.91,13700.0,40.0,32.0,-6.2,0.5,-3.4,0.4,-0.7,-0.3,13.7,-1.9,1.8,-5.5,6.9,,,https://uprightplatform.com/company/22d7ab32-b601-4c0c-ba3b-9c49d4f5e8b7/Echostar/
EME,EMCOR,EMCOR,,15638.72,40400.0,25.0,46.0,-10.2,2.0,-5.1,1.3,-1.6,-0.3,12.7,-1.0,1.9,-2.0,1.4,,,https://uprightplatform.com/company/0e370824-ed74-47ae-beb6-4056b76ae2ed/Emcor/
EFX,EQUIFAX,EQUIFAX,,5265.0,15000.0,53.0,18.0,-2.9,0.2,-1.4,0.1,-0.3,-0.2,11.3,-0.7,0.6,-5.1,6.8,,,https://uprightplatform.com/company/eedcc02b-4d9a-4127-85f4-413288c3f300/Equifax/
ERIE,ERIE INDEMNITY,ERIE INDEMNITY,,4067.26,6667.0,-2.0,68.0,-2.7,0.1,-1.4,0.1,-0.4,-0.9,6.6,-0.5,1.8,-4.6,0.0,,,https://uprightplatform.com/company/73b776f7-0e3e-4a08-af1d-eba9595d4b3d/Erie%20Indemnity/
EVRG,EVERGY,EVERGY,,5508.2,4658.0,-39.0,84.0,-32.3,7.1,-21.0,5.5,-4.0,-1.2,20.7,-3.8,0.6,-3.3,0.9,,,https://uprightplatform.com/company/82cad1ea-6e06-4ab7-92ac-330cae507d2f/Evergy/
EXE,EXPAND ENERGY CORPORATION,EXPAND ENERGY CORPORATION,,12189.0,1700.0,-109.0,96.0,-27.4,0.8,-15.6,0.6,-4.4,-3.2,14.7,-2.9,0.4,-2.5,1.4,,,https://uprightplatform.com/company/0e00ffd4-b557-4cb9-b73e-66ec8a3131d6/Expand%20Energy%20Corporation/
EXPE,EXPEDIA,EXPEDIA,,12893.0,16500.0,9.0,60.0,-7.8,0.5,-3.5,0.4,-1.1,-0.2,11.0,-1.2,2.1,-4.6,1.4,,,https://uprightplatform.com/company/8e98e3f5-9246-4761-90e5-0ae29ce55512/Expedia/
XOM,EXXON MOBIL,EXXON MOBIL,,349585.0,61000.0,-100.0,95.0,-31.6,1.1,-17.1,0.7,-5.8,-1.8,18.8,-6.2,0.9,-2.3,0.2,,,https://uprightplatform.com/company/962a29cc-a3bd-48ef-8b0e-f2a3fb8e5e1d/Exxon%20Mobil/
FAST,FASTENAL,FASTENAL,,7346.7,23201.0,-17.0,76.0,-10.0,0.3,-5.4,0.2,-0.9,-0.1,9.7,-0.5,1.0,-2.3,0.0,,,https://uprightplatform.com/company/c21b0ef0-38a1-4e44-abad-4f88aa1d5576/Fastenal/
FDX,FEDEX,FEDEX,,87693.0,237000.0,-35.0,83.0,-23.0,2.2,-11.5,1.8,-6.0,-0.8,16.7,-3.5,2.2,-2.1,0.7,,,https://uprightplatform.com/company/fad73050-ad19-4431-8f58-1bd5093505f2/FedEx/
FERG,FERGUSON,FERGUSON,,31159.0,,-31.0,81.0,-11.2,0.6,-5.5,0.4,-1.5,-0.3,9.7,-1.1,1.1,-2.4,0.0,,,https://uprightplatform.com/company/1563d688-9937-45cb-84b8-9f6f36bdf703/Ferguson/
FSLR,FIRST SOLAR,FIRST SOLAR,,4343.44,8100.0,68.0,5.0,-8.6,12.2,-4.2,8.1,-1.2,-0.2,24.3,-0.9,0.8,-2.3,0.7,,,https://uprightplatform.com/company/211f3e20-1b56-4452-a509-f6bc58a3e30b/First%20Solar/
FE,FIRSTENERGY,FIRSTENERGY,,12870.0,12294.0,21.0,49.0,-23.5,8.1,-13.0,7.0,-3.5,-1.2,30.9,-2.7,0.5,-4.3,0.6,,,https://uprightplatform.com/company/8451b3b2-8c23-4e02-b7fe-051344bf8887/FirstEnergy/
FISV,FISERV,FISERV,,20456.0,38000.0,17.0,53.0,-4.0,0.2,-1.9,0.1,-0.3,-0.3,10.3,-0.4,0.5,-4.8,0.5,,,https://uprightplatform.com/company/79a3270f-c704-4ff3-9596-34944452bf2b/Fiserv/
FLEX,FLEX,FLEX,,26333.0,148000.0,27.0,44.0,-7.7,1.0,-3.3,0.6,-0.9,-0.6,10.2,-2.6,3.5,-3.6,5.1,,,https://uprightplatform.com/company/abaa4166-22b8-4a30-8187-42730eea6458/Flex/
GRMN,GARMIN,GARMIN,,5500.0,19900.0,32.0,40.0,-7.9,0.3,-2.7,0.2,-0.7,-0.5,10.6,-2.0,7.8,-5.3,4.2,,,https://uprightplatform.com/company/e0be0a3b-d0a2-4983-98c7-282b0d1c5480/Garmin/
IT,GARTNER,GARTNER,,6497.23,20994.0,72.0,4.0,-2.8,0.1,-1.3,0.1,-0.2,-0.8,9.1,-0.7,1.2,-5.6,25.0,,,https://uprightplatform.com/company/5204d693-0d1e-4cd2-aaea-8ebda81e37f4/Gartner/
GEV,GE VERNOVA,GE VERNOVA,,34935.0,75000.0,30.0,41.0,-18.2,10.8,-8.7,8.5,-3.0,-1.0,21.3,-1.2,0.5,-3.1,1.0,,,https://uprightplatform.com/company/99def040-c878-44d2-88ed-e19f68b1c384/GE%20Vernova/
GD,GENERAL DYNAMICS,GENERAL DYNAMICS,,47716.0,111600.0,-76.0,92.0,-13.2,0.9,-6.2,0.6,-1.9,-10.0,17.1,-11.3,2.0,-3.7,1.8,,,https://uprightplatform.com/company/b39cb72e-2a39-43d0-a57b-f0e5345c0954/General%20Dynamics/
GPC,GENUINE PARTS,GENUINE PARTS,,23487.0,63000.0,-17.0,76.0,-9.2,0.7,-4.7,0.5,-1.0,-0.1,8.9,-0.6,0.6,-2.2,0.0,,,https://uprightplatform.com/company/07d1eb03-98f7-4a03-b1c4-3e8171545184/Genuine%20Parts/
GDDY,GODADDY,GODADDY,,4254.1,6159.0,25.0,46.0,-3.5,0.2,-1.7,0.2,-0.3,-0.3,10.3,-0.8,0.7,-5.5,2.3,,,https://uprightplatform.com/company/d7c471f5-bf33-4d0e-abf9-2c2b4e0d77d5/GoDaddy/
HCA,HCA HEALTHCARE,HCA HEALTHCARE,,59800.0,207000.0,61.0,11.0,-5.6,0.2,-2.1,,-1.0,-1.3,16.3,-4.2,22.6,-4.0,0.4,,,https://uprightplatform.com/company/cf7477de-3a1e-47fd-8f51-99ce4b72dc8a/HCA%20Healthcare/
HWM,HOWMET AEROSPACE,HOWMET AEROSPACE,,8252.0,23200.0,-109.0,96.0,-19.3,1.3,-10.8,0.9,-3.0,-2.2,10.9,-4.6,1.0,-1.7,0.1,,,https://uprightplatform.com/company/592f0c53-339d-4764-b198-baadb23f936b/Howmet%20Aerospace/
HUBB,HUBBELL,HUBBELL,,5372.9,18300.0,26.0,45.0,-10.4,1.7,-5.0,1.3,-1.4,-0.3,13.0,-1.0,1.4,-2.6,3.3,,,https://uprightplatform.com/company/c88a2cf4-c13b-4ae6-9400-8cd5b85be120/Hubbell/
HBAN,HUNTINGTON BANCSHARES,HUNTINGTON BANCSHARES,,7402.0,20166.0,12.0,57.0,-6.3,0.6,-3.2,0.4,-1.0,-0.5,12.3,-1.2,2.3,-6.0,0.7,,,https://uprightplatform.com/company/b6e06ec8-8aab-405d-87f5-4250885411be/Huntington%20Bancshares/
HII,HUNTINGTON INGALLS INDUSTRIES,HUNTINGTON INGALLS INDUSTRIES,,11569.0,44000.0,-86.0,94.0,-13.9,1.2,-6.6,0.9,-2.0,-11.2,18.2,-13.1,1.7,-2.4,0.6,,,https://uprightplatform.com/company/31819b35-7ef3-41f6-8c21-94058476f3ad/Huntington%20Ingalls%20Industries/
IBM,IBM,IBM,,62753.0,293400.0,44.0,27.0,-3.7,0.4,-1.8,0.3,-0.4,-0.2,10.6,-0.6,0.9,-5.9,6.8,,,https://uprightplatform.com/company/4ac6bf8b-fe4a-4251-a42b-4ab510949ad9/IBM/
INCY,INCYTE,INCYTE,,3695.6,2524.0,14.0,55.0,-10.2,0.2,-4.4,0.1,-2.0,-1.2,6.7,-7.8,20.0,-3.9,0.0,,,https://uprightplatform.com/company/e876ad82-a97e-4183-9241-96994b781522/Incyte/
PODD,INSULET,INSULET,,2521.9,5400.0,75.0,3.0,-5.5,0.2,-2.3,,-1.1,-0.9,8.4,-3.6,46.3,-3.8,0.0,,,https://uprightplatform.com/company/bbbc16fd-4b96-458d-9aa2-f51d4dc31663/Insulet/
IBKR,INTERACTIVE BROKERS,INTERACTIVE BROKERS,,10424.0,3182.0,-20.0,77.0,-4.1,0.2,-3.2,0.1,-0.2,-1.2,6.2,-0.3,0.9,-6.3,2.6,,,https://uprightplatform.com/company/0ba16d15-b351-4b91-939f-08aed678370a/Interactive%20Brokers/
INVH,INVITATION HOMES,INVITATION HOMES,,2729.3,1725.0,69.0,5.0,-11.1,1.3,-5.9,0.9,-1.1,-0.3,46.2,-0.8,1.4,-3.1,0.0,,,https://uprightplatform.com/company/fd1073d9-65ae-46c0-a132-552e9deea474/Invitation%20Homes/
IQV,IQVIA,IQVIA,,15497.0,90000.0,62.0,10.0,-3.4,0.1,-1.2,0.1,-0.5,-0.9,14.6,-1.7,11.4,-5.7,5.2,,,https://uprightplatform.com/company/512d43f3-85d6-4b59-873f-ff2e9276bfe7/Iqvia/
JBL,JABIL,JABIL,,28883.0,236000.0,24.0,47.0,-8.2,0.9,-3.9,0.5,-1.1,-0.2,10.4,-0.9,0.7,-2.8,3.8,,,https://uprightplatform.com/company/d9a57b6a-de46-4e58-bb9e-4d241e23a567/Jabil/
JKHY,JACK HENRY & ASSOCIATES,JACK HENRY & ASSOCIATES,,2464.53,7120.0,32.0,40.0,-3.2,0.1,-1.7,0.1,-0.3,-0.3,12.8,-0.3,0.7,-6.0,0.9,,,https://uprightplatform.com/company/7e3a668f-0373-4d9b-8b9b-d43417c6bd7d/Jack%20Henry%20%26%20Associates/
JNJ,JOHNSON & JOHNSON,JOHNSON & JOHNSON,,88821.0,138100.0,45.0,26.0,-7.6,0.2,-3.2,0.1,-1.4,-1.0,8.1,-5.5,24.2,-3.7,0.0,,,https://uprightplatform.com/company/0cc307c7-c0e9-4a62-bf82-80b181ca9c7d/Johnson%20%26%20Johnson/
KVUE,KENVUE,KENVUE,,15459.0,22000.0,19.0,51.0,-10.5,0.7,-4.7,0.3,-1.8,-0.9,7.6,-5.3,16.2,-3.3,0.0,,,https://uprightplatform.com/company/4996031f-b033-4f49-93a7-51814c7aa8f0/Kenvue/
KEY,KEYCORP,KEYCORP,,5133.0,16989.0,20.0,50.0,-2.2,0.1,-1.2,0.1,-0.3,-0.4,7.8,-0.4,1.0,-5.6,1.8,,,https://uprightplatform.com/company/a57b8824-1f67-4454-8c6d-bfa23c95413b/KeyCorp/
KMB,KIMBERLY-CLARK,KIMBERLY-CLARK,,20058.0,38000.0,-29.0,80.0,-16.6,2.6,-7.9,1.5,-1.9,-1.4,7.7,-2.1,6.7,-1.8,0.0,,,https://uprightplatform.com/company/5759edd8-6ac5-4f3c-b634-829b37d527c2/Kimberly-Clark/
LHX,L3HARRIS TECHNOLOGIES,L3HARRIS TECHNOLOGIES,,19400.0,50000.0,-35.0,83.0,-10.0,0.4,-5.0,0.2,-1.4,-7.1,16.7,-8.4,1.8,-3.6,2.8,,,https://uprightplatform.com/company/ffbe04ed-1d4e-4a05-b80a-b159c839151e/L3Harris%20Technologies/
LDOS,LEIDOS,LEIDOS,,15438.0,47000.0,2.0,65.0,-7.9,0.4,-3.9,0.3,-1.2,-3.9,14.6,-4.5,3.3,-4.5,3.1,,,https://uprightplatform.com/company/bdcec06d-aa17-4db7-ae61-3f73ad3f6126/Leidos/
LEN,LENNAR,LENNAR,,35442.0,13265.0,16.0,53.0,-13.1,0.5,-7.9,0.3,-1.3,-0.7,19.2,-1.1,1.7,-3.2,0.0,,,https://uprightplatform.com/company/84fffc07-c43d-426f-8560-00482ed457ed/Lennar/
LII,LENNOX,LENNOX,,5195.3,14200.0,11.0,58.0,-14.1,1.9,-7.6,1.3,-2.5,-0.2,17.7,-2.1,0.7,-2.0,0.3,,,https://uprightplatform.com/company/bd8cea0e-76b8-480c-933e-4200a0f9b3ff/Lennox/
LYV,LIVE NATION ENTERTAINMENT,LIVE NATION ENTERTAINMENT,,23156.0,16200.0,55.0,17.0,-4.4,0.2,-1.7,0.1,-0.3,-0.3,13.3,-1.7,8.8,-3.8,0.4,,,https://uprightplatform.com/company/a1c65c7d-22da-4fd8-8afe-265f739e4db5/Live%20Nation%20Entertainment/
LMT,LOCKHEED MARTIN,LOCKHEED MARTIN,,71043.0,121000.0,-102.0,96.0,-14.0,0.4,-6.5,0.3,-2.2,-12.7,17.3,-13.2,1.7,-3.3,2.0,,,https://uprightplatform.com/company/a4f64e04-c99d-4598-bd4a-4d56851293eb/Lockheed%20Martin/
L,LOEWS,LOEWS,,17510.0,13000.0,-13.0,74.0,-7.4,0.2,-4.0,0.1,-1.1,-1.0,10.6,-0.7,1.2,-4.5,0.1,,,https://uprightplatform.com/company/8f3eb6c4-a83c-4166-b8a8-04aad0aa45f2/Loews/
LULU,LULULEMON ATHLETICA,LULULEMON ATHLETICA,,11102.6,38000.0,-35.0,82.0,-16.6,0.7,-6.1,0.5,-1.9,-2.0,9.1,-1.2,5.8,-1.7,0.3,,,https://uprightplatform.com/company/c4e34466-0200-41a1-a950-caf6ee673868/Lululemon%20Athletica/
LITE,LUMENTUM,LUMENTUM,,2105.2,10562.0,27.0,44.0,-7.1,0.4,-2.7,0.3,-0.8,-0.2,12.3,-2.8,2.0,-4.6,5.3,,,https://uprightplatform.com/company/8bfcc011-9fd6-4be7-bc67-5335575ef0d7/Lumentum/
MRSH,MARSH & MCLENNAN COMPANIES,MARSH & MCLENNAN COMPANIES,,24458.0,90000.0,15.0,54.0,-1.9,0.2,-0.9,0.1,-0.3,-0.7,6.1,-0.3,1.1,-5.7,2.8,,,https://uprightplatform.com/company/b77eaa35-fca2-4fa9-b9c4-0af0ff7f10cb/Marsh%20%26%20McLennan%20Companies/
MLM,MARTIN MARIETTA MATERIALS,MARTIN MARIETTA MATERIALS,,6684.0,9600.0,-64.0,90.0,-22.2,1.6,-11.2,1.0,-3.3,-0.9,13.7,-2.4,1.1,-1.5,0.1,,,https://uprightplatform.com/company/2be6bade-4483-4823-ac33-8102fefa0034/Martin%20Marietta%20Materials/
MRVL,MARVELL TECHNOLOGY,MARVELL TECHNOLOGY,,8194.6,7480.0,16.0,53.0,-7.1,0.3,-3.0,0.2,-1.0,-0.3,8.0,-1.2,0.6,-2.7,4.5,,,https://uprightplatform.com/company/12f88f89-be87-4847-9e49-78c79daed893/Marvell%20Technology/
MAS,MASCO,MASCO,,7562.0,18000.0,5.0,63.0,-11.1,1.5,-5.9,0.8,-1.5,-0.3,12.8,-1.8,1.3,-1.6,0.0,,,https://uprightplatform.com/company/97058e21-ea16-470c-a0d1-853e5b93f04c/Masco/
MCK,MCKESSON,MCKESSON,,308951.0,43000.0,51.0,20.0,-5.5,0.2,-2.5,0.1,-0.9,-0.6,10.4,-2.2,15.7,-5.3,1.8,,,https://uprightplatform.com/company/32643ff7-5d79-44c6-9a70-d6bdc5495746/McKesson/
MCHP,MICROCHIP TECHNOLOGY,MICROCHIP TECHNOLOGY,,7634.4,19400.0,16.0,53.0,-7.7,0.6,-3.4,0.4,-1.1,-0.3,9.1,-1.2,1.8,-2.1,2.0,,,https://uprightplatform.com/company/84344e3b-70bf-4665-a849-09cd9a630fc9/Microchip%20Technology/
MAA,MID-AMERICA APARTMENT COMMUNITIES,MID-AMERICA APARTMENT COMMUNITIES,,2163.06,2532.0,8.0,61.0,-11.4,0.4,-6.3,0.3,-1.2,-0.4,15.7,-1.4,2.2,-3.6,0.0,,,https://uprightplatform.com/company/b245f18c-86ce-428c-84bf-737aee3bf4b8/Mid-America%20Apartment%20Communities/
MPWR,MONOLITHIC POWER SYSTEMS,MONOLITHIC POWER SYSTEMS,,1821.07,4017.0,-28.0,80.0,-10.1,0.4,-4.5,0.3,-1.4,-0.4,8.6,-1.6,0.9,-3.0,1.8,,,https://uprightplatform.com/company/c30f420c-a75b-4b71-9936-cca32d36711f/Monolithic%20Power%20Systems/
MNST,MONSTER BEVERAGE,MONSTER BEVERAGE,,7140.0,6003.0,-382.0,100.0,-15.7,0.2,-6.3,0.1,-3.0,-0.1,5.7,-23.2,2.5,-2.0,0.0,,,https://uprightplatform.com/company/7439e959-6f29-46d2-95c2-d41f0c33b07b/Monster%20Beverage/
NTAP,NETAPP,NETAPP,,6362.0,11700.0,39.0,32.0,-3.8,0.4,-1.9,0.3,-0.4,-0.3,10.5,-1.0,0.9,-5.9,6.4,,,https://uprightplatform.com/company/4189f3fd-2697-49b1-afdf-c4e046f3d7ba/NetApp/
NI,NISOURCE,NISOURCE,,6642.2,7687.0,-21.0,77.0,-29.6,4.1,-16.0,3.5,-4.6,-2.0,26.1,-2.6,0.4,-3.2,0.3,,,https://uprightplatform.com/company/343ba411-e4e3-4adc-8344-11746eb4a3db/NiSource/
NOC,NORTHROP GRUMMAN,NORTHROP GRUMMAN,,41033.0,97000.0,-81.0,93.0,-11.9,0.4,-5.1,0.2,-1.8,-11.4,16.8,-12.0,1.5,-3.9,3.0,,,https://uprightplatform.com/company/33f91076-a3cc-4ebb-a3a7-c5130b35a81c/Northrop%20Grumman/
NRG,NRG ENERGY,NRG ENERGY,,30713.0,16702.0,1.0,66.0,-25.3,7.2,-15.3,5.8,-3.5,-1.1,23.9,-2.5,0.6,-3.9,1.2,,,https://uprightplatform.com/company/a518e14f-86eb-4be0-a6a5-31721d47d555/NRG%20Energy/
NUE,NUCOR,NUCOR,,30734.0,32700.0,-72.0,91.0,-17.5,1.0,-9.3,0.7,-2.1,-1.6,11.3,-2.6,1.1,-1.9,0.2,,,https://uprightplatform.com/company/c183e2da-bb36-480d-991f-e07d13d48a7c/Nucor/
NVR,NVR,NVR,,10723.04,7000.0,36.0,36.0,-19.8,0.6,-11.6,0.4,-2.3,-0.6,35.7,-1.7,2.0,-2.6,0.0,,,https://uprightplatform.com/company/539f9601-385f-4eba-b1db-144b79478fbd/NVR/
ORLY,O'REILLY AUTOMOTIVE,O'REILLY AUTOMOTIVE,,17781.99,78258.0,-12.0,73.0,-12.8,2.5,-6.7,0.9,-2.6,-0.2,11.6,-2.1,0.7,-2.8,1.1,,,https://uprightplatform.com/company/fefebc9e-5a6d-413e-82d3-ce4c084d91c1/O'Reilly%20Automotive/
OXY,OCCIDENTAL PETROLEUM,OCCIDENTAL PETROLEUM,,26880.0,12570.0,-134.0,98.0,-30.0,1.0,-16.6,0.7,-5.3,-2.8,15.1,-4.4,0.6,-2.0,0.1,,,https://uprightplatform.com/company/9bb7a50d-12bd-4d48-bc04-8bc4e9285821/Occidental%20Petroleum/
ODFL,OLD DOMINION FREIGHT LINE,OLD DOMINION FREIGHT LINE,,5638.62,21895.0,-87.0,94.0,-29.8,0.2,-13.7,0.2,-8.4,-0.5,17.5,-1.7,0.2,-1.4,0.0,,,https://uprightplatform.com/company/a97bfca1-d2e8-4236-bcde-89a1f13104de/Old%20Dominion%20Freight%20Line/
PKG,PACKAGING CORPORATION OF AMERICA,PACKAGING CORPORATION OF AMERICA,,8640.8,15400.0,-48.0,87.0,-17.3,4.9,-8.2,2.8,-2.1,-1.0,8.1,-1.7,1.7,-1.8,0.2,,,https://uprightplatform.com/company/a146d203-d87c-4700-953e-34c135ae8785/Packaging%20Corporation%20Of%20America/
PLTR,PALANTIR TECHNOLOGIES,PALANTIR TECHNOLOGIES,,2478.98,4001.0,18.0,52.0,-5.9,0.4,-2.5,0.3,-0.8,-3.6,16.8,-4.5,3.0,-6.4,4.8,,,https://uprightplatform.com/company/5fe3946e-1141-462a-9382-64984fa15c5e/Palantir%20Technologies/
PANW,PALO ALTO NETWORKS,PALO ALTO NETWORKS,,9221.5,16068.0,51.0,20.0,-4.1,0.3,-1.8,0.2,-0.5,-0.3,15.5,-0.8,1.7,-7.2,7.7,,,https://uprightplatform.com/company/688040e8-bd13-480a-82a0-89a820acfa38/Palo%20Alto%20Networks/
PM,PHILIP MORRIS,PHILIP MORRIS,,37878.0,82700.0,-690.0,100.0,-10.2,0.0,-1.6,,-3.5,-8.5,17.2,-145.8,3.8,-1.9,0.0,,,https://uprightplatform.com/company/7d72f592-582d-432e-af2d-f4e859f8ed6f/Philip%20Morris/
PNW,PINNACLE WEST CAPITAL,PINNACLE WEST CAPITAL,,4695.99,6133.0,-27.0,80.0,-29.1,8.2,-16.6,6.1,-4.5,-1.8,19.3,-2.9,0.6,-3.2,0.9,,,https://uprightplatform.com/company/e15ea77b-c5a1-445d-9e48-220e5de04535/Pinnacle%20West%20Capital/
PPL,PPL,PPL,,9042.0,6546.0,11.0,58.0,-24.1,6.2,-14.7,5.1,-3.0,-1.0,27.3,-2.3,0.5,-3.5,0.7,,,https://uprightplatform.com/company/70b016ea-701f-4605-8529-af06e3d0dd40/PPL/
PTC,PTC,PTC,,2097.1,7501.0,34.0,38.0,-5.2,0.3,-2.4,0.2,-0.6,-0.3,12.4,-1.5,1.3,-5.8,5.2,,,https://uprightplatform.com/company/40879f56-33a7-46ed-b07f-e34c799ced10/PTC/
PSA,PUBLIC STORAGE,PUBLIC STORAGE,,4785.75,5380.0,12.0,57.0,-8.2,1.0,-4.0,0.7,-1.0,-0.3,12.2,-1.0,0.6,-3.1,0.4,,,https://uprightplatform.com/company/8dc294cd-ede4-4489-86eb-4ba0f98964ba/Public%20Storage/
RTX,RTX,RTX,,87.44,316.0,56.0,16.0,-3.5,0.5,-1.7,0.3,-0.5,-0.2,11.1,-1.9,1.7,-4.6,9.9,,,https://uprightplatform.com/company/c8f6a89a-ec48-44bd-a3e0-d7743802693a/Rtx/
RMD,RESMED,RESMED,,5398.12,10600.0,70.0,4.0,-2.4,0.0,-1.3,,-0.2,-0.1,9.2,-0.3,7.0,-2.8,2.8,,,https://uprightplatform.com/company/f20b15a5-9450-4a3f-b3ee-ee157a072f51/Resmed/
HOOD,ROBINHOOD,ROBINHOOD,,3260.0,2300.0,-39.0,84.0,-3.6,0.1,-2.5,0.1,-0.4,-1.0,7.0,-0.2,0.3,-6.2,0.5,,,https://uprightplatform.com/company/9c7210f6-f880-4c44-815b-662c7c26f4e3/Robinhood/
ROL,ROLLINS,ROLLINS,,2695.82,17515.0,12.0,57.0,-15.8,0.1,-5.4,0.1,-4.1,-0.3,19.5,-2.0,3.0,-1.7,0.0,,,https://uprightplatform.com/company/4925dd20-f272-4461-87eb-7355a9f10b8b/Rollins/
ROP,ROPER TECHNOLOGIES,ROPER TECHNOLOGIES,,7468.1,18200.0,38.0,34.0,-5.7,0.4,-2.8,0.2,-0.7,-0.4,11.4,-0.8,2.9,-4.4,3.4,,,https://uprightplatform.com/company/1d87813c-3a35-4b18-8c97-7f1ec51caee3/Roper%20Technologies/
ROST,ROSS STORES,ROSS STORES,,21129.0,107000.0,-42.0,85.0,-15.5,0.9,-7.4,0.6,-2.1,-1.0,12.3,-2.4,2.4,-3.5,0.2,,,https://uprightplatform.com/company/34ed4c64-86d3-412b-8cb6-4d7857cedf83/Ross%20Stores/
NOW,SERVICENOW,SERVICENOW,,13278.0,29187.0,51.0,20.0,-2.9,0.4,-1.4,0.3,-0.3,-0.2,10.1,-0.7,0.7,-4.9,6.4,,,https://uprightplatform.com/company/02ea1d53-d965-4a81-b34a-2cca97e42e3b/ServiceNow/
SHW,SHERWIN-WILLIAMS,SHERWIN-WILLIAMS,,23099.0,63890.0,-75.0,92.0,-17.9,2.7,-10.8,1.6,-2.8,-0.6,8.2,-2.5,2.3,-2.1,0.1,,,https://uprightplatform.com/company/cec41e72-5fc2-430c-85e3-a72b5bee22a9/Sherwin-Williams/
SWKS,SKYWORKS SOLUTIONS,SKYWORKS SOLUTIONS,,4053.8,10000.0,22.0,48.0,-8.0,0.4,-3.4,0.2,-1.1,-0.2,9.5,-1.2,0.5,-3.3,6.0,,,https://uprightplatform.com/company/e967cc20-744f-4c8f-950b-edf3bc167442/Skyworks%20Solutions/
SNA,SNAP-ON,SNAP-ON,,5070.9,13000.0,-25.0,79.0,-11.8,1.5,-5.8,0.9,-2.1,-1.6,12.8,-3.8,1.1,-2.4,0.2,,,https://uprightplatform.com/company/042eac02-1d99-4d6f-beae-e42e18d6380e/Snap-on/
LUV,SOUTHWEST AIRLINES,SOUTHWEST AIRLINES,,28063.0,72790.0,-156.0,99.0,-37.1,1.0,-21.7,0.7,-7.4,-0.7,12.7,-4.8,4.1,-3.2,0.1,,,https://uprightplatform.com/company/a4d01f70-ba16-42de-94a9-3d6b43827845/Southwest%20Airlines/
STLD,STEEL DYNAMICS,STEEL DYNAMICS,,17540.0,14400.0,-26.0,79.0,-18.0,4.1,-10.0,1.8,-2.5,-1.5,13.6,-2.7,1.0,-1.6,0.1,,,https://uprightplatform.com/company/f6267096-3ae3-4de0-b999-342271192b20/Steel%20Dynamics/
STE,STERIS,STERIS,,,17787.0,52.0,19.0,-5.9,0.2,-2.6,0.1,-0.8,-0.5,10.7,-1.9,10.9,-3.1,2.1,,,https://uprightplatform.com/company/685c295b-398c-46c9-9660-5daeb3f622a1/Steris/
SYK,STRYKER,STRYKER,,22595.0,53000.0,59.0,14.0,-4.6,0.4,-2.1,0.2,-0.5,-0.4,10.0,-1.8,12.5,-2.8,0.3,,,https://uprightplatform.com/company/324d5954-c6de-4184-8c21-9d3e1fb49c0d/Stryker/
SNPS,SYNOPSYS,SYNOPSYS,,7054.18,28000.0,42.0,29.0,-4.6,0.5,-2.0,0.3,-0.6,-0.2,11.0,-0.6,0.8,-4.5,4.7,,,https://uprightplatform.com/company/b5138f6c-9263-497c-8dc4-d262f9e0a7c4/Synopsys/
TMUS,T-MOBILE US,T-MOBILE US,,82692.0,70000.0,33.0,39.0,-6.3,0.4,-3.0,0.3,-0.7,-0.4,10.0,-4.0,5.2,-3.9,6.1,,,https://uprightplatform.com/company/2afd3802-75c2-40a3-bc4a-8d7711270729/T-Mobile%20US/
TTWO,TAKE TWO INTERACTIVE SOFTWARE,TAKE TWO INTERACTIVE SOFTWARE,,6559.1,12928.0,-19.0,76.0,-3.9,0.1,-2.1,0.1,-0.3,-0.4,9.9,-19.3,13.8,-5.4,0.7,,,https://uprightplatform.com/company/baea6b82-9d03-4c3c-ba59-089ba16e26ce/Take%20Two%20Interactive%20Software/
TRGP,TARGA RESOURCES,TARGA RESOURCES,,17078.7,3370.0,-70.0,91.0,-31.7,1.0,-17.6,0.7,-5.3,-1.2,20.9,-3.3,0.8,-2.4,0.1,,,https://uprightplatform.com/company/689b8a05-6512-4a43-8a05-fa1ef1f8dd61/Targa%20Resources/
TDY,TELEDYNE TECHNOLOGIES,TELEDYNE TECHNOLOGIES,,5909.4,14900.0,27.0,44.0,-8.4,0.7,-4.0,0.5,-1.4,-1.1,12.1,-1.9,5.0,-3.8,3.1,,,https://uprightplatform.com/company/a5af92fc-b43c-44c1-99b5-a8fbc75f11a6/Teledyne%20Technologies/
TER,TERADYNE,TERADYNE,,2676.3,6500.0,43.0,29.0,-9.1,0.5,-3.4,0.3,-1.2,-0.1,13.2,-0.7,0.9,-3.6,9.0,,,https://uprightplatform.com/company/a8c5f9df-305f-41d1-9bb6-3056c72dbdd4/Teradyne/
TXT,TEXTRON,TEXTRON,,13683.0,35000.0,-62.0,90.0,-17.3,1.6,-9.2,1.1,-3.2,-5.0,14.4,-7.2,2.9,-2.4,0.8,,,https://uprightplatform.com/company/cd0f08f5-4846-4107-a74b-493037537842/Textron/
TTD,TRADE DESK,TRADE DESK,,2790.51,3522.0,-4.0,69.0,-3.8,0.1,-2.3,0.0,-0.2,-0.1,9.9,-1.9,0.4,-6.2,1.2,,,https://uprightplatform.com/company/adf71166-0b6d-47e1-b79b-454f9cf89810/Trade%20Desk/
TDG,TRANSDIGM,TRANSDIGM,,7940.0,16600.0,-3.0,68.0,-12.8,2.0,-7.1,1.4,-2.1,-0.3,12.0,-1.5,1.1,-2.0,1.0,,,https://uprightplatform.com/company/56399a8a-95f0-4325-9876-05339c1a43c5/Transdigm/
TRMB,TRIMBLE,TRIMBLE,,3798.3,12700.0,47.0,24.0,-7.0,1.8,-3.4,0.7,-1.1,-0.2,14.0,-0.8,1.9,-3.9,4.5,,,https://uprightplatform.com/company/c742b040-7220-4fab-8f5b-20d03945858c/Trimble/
USB,U.S. BANCORP,U.S. BANCORP,,42712.0,70263.0,16.0,54.0,-2.7,0.2,-1.4,0.1,-0.4,-0.5,8.4,-0.5,1.1,-5.4,1.1,,,https://uprightplatform.com/company/3c02a4f6-7561-4da9-af37-2a4a23f630c8/U.S.%20Bancorp/
UBER,UBER,UBER,,43978.0,31100.0,15.0,54.0,-21.7,4.4,-10.1,3.4,-6.2,-0.9,23.3,-4.6,6.5,-1.9,0.2,,,https://uprightplatform.com/company/1ca87739-ce2a-4afd-9b2b-17aacb3797c0/Uber/
UAL,UNITED AIRLINES,UNITED AIRLINES,,57063.0,111300.0,-131.0,98.0,-30.1,1.0,-15.6,0.7,-5.4,-0.9,12.2,-6.2,4.3,-3.3,0.1,,,https://uprightplatform.com/company/47ee6efd-1475-46e0-a1f1-1456e923a4cc/United%20Airlines/
UHS,UNIVERSAL HEALTH SERVICES,UNIVERSAL HEALTH SERVICES,,14281.98,86000.0,70.0,4.0,-6.2,0.2,-2.7,0.1,-1.1,-1.3,20.0,-2.2,24.6,-3.6,0.5,,,https://uprightplatform.com/company/be367066-0ea5-415c-a3d5-7e9d5b320d4c/Universal%20Health%20Services/
VEEV,VEEVA SYSTEMS,VEEVA SYSTEMS,,2968.22,7291.0,51.0,20.0,-2.7,0.4,-1.4,0.3,-0.3,-0.3,10.4,-0.6,2.1,-5.9,6.4,,,https://uprightplatform.com/company/40599f11-372e-4a42-a02c-f36837f65ae1/Veeva%20Systems/
VLTO,VERALTO,VERALTO,,5503.0,17000.0,51.0,20.0,-8.3,3.0,-4.4,0.4,-1.2,-0.2,16.6,-1.3,4.8,-3.0,1.8,,,https://uprightplatform.com/company/57b450bf-3974-4df4-bff7-99193d267d8e/Veralto/
VRSN,VERISIGN,VERISIGN,,1656.6,926.0,17.0,53.0,-2.2,0.2,-1.1,0.1,-0.2,-0.1,9.2,-0.4,0.2,-5.7,0.6,,,https://uprightplatform.com/company/87214006-39a9-4a2d-90e1-c1a8e0a40c6a/Verisign/
VRT,VERTIV,VERTIV,,10229.9,34000.0,21.0,49.0,-8.0,0.6,-3.6,0.4,-1.0,-0.2,9.5,-1.0,1.1,-2.8,4.0,,,https://uprightplatform.com/company/ed34a180-4c57-44eb-a194-36679e098f83/Vertiv/
VTRS,VIATRIS,VIATRIS,,14124.4,32000.0,52.0,19.0,-8.4,0.2,-3.4,0.1,-1.8,-1.7,8.0,-6.6,35.3,-4.0,0.1,,,https://uprightplatform.com/company/d0dd9d15-1f7d-47e8-8727-af636bab5bc3/Viatris/
VICI,VICI PROPERTIES,VICI PROPERTIES,,3600.0,28.0,-34.0,82.0,-6.6,0.1,-2.3,0.1,-1.5,-0.1,4.3,-0.2,3.2,-3.4,0.0,,,https://uprightplatform.com/company/48608ec1-ba85-4c4a-814d-de3003b3989b/VICI%20Properties/
VST,VISTRA ENERGY,VISTRA ENERGY,,14778.0,4870.0,-18.0,76.0,-28.9,8.6,-16.7,6.7,-4.3,-1.3,20.6,-2.8,0.6,-3.1,0.8,,,https://uprightplatform.com/company/f0fe5ec1-c875-440e-85fd-7f839109d90a/Vistra%20Energy/
VMC,VULCAN MATERIALS,VULCAN MATERIALS,,7594.6,11436.0,-53.0,88.0,-21.0,2.0,-10.2,1.1,-3.0,-1.0,13.7,-2.1,0.9,-1.3,0.0,,,https://uprightplatform.com/company/6db366e8-a03d-4b48-9f04-f0e7f7cffa9f/Vulcan%20Materials/
GWW,W. W. GRAINGER,W. W. GRAINGER,,17942.0,23500.0,-19.0,76.0,-9.0,0.7,-4.4,0.5,-1.0,-0.1,9.0,-0.6,0.4,-2.3,0.0,,,https://uprightplatform.com/company/60b8be0b-b50f-4f62-aaf6-9553709a55ae/W.%20W.%20Grainger/
WEC,WEC ENERGY,WEC ENERGY,,8893.0,7000.0,3.0,64.0,-25.2,4.7,-14.9,3.9,-3.4,-1.1,26.6,-1.8,0.4,-3.3,0.7,,,https://uprightplatform.com/company/dc9ab2fe-8c94-409c-90d7-57ed7faf4c83/WEC%20Energy/
WFC,WELLS FARGO,WELLS FARGO,,125397.0,205198.0,10.0,59.0,-2.6,0.2,-1.3,0.1,-0.3,-0.4,8.3,-0.4,0.8,-5.9,0.9,,,https://uprightplatform.com/company/5daea4c1-098b-42d1-a0f6-1c665e0440bf/Wells%20Fargo/
WST,WEST PHARMACEUTICAL SERVICES,WEST PHARMACEUTICAL SERVICES,,2928.6,10600.0,44.0,27.0,-8.9,0.1,-4.0,0.1,-1.3,-0.7,13.3,-3.3,15.1,-4.0,1.5,,,https://uprightplatform.com/company/713a9df1-2179-42b9-af47-ef31769f0b3a/West%20Pharmaceutical%20Services/
WDC,WESTERN DIGITAL,WESTERN DIGITAL,,9520.0,40000.0,13.0,56.0,-7.7,0.2,-3.4,0.1,-1.0,-0.3,8.5,-1.6,0.8,-3.2,5.1,,,https://uprightplatform.com/company/9f4405a8-2d17-4b8d-af72-c0d96bf63b86/Western%20Digital/
WSM,WILLIAMS-SONOMA,WILLIAMS-SONOMA,,7806.82,19800.0,-26.0,79.0,-13.0,1.1,-5.7,0.7,-1.7,-0.5,10.4,-1.9,2.4,-2.1,0.0,,,https://uprightplatform.com/company/c4cc8bfd-6786-4389-be4b-f512d5e5a84c/Williams-Sonoma/
WDAY,WORKDAY,WORKDAY,,9552.0,21000.0,51.0,20.0,-1.9,0.2,-0.9,0.1,-0.3,-0.1,10.7,-0.4,0.6,-5.7,5.1,,,https://uprightplatform.com/company/3ec6d926-a49f-456b-8276-8ee072af9a43/Workday/
WYNN,WYNN RESORTS,WYNN RESORTS,,6531.9,28000.0,-122.0,97.0,-8.1,0.2,-3.1,0.2,-1.1,-4.8,9.8,-21.3,6.2,-2.0,0.1,,,https://uprightplatform.com/company/fa3124c8-4132-4d68-90f1-7eb07a5d7494/Wynn%20Resorts/
XEL,XCEL ENERGY,XCEL ENERGY,,13957.0,11380.0,-5.0,70.0,-27.7,7.3,-15.9,6.2,-4.0,-1.4,24.9,-2.7,0.6,-3.6,0.7,,,https://uprightplatform.com/company/fcb3a630-47cf-4fc5-a950-b842ab2f54e7/Xcel%20Energy/
GPN,GLOBAL PAYMENTS,GLOBAL PAYMENTS,Financial Services,8891.87,27000.0,19.0,51.0,-4.2,0.2,-2.0,0.1,-0.3,-0.3,10.6,-0.4,0.5,-4.7,0.7,Scarce human capital,Taxes,https://uprightplatform.com/company/c6405e10-790c-44b7-b70f-70c83a747295/Global%20Payments/
