ticker,security,sbti_company_name,near_term_status,near_term_target_classification,near_term_target_year,long_term_status,long_term_target_year,net_zero_status,net_zero_year,full_target_language,date_updated
A,Agilent Technologies,"Agilent Technologies, Inc",Targets set,1.5°C,FY2030,Targets set,FY2050,Targets set,FY2050,"Overall Net Zero target
Agilent Technologies Inc commits to reach net-zero greenhouse gas emissions across the
value chain by FY2050.
Near-Term Targets
Agilent Technologies Inc commits to reduce absolute scope 1 and 2 GHG emissions 50% by
FY2030 from a FY2019 base year. Agilent Technologies Inc also commits to reduce absolute
scope 3 GHG emissions from purchased goods and services, capital goods, upstream
transportation and distribution, business travel and employee commuting 30% within the
same timeframe.
Long-Term Targets
Agilent Technologies Inc commits to reduce absolute scope 1, 2 and 3 emissions 95% by
FY2050 from a FY2019 base year.",2023-10-12 01:00:00
AAPL,Apple Inc.,"Apple, Inc.",Targets set,1.5°C,FY2030,,,,,"Apple, Inc. commits to reduce absolute combined scope 1, 2 and 3 GHG emissions 62% by FY2030 from a FY2019 base year. Apple also commits to continue annually sourcing 100% renewable electricity through FY2030.* *The target boundary includes biogenic emissions and removals from bioenergy feedstocks.",2021-05-06 01:00:00
ABBV,AbbVie,AbbVie,Targets set,1.5°C,2030.0,,,,,"AbbVie commits to reduce absolute scope 1 and 2 GHG emissions 42.0% by 2030 from a 2021 base year*. AbbVie also commits to increase active sourcing of renewable electricity from 29.5% in 2021 to 100.0% by 2030. AbbVie further commits that 79.1% of its suppliers by emissions covering purchased goods and services, capital goods, and upstream transportation and distribution, will have science-based targets by 2027. * The target boundary includes land-related emissions and removals from bioenergy feedstocks.",2023-04-27 01:00:00
ABNB,Airbnb,"Airbnb, Inc",Targets set,1.5°C,2030.0,,,,,"Airbnb, Inc. commits to reduce absolute scope 1 and 2 GHG emissions 78.4% by 2030 from a 2019 base year. Airbnb, Inc. also commits to increase annual sourcing of renewable electricity from 0% in 2019 to 100% by 2030. Airbnb, Inc. further commits to reduce scope 3 GHG emissions 55% per M USD of gross profit by 2030 from a 2019 base year",2022-10-20 01:00:00
ACN,Accenture,Accenture,Targets set,1.5°C,FY2030,Targets set,FY2040,Targets set,FY2040,"Overall Net-Zero Target: Accenture commits to reach net-zero greenhouse gas emissions across the value chain by FY2040. Near-Term Targets: Accenture commits to reduce absolute scope 1 and 2 GHG emissions 80% by FY2030 from a FY2019 base year. Accenture also commits to reduce scope 3 GHG emissions 55% per unit of revenue within the same timeframe. Long-Term Targets: Accenture commits to reduce absolute scope 1 and 2 GHG emissions 90% by FY2040 from a FY2019 base year. Accenture also commits to reduce absolute scope 3 GHG emissions 90% within the same timeframe.

",2024-06-13 01:00:00
ADBE,Adobe Inc.,"Adobe, Inc.",Targets set,1.5°C,FY2030,Targets set,FY2050,Targets set,FY2050,"Overall Net-Zero Target: Adobe Inc. commits to reach net-zero greenhouse gas emissions across the value chain by FY2050. Near-Term Targets: Adobe Inc. commits to reduce absolute scope 1 and 2 GHG emissions 42% by FY2030 from a FY2022 base year. Adobe Inc. also commits to reduce scope 3 GHG emissions 52% per USD value added within the same timeframe.  Long-Term Targets: Adobe Inc. commits to reduce absolute scope 1, 2, and 3 GHG emissions 90% by FY2050 from a FY2022 base year.",2024-08-08 01:00:00
ADI,Analog Devices,"Analog Devices, Inc.",Targets set,1.5°C,2030.0,,,Commitment removed,,"Analog Devices Inc. commits to reduce absolute scope 1 and 2 GHG emissions 50% by 2030 from a 2019 base year. Analog Devices Inc. also commits that 66.7% of its suppliers by spend covering purchased goods and services, will have science-based targets by 2025.",2021-07-15 01:00:00
ADM,Archer Daniels Midland,Archer Daniels Midland,Commitment removed,,,,,,,,2022-04-28 01:00:00
ADSK,Autodesk,"Autodesk, Inc.",Targets set,1.5°C,FY2031,,,,,"Autodesk commits to reduce absolute scope 1 and 2 GHG emissions 50% by FY2031 from a FY2020 base year. Autodesk also commits to reduce scope 3 GHG emissions from purchased goods and services, fuel and energy-related activities, business travel, and employee commuting 55% per dollar of gross profit over the same timeframe. Autodesk commits that 26.5% of its suppliers by emissions covering purchased goods and services and business travel, will have science-based targets by FY2027. Autodesk commits to continue annually sourcing 100% renewable electricity through FY2031.",2021-11-04 01:00:00
AKAM,Akamai Technologies,Akamai Technologies INC,Commitment removed,,,,,Commitment removed,,,2021-09-23 01:00:00
AMAT,Applied Materials,Applied Materials,Targets set,1.5°C,FY2030,,,,,"Applied Materials Inc. commits to reduce absolute scope 1 and 2 GHG emissions
50% by FY2030 from a FY2019 base year. Applied Materials Inc. also commits to
increase active annual sourcing of renewable electricity from 36% in FY2019 to
100% by FY2030. Applied Materials Inc. further commits to reduce scope 3 GHG
emissions from use of sold products 55% per million USD of value added by
FY2030 from a FY2019 base year.",2023-11-30 01:00:00
AMCR,Amcor,Amcor plc,Targets set,1.5°C,FY2033,Targets set,FY2050,Targets set,FY2050,"Overall Net-Zero Target:
Amcor plc commits to reach net-zero greenhouse gas emissions across the value chain by FY2050.

Near-Term Targets:
Amcor plc commits to reduce absolute scope 1 and 2 GHG emissions 54.6% by FY2033 from a FY2022 base year.* Amcor plc also commits to reduce absolute scope 3 GHG emissions 32.5% within the same timeframe.

Long-Term Targets:
Amcor plc commits to reduce absolute scope 1 and 2 GHG emissions 90.0% by FY2050 from a FY2022 base year.* Amcor plc also commits to reduce absolute scope 3 GHG emissions 90.0% within the same timeframe.

*The target boundary includes land-related emissions and removals from biogenic feedstocks.",2025-12-04 01:00:00
AMD,Advanced Micro Devices,"Advanced Micro Devices, Inc",Targets set,Well-below 2°C,2020.0,,,,,"Multinational semiconductor company AMD commits to reduce scope 1 and 2 emissions 20% by 2020 from a 2014 base-year. AMD also commits to improve the compute performance per watt of energy consumed by their mobile APU processors by 2500% by 2020 from a 2014 base-year. AMD also has a goal for suppliers' wafer foundry scope 1 emissions to stay 30% below the Semiconductor Industry Association average, and for wafer foundry electricity use to stay 40% below the industry average, using a normalized manufacturing index",2016-06-27 01:00:00
AMGN,Amgen,Amgen Inc.,Targets set,1.5°C,2030.0,,,,,"Amgen commits to reduce absolute scope 1 and 2 GHG emissions 55% by 2027 from a 2019 base year. Amgen also commits to increase annual sourcing of renewable electricity from 29% in 2019 to 100% by 2027, to continue annually sourcing of 100% renewable electricity through 2030. Amgen further commits that 73% of its suppliers by spend covering upstream purchased goods and services and capital goods will have science- based targets by 2027.",2022-09-22 01:00:00
AMT,American Tower,American Tower Corporation,Targets set,Well-below 2°C,2035.0,,,,,"American Tower Corporation commits to reduce absolute scope 1, 2 and 3 GHG emissions 40% by 2035 from a 2019 base year.",2021-10-28 01:00:00
AMZN,Amazon,Amazon,Commitment removed,,,,,,,,2020-06-18 01:00:00
ANET,Arista Networks,"Arista Networks, Inc.",Targets set,1.5°C,2030.0,Targets set,2050.0,Targets set,2050.0,"Overall Net-Zero Target: 
Arista Networks, Inc. commits to reach net-zero greenhouse gas emissions across the value chain by 2050.
Near-Term Targets: 
Arista Networks, Inc. commits to reduce absolute scope 1 and 2 GHG emissions 42% by 2030 from a 2023 base year. Arista Networks, Inc. also commits to reduce absolute scope 3 GHG emissions 42% within the same timeframe.
Long-Term Targets: 
Arista Networks, Inc. commits to reduce absolute scope 1, 2 and 3 GHG emissions 90% by 2050 from a 2023 base year.",2025-04-24 01:00:00
AON,Aon plc,Aon plc,Targets set,1.5°C,2032.0,,,,,"Aon plc commits to reduce absolute scope 1 and 2 GHG emissions 55% by
2032 from a 2019 base year. Aon plc also commits that 81% of its
suppliers by emissions covering purchased goods and services, capital
goods and upstream leased assets, will have science-based targets by
2027.",2023-05-25 01:00:00
APTV,Aptiv,Aptiv PLC,Targets set,1.5°C,2030.0,,,,,Aptiv PLC commits to reduce absolute scope 1 and 2 GHG emissions 100% by 2030 from a 2021 base year. Aptiv PLC also commits to reduce absolute scope 3 GHG emissions 47.4% within the same timeframe.,2023-12-07 01:00:00
AVGO,Broadcom,Broadcom Inc.,Commitment removed,,,,,,,,2024-02-29 01:00:00
AVY,Avery Dennison,Avery Dennison Corporation,Targets set,1.5°C,2030.0,,,,,Avery Dennison commits to reduce absolute scope 1 and 2 GHG emissions 70% by 2030 from a 2015 base year. Avery Dennison also commits to reduce absolute scope 3 GHG emissions from purchased goods and services and end of life treatment of sold products 30% by 2030 from a 2018 base year.,2021-10-21 01:00:00
AXP,American Express,American Express Company,Targets set,1.5°C,2033.0,Targets set,2050.0,Targets set,2050.0,"Overall Net-Zero Target: American Express Company commits to reach net-zero greenhouse gas emissions across the value chain by 2050. Near-Term Targets: American Express Company commits to reduce absolute scope 1 and 2 GHG emissions 60% by 2033 from 2019 base year. American Express Company also commits to reduce absolute scope 3 emissions 35% within the same timeframe. 
American Express Company commits that 75% of membership rewards redemption partners and cobrand partners by emissions covering beyond the minimum boundary emissions from purchased goods and services will have science-based targets by 2028. Long-Term Targets: American Express Company commits to reduce absolute scope 1 and 2 GHG emissions 90% by 2050 from a 2019 base year. American Express Company commits to reduce absolute scope 3 GHG emissions 90% within the same timeframe. ",2024-10-24 01:00:00
BALL,Ball Corporation,Ball Corporation,Targets set,1.5°C,2030.0,,,,,"“Ball Corporation commits to reduce absolute scope 1 and scope 2 GHG emissions 55% by 2030 from a 2017 base year. Ball Corporation also commits to reduce absolute scope 3 GHG emissions from purchased goods and services, capital goods, fuel and energy related activities, upstream transportation and distribution, waste generated in operations, business travel, employee commuting, upstream leased assets, downstream transportation and distribution, processing of sold products and investments 16% by 2030 from a 2017 base year. * The target boundary includes biogenic emissions and removals from bioenergy feedstocks. ”",2020-04-23 01:00:00
BBY,Best Buy,"Best Buy Co., Inc.",Targets set,1.5°C,2030.0,,,,,American multinational consumer electronics retailer Best Buy commits to reduce absolute Scope 1 and Scope 2 GHG emissions 50% by 2030 from a 2017 base-year. Best Buy also commits to reduce absolute Scope 3 GHG emissions from Use of Sold Products 20% by 2030 from a 2017 base-year.,2019-07-01 01:00:00
BIIB,Biogen,Biogen Inc.,Commitment removed,,,,,Commitment removed,,,2020-09-01 01:00:00
BKNG,Booking Holdings,Booking Holdings Inc.,Targets set,1.5°C,2030.0,Targets set,2040.0,Targets set,2040.0,"Overall Net-Zero Target
Booking Holdings Inc. commits to reach net-zero GHG emissions across the value chain by
2040.
Near-Term Targets
Booking Holdings Inc. commits to reduce absolute scope 1 and 2 GHG emissions 95% by 2030 from a 2019 base year. Booking Holdings Inc. also commits to reduce absolute scope 3 GHG emissions covering purchased goods and services, capital goods, business travel and employee commuting by 50% within the same timeframe.
Long-Term Targets
Booking Holding Inc. commits to maintain at least 95% absolute scope 1 and 2 GHG emissions reduction from 2030 through 2040 relative to a 2019 base year. Booking Holdings Inc. also commits to reduce absolute scope 3 GHG emissions 90% by 2040 from a 2019 base year",2024-03-07 01:00:00
BMY,Bristol Myers Squibb,Bristol Myers Squibb,Targets set,1.5°C,2033.0,Targets set,2050.0,Targets set,2050.0,"Overall Net-Zero Target: Bristol Myers Squibb commits to reach net-zero greenhouse gas emissions across the value chain by 2050. Near-Term Targets: Bristol Myers Squibb (BMS) commits to reduce absolute scope 1 and 2 GHG emissions 54.6% by 2033 from a 2022 base year.* BMS also commits to reduce absolute scope 3 GHG emissions from fuel and energy related activities 54.6% within the same timeframe.* BMS further commits that 75% of its suppliers by emissions covering purchased goods and services, capital goods, and upstream transportation and distribution will have science-based targets by 2028.
*The target boundary includes biogenic land-related emissions and removals from bioenergy feedstocks.
 Long-Term Targets: BMS commits to reduce absolute scope 1 and 2 GHG emissions 90% by 2050 from a 2022 base year.* BMS also commits to reduce absolute scope 3 GHG emissions 90% within the same timeframe.*
*The target boundary includes biogenic land-related emissions and removals from bioenergy feedstocks.
",2024-07-18 01:00:00
BR,Broadridge Financial Solutions,"Broadridge Financial Solutions, Inc.",Targets set,1.5°C,FY2033,Targets set,FY2050,Targets set,FY2050,"Overall Net-Zero Target: Broadridge Financial Solutions, Inc. commits to reach net-zero greenhouse gas emissions across the value chain by FY2050. Near-Term Targets: Broadridge Financial Solutions, Inc. commits to reduce absolute scope 1 and 2 GHG emissions 54.6% by FY2033 from a FY2023 base year. Broadridge Financial Solutions, Inc. commits that 78.6% of its suppliers by emissions covering purchased goods and services and upstream transportation and distribution, will have science-based targets by FY2028. Long-Term Targets: Broadridge Financial Solutions, Inc. commits to reduce absolute scope 1 and 2 GHG emissions 90.0% by FY2050 from a FY2023 base year. Broadridge Financial Solutions, Inc. also commits to reduce absolute scope 3 GHG emissions from purchased goods and services, fuel-and energy-related activities, upstream transportation and distribution, waste generated in operations, business travel and, employee commuting 90.0% within the same timeframe.",2025-01-09 01:00:00
BSX,Boston Scientific,Boston Scientific Corporation,Targets set,1.5°C,2030.0,Targets set,2050.0,Targets set,2050.0,"Overall Net-Zero Target:
Boston Scientific Corporation commits to achieve net-zero greenhouse gas emissions across the value chain by 2050.

Near-Term Targets:
Boston Scientific Corporation commits to reduce absolute scope 1 and 2 GHG emissions 46.2% by 2030 from a 2019 base year. * Boston Scientific Corporation also commits to reduce scope 3 GHG emissions from purchased goods and services, capital goods, fuel- and energy-related activities, upstream transportation and distribution, waste generated in operations and business travel 51.6% per USD value added by 2030 from a 2024 base year.

Long-Term Targets:
Boston Scientific Corporation commits to reduce absolute scope 1 and 2 GHG emissions 97.0% per USD value added, equivalent to 90% absolute reduction, by 2050 from a 2019 base year. * Boston Scientific Corporation also commits to reduce scope 3 GHG emissions 97.0% per USD value added by 2050 from a 2024 base year.

*The target boundary includes land-related emissions and removals from biogenic feedstocks.",2026-05-07 01:00:00
BXP,BXP Inc.,BXP,Targets set,1.5°C,2030.0,,,Commitment removed,,Near-Term Targets: BXP commits to reduce scope 1 and 2 GHG emissions 73.57% per m2 by 2030 from a 2018 base year. BXP also commits to reduce scope 3 GHG emissions from purchased goods and services and downstream leased assets 58.14% per m2 within the same timeframe.,2025-03-27 01:00:00
CAH,Cardinal Health,"Cardinal Health, Inc.",Targets set,1.5°C,FY2030,,,,,"Cardinal Health commits to reduce absolute scope 1 and 2 GHG emissions 50% by FY2030 from a FY2019 base year.* Cardinal Health also commits that 75% of its suppliers by spend, covering purchased goods and services and upstream transportation and distribution, will have science-based targets by FY2028.
*The target boundary includes land-related emissions and removals from bioenergy feedstocks.",2024-03-14 01:00:00
CARR,Carrier Global,Carrier Global Corporation,Targets set,1.5°C,2030.0,Targets set,2050.0,Targets set,2050.0,"Overall Net-Zero Target: Carrier Global Corporation commits to reach net-zero greenhousegas emissions across the value chain by 2050.
Near-Term Targets: Carrier Global Corporation commits to reduce absolute scope 1 and 2 GHG emissions 42% by 2030 from a 2021 base year. Carrier Global Corporation also commits to reduce absolute scope 3 GHG emissions 25% within the same timeframe.
Long-Term Targets: Carrier Global Corporation commits to reduce absolute scope 1, 2, and 3 GHG emissions 90% by 2050 from a 2021 base year.",2024-06-13 01:00:00
CBRE,CBRE Group,CBRE,Targets set,1.5°C,FY2030,Targets set,FY2040,Targets set,FY2040,Overall Net-Zero Target: CBRE commits to reach net-zero greenhouse gas emissions across the value chain by FY2040. Near-Term Targets: CBRE commits to reduce absolute scope 1 and 2 GHG emissions 50% by FY2030 from a FY2019 base year. CBRE also commits to reduce scope 3 GHG emissions from use of sold of sold products 55% per square foot in buildings managed for clients within the same timeframe.   Long-Term Targets: CBRE commits to reduce absolute scope 1 and 2 GHG emissions 90% by FY2040 from a FY2019 base year. CBRE also commits to reduce absolute scope 3 GHG emissions 90% by FY2040 within the same timeframe.,2024-12-05 01:00:00
CDNS,Cadence Design Systems,Cadence Design Systems,Targets set,1.5°C,2030.0,Targets set,2040.0,Targets set,2040.0,"Overall Net-Zero Target: Cadence Design Systems, Inc. commits to reach net-zero greenhouse gas emissions across the value chain by 2040. Near-Term Targets: Cadence Design Systems, Inc. commits to reduce absolute scope 1 and 2 GHG emissions 89.78% by 2030 from a 2019 base year. Cadence Design Systems, Inc. also commits to reduce absolute scope 3 GHG emissions 46.2% within the same timeframe. Long-Term Targets: Cadence Design Systems, Inc. commits to reduce absolute scope 1 and 2 GHG emissions 90% by 2040 from a 2019 base year. Cadence Design Systems, Inc. also commits to reduce absolute scope 3 GHG emissions 90% within the same timeframe.
",2024-08-15 01:00:00
CDW,CDW Corporation,CDW Corporation,Targets set,1.5°C,2030.0,,,,,"CDW Corporation commits to reduce absolute scope 1 and 2 GHG emissions 42% by 2030
from a 2022 base year.
CDW Corporation also commits that 80% of its suppliers by emissions covering purchased
goods and services, will have science-based targets by 2028.
CDW Corporation also commits to reduce absolute scope 3 GHG emissions from capital
goods, fuel- and energy-related activities, upstream and downstream transportation and
distribution, waste generated in operations, business travel, employee commuting, use of
sold products and end-of-life treatment of sold products 25% by 2030 from 2022 base year.",2024-11-28 01:00:00
CHD,Church & Dwight,Church & Dwight Co. Inc.,Targets set,1.5°C,2031.0,,,,,"Church & Dwight commits to reduce absolute scope 1 and 2 GHG emissions 46.2% by 2031 from a 2020 base year. Church & Dwight commits to continue annually sourcing 100% renewable electricity through 2030. Church & Dwight commits that 75% of its suppliers by emissions covering purchased goods and services, capital goods, and upstream transportation and distribution will have science-based targets by 2026.",2022-08-04 01:00:00
CI,Cigna,The Cigna Group,Committed,,,,,,,,2024-05-02 01:00:00
CIEN,Ciena,Ciena Corporation,Targets set,1.5°C,FY2030,,,,,"Multinational networking systems, services and software company Ciena Corporation commits to reduce absolute scope 1 and 2 GHG emissions 80.6% by FY2030 from a FY2019 base year. Ciena Corporation also commits to reduce scope 3 GHG emissions 71.3% per capacity shipped in Gbps within the same timeframe.",2023-08-31 01:00:00
CLX,Clorox,The Clorox Company,Targets set,1.5°C,2030.0,,,Commitment removed,,The Clorox Company commits to reduce absolute scope 1 and 2 GHG emissions 50% by 2030 from a 2020 base year*. The Clorox Company also commits to reduce absolute scope 3 GHG emissions from purchased goods and services and use of sold products 25% over the same timeframe. *The target boundary includes biogenic emissions and removals from bioenergy feedstocks.,2021-09-23 01:00:00
CMCSA,Comcast,Comcast,Targets set,1.5°C,2030.0,,,,,"Near-Term Targets: 
Comcast commits to reduce absolute scope 1 and 2 GHG emissions 50% by 2030 from a 2019 base year.* Comcast also commits to reduce absolute scope 3 GHG emissions from fuel- and energy-related activities, business travel, employee commuting, use of sold products and downstream leased assets 27.5% within the same timeframe.* Comcast further commits that 36% of its suppliers by emissions covering purchased goods and services, capital goods, upstream transportation and distribution, waste generated in operations and upstream leased assets, will have science-based targets by 2029.
*The target boundary includes land-related emissions and removals from bioenergy feedstocks. ",2025-04-24 01:00:00
CMG,Chipotle Mexican Grill,"Chipotle Mexican Grill, Inc.",Targets set,1.5°C,2030.0,,,,,Chipotle Mexican Grill commits to reduce absolute scope 1 and 2 GHG emissions 50% by 2030 from a 2019 base year. Chipotle Mexican Grill also commits to reduce absolute scope 3 GHG emissions 50% within the same timeframe.,2021-11-04 01:00:00
CMI,Cummins,Cummins,Targets set,1.5°C,2030.0,,,,,Power generation design and manufacturers Cummins Inc Cummins Inc commits to reduce absolute scope 1 and 2 GHG emissions 50% by 2030 from a 2018 base year. Cummins Inc also commits to reduce absolute scope 3 GHG emissions from the use of sold products 25% by 2030 from a 2018 base year.,2021-10-14 01:00:00
COR,Cencora,Cencora,Targets set,1.5°C,FY2032,,,,,"AmerisourceBergen commits to reduce absolute scope 1 and 2 GHG emissions 54.6% by FY2032 from a FY2019 base year. AmerisourceBergen also commits that 82% of its suppliers by spend, covering purchased goods and services, will have science-based targets by FY2027.",2023-01-26 01:00:00
CRH,CRH plc,CRH plc,Targets set,1.5°C,2030.0,,,,,CRH commits to reduce gross scope 1 and scope 2 GHG emissions 33.5% per tonne of cementitious product by 2030 from a 2021 base year*. CRH also commits to reduce absolute gross scope 1 and 2 GHG emissions from other activities 42.0% by 2030 from a 2021 base year*. CRH further commits to reduce gross scope 3 GHG emissions 23.5% from purchased clinker and cement per tonne purchased over the same timeframe. *The target boundary includes land-related emissions and removals from bioenergy feedstocks.,2023-03-02 01:00:00
CRL,Charles River Laboratories,"Charles River Laboratories, Inc.",Targets set,1.5°C,2030.0,,,,,"Charles River Laboratories, Inc. commits to reduce absolute scope 1 and 2 GHG emissions 50% by 2030 from a 2018 base year. Charles River Laboratories, Inc. commits to increase annual sourcing of renewable electricity from 1% in 2018 to 100% by 2030. Charles River Laboratories, Inc. further commits to reduce absolute scope 3 GHG emissions 15% by 2030 from a 2019 base year. *The target boundary includes biogenic emissions and removals from bioenergy feedstocks.",2021-02-04 01:00:00
CRWD,CrowdStrike,CrowdStrike,Targets set,1.5°C,FY2031,,,Commitment removed,,"Near-Term Targets:
CrowdStrike commits to reduce absolute scope 1 and 2 GHG emissions 35.39% by FY2031 from a FY2025 base year.* CrowdStrike also commits to reduce scope 3 GHG emissions from purchased goods and services and business travel 51.6% per USD value added within the same timeframe.

*The target boundary includes land-related emissions and removals from biogenic feedstocks.",2026-07-02 01:00:00
CSGP,CoStar Group,"CoStar Group, Inc.",Targets set,1.5°C,2033.0,Targets set,2050.0,Targets set,2050.0,"Overall Net-Zero Target: 
CoStar Group commits to reach net-zero greenhouse gas emissions across the value chain by 2050.
Near-Term Targets: 
CoStar Group commits to reduce absolute scope 1 and 2 GHG emissions 54.6% by 2033 from a 2023 base year. CoStar Group also commits to reduce scope 3 GHG emissions from capital goods 61.1% per USD value added within the same timeframe. CoStar Group further commits that 75.3% of its suppliers by spend covering purchased goods and services will have science-based targets by 2029.
Long-Term Targets: 
CoStar Group commits to reduce absolute scope 1 and 2 GHG emissions 90% by 2050 from a 2023 base year. CoStar Group also commits to reduce scope 3 GHG emissions 97% per USD value added within the same timeframe.",2025-04-24 01:00:00
CSX,CSX Corporation,CSX Corporation,Targets set,Well-below 2°C,2029.0,,,,,CSX commits to reduce scope 1 and 2 GHG emissions intensity 37% per million gross ton miles by 2029 from a 2014 base year.,2020-05-14 01:00:00
CVS,CVS Health,CVS Health,Targets set,1.5°C,2030.0,Targets set,2050.0,Targets set,2050.0,"CVS Health CVS Health commits to reach net-zero greenhouse gas emissions across the value chain by 2050. Near-term Target As part of this commitment, CVS commits to reduce absolute scope 1 and 2 GHG emissions 47% by 2030 from a 2019 base year. CVS also commits to reduce absolute scope 3 GHG emissions from purchased goods and services 47% by 2030 from a 2019 base year. Long-Term Target CVS commits to reduce absolute scope 1 and 2 GHG emissions 90% by 2050 from a 2019 base year. CVS also commits to reduce absolute scope 3 GHG emissions from purchased goods and services, business travel, and downstream transportation 90% by 2050 from a 2019 base year.",2021-10-01 01:00:00
DAL,Delta Air Lines,Delta Air Lines,Targets set,Well-below 2°C,2035.0,,,Committed,,Delta Air Lines commits to reduce well-to-wake scope 1 and 3 jet fuel GHG emissions 45% per revenue tonne kilometer by 2035 from a 2019 base year*. *Non-CO2e effects which may also contribute to aviation induced warming are not included in this target. Delta Air Lines commits to report publicly on its collaboration with stakeholders to improve understanding of opportunities to mitigate the non-CO2e impacts of aviation annually over its target timeframe.,2022-09-01 01:00:00
DE,Deere & Company,Deere & Company,Targets set,1.5°C,FY2030,,,,,Deere & Company commits to reduce absolute scope 1 and 2 GHG emissions 50% by FY2030 from a FY2021 base year*. Deere & Company also commits to reduce absolute scope 3 GHG emissions from purchased goods and services and use of sold products 30% within the same timeframe. *The target boundary includes land-related emissions and removals from bioenergy feedstocks.,2023-10-26 01:00:00
DECK,Deckers Brands,Deckers Brands,Targets set,1.5°C,FY2030,,,,,Deckers Brands commits to reduce absolute scope 1 and 2 GHG emissions 46% by FY2030 from a FY2019 base year. Deckers Brands also commits to reduce scope 3 GHG emissions 58% per $M gross profit within the same timeframe.,2021-11-04 01:00:00
DELL,Dell Technologies,Dell Technologies,Targets set,1.5°C,FY2031,Targets set,FY2051,Targets set,FY2051,"Overall Net-Zero Target: Dell Technologies commits to reach net-zero greenhouse gas emissions across the value chain by FY2051. Near-Term Targets: Dell Technologies commits to reduce absolute scope 1 and 2 GHG emissions 50% by FY2031 from a FY2020 base year. Dell Technologies also commits to reduce absolute scope 3 GHG emissions from purchased goods and services 45% within the same timeframe. Dell Technologies further commits to reduce absolute scope 3 GHG emissions from use of sold products 30% within the same timeframe. Long-Term Targets: Dell Technologies commits to reduce absolute scope 1 and 2 GHG emissions 90% by FY2051 from a FY2020 base year. Dell Technologies also commits to reduce absolute scope 3 GHG emissions 90% within the same timeframe. 
 
",2024-09-19 01:00:00
DHR,Danaher Corporation,Danaher Corporation,Targets set,1.5°C,2035.0,Targets set,2050.0,Targets set,2050.0,"Overall Net-Zero Target:
Danaher Corporation commits to achieve net-zero greenhouse gas emissions across the value chain by 2050.

Near-Term Targets:
Danaher Corporation commits to reduce absolute scope 1 and 2 GHG emissions 54.6% by 2032 from a 2021 base year. Danaher Corporation also commits to reduce absolute scope 3 GHG emissions from purchased goods and services, upstream transportation and distribution and use of sold products 31.73% by 2035 from a 2024 base year. Danaher Corporation further commits that 40.0% of its suppliers by emissions covering purchased goods and services and upstream transportation and distribution, will have science-based targets by 2030.

Long-Term Targets:
Danaher Corporation commits to reduce absolute scope 1 and 2 GHG emissions 90.0% by 2050 from a 2021 base year. Danaher Corporation also commits to reduce absolute scope 3 GHG emissions 90.0% by 2050 from a 2024 base year.",2026-08-27 01:00:00
DLR,Digital Realty,Digital Realty,Targets set,1.5°C,2030.0,,,Committed,,"Near-Term Targets: Digital Realty commits to reduce absolute scope 1 and 2 GHG emissions 42% by 2030 from a 2023 base year. Digital Realty also commits to reduce absolute scope 3 GHG emissions from purchased goods and services, upstream transportation and distribution, downstream leased assets and investments 25% within the same timeframe.",2025-06-26 01:00:00
DOC,Healthpeak Properties,"Healthpeak Properties, Inc.",Targets set,Well-below 2°C,2033.0,,,,,"Real estate investment trust Healthpeak Properties, Inc. commits to reduce absolute scope 1 and 2 GHG emissions 38% by 2033 from a 2018 base year. HCP also commits to reduce absolute scope 3 GHG emissions 19% by 2033 from a 2018 base year",2019-12-12 01:00:00
DOV,Dover Corporation,Dover Corporation,Targets set,Well-below 2°C,2030.0,,,,,Dover Corporation commits to reduce absolute scope 1 and 2 market-based GHG emissions 30% by 2030 from a 2019 base year. Dover Corporation also commits to reduce absolute scope 3 GHG emissions 15% within the same timeframe.,2021-06-23 01:00:00
DVA,DaVita,DaVita,Targets set,1.5°C,2030.0,,,,,"DaVita Inc. commits to reduce absolute scope 1 and 2 GHG emissions 50% by 2030 from a 2018 base year. DaVita Inc. commits to increase annual sourcing of renewable electricity from 0% in 2018 to 100% by 2030. DaVita Inc. also commits that 70% of its suppliers by emissions covering purchased goods and services, capital goods, waste generated in operations, and downstream transportation and distribution will have science-based targets by 2025.",2021-05-27 01:00:00
DXCM,Dexcom,"Dexcom, Inc.",Commitment removed,,,,,,,,2023-06-08 01:00:00
EBAY,eBay Inc,eBay Inc.,Targets set,1.5°C,2030.0,Targets set,2045.0,Targets set,2045.0,Overall Net-Zero Target: eBay Inc. commits to reach net-zero greenhouse gas emissions across the value chain by 2045. Near-Term Targets: eBay Inc. commits to reduce absolute scope 1 and 2 GHG emissions 90% by 2030 from a 2019 base year. eBay Inc. also commits to reduce absolute scope 3 GHG emissions from downstream transportation and distribution 27.5% within the same timeframe.  Long-Term Targets: eBay Inc. commits to maintain a minimum of 90% absolute scope 1 and 2 GHG emissions reductions from 2030 through 2045 from a 2019 base year. eBay Inc. also commits to reduce absolute scope 3 GHG emissions 90% by 2045 from a 2019 base year.,2025-02-27 01:00:00
ECL,Ecolab,Ecolab Inc.,Targets set,1.5°C,2030.0,Targets set,2050.0,Targets set,2050.0,"Overall Net-Zero Target: 
Ecolab Inc. commits to reach net-zero greenhouse gas emissions across the value chain by 2050.
Near-Term Targets: 
Ecolab commits to reduce absolute scope 1 and 2 GHG emissions 50.4% by 2030 from a 2018 base year.* Ecolab also commits to increase active annual sourcing of renewable electricity from 12.9% in 2018 to 100% by 2030. Ecolab further commits to reduce absolute scope 3 GHG emissions from purchased goods and services, fuel and energy related activities, upstream transportation and distribution, and downstream leased assets 25% by 2030 from a 2022 base year.
*The target boundary includes land-related emissions and removals from bioenergy feedstocks.
Long-Term Targets: 
Ecolab commits to reduce absolute scope 1 and 2 GHG emissions 90% by 2050 from a 2018 base year.* Ecolab also commits to reduce absolute scope 3 GHG emissions 90% by 2050 from a 2022 base year.
*The target boundary includes land-related emissions and removals from bioenergy feedstocks.",2024-08-29 01:00:00
EFX,Equifax,Equifax Inc.,Targets set,1.5°C,2032.0,,,,,Equifax Inc. commits to reduce absolute scope 1 and 2 GHG emissions 54.6% by 2032 from a 2019 base year. Equifax Inc. also commits that 73% of its suppliers by spend covering purchased goods & services and capital goods will have science-based targets by 2027.,2023-10-05 01:00:00
ELV,Elevance Health,Elevance Health,Targets set,1.5°C,2030.0,,,,,"Elevance Health Inc. commits to reduce absolute scope 1 GHG emissions 46.2% by 2030 from a 2019 base year. Elevance Health Inc. also commits to continue active annual sourcing of 100% renewable electricity through 2030. Elevance Health Inc. further commits that 75% of its suppliers by spend, covering purchased goods and services, will have science-based targets by 2028.",2024-09-19 01:00:00
EME,Emcor,"EMCOR Group, Inc.",Commitment removed,,,,,,,,2022-12-08 01:00:00
EMR,Emerson Electric,Emerson Electric Co.,Targets set,1.5°C,FY2030,Targets set,FY2045,Targets set,FY2045,"Overall Net-Zero Target Emerson commits to reach net-zero greenhouse gas emissions across the value chain by FY2045. Near-Term Targets Emerson commits to reduce absolute scope 1 and scope 2 GHG emissions 90% by FY2030 from a FY2021 base year.* Emerson also commits to reduce absolute scope 3 GHG emissions 25% within the same timeframe. *The target boundary includes biogenic emissions and removals from bioenergy feedstocks. Long-Term Targets Emerson commits to maintain at least 90% absolute scope 1 and 2 GHG emission reductions from FY2030 through FY2045, relative to a FY2021 base year.* Emerson also commits to reduce absolute scope 3 GHG emissions 90% by FY2045 from a FY2021 base year. *The target boundary includes land-related emissions and removals from bioenergy feedstocks.",2023-05-18 01:00:00
EQIX,Equinix,"Equinix, Inc.",Targets set,1.5°C,2030.0,Targets set,2040.0,Targets set,2040.0,"Overall Net-Zero Target: Equinix, Inc. commits to reach net-zero greenhouse gas emissions across the value chain by 2040.
 Near-Term Targets: Equinix, Inc. commits to reduce absolute scope 1 and 2 GHG emissions 50% by 2030 from a 2019 base year.* Equinix, Inc. also commits to increase active annual sourcing of renewable electricity from 87% in 2019 to 100% by 2030. Equinix, Inc. further commits to reduce absolute scope 3 GHG emissions  from fuel and energy related activities 50% by 2030 from a 2019 base year.* Equinix, Inc. finally commits that 66% of its suppliers by emissions covering purchased goods and services and capital goods, will have science-based targets by 2025.
*The target boundary includes land-related emissions and removals from bioenergy feedstocks.
 Long-Term Targets: Equinix, Inc. commits to reduce absolute scope 1 and 2 GHG emissions 90% by 2040 from a 2019 base year.*  Equinix, Inc. also commits to reduce absolute scope 3 GHG emissions 90% within the same timeframe.*
*The target boundary includes land-related emissions and removals from bioenergy feedstocks.",2025-04-17 01:00:00
ES,Eversource Energy,Eversource Energy,Commitment removed,,,,,,,,2022-11-30 01:00:00
ESS,Essex Property Trust,"Essex Property Trust, Inc.",Targets set,1.5°C,2034.0,,,,,"Near-Term Targets: Essex Property Trust, Inc. commits to reduce scope 1 and 2 absolute GHG emissions 67.2% by 2034 from a 2018 base year. Essex Property Trust, Inc. also commits to reduce absolute scope 3 GHG emissions from purchased goods and services, upstream transportation and distribution, waste generated in operations and downstream leased assets 35% by 2034 from a 2023 base year.",2025-06-19 01:00:00
ETN,Eaton Corporation,Eaton,Targets set,1.5°C,2030.0,Targets set,2050.0,Targets set,2050.0,Overall Net-Zero Target: Eaton commits to reach net-zero greenhouse gas emissions across the value chain by 2050. Near-Term Targets: Eaton commits to reduce absolute scope 1 and 2 GHG emissions 50.4% by 2030 from a 2018 base year. Eaton also commits to reduce scope 3 GHG emissions 58.1% per USD value added  within the same timeframe.  Long-Term Targets: Eaton commits to reduce absolute scope 1 and 2 GHG emissions 90% by 2050 from a 2018 base year. Eaton also commits to reduce absolute scope 3 GHG emissions 90% within the same timeframe.,2025-04-10 01:00:00
EW,Edwards Lifesciences,Edwards Lifesciences,Targets set,1.5°C,2030.0,,,,,"Edwards Lifesciences commits to reduce absolute scope 1 and 2 GHG
emissions 42% by 2030 from a 2021 base year. Edwards Lifesciences also
commits to reduce scope 3 GHG emissions 51.6% per USD of value added
within the same timeframe.",2023-07-13 01:00:00
EXPE,Expedia Group,Expedia Group,Targets set,1.5°C,2030.0,,,,,"Expedia Group, Inc. commits to reduce absolute scope 1 and 2 GHG emissions 75% by 2030 from a 2022 base year. Expedia Group, Inc. also commits that 78% of its suppliers by emissions covering purchased goods and services, capital goods, and business travel, will have science-based targets by 2028.",2024-09-19 01:00:00
F,Ford Motor Company,Ford Motor Company,Targets set,1.5°C/Well-below 2°C,2035.0,,,Commitment removed,,Ford Motor Company commits to reduce absolute scope 1 and scope 2 GHG emissions 76% by 2035 from a 2017 base year. Ford Motor Company also commits to reduce scope 3 use of sold products GHG emissions 50% per vehicle kilometer by 2035 from a 2019 base year. Auto manufacturers have two near-term target temperature alignments for 1) scope 1 and 2 emissions and 2) scope 3 category 11 emissions from use of sold products.,2021-03-31 01:00:00
FCX,Freeport-McMoRan,Freeport-McMoRan Inc.,Commitment removed,,,,,,,,2022-04-14 01:00:00
FDX,FedEx,FedEx Corporation,Targets set,1.5°C,FY2035,,,,,"Near-Term Targets:
FedEx Corporation commits to reduce absolute scope 1 and 2 GHG emissions 58.8% by FY2035 from a FY2024 base year.* FedEx Corporation also commits to reduce absolute scope 3 GHG emissions from fuel- and energy-related activities and upstream transportation and distribution 35.0% within the same timeframe. FedEx Corporation further commits that 70.0% of its suppliers by spend covering purchased goods and services and capital goods, will have science-based targets by FY2030.

*The target boundary includes land-related emissions and removals from biogenic feedstocks.",2026-04-23 01:00:00
FFIV,"F5, Inc.","F5, Inc.",Targets set,1.5°C,FY2030,,,,,"F5, Inc. commits to reduce absolute scope 1 and 2 GHG emissions 50%
by FY2030 from a FY2021 base year. 
F5, Inc. also commits to reduce
absolute scope 3 GHG emissions 43% within the same timeframe.",2024-09-05 01:00:00
FLEX,Flex Ltd.,Flex Ltd.,Targets set,1.5°C,2030.0,,,,,"Flex commits to reduce absolute scope 1 and 2 GHG emissions 50% by 2030 from a 2019 base year*. Flex commits that 70% of its customers by emissions covering purchased goods and services, capital goods and use of sold products, will have science-based targets by 2025. *The target boundary includes biogenic emissions and removals from bioenergy feedstocks.",2021-04-22 01:00:00
FRT,Federal Realty Investment Trust,Federal Realty Investment Trust,Targets set,1.5°C,2030.0,,,,,"This target was approved using a streamlined target validation route exclusive to small and medium-sized enterprises (SMEs). https://sciencebasedtargets.org/faqs-for-smes/ Federal Realty Investment Trust commits to reduce scope 1 and scope 2 GHG emissions 46% by 2030 from a 2019 base year, and to measure and reduce its scope 3 emissions.",2022-09-29 01:00:00
FSLR,First Solar,First Solar Inc,Targets set,1.5°C,2028.0,Targets set,2050.0,Targets set,2050.0,"Overall Net-Zero Target First Solar Inc commits to reach net-zero GHG emissions across the value chain by 2050. Near-Term Targets First Solar commits to reduce absolute scope 1 and 2 GHG emissions 34% by 2028 from a 2020 base year. First Solar also commits to reduce scope 3 GHG emissions from purchased goods and services 45% per MW produced within the same timeframe. Long-Term Targets First Solar Inc commits to reduce absolute Scope 1 and 2 GHG emissions 90% by 2050 from a 2020 base year. First Solar Inc commits to reduce Scope 3 GHG emissions from purchased goods and services, capital goods, and fuel- and energy-related activities 97% per MW produced within the same timeframe.",2023-08-31 01:00:00
FTNT,Fortinet,Fortinet,Targets set,1.5°C,2030.0,,,Commitment removed,,"Fortinet commits to reduce absolute scope 1 and 2 GHG emissions 58.80% by 2030 from a 2021 base year. Fortinet also commits that 69.24% of its customers by revenue covering use of sold products, will have science-based targets by 2029. Fortinet further commits that 60.50% of its suppliers by spend covering purchased goods and services and upstream transportation and distribution, will have science-based targets by 2029.",2025-01-16 01:00:00
GEHC,GE HealthCare,GE Healthcare,Targets set,1.5°C,2030.0,Targets set,2050.0,Targets set,2050.0,"Overall Net-Zero Target: GE Healthcare  commits to reach net-zero greenhouse gas emissions across the value chain by 2050. Near-Term Targets: GE Healthcare commits to reduce absolute scope 1 and 2 GHG emissions 42% by 2030 from a 2022 base year*. GE Healthcare also commits to reduce absolute scope 3 GHG emissions from purchased goods and services, upstream transportation and distribution, business travel and use of sold products 25% by 2030 from a 2022 base year. 
*The target boundary includes land-related emissions and removals from bioenergy feedstocks. Long-Term Targets: GE HealthCare commits to reduce absolute scope 1, 2 and 3 GHG emissions 90% by 2050 from a 2022 base year*.
*The target boundary includes land-related emissions and removals from bioenergy feedstocks.",2024-06-27 01:00:00
GILD,Gilead Sciences,"Gilead Sciences, Inc.",Targets set,1.5°C,2030.0,,,,,Gilead Sciences commits to reduce absolute scope 1 and 2 GHG emissions 46% by 2030 from a 2019 base year. Gilead Sciences also commits to reduce absolute scope 3 GHG emissions 15% over the same timeframe.,2021-05-27 01:00:00
GIS,General Mills,General Mills Inc.,Targets set,1.5°C,FY2030,Targets set,FY2050,Targets set,FY2050,"Overall Net-Zero Target: General Mills Inc. commits to reach net-zero greenhouse gas emissions across the value chain by FY2050. Near-Term Targets: General Mills commits to reduce absolute scope 1, 2, and scope 3 GHG emissions from purchased goods and services, fuel and energy-related activities, upstream transportation and distribution, waste generated in operations, business travel, and end of life treatement of sold products 30% by FY2030 from a FY2020 base year.* Within that target, General Mills commits to reduce absolute scope 1 and 2 GHG emissions 42% by FY2030 from a FY2020 base year.*
*The target boundary includes land-related emissions and removals from bioenergy feedstocks. Long-Term Targets: General Mills commits to reduce absolute scope 1 and 2 GHG emissions 90% by FY2050 from a FY2020 base year.* General Mills also commits to reduce absolute scope 3 GHG emissions from purchased goods and services, fuel and energy-related activities, upstream transportation and distribution, waste generated in operations, business travel, downstream transportation and distribution and end of life treatement of sold products 90% within the same timeframe.
*The target boundary includes land-related emissions and removals from bioenergy feedstocks.",2024-09-26 01:00:00
GLW,Corning Inc.,Corning Incorporated,Targets set,1.5°C,2028.0,,,,,"Corning Incorporated commits to reduce absolute scope 1 and 2 GHG
emissions 30% by 2028 from a 2021 base year. Corning Incorporated also
commits to reduce absolute scope 3 GHG emissions covering purchased
goods and services, capital goods, fuel and energy related activities and
upstream transportation and distribution 17.5% within the same
timeframe.",2023-09-21 01:00:00
GM,General Motors,General Motors,Targets set,1.5°C/Well-below 2°C,2035.0,,,Commitment removed,,General Motors commits to reduce absolute scope 1 and 2 GHG emissions 72% by 2035 from a 2018 base year*. General Motors Company commits to reduce scope 3 GHG emissions from use of sold products of light duty vehicles 51% per vehicle kilometer by 2035 from a 2018 base year. *The target boundary includes biogenic emissions and removals from bioenergy feedstocks. Auto manufacturers have two near-term target temperature alignments for 1) scope 1 and 2 emissions and 2) scope 3 category 11 emissions from use of sold products.,2021-05-20 01:00:00
HAS,Hasbro,"Hasbro, Inc.",Targets set,1.5°C,2030.0,Targets set,2050.0,Targets set,2050.0,"Overall Net-Zero Target
Hasbro commits to reach net-zero greenhouse gas emissions across the value chain by 2050 from a 2020 base year.
Near-Term Targets
Hasbro commits to reduce absolute scope 1 and 2 GHG emissions 47.5% by 2030 from a 2020 base year. Hasbro also commits to reduce absolute scope 3 GHG emissions 42% within the same timeframe.
Long-Term Targets
Hasbro commits to reduce absolute scope 1, 2, and 3 GHG emissions 90% by 2050 from a 2020 base year.",2023-07-20 01:00:00
HD,Home Depot,The Home Depot,Targets set,1.5°C,FY2030,,,,,The Home Depot commits to reduce absolute scope 1 and 2 GHG emissions 42% by FY2030 from a FY2020 base year. The Home Depot commits to reduce absolute scope 3 GHG emissions from the use of sold products 42% within the same timeframe.,2024-03-28 01:00:00
HON,Honeywell,Honeywell International Inc.,Targets set,Well-below 2°C,2037.0,,,,,"Honeywell International Inc. commits to reduce absolute scope 1 and 2 GHG
emissions 50% by 2037 from a 2019 base year. Honeywell International
Inc. also commits to reduce absolute scope 3 GHG emissions 23% within
the same timeframe.",2023-05-11 01:00:00
HPE,Hewlett Packard Enterprise,Hewlett Packard Enterprise Company,Targets set,1.5°C,FY2030,Targets set,FY2040,Targets set,FY2040,Overall Net-Zero Target Hewlett Packard Enterprise commits to reach net-zero greenhouse gas emissions across the value chain by FY2040 from a FY2020 base year. Near-Term Targets Hewlett Packard Enterprise commits to reduce absolute scope 1 and 2 GHG emissions 70% by FY2030 from a FY2020 base year. Hewlett Packard Enterprise also commits to reduce absolute scope 3 GHG emissions 42% within the same timeframe. Long-Term Targets Hewlett Packard Enterprise commits to reduce absolute scope 1 and 2 emissions 90% by FY2040 from a FY2020 base year. Hewlett Packard Enterprise also commits to reduce absolute scope 3 emissions 90% within the same time frame.,2022-07-21 01:00:00
HPQ,HP Inc.,HP Inc.,Targets set,1.5°C,FY2030,Targets set,FY2040,Targets set,FY2040,"Overall Net-Zero Target: HP Inc. commits to reach net-zero greenhouse gas emissions across the value chain by FY2040. Near-Term Targets: HP Inc. commits to reduce absolute scope 1, 2 and 3 GHG emissions 50% by FY2030 from a FY2019 base year. Long-Term Targets: HP Inc. commits to reduce absolute scope 1, 2 and 3 GHG emissions 90% by FY2040 from a FY2019 base year.",2024-12-12 01:00:00
HRL,Hormel Foods,Hormel Foods Corporation,Targets set,1.5°C,2030.0,,,,,Hormel Foods Corporation commits to reduce absolute scope 1 and 2 GHG emissions 50% by 2030 from a 2019 base year. Hormel Foods Corporation also commits to reduce absolute scope 3 GHG emissions 27.5% within the same timeframe.,2023-10-19 01:00:00
HSIC,Henry Schein,"Henry Schein, Inc.",Targets set,1.5°C,2030.0,Targets set,2050.0,Targets set,2050.0,"Overall Net-Zero Target: Henry Schein, Inc. commits to reach net-zero greenhouse gas emissions across the value chain by 2050. Near-Term Targets: Henry Schein, Inc. commits to reduce absolute scope 1 GHG emissions 42% by 2030 from 2022 base year. Henry Schein, Inc. also commits to increase active annual sourcing of renewable electricity from 0% in 2022 to 100% by 2030. Henry Schein Inc. further commits to reduce scope 3 GHG emissions 51.6% per million USD value added by 2030 from a 2022 base year. Long-Term Targets: Henry Schein, Inc. commits to reduce absolute scope 1 GHG emissions 90% by 2050 from a 2022 base year. Henry Schein, Inc. also commits to continue active annual sourcing of 100% renewable electricity through 2030. Henry Schein, Inc. further commits to reduce scope 3 GHG emissions 97% per million USD value added by 2050 from a 2022 base year.",2025-01-16 01:00:00
HST,Host Hotels & Resorts,"Host Hotels & Resorts, Inc.",Targets set,1.5°C,2030.0,,,,,"Near-Term Targets: Host Hotels & Resorts, Inc. commits to reduce absolute scope 1 and 2 GHG emissions 54% by 2030 from a 2019 base year.",2025-09-04 01:00:00
HUM,Humana,Humana Inc.,Targets set,1.5°C,2029.0,,,,,"Headline target: Humana Inc.'s portfolio targets cover 30% of its total investment and lending by
assets under management as of 2022. As of that year, required activities made up 30% of Humana Inc.’s total investment and lending by assets under management while optional activities made up 6% and out of scope activities made up 64%.
https://files.sciencebasedtargets.org/production/files/Target-language-and-summary_Humana-Inc.pdf",2025-06-05 01:00:00
IFF,International Flavors & Fragrances,International Flavors & Fragrances Inc.,Targets set,1.5°C,2030.0,,,,,"International Flavors & Fragrances, Inc. commits to reduce absolute scope 1 and 2 GHG emissions 50% by 2030 from a 2021 base year.
International Flavors & Fragrances, Inc., also commits to reduce absolute scope 3 GHG emissions from purchased goods and services, fuel and energy related activities, upstream transportation and distribution, waste generated in operations, and processing of sold products 30% within the same timeframe.",2023-08-03 01:00:00
INTU,Intuit,Intuit,Targets set,1.5°C,FY2030,Targets set,FY2040,Targets set,FY2040,Overall Net Zero target Intuit Inc. commits to reach net-zero greenhouse gas emissions across the value chain by FY2040. Near-Term Targets Intuit Inc. commits to reduce absolute scope 1 and 2 GHG emissions 42% by FY2030 from a FY2022 base year. Intuit Inc also commits that 80% of its suppliers by emissions covering purchased goods and services will have science-based targets by FY2027. Long-Term Targets Intuit Inc. commits to reduce absolute scope 1 and 2 GHG emissions 90% by FY2040 from a FY2022 base year. Intuit Inc also commits to reduce scope 3 GHG emissions 97% per million USD value added within the same timeframe.,2023-07-13 01:00:00
IP,International Paper,International Paper Company,Targets set,Well-below 2°C,2030.0,,,,,"International Paper commits to reduce absolute scope 1, 2 and 3 GHG emissions 35% by 2030 from a 2019 base year. Within this target, International Paper commits to reduce absolute scope 1 and 2 GHG emissions 32.8%, * and to reduce absolute scope 3 GHG emissions 35.7% by 2030 from a 2019 base year. *The target boundary includes bioenergy emissions and removals from bioenergy feedstocks.",2021-11-11 01:00:00
IQV,IQVIA,IQVIA Holdings Inc,Targets set,1.5°C,2030.0,Targets set,2050.0,Targets set,2050.0,"Overall Net-Zero Target
IQVIA commits to reach net-zero greenhouse gas emissions across the value chain by
2050.
Near-Term Targets
IQVIA commits to reduce absolute scope 1 and 2 GHG emissions 55.1% by 2030 from a
2019 base year.* IQVIA also commits to reduce absolute scope 3 GHG emissions from
business travel 55% per FTE within the same timeframe. IQVIA further commits that 70%
of its suppliers by emissions, covering purchased goods and services, capital goods, and
upstream transport and distribution, will have science-based targets by 2027.
*The target boundary includes biogenic land-related emissions and removals from bioenergy feedstocks.
Long-Term Targets
IQVIA commits to reduce absolute scope 1,2 and 3 GHG emissions 90% by 2050 from a 2019 base year.*
*The target boundary includes biogenic land-related emissions and removals from bioenergy feedstocks.",2023-11-23 01:00:00
IR,Ingersoll Rand,Ingersoll Rand Inc.,Targets set,1.5°C,2034.0,Targets set,2050.0,Targets set,2050.0,Overall Net-Zero Target: Ingersoll Rand Inc. commits to reach net-zero greenhouse gas emissions across the value chain by 2050. Near-Term Targets: Ingersoll Rand Inc. commits to reduce absolute scope 1 and 2 GHG emissions 42% by 2030 from a 2020 base year. Ingersoll Rand Inc. also commits to reduce scope 3 GHG emissions from use of sold products 63.8% per USD value added by 2034 from a 2020 base year.  Long-Term Targets: Ingersoll Rand Inc. commits to reduce absolute scope 1 and 2 GHG emissions 90% by 2050 from a 2020 base year. Ingersoll Rand Inc. also commits to reduce scope 3 GHG emissions from use of sold products 97% per USD value added within the same timeframe. ,2024-12-12 01:00:00
IRM,Iron Mountain,Iron Mountain,Targets set,1.5°C,2033.0,Targets set,2040.0,Targets set,2040.0,"Overall Net-Zero Target: Iron Mountain Incorporated commits to reach net-zero greenhouse gas emissions across the value chain by 2040. Near-Term Targets: Iron Mountain Incorporated commits to reduce absolute scope 1 and 2 GHG emissions 54.6% by 2033 from a 2022 base year.* Iron Mountain Incorporated commits that 84.2% of its suppliers by emissions covering purchased goods and services, capital goods, business travel, upstream transportation and distribution, will have science-based targets by 2028.* *The target boundary includes land-related emissions and removals from bioenergy feedstocks. Long-Term Targets: Iron Mountain Incorporated commits to reduce absolute scope 1 and 2 GHG emissions by 90% by 2040 from a 2022 base year.* Iron Mountain Incorporated also commits to reduce absolute scope 3 GHG emissions by 90% within the same timeframe.* *The target boundary includes land-related emissions and removals from bioenergy feedstocks.",2024-11-14 01:00:00
IT,Gartner,"Gartner, Inc.",Targets set,1.5°C,2029.0,,,,,"Gartner Inc. commits to reduce absolute scope 1 and 2 GHG emissions 53% by 2029 from a 2019 base year. Gartner Inc. also commits to reduce scope 3 GHG emissions from business travel and employee commuting 52% per FTE within the same timeframe. Gartner Inc. further commits that 50% of suppliers by spend covering purchased goods and services and capital goods, will set science-based targets by 2027.",2024-01-04 01:00:00
JBL,Jabil,Jabil Inc.,Commitment removed,,,,,Commitment removed,,,2022-10-20 01:00:00
JCI,Johnson Controls,Johnson Controls International plc,Targets set,1.5°C,2030.0,,,,,Johnson Controls International plc commits to reduce absolute scope 1 and 2 GHG emissions 55% by 2030 from a 2017 base year*. Johnson Controls International plc also commits to reduce absolute scope 3 GHG emissions from the use of sold products 16% by 2030 from a 2017 base year. *The target boundary includes biogenic emissions and removals from bioenergy feedstocks,2021-03-25 01:00:00
JNJ,Johnson & Johnson,Johnson & Johnson,Targets set,1.5°C,2030.0,,,Commitment removed,,"Johnson & Johnson commits to reduce absolute scope 1 and 2 GHG emissions
44% by 2030 from a 2021 base year.* Johnson & Johnson also commits that 80%
of its suppliers by emissions covering purchased goods and services and
upstream transportation and distribution, will have science-based targets by 2028.
* The target boundary includes biogenic land-related emissions and removals from
bioenergy feedstocks.",2024-04-04 01:00:00
KDP,Keurig Dr Pepper,Keurig Dr Pepper,Targets set,1.5°C,2030.0,,,,,"Energy & Industry:
Keurig Dr Pepper commits to reduce absolute scope 1 and 2 GHG emissions 50.4% by 2030
from a 2018 base year. Keurig Dr Pepper also commits to reduce absolute scope 3 GHG
emissions from purchased goods and services, fuel and energy related activities, upstream
transportation and distribution, and use of sold products 25% by 2030 from a 2022 base year.
FLAG:
Keurig Dr Pepper commits to reduce absolute scope 3 FLAG GHG emissions 30.3% by 2030
from a 2022 base year.* Keurig Dr Pepper also commits to no deforestation across its primary
deforestation-linked commodities, with a target date of December 31, 2025.
*The target includes FLAG emissions and removals.",2025-03-20 01:00:00
KEYS,Keysight Technologies,"Keysight Technologies, Inc.",Targets set,1.5°C,FY2030,,,,,"Keysight Technologies commits to reduce absolute scope 1 and 2 GHG emissions
42% by FY2030 from a FY2021 base year. Keysight Technologies also commits
that 73% of its customers by emissions covering use of sold products, will have
science-based targets by FY2028.",2023-11-09 01:00:00
KHC,Kraft Heinz,The Kraft Heinz Company,Targets set,1.5°C,2030.0,Targets set,2050.0,Targets set,2050.0,"Overall net-zero target:
The Kraft Heinz Company commits to reach net-zero greenhouse gas emissions across the value chain by 2050.
Near-term targets:
Energy & Industry: The Kraft Heinz Company commits to reduce absolute scope 1 and 2 emissions 50% by 2030 from a 2021 base year.* The Kraft Heinz Company also commits to reduce absolute scope 3 GHG emissions 50% within the same timeframe.
*The target boundary includes land-related emissions and removals from bioenergy feedstocks.
FLAG: The Kraft Heinz Company commits to reduce absolute scope 3 FLAG GHG emissions 30.3% by 2030 from a 2021 base year.* The Kraft Heinz Company also commits to no deforestation across its primary deforestation-linked commodities, with a target date of December 31, 2025.
*The target includes FLAG emissions and removals.
Long-term targets:
Energy & Industry: The Kraft Heinz Company commits to reduce absolute scope 1, 2 and 3 GHG emissions 90% by 2050 from a 2021 base year.*
*The target boundary includes land-related emissions and removals from bioenergy feedstocks.
FLAG: The Kraft Heinz Company commits to reduce absolute scope 3 FLAG GHG emissions 72% by 2050 from a 2021 base year.*
*The target includes FLAG emissions and removals.",2025-05-15 01:00:00
KIM,Kimco Realty,Kimco Realty Corporation,Targets set,Well-below 2°C,2030.0,,,,,"This target was approved using a streamlined target validation route exclusive to small and medium-sized enterprises (SMEs). https://sciencebasedtargets.org/faqs-for-smes/
Kimco Realty Corporation commits to reduce absolute scope 1 and scope 2 GHG emissions 30% by 2030 from a 2018 base year, and to measure and reduce its scope 3 emissions.",2021-02-25 01:00:00
KLAC,KLA Corporation,KLA Corporation,Targets set,1.5°C,2030.0,,,,,"KLA Corporation commits to reduce absolute scope 1 and 2 GHG emissions 50% by 2030 from a 2021 base year. KLA Corporation also commits to reduce scope 3 GHG emissions from use of sold products 52% per billion transistors inspected, measured, or processed within the same timeframe.",2024-08-15 01:00:00
KMB,Kimberly-Clark,Kimberly-Clark Corporation,Targets set,Well-below 2°C,2030.0,,,,,Kimberly-Clark Corporation commits to reduce absolute scope 1 and 2 GHG emissions 50% by 2030 from a 2015 base year. Kimberly-Clark Corporation also commits to reduce absolute scope 3 GHG emissions from purchased goods and services and end of life treatment of sold products 20% by 2030 from a 2015 base year. *The target boundary includes biogenic emissions and removals from bioenergy feedstocks.,2020-06-25 01:00:00
KR,Kroger,The Kroger Co.,Commitment removed,,,,,,,,2022-06-30 01:00:00
KVUE,Kenvue,Kenvue Inc.,Targets set,1.5°C,2030.0,,,Commitment removed,,"Kenvue commits to reduce absolute scope 1 and 2 GHG emissions 42% by 2030 from a 2020 base year.*
Kenvue also commits that 75% of its suppliers by emissions covering purchased goods and services and upstream transportation and distribution, will have science-based targets by 2028.
(*The target boundary includes land-related emissions and removals from bioenergy feedstocks.)",2024-05-02 01:00:00
LH,Labcorp,Labcorp,Targets set,1.5°C,2030.0,,,,,"Labcorp commits to reduce absolute scope 1 and 2 GHG emissions 42% by 2030 from a 2020 base year. Labcorp also commits to reduce absolute scope 3 GHG emissions from purchased goods and services, upstream transportation and distribution and downstream transportation and distribution 25% within the same timeframe.",2023-08-24 01:00:00
LII,Lennox International,Lennox International Inc.,Targets set,Well-below 2°C,2034.0,,,,,Lennox International Inc. commits to reduce absolute scope 1 and 2 GHG emissions 37.5% by 2034 from a 2019 base year. Lennox International Inc. also commits to reduce scope 3 GHG emissions 30% per product sold by 2034 from a 2019 base year,2022-01-06 01:00:00
LIN,Linde,Linde plc,Targets set,Well-below 2°C,2035.0,,,,,Linde plc commits to reduce absolute scope 1 and 2 GHG emissions 35% by 2035 from a 2021 base year*. *The target boundary includes biogenic emissions and removals from bioenergy feedstocks.,2022-10-20 01:00:00
LITE,Lumentum,Lumentum Holdings Inc,Targets set,1.5°C,FY2030,Targets set,FY2050,Targets set,FY2050,Overall Net-Zero Target: Lumentum commits to reach net-zero greenhouse gas emissions across the value chain by 2050. Near-Term Targets: Lumentum commits to reduce absolute scope 1 and 2 GHG emissions 90% by FY2030 from a FY2022 base year. Lumentum also commits to reduce scope 3 GHG emissions from fuel- and energy-related activities and use of sold products 52% per data capacity delivered (Gbps) of sold cloud and networking products within the same timeframe. Lumentum further commits that 30% of its suppliers by emissions covering purchased goods and services will have science-based targets by FY2028. Lumentum finally commits that 25% of its customers by emissions covering use of sold products will have science-based targets by FY2028. Long-Term Targets: Lumentum commits to maintain a minimum of 90% absolute scope 1 and 2 GHG emissions from FY2030 through FY2050 from a FY2022 base year. Lumentum also commits to reduce absolute scope 3 GHG emissions 90% by FY2050 from a FY2022 base year.,2025-01-23 01:00:00
LRCX,Lam Research,Lam Research Corporation,Targets set,1.5°C,2034.0,,,,,Near-Term Targets: Lam Research Corporation commits to reduce absolute scope 1 and 2 GHG emissions 46.2% by 2030 from a 2019 base year. Lam Research Corporation also commits to reduce scope 3 GHG emissions from use of sold products 63.8% per USD value added by 2034 from a 2022 base year.,2025-06-05 01:00:00
LVS,Las Vegas Sands,Las Vegas Sands Corp,Targets set,1.5°C,2030.0,,,,,"Near-Term Targets: Las Vegas Sands Corp commits to reduce absolute scope 1 and 2 GHG emissions 60.2% by 2030 from a 2018 base year. Las Vegas Sands Corp also commits that 72.85% of its suppliers by emissions, covering purchased goods and services and capital goods, will have science-based targets by 2030.",2025-07-24 01:00:00
MA,Mastercard,Mastercard,Targets set,1.5°C,2030.0,,,,,"Near-Term Targets:
Mastercard commits to reduce absolute scope 1, 2 and 3 GHG emissions 60.2% by 2030 from a 2016 base year. Within this target, Mastercard commits to reduce scope 1 and 2 GHG emissions 90.0% and scope 3 GHG emissions 59.0% within the same timeframe.",2026-09-10 01:00:00
MAR,Marriott International,"Marriott International, Inc.",Targets set,1.5°C,2030.0,Targets set,2050.0,Targets set,2050.0,"Overall Net-Zero Target: Marriott International, Inc. commits to reach net-zero greenhouse gas emissions across the value chain by 2050. Near-Term Targets: Marriott International commits to reduce absolute scope 1 and 2 GHG emissions 46.2% by 2030 from a 2019 base year.* Marriott International also commits to reduce absolute scope 3 GHG emissions from fuel and energy-related activities, waste generated in operations, employee commuting, and franchises 27.5% within the same timeframe.* Marriott International commits that 22% of its suppliers by emissions covering purchased goods and services, capital goods, and upstream transportation and distribution will have science-based targets by 2028.
*The target boundary includes land-related emissions and removals from bioenergy feedstocks. Long-Term Targets: Marriott International commits to reduce absolute scope 1 and 2 GHG emissions 90% by 2050 from a 2019 base year.* Marriott International commits to reduce absolute scope 3 GHG emissions 90% within the same timeframe.*
*The target boundary includes land-related emissions and removals from bioenergy feedstocks.",2024-04-25 01:00:00
MCD,McDonald's,McDonald's Corporation,Targets set,1.5°C,2030.0,Targets set,2050.0,Targets set,2050.0,"Overall Net-Zero Target
McDonald’s Corporation commits to reach net-zero GHG emissions across the value chain
by 2050.
Near-Term Targets
Energy and industrial: McDonald’s Corporation commits to reduce absolute scope 1 and 2
GHG emissions 50.4% by 2030 from a 2018 base year. McDonald’s Corporation also commits
to reduce absolute scope 3 energy and industrial GHG emissions from purchased goods and
services, fuel and energy related activities, upstream transportation and distribution, waste
generated in operations, end-of-life treatment of sold products, and franchises 50.4% within
the same timeframe.
FLAG: McDonald’s Corporation commits to reduce absolute scope 3 FLAG GHG emissions 16%
by 2030 from a 2018 base year.* McDonald’s Corporation also commits to maintain no
deforestation across its primary deforestation-linked commodities.
Long-Term Targets
Energy and industrial: McDonald’s Corporation commits to reduce absolute scope 1, 2, and
energy and industrial scope 3 GHG emissions 90% by 2050 from a 2018 base year.
FLAG: McDonald’s Corporation also commits to reduce absolute scope 3 GHG emissions 72%
by 2050 from a 2018 base year.*
*Target includes FLAG emissions and removals.",2023-12-07 01:00:00
MCK,McKesson Corporation,McKesson Corporation,Targets set,1.5°C,FY2032,,,,,McKesson commits to reduce absolute scope 1 and 2 GHG emissions 50.4% by FY2032 from a FY2020 base year. McKesson commits that 70% of its suppliers by spend covering purchased goods and services will have science_x0002_based targets by FY2027,2023-01-19 01:00:00
MCO,Moody's Corporation,Moody's Corporation,Targets set,1.5°C,2030.0,Targets set,2040.0,Targets set,2040.0,"Overall Net-Zero Target Moody’s Corporation commits to reach net-zero greenhouse gas emissions across the value chain by 2040 from a 2019 base year. Near-Term Targets Moody's Corporation commits to reduce absolute scope 1 and 2 emissions 50% by 2030 from a 2019 base year. Moody's Corporation also commits to reduce absolute scope 3 GHG emissions from fuel and energy related activities, business travel, and employee commuting 15% by 2025 from a 2019 base year. Moody's Corporation further commits that 60% of its suppliers by spend covering purchased goods and services, and capital goods will have science-based targets by 2025. Long-Term Targets Moody's Corporation commits to reduce absolute scope 1, 2, and 3 emissions 90% by 2040 from a 2019 base year.",2022-05-12 01:00:00
MDLZ,Mondelez International,Mondelez International Inc,Targets set,1.5°C,2030.0,Targets set,2050.0,Targets set,2050.0,"Net-Zero Target
Mondelez International Inc commits to reach net-zero greenhouse gas emissions across the value chain by 2050.
Near-Term Targets
Energy & Industry:
Mondelez International Inc commits to reduce absolute scope 1 and 2 GHG emissions 50.4% by 2030 from a 2018
base year.* Mondelez International Inc also commits to reduce absolute scope 3 GHG emissions 30% within the
same timeframe.
*The target boundary includes biogenic land-related emissions and removals from bioenergy feedstocks.
FLAG:
Mondelez International Inc commits to reduce absolute scope 3 FLAG GHG emissions 36.4% by 2030 from a 2018
base year.* Mondelez International Inc commits to no deforestation across its primary deforestation-linked
commodities with a target date of December 31st 2025
*The target includes FLAG emissions and removals.
Long-term targets
Energy & Industry:
Mondelez International Inc commits to reduce absolute scope 1 and 2 GHG emissions 90% by 2050 from a 2018
base year.* Mondelez International Inc also commits to reduce absolute scope 3 GHG emissions 90% within the
same timeframe.
*The target boundary includes biogenic land-related emissions and removals from bioenergy feedstocks.
FLAG:
Mondelez International Inc commits to reduce absolute scope 3 FLAG GHG emissions 72% by 2050 from a 2018 base
year.*
*The target includes FLAG emissions and removals.",2024-04-11 01:00:00
MDT,Medtronic,Medtronic PLC,Targets set,1.5°C,FY2034,,,Commitment removed,,"Near-Term Targets: Medtronic PLC commits to reduce absolute scope 1 and 2 GHG emissions 52% by FY2030 from a FY2020 base year. Medtronic PLC also commits to increase active annual sourcing of renewable electricity from 1.29% in FY2020 to 100% by FY2030. Medtronic PLC further commits that 75% of its suppliers by emissions covering purchased goods and services and capital goods will have science-based targets by FY2030. Finally, Medtronic PLC commits to reduce absolute scope 3 GHG emissions from upstream transportation and distribution, business travel and end-of-life treatment of sold products 37.5% by FY2034 from a FY2024 base year.",2025-07-24 01:00:00
MET,MetLife,"MetLife, Inc.",Committed,,,,,,,,2016-04-20 01:00:00
META,Meta Platforms,"Meta Platforms, Inc.",Targets set,1.5°C,2031.0,,,Commitment removed,,"Meta commits to reduce absolute scope 1 and 2 GHG emissions 42% by
2031 from a 2021 base year. Meta also commits to continue annually
sourcing 100% renewable electricity through 2030. Meta further commits
that 76% of its suppliers by emissions covering purchased goods and
services and capital goods, will have science-based targets by 2026.",2024-02-29 01:00:00
MGM,MGM Resorts,MGM Resorts International,Targets set,1.5°C,2030.0,,,,,"MGM Resorts International commits to reduce absolute scope 1 and 2 GHG emissions 50% by 2030 from a 2019 base year. MGM also commits to reduce absolute scope 3 GHG emissions from purchased goods and services, fuel-and energy-related activities, waste generated in operations, and employee commuting 30% within the same timeframe.",2023-05-04 01:00:00
MKC,McCormick & Company,"McCormick & Company, Incorporated",Targets set,1.5°C,FY2030,Targets set,FY2050,Targets set,FY2050,"Overall Net-Zero Target
McCormick & Company commits to reach net-zero greenhouse gas emissions across the
value chain by FY2050.
Near-Term Targets
McCormick & Company commits to reduce absolute scope 1 and 2 GHG emissions 42% by
FY2030 from a FY2020 base year. McCormick & Company also commits to reduce absolute
scope 3 GHG emissions from purchased goods and services 42% within the same timeframe.
Long-Term Targets
McCormick & Company commits to reduce absolute scope 1 and 2 GHG emissions 90% by
FY2050 from a FY2020 base year. McCormick & Company also commits to reduce absolute
scope 3 GHG emissions from purchased goods and services, capital goods, fuel and energy
related activities, upstream transportation and distribution, waste generated in operations,
business travel, and employee commuting 90% within the same timeframe.",2023-11-23 01:00:00
MLM,Martin Marietta Materials,"Martin Marietta Materials, Inc.",Targets set,1.5°C,2035.0,,,,,"Near-Term Targets:
Martin Marietta Materials, Inc. commits to reduce absolute scope 1 and 2 GHG emissions 63.0% by 2035 from a 2023 base year.* Martin Marietta Materials, Inc. also commits to reduce absolute scope 3 GHG emissions from purchased goods and services, fuel- and energy-related activities and upstream transportation and distribution 37.5% within the same timeframe.

*The target boundary includes land-related emissions and removals from biogenic feedstocks.",2026-03-12 01:00:00
MMM,3M,3M,Targets set,1.5°C,2030.0,,,,,3M commits to reduce absolute scope 1 and 2 GHG emissions 52.6% by 2030 from a 2019 base year. 3M also commits to reduce absolute scope 3 GHG emissions 42% by 2030 from a 2021 base year.,2024-10-03 01:00:00
MNST,Monster Beverage,Monster Beverage Corporation,Commitment removed,,,,,,,,2024-01-18 01:00:00
MO,Altria,"Altria Group, Inc.",Targets set,1.5°C,2030.0,Targets set,2050.0,Targets set,2050.0,"Overall net-zero target:
Altria Group commits to reach net-zero greenhouse gas emissions across the value chain by 2050.
Near-term targets:
Energy & Industry: Altria commits to reduce absolute scope 1 and 2 GHG emissions 65% by 2030 from a 2022 base year. Altria also commits to increase active annual sourcing of renewable electricity from 0.34% in 2022 to 100% by 2030. Altria further commits to reduce absolute scope 3 GHG emissions 42% by 2030 from a 2022 base year.*
*The target boundary includes biogenic land-related emissions and removals from bioenergy feedstocks.
FLAG: Altria commits to reduce absolute scope 3 FLAG GHG emissions 30.3% by 2030 from a 2022 base year.* Altria commits to no deforestation across its primary deforestation-linked commodities, with a target date of 2025.
*The target includes FLAG emissions and removals.
Long-term targets:
Energy & Industry: Altria commits to reduce absolute scope 1 and 2 GHG emissions 90% by 2050 from a 2022 base year. Altria also commits to reduce absolute scope 3 GHG emissions 90% within the same timeframe.*
*The target boundary includes biogenic land-related emissions and removals from bioenergy feedstocks.
FLAG: Altria commits to reduce absolute scope 3 FLAG GHG emissions 72% by 2050 from a 2022 base year.*
*The target includes FLAG emissions and removals.
",2024-10-03 01:00:00
MRNA,Moderna,"Moderna, Inc.",Targets set,1.5°C,2030.0,Targets set,2045.0,Targets set,2045.0,"Overall Net-Zero Target: Moderna, Inc. commits to reach net-zero greenhouse gas emissions across the value chain by 2045. Near-Term Targets: Moderna, Inc. commits to reduce absolute scope 1 and 2 GHG emissions 90% by 2030 from a 2021 base year. Moderna, Inc. commits that 85% of its suppliers by emissions covering purchased goods and services, capital goods and upstream transportation and distribution, will have science-based targets by 2028. Long-Term Targets: Moderna, Inc. commits to maintain a minimum of 90% absolute scopes 1 and 2 GHG emissions from 2030 through 2045 from a 2021 base year. Moderna, Inc. also commits to reduce absolute scope 3 GHG emissions emissions 90% by 2045 from a 2021 base year. ",2025-01-09 01:00:00
MRSH,Marsh McLennan,Marsh McLennan,Targets set,1.5°C,2030.0,Targets set,2050.0,Targets set,2050.0,"Overall Net-Zero Target: Marsh McLennan commits to reach net-zero greenhouse gas emissions across the value chain by 2050. Near-Term Targets: Marsh McLennan commits to reduce absolute scope 1 and 2 GHG emissions 50% by 2030 from a 2019 base year. Marsh McLennan also commits to reduce scope 3 GHG emissions from purchased goods and services, capital goods, and business travel 55% per million USD of operating profit within the same timeframe. Long-Term Targets: Marsh McLennan commits to reduce absolute scope 1 and 2 GHG emissions 90% by 2050 from a 2019 base year. Marsh McLennan also commits to reduce scope 3 GHG emissions from purchased goods and services, capital goods, upstream transportation and distribution, business travel, and employee commuting 97% per million USD of operating profit within the same timeframe.",2024-08-01 01:00:00
MRVL,Marvell Technology,Marvell Technology Inc.,Targets set,1.5°C,FY2030,,,Commitment removed,,Marvell Technology Inc. commits to reduce absolute scope 1 and 2 GHG emissions by 50% by FY2030 from a FY2022 base year. Marvell Technology Inc. also commits to reduce scope 3 GHG emissions from use of sold products by 55% per petabyte per second within the same timeframe.,2024-03-14 01:00:00
MSCI,MSCI,MSCI Inc.,Targets set,1.5°C,2030.0,Targets set,2040.0,Targets set,2040.0,"Overall Net-Zero Target MSCI commits to reach net-zero GHG emissions across the value chain by 2040 from a 2019 base year. Near-Term Targets MSCI commits to reduce absolute scope 1 and 2 GHG emissions 80% by 2030 from a 2019 base year. MSCI also commits to reduce absolute scope 3 GHG emissions 50% by 2030 from a 2019 base year. Long-Term Targets MSCI commits to reduce absolute scope 1, 2 and 3 GHG emissions 90% by 2040 from a 2019 base year.",2022-12-08 01:00:00
MSFT,Microsoft,Microsoft Corporation,Targets set,1.5°C,2030.0,,,Commitment removed,,American multinational technology company Microsoft commits to continue annually source 100% renewable electricity through 2030. Microsoft also commits to reduce scope 3 GHG emissions intensity per unit of revenue 30% by 2030 from a 2017 base year and to avoid growth in absolute scope 3 emissions.,2020-01-01 01:00:00
NDAQ,"Nasdaq, Inc.","Nasdaq, Inc.",Targets set,1.5°C,2032.0,Targets set,2050.0,Targets set,2050.0,"Overall Net-Zero Target: Nasdaq, Inc. commits to reach net-zero greenhouse gas emissions across the value chain by 2050.  Near-Term Targets: Nasdaq, Inc. commits to reduce absolute scope 1 and 2 GHG emissions 90% by 2032 from a 2023 base year. Nasdaq, Inc. also commits to increase active annual sourcing of renewable electricity from 97% in 2023 to 100% by 2030. Nasdaq, Inc. further commits to reduce absolute scope 3 GHG emissions 50% by 2032 from a 2023 base year. Nasdaq, Inc. finally commits that 70% of its suppliers by spend, covering purchased goods and services and capital goods, will have science-based targets by 2029.  Long-Term Targets: Nasdaq, Inc. commits to maintain a minimum 90% absolute scope 1 and 2 GHG emissions reduction from 2032 through 2050 from a 2023 base year. Nasdaq, Inc. also commits to reduce absolute scope 3 GHG emissions 95% within the same timeframe.",2025-10-30 01:00:00
NEM,Newmont,Newmont Corporation,Targets set,Well-below 2°C,2030.0,,,,,Newmont commits to reduce absolute scope 1 and 2 GHG emissions 32% by 2030 from a 2018 base year. Newmont also commits to reduce scope 1 and 2 GHG emissions 32% per Gold Equivalent Ounce (GEO) within the same timeframe. Newmont commits to reduce absolute scope 3 GHG emissions 30% by 2030 from a 2019 base year.,2022-10-27 01:00:00
NFLX,Netflix,Netflix,Targets set,1.5°C,2030.0,,,Commitment removed,,Netflix commits to reduce absolute scope 1 and 2 GHG emissions 46.2% by 2030 from a 2019 base year. Netflix also commits to reduce scope 3 GHG emissions 55% per million USD of value added within the same timeframe.,2023-03-30 01:00:00
NKE,"Nike, Inc.","NIKE, Inc.",Targets set,1.5°C,2030.0,,,,,"American multinational corporation NIKE, Inc. sets a target to reduce absolute scope 1 and 2 GHG emissions 65% by 2030 from a 2015 base year. NIKE, Inc. also sets a target to reduce absolute scope 3 GHG emissions 30% within the same timefram",2019-09-19 01:00:00
NOW,ServiceNow,ServiceNow Inc.,Targets set,1.5°C,2026.0,,,,,"ServiceNow Inc. commits to reduce absolute scope 1 and 2 GHG emissions 70% by 2026 from a 2019 base year. ServiceNow Inc. also commits to reduce scope 3 GHG emissions from business travel and employee commuting 40% per unit of value added within the same timeframe. ServiceNow Inc. further commits that 65% of its suppliers by spend covering purchased goods and services and capital goods, will have science_x0002_based targets by 2026.",2021-12-16 01:00:00
NRG,NRG Energy,NRG Energy Inc,Targets set,1.5°C,2025.0,,,Commitment removed,,"NRG Energy commits to reduce absolute scope 1, 2 and scope 3 business travel GHG emissions 50% by 2025 and 100% by 2050 from a 2014 base year.",2021-03-11 01:00:00
NSC,Norfolk Southern,Norfolk Southern Corporation,Targets set,Well-below 2°C,2034.0,,,,,Norfolk Southern commits to reduce scope 1 and 2 GHG emissions 42% per million gross ton-miles (MGTM) by 2034 from a 2019 base year*. *The target boundary includes biogenic emissions and removals from bioenergy feedstocks.,2021-07-29 01:00:00
NTAP,NetApp,NetApp Inc.,Targets set,1.5°C,FY2030,,,,,"Near-Term Targets: NetApp, Inc. commits to reduce absolute scope 1 and 2 GHG emissions 50.8% by FY2030 from a FY2020 base year. NetApp, Inc. also commits to reduce scope 3 GHG emissions from use of sold products 51.6% per effective petabytes shipped by FY2030 from a FY2023 base year.",2025-01-16 01:00:00
NTRS,Northern Trust,Northern Trust,Committed,,,,,Committed,,,2022-09-15 01:00:00
NVDA,Nvidia,NVIDIA,Targets set,1.5°C,FY2030,,,,,Near-Term Targets: NVIDIA commits to reduce absolute scope 1 and 2 GHG emissions 50% by FY2030 from a FY2023 base year. NVIDIA also commits to reduce scope 3 GHG emissions from use of sold products 75% per PetaFLOP within the same timeframe.,2025-07-10 01:00:00
NXPI,NXP Semiconductors,NXP Semiconductors,Targets set,1.5°C,2030.0,,,,,NXP Semiconductors commits to reduce absolute scope 1 and 2 GHG emissions 55% by 2030 from a 2021 base year. NXP Semiconductors also commits to reduce absolute scope 3 GHG emissions 35% by 2033 from a 2022 base year.,2024-07-25 01:00:00
OMC,Omnicom Group,Omnicom Group,Targets set,1.5°C,2030.0,,,,,"Omnicom Group commits to reduce absolute scope 1, 2, and 3 GHG
emissions 46.2% by 2030 from a 2019 base year.",2023-06-15 01:00:00
OTIS,Otis Worldwide,Otis Worldwide Corporation,Targets set,1.5°C,2033.0,,,,,"Otis Worldwide Corp commits to reduce absolute scope 1 and 2 GHG emissions 55% by 2033 from a 2021 base year.* Otis Worldwide Corp also commits to reduce absolute scope 3 GHG emissions from purchased goods and services, business travel, and use of sold products 33% within the same timeframe.
*The target boundary includes biogenic land-related emissions and removals from bioenergy feedstocks.",2024-05-16 01:00:00
PANW,Palo Alto Networks,Palo Alto Networks,Targets set,1.5°C,FY2027,Targets set,FY2040,Targets set,FY2040,"Overall Net-Zero Target: Palo Alto Networks commits to reach net-zero greenhouse gas emissions across the value chain by FY2040. Near-Term Targets: Palo Alto Networks commits to reduce absolute scope 1 and 2 GHG emissions 35% by FY2027 from a FY2021 base year. Palo Alto Networks also commits to reduce scope 3 emissions from use of sold products 40% per million USD value added within the same timeframe. Palo Alto Networks finally commits that 65% of its suppliers by emissions covering purchased goods and services, will have science-based targets by FY2027. Long-Term Targets: Palo Alto Networks commits to reduce absolute scope 1 and 2 GHG emissions 90% by FY2040 from a FY2021 base year. Palo Alto Networks also commits to reduce absolute scope 3 GHG emissions 90% within the same timeframe.",2024-09-19 01:00:00
PCAR,Paccar,PACCAR Inc,Targets set,Well-below 2°C,2030.0,,,,,PACCAR Inc commits to reduce absolute scope 1 and 2 GHG emissions 35% by 2030 from a 2018 base year. PACCAR Inc commits to reduce scope 3 GHG emissions from use of sold products 25% per vkm by 2030 from a 2018 base year.,2021-05-06 01:00:00
PCG,PG&E Corporation,PG&E Corporation,Commitment removed,,,,,,,,2022-08-04 01:00:00
PEP,PepsiCo,"PepsiCo, Inc.",Targets set,1.5°C,2030.0,Targets set,2050.0,Targets set,2050.0,"Overall net-zero target:
PepsiCo, Inc. commits to reach net-zero greenhouse gas emissions across the value chain by 2050.
Near-term targets:
Energy & Industry: PepsiCo, Inc. commits to reduce absolute scope 1 and 2 GHG emissions 50% by 2030 from a 2022 base year.* PepsiCo,
Inc. also commits to reduce absolute scope 3 GHG emissions rom purchased goods and services, fuel and energy related activities, business
travel, downstream transportation and distribution and franchises 42% within the same timeframe.
*The target boundary includes land-related emissions and removals from bioenergy feedstocks.
FLAG: PepsiCo, Inc. commits to reduce absolute scope 3 FLAG GHG emissions 30.3% by 2030 from a 2022 base year.** PepsiCo, Inc. also
commits to no deforestation across its primary deforestation-linked commodities, with a target date of December 31, 2025.
**The target includes FLAG emissions and removals.
Long-term targets:
Energy & Industry: PepsiCo, Inc. commits to reduce absolute scope 1 and 2 GHG emissions 90% by 2050 from a 2022 base year.* PepsiCo,
Inc. also commits to reduce absolute scope 3 GHG emissions 90% within the same timeframe.
*The target boundary includes land-related emissions and removals from bioenergy feedstocks.
FLAG: PepsiCo, Inc. commits to reduce absolute scope 3 FLAG GHG emissions 72% by 2050 from a 2022 base year.**
**The target includes FLAG emissions and removals.",2025-05-29 01:00:00
PFE,Pfizer,Pfizer Inc.,Targets set,1.5°C,2030.0,,,Commitment removed,,"Pfizer Inc. commits to reduce absolute scope 1 and 2 GHG emissions 46% by 2030 from a 2019 base year. Pfizer Inc. commits to increase annual sourcing of renewable electricity from 9% in 2019 to 100% by 2030. Pfizer Inc. commits to reduce absolute scope 3 emissions 25% from business travel by 2025 from a 2019 base year. Pfizer Inc. commits to reduce absolute scope 3 emissions 10% from upstream transportation and distribution by 2025 from a 2019 base year. Pfizer Inc. also commits that 64% of its suppliers by spend covering purchased goods & services, will have science-based targets by 2025. *The target boundary includes biogenic emissions and removals from bioenergy feedstocks.",2022-06-02 01:00:00
PFG,Principal Financial Group,"Principal Financial Group, Inc.",Commitment removed,,,,,,,,2015-06-01 01:00:00
PG,Procter & Gamble,Procter & Gamble Company,Targets set,1.5°C,FY2030,,,Commitment removed,,"P&G commits to reduce absolute scope 1 and 2 GHG emissions 63% by FY2030 from a FY2015 base year. P&G commits to increase active annual sourcing of renewable electricity from 21% in FY2015 to 100% by FY2030.
P&G also commits to reduce scope 3 GHG emissions from purchased goods and services 40% per unit of production by FY2030 from a FY2020 base year.
P&G commits to reduce scope 3 GHG emissions from upstream transportation and distribution 50% per tonne-kilometer over the same timeframe",2023-11-09 01:00:00
PH,Parker Hannifin,Parker Hannifin Corporation,Targets set,1.5°C,FY2030,,,,,"Near-Term Targets: Parker Hannifin Corporation commits to reduce absolute scope 1 and 2 GHG emissions 46.2% by FY2030 from a FY2019 base year. Parker Hannifin Corporation commits that 76% of its suppliers by emissions covering purchased goods and services, will have science-based targets by FY2030.",2025-09-04 01:00:00
PLD,Prologis,Prologis Inc.,Targets set,1.5°C,2030.0,Targets set,2040.0,Targets set,2040.0,"Overall Net-Zero Target: Prologis Inc. commits to reach net-zero GHG emissions across the value chain by 2040
Near-Term Targets: Prologis, Inc. commits to reduce absolute scope 1 and 2 GHG emissions 90.0% by 2030 from a 2019 base year*. Prologis, Inc. also commits to reduce absolute scope 3 GHG emissions 27.5% within the same timeframe*.
*The target boundary includes land-related emissions and removals from bioenergy feedstocks.
Long-Term Targets: Prologis, Inc. commits to maintain at least 90.0% absolute reduction of absolute scope 1 and 2 GHG emissions from 2030 through 2040 relative to a 2019 base year*. Prologis, Inc. also commits to reduce absolute scope 3 GHG emissions 90.0% within the same timeframe*. *The target boundary includes land-related emissions and removals from bioenergy feedstocks.",2024-04-25 01:00:00
PLTR,Palantir Technologies,Palantir Technologies Inc.,Commitment removed,,,,,,,,2021-10-14 01:00:00
PM,Philip Morris International,Philip Morris International,Targets set,1.5°C,2030.0,Targets set,2040.0,Targets set,2040.0,"Overall Net-Zero Target:
Philip Morris International Inc. commits to reach net-zero greenhouse gas emissions across the value chain by 2040.

Near-Term Targets:
Energy and Industry:
Philip Morris International commits to reduce absolute scope 1 and 2 GHG emissions 50% by 2030 from a 2019 base year.* Philip Morris International also commits to reduce absolute scope 3 GHG emissions from purchased goods and services, fuel- and energy-related activities, upstream transportation and distribution, waste generated in operations and business travel 27.5% within the same timeframe. Philip Morris International further commits that 15% of its suppliers by spend covering purchased goods and services will have science-based targets by 2025.

FLAG:
Philip Morris International commits to reduce absolute scope 3 FLAG GHG emissions 33.3% by 2030 from a 2019 base year.** Philip Morris International commits to no deforestation across its primary deforestation-linked commodities, with a target date of December 31, 2025.

Long-Term Targets:
Energy and Industry:
Philip Morris International commits to reduce absolute scope 1 and 2 GHG emissions 90% by 2040 from a 2019 base year.* Philip Morris International also commits to reduce absolute scope 3 GHG emissions 90% within the same timeframe.*

FLAG:
Philip Morris International commits to reduce absolute scope 3 FLAG GHG emissions 72% by 2040 from a 2019 base year.**

*The target boundary includes land-related emissions and removals from biogenic feedstocks. **The target includes FLAG emissions and removals.",2026-01-08 01:00:00
PPG,PPG Industries,"PPG Industries, Inc.",Targets set,1.5°C,2030.0,,,,,"""PPG Industries commits to reduce absolute scope 1 and 2 GHG emissions
50% by 2030 from a 2019 base year. PPG Industries also commits to
reduce absolute scope 3 GHG emissions from purchased goods and
services, processing of sold products, and end-of-life treatment of sold
products 30% within the same timeframe.""",2023-05-25 01:00:00
PTC,PTC Inc.,PTC Inc.,Targets set,1.5°C,FY2030,Targets set,FY2050,Targets set,FY2050,Overall Net-Zero Target: PTC Inc. commits to reach net-zero greenhouse gas emissions across the value chain by FY2050. Near-Term Targets: PTC commits to reduce absolute scope 1 and 2 GHG emissions 50% by FY2030 from a FY2022 base year. PTC also commits to reduce absolute scope 3 GHG emissions from purchased goods and services 25% within the same timeframe.   Long-Term Targets: PTC also commits to reduce absolute scope 1 and 2 GHG emissions 90% by FY2050 from a FY2022 base year.  PTC also commits to reduce absolute scope 3 GHG emissions 90%  within the same timeframe.,2024-09-12 01:00:00
PYPL,PayPal,PayPal,Targets set,1.5°C,2025.0,,,,,"PayPal Holdings, Inc. commits to reduce absolute scope 1 and 2 GHG emissions 25% by 2025 from a 2019 base year. PayPal Holdings, Inc. commits to reduce the absolute scope 3 GHG emissions from fuel and energy-related activities 25% over the same timeframe. PayPal Holdings Inc. also commits that 75% of its suppliers by spend covering purchased goods and services, capital goods, business travel, upstream transportation and distribution will have science-based targets by 2025.",2021-04-08 01:00:00
QCOM,Qualcomm,Qualcomm Incorporated,Targets set,1.5°C,FY2030,Targets set,FY2040,Targets set,FY2040,"Overall Net Zero target
Qualcomm Incorporated commits to reach net-zero greenhouse gas emissions across the
value chain by FY2040.
Near-Term Targets
Qualcomm Incorporated commits to reduce absolute scope 1 and 2 GHG emissions 50% by FY2030 from a FY2020 base year. Qualcomm Incorporated also commits to reduce absolute scope 3 GHG emissions 25% within the same timeframe.
Long-Term Target
Qualcomm Incorporated commits to reduce absolute scope 1, 2 and 3 GHG emissions 90%
by FY2040 from a FY2020 base year.",2023-10-05 01:00:00
REG,Regency Centers,Regency Centers Corporation,Targets set,Well-below 2°C,2030.0,,,,,"This target was approved using a streamlined target validation route exclusive to small and medium-sized enterprises (SMEs). https://sciencebasedtargets.org/faqs-for-smes/ Regency Centers Corporation commits to reduce scope 1 and scope 2 GHG emissions 28% by 2030 from a 2019 base year, and to measure and reduce its scope 3 emissions.",2022-04-28 01:00:00
RL,Ralph Lauren Corporation,Ralph Lauren Corporation,Targets set,1.5°C,FY2030,,,Commitment removed,,"Ralph Lauren commits to reduce absolute scope 1, 2, and 3 GHG emissions 30% by FY 2030 from a FY 2020 base year. Ralph Lauren commits to increase annual sourcing of renewable electricity from 2% in FY 2020 to 100% by FY 2025.",2020-12-03 01:00:00
RMD,ResMed,ResMed Inc,Commitment removed,,,,,Commitment removed,,,2023-02-23 01:00:00
ROK,Rockwell Automation,Rockwell Automation Inc.,Targets set,1.5°C,FY2033,Targets set,FY2050,Targets set,FY2050,"Overall Net-Zero Target:
Rockwell Automation Inc. commits to achieve net-zero greenhouse gas emissions across the value chain by FY2050.

Near-Term Targets:
Rockwell Automation Inc. commits to reduce absolute scope 1 and 2 GHG emissions 54.6% by FY2033 from a FY2024 base year. Rockwell Automation Inc. also commits to reduce absolute scope 3 GHG emissions 32.5% within the same timeframe.

Long-Term Targets:
Rockwell Automation Inc. commits to reduce absolute scope 1 and 2 GHG emissions 90.0% by FY2050 from a FY2024 base year. Rockwell Automation Inc. also commits to reduce absolute scope 3 GHG emissions 90.0% within the same timeframe.",2026-05-14 01:00:00
ROP,Roper Technologies,"Roper Technologies, Inc.",Commitment removed,,,,,,,,2024-05-02 01:00:00
RSG,Republic Services,Republic Services,Targets set,Well-below 2°C,2030.0,,,,,"Solid waste collection, transfer, disposal, recycling, and energy services provider Republic Services, commits to reduce absolute total Scope 1 and 2 GHG emissions 35% by 2030 from a 2017 baseline year*. *The target boundary includes biogenic emissions from biogenic feedstocks",2019-09-23 01:00:00
RVTY,Revvity,"Revvity, Inc.",Commitment removed,,,,,,,,2023-09-28 01:00:00
SBAC,SBA Communications,SBA Communications Corporation,Targets set,1.5°C,FY2033,,,,,"Near-Term Targets:
SBA Communications Corporation commits to reduce absolute scope 1 and 2 GHG emissions 54.6% by FY2033 from a FY2023 base year.
SBA Communications Corporation also commits to reduce absolute scope 3 GHG emissions from purchased goods and services, fuel and energy related activities and downstream leased assets 32.5% within the same timeframe.",2025-08-28 01:00:00
SBUX,Starbucks,Starbucks,Targets set,1.5°C,FY2030,,,,,"Starbucks commits to reduce absolute scope 1, scope 2, and scope 3 GHG emissions 50% by FY2030 from a FY2019 base year.",2021-09-23 01:00:00
SNDK,Sandisk,Sandisk,Committed,,,,,Committed,,,2026-01-08 01:00:00
SNPS,Synopsys,"Synopsys, Inc.",Targets set,1.5°C,2032.0,,,,,"Synopsys commits to reduce absolute scope 1 and 2 GHG emissions 55% by
2032 from a 2019 base year. Synopsys also commits to reduce scope 3 GHG
emissions from employee commuting and business travel 62% per employee
within the same timeframe. Synopsys further commits to reduce scope 3 GHG
emissions from use of sold products 62% per lifetime verification task within
the same timeframe. Synopsys further commits that 45% of its suppliers by
spend, covering purchased goods and services, and capital goods, will have
science-based targets by 2027.",2023-09-28 01:00:00
SOLV,Solventum,SOLVENTUM CORPORATION,Committed,,,,,Committed,,,2025-03-13 01:00:00
SPG,Simon Property Group,Simon Property Group,Targets set,1.5°C,2035.0,,,,,Simon Property Group commits to reduce absolute scope 1 and 2 GHG emissions 68% by 2035 from a 2019 base year. Simon Property Group also commits to reduce absolute scope 3 GHG emission from downstream leased assets 21% by 2035 from a 2018 base year.,2020-10-08 01:00:00
SPGI,S&P Global,S&P Global Inc.,Targets set,1.5°C,2025.0,Targets set,2040.0,Targets set,2040.0,"Overall Net-Zero Target: S&P Global Inc. commits to reach net-zero greenhouse gas emissions across the value chain by 2040. Near-Term Targets: S&P Global Inc. commits to reduce absolute scope 1 and 2 GHG emissions 25.2% by 2025 from a 2019 base year, equivalent to a 25% reduction per square foot. S&P Global Inc. also commits to reduce absolute scope 3 GHG emissions from business travel 25% within the same timeframe. S&P Global Inc. further commits that 81% of its suppliers by spend covering purchased goods & services and capital goods will have science-based targets by 2025. Long-Term Targets: S&P Global Inc. commits to reduce absolute scope 1, 2, and 3 emissions 90% by 2040 from a 2019 base year.",2024-11-28 01:00:00
STE,Steris,STERIS,Committed,,,,,,,,2024-12-05 01:00:00
STX,Seagate Technology,Seagate Technology,Targets set,1.5°C,FY2030,,,,,"Near-Term Targets:
Seagate Technology commits to reduce absolute scope 1 and 2 GHG emissions 56.0% by FY2030 from a FY2022 base year. Seagate Technology also commits to reduce scope 3 GHG emissions 52.0% per Total Exabytes Shipped within the same timeframe.",2026-08-20 01:00:00
SWK,Stanley Black & Decker,Stanley Black & Decker,Targets set,1.5°C,2030.0,,,,,"Stanley Black & Decker commits to reduce absolute scope 1 and 2 GHG emissions 42% by 2030 from a 2022 base year. Stanley Black & Decker also commits to reduce scope 3 GHG
emissions from purchased goods and services 52% per kg of material purchased within the same timeframe. Stanley Black & Decker further commits to reduce scope 3 GHG emissions
from upstream transportation and distribution 52% per kg of material transported within the same timeframe. Stanley Black & Decker finally commits to reduce scope 3 GHG emissions from use of sold products 52% per kilowatt of sold product output power within the same timeframe.",2025-01-16 01:00:00
SYK,Stryker Corporation,STRYKER CORPORATION,Commitment removed,,,,,,,,2024-01-11 01:00:00
SYY,Sysco,Sysco Corporation,Targets set,Well-below 2°C,2030.0,,,,,"Sysco Corporation commits to reduce absolute scope 1 and 2 GHG emissions 27.5% by 2030 from a 2019 base year*. Sysco Corporation also commits that 67% of its suppliers by emissions covering purchased goods and services and upstream transportation and distribution, will have science_x0002_based targets by 2026. *The target boundary includes biogenic emissions and removals from bioenergy feedstocks.",2022-08-25 01:00:00
T,AT&T,AT&T Inc.,Targets set,1.5°C,2030.0,,,,,"AT&T commits* to reduce absolute scope 1 and scope 2 GHG emissions 63% by 2030 from a 2015 base year. AT&T also commits that 50% of its suppliers by spend covering purchased goods and services, capital goods, and downstream leased assets will set science-based scope 1 and scope 2 targets by 2024. *The target boundary includes biogenic emissions and removals from bioenergy feedstocks.",2021-05-20 01:00:00
TECH,Bio-Techne,Bio-Techne,Targets set,1.5°C,FY2031,,,,,"Near-Term Targets:
Bio-Techne commits to reduce absolute scope 1 and 2 GHG emissions 70.0% by FY2031 from a FY2025 base year. Bio-Techne also commits that 81.0% of its suppliers by spend covering purchased goods and services, capital goods, upstream transportation and distribution and business travel, will have science-based targets by FY2030.",2026-08-27 01:00:00
TEL,TE Connectivity,TE Connectivity Ltd,Targets set,1.5°C,2032.0,,,,,"TE Connectivity, Ltd commits to reduce absolute scope 1 and 2 GHG emissions 70% by 2030 from a 2020 base year. TE Connectivity, Ltd also commits to reduce absolute scope 3 GHG emissions covering purchased goods and services, capital goods, fuel and energy related activities and upstream transportation and distribution 30% by 2032 from a 2022 base year.",2024-04-11 01:00:00
TER,Teradyne,"Teradyne, Inc.",Targets set,1.5°C,2030.0,Targets set,2050.0,Targets set,2050.0,"Overall Net-Zero Target:
Teradyne, Inc. commits to achieve net-zero greenhouse gas emissions across the value chain by 2050.

Near-Term Targets:
Teradyne, Inc. commits to reduce absolute scope 1 and 2 GHG emissions 42.0% by 2030 from a 2024 base year. Teradyne, Inc. also commits to reduce scope 3 GHG emissions from use of sold products 51.6% per USD value added within the same timeframe.

Long-Term Targets:
Teradyne, Inc. commits to reduce absolute scope 1 and 2 GHG emissions 90.0% by 2050 from a 2024 base year. Teradyne, Inc. also commits to reduce scope 3 GHG emissions 97.0% per USD value added within the same timeframe.",2026-06-25 01:00:00
TGT,Target Corporation,Target Corporation,Targets set,2°C,2030.0,,,Committed,,US retailer Target commits to reduce absolute scope 1 and 2 emissions and scope 3 GHG emissions from retail purchased goods and services 30% by 2030 from a 2017 base-year. Target also commits that 80% of its suppliers by spend covering all purchased goods and services will set science-based scope 1 and scope 2 targets by 2023.,2021-07-01 01:00:00
TMO,Thermo Fisher Scientific,Thermo Fisher Scientific Inc.,Targets set,1.5°C,2030.0,Targets set,2050.0,Targets set,2050.0,"Overall Net-Zero Target Thermo Fisher Scientific Inc. commits to reach net-zero greenhouse gas emissions across the value chain by 2050 from a 2018 base year. Near-Term Targets Thermo Fisher Scientific commits to reduce absolute scope 1 and 2 GHG emissions 50.4% by 2030 from a 2018 base year. Thermo Fisher also commits that 90% of its suppliers by spend covering purchased goods and services, capital goods, and upstream transportation and distribution will have science-based targets by 2027. Long-Term Targets Thermo Fisher commits to reduce absolute scope 1 and 2 GHG emissions 90% by 2050 from a 2018 base year. Thermo Fisher also commits to reduce absolute scope 3 GHG emissions 90% by 2050 from a 2021 base year.",2023-04-13 01:00:00
TPR,"Tapestry, Inc.","Tapestry, Inc.",Targets set,1.5°C,FY2030,Targets set,FY2050,Targets set,FY2050,"Overall Net-Zero Target:
Tapestry, Inc. commits to achieve net-zero greenhouse gas emissions across the value chain by FY2050.

Near-Term Targets:
Energy and Industry:
Tapestry, Inc. commits to reduce absolute scope 1 and 2 GHG emissions 75.59% by FY2030 from a FY2022 base year. Tapestry, Inc. also commits to reduce absolute scope 3 GHG emissions 42.0% within the same timeframe.

FLAG:
Tapestry, Inc. commits to reduce absolute scope 3 FLAG GHG emissions 30.3% by FY2030 from a FY2022 base year.** Tapestry, Inc. commits to no deforestation across its primary deforestation-linked commodities, with a target date of December 31, 2025.

Long-Term Targets:
Energy and Industry:
Tapestry, Inc. commits to reduce absolute scope 1 and 2 GHG emissions 90.0% by FY2050 from a FY2022 base year. Tapestry, Inc. also commits to reduce absolute scope 3 GHG emissions 90.0% within the same timeframe.

FLAG:
Tapestry, Inc. commits to reduce absolute scope 3 FLAG GHG emissions 72.0% by FY2050 from a FY2022 base year.**

**The target includes FLAG emissions and removals.",2026-05-21 01:00:00
TRMB,Trimble Inc.,Trimble Inc,Targets set,1.5°C,2030.0,,,,,"Trimble Inc commits to reduce absolute scope 1 and 2 GHG emissions 50% by 2030 from a 2019 base year. Trimble Inc also commits to increase annual sourcing of renewable electricity from 0% in 2019 to 100% by 2025 and continue active annual sourcing of 100% renewable electricity through 2030. Trimble Inc commits to reduce absolute scope 3 GHG emissions from fuel and energy related activities, business travel and upstream transportation and distribution 50% by 2030 from a 2019 base year. Trimble Inc also commits that 70% of its suppliers by emissions covering purchased goods and services and capital goods, will have science-based targets by 2026",2022-08-25 01:00:00
TSCO,Tractor Supply,Tractor Supply Company,Commitment removed,,,,,,,,2023-10-26 01:00:00
TSLA,"Tesla, Inc.",Tesla Inc.,Commitment removed,,,,,,,,2021-10-26 01:00:00
TSN,Tyson Foods,"Tyson Foods, Inc.",Targets set,2°C,2030.0,,,,,"Tyson Foods, Inc. commits to reduce absolute Scope 1 and 2 GHG emissions 30% by 2030 from a 2016 base‐year. Tyson Foods, Inc. also commits to reduce Scope 3 GHG emissions from production of poultry, pork and beef (covering 80% of their scope 3 inventory) 30% per ton of finished meat by 2030 from a 2016 base‐year.",2018-09-26 01:00:00
TT,Trane Technologies,Trane Technologies Plc.,Targets set,1.5°C,2030.0,Targets set,2050.0,Targets set,2050.0,Overall Net-Zero Target Trane Technologies commits to reach net-zero GHG emissions across the value chain by 2050 from a 2019 base year. Near-Term Targets: Trane Technologies commits to reduce absolute scope 1 and 2 GHG emissions 50% by 2030 from a 2019 base year. Trane Technologies also commits to reduce scope 3 GHG emissions 55% per cooling ton from use of sold products within the same timeframe. Long-term targets: Trane Technologies commits to reduce absolute scope 1 and 2 GHG emissions 90% by 2050 from a 2019 base year. Trane Technologies also commits to reduce scope 3 GHG emissions 97% per cooling ton from use of sold products within the same timeframe.,2022-04-28 01:00:00
TXN,Texas Instruments,Texas Instruments,Targets set,1.5°C,2030.0,,,,,"Near-Term Targets:
Texas Instruments  commits to reduce absolute scope 1 and 2 GHG emissions 42.0% by 2030 from a 2023 base year. Texas Instruments  also commits to reduce absolute scope 3 GHG emissions from purchased goods and services, capital goods and fuel- and energy-related activities 25.0% within the same timeframe.",2026-04-30 01:00:00
UAL,United Airlines Holdings,"United Airlines, Inc.",Targets set,Well-below 2°C,2035.0,,,Commitment removed,,"United Airlines commits to reduce scope 1, 2, and well-to-wake jet fuel GHG emissions, including scope 3 category 4, upstream transportation and distribution 50% per revenue ton kilometer (RTK) by 2035 from a 2019 base year.***
*The target boundary includes biogenic emissions and removals from bioenergy feedstocks.
**Non-CO2e effects which may also contribute to aviation induced warming are not included in this target. United Airlines Inc. commits to report publicly on its collaboration with stakeholders to improve understanding of opportunities to mitigate the non-CO2e impacts of aviation annually over its target timeframe.",2023-06-08 01:00:00
UDR,"UDR, Inc.",UDR,Commitment removed,,,,,,,,2021-08-05 01:00:00
ULTA,Ulta Beauty,"Ulta Beauty, Inc.",Targets set,1.5°C,FY2030,,,,,"Ulta Beauty, Inc. commits to reduce absolute scope 1 and 2 GHG emissions 90% by FY2030 from a FY2019 base year. Ulta Beauty, Inc. also commits to reduce absolute scope 3 GHG emissions covering use of sold products 28% by FY2030 from a FY2019 base year. Ulta Beauty, Inc. further commits that 68% of its suppliers by emissions covering purchased goods and services, will have science-based targets by FY2027.",2023-11-30 01:00:00
UNH,UnitedHealth Group,UnitedHealth Group,Targets set,1.5°C,2030.0,,,Committed,,Near-Term Targets: UnitedHealth Group commits to reduce absolute scope 1 and 2 GHG emissions 60% by 2030 from a 2023 base year. UnitedHealth Group also commits that 77% of its suppliers by emissions covering purchased goods & services and upstream transportation & distribution will have science-based targets by 2030.,2025-05-29 01:00:00
UNP,Union Pacific Corporation,Union Pacific Corporation,Targets set,1.5°C,2030.0,,,Commitment removed,,"Union Pacific commits to reduce absolute scope 1 and 2 GHG emissions 50.4% by 2030 from a 2018 base year.* Union Pacific also commits to reduce scope 3 GHG emissions from purchased goods and services, capital goods, and fuel and energy-related activities 50.4% within the same timeframe.
*The target boundary includes land-related emissions and removals from bioenergy feedstocks.",2024-03-28 01:00:00
V,Visa Inc.,Visa Inc.,Targets set,1.5°C,FY2030,Targets set,FY2040,Targets set,FY2040,"Overall Net-Zero Target: Visa Inc. commits to reach net-zero greenhouse gas emissions
across the value chain by FY2040.
Near-Term Targets: Visa Inc. commits to reduce absolute scope 1 and 2 GHG emissions
81.22% by FY2030 from a FY2019 base year.* Visa Inc. also commits to reduce absolute
scope 3 GHG emissions 46.2% within the same timeframe.*
*The target boundary includes land-related emissions and removals from bioenergy
feedstocks.
Long-Term Targets: Visa Inc. commits to reduce absolute scope 1, 2 and 3 GHG emissions
90% by FY2040 from a FY2019 base year.*
*The target boundary includes land-related emissions and removals from bioenergy
feedstocks.",2025-01-09 01:00:00
VEEV,Veeva Systems,Veeva Systems Inc.,Targets set,1.5°C,FY2035,,,,,Near-Term Targets: Veeva Systems Inc commits to reduce absolute scope 1 and 2 GHG emissions 58.8% by FY2035 from a FY2024 base year. Veeva Systems Inc also commits to reduce scope 3 GHG emissions from purchased goods and services and capital goods 63.8% per million USD value added within the same timeframe.,2025-08-28 01:00:00
VLTO,Veralto,Veralto,Committed,,,,,,,,2024-11-28 01:00:00
VRSK,Verisk Analytics,Verisk Analytics,Targets set,1.5°C,2034.0,Targets set,2050.0,Targets set,2050.0,"Overall Net-Zero Target: Verisk Analytics, Inc. commits to reach net-zero greenhouse gas emissions across the value chain by 2050. Near-Term Targets: Verisk Analytics, Inc. commits to reduce absolute scope 1 and 2 GHG emissions 58.8% by 2034 from 2022 base year. Verisk Analytics, Inc. also commits to reduce absolute scope 3 GHG emissions from purchased goods and services and capital goods 58.8% within the same timeframe. Verisk Analytics, Inc. finally commits to reduce scope 3 GHG emissions from business travel 63.8% per FTE  within the same timeframe.  Long-Term Targets: Verisk Analytics, Inc. commits to reduce absolute scope 1 and 2 GHG emissions 90% by 2050 from 2022 base year. Verisk Analytics, Inc. also commits to reduce absolute scope 3 GHG emissions 90% within the same timeframe.",2025-02-20 01:00:00
VST,Vistra Corp.,Vistra Corp.,Targets set,1.5°C,2028.0,,,,,Vistra Corp. commits to reduce absolute scope 1 and 2 GHG emissions 58% by 2028 from a 2018 base year. Vistra Corp also commits to reduce absolute scope 1 and 3 GHG emissions from all sold electricity 58% within the same timeframe. Vistra Corp. further commits to reduce absolute scope 3 GHG emissions from use of sold products 42% within the same timeframe.,2024-08-08 01:00:00
VTR,Ventas,"Ventas, Inc.",Targets set,1.5°C,2030.0,,,,,"This target was approved using a streamlined target validation route exclusive to small and medium-sized enterprises (SMEs). https://sciencebasedtargets.org/faqs-for-smes/ Ventas, Inc. commits to reduce scope 1 and scope 2 GHG emissions 42% by 2030 from a 2022 base year, and to measure and reduce its scope 3 emissions.",2024-02-29 01:00:00
VTRS,Viatris,Viatris Inc.,Targets set,1.5°C,2030.0,,,,,"Viatris Inc. commits to reduce absolute scope 1 and 2 GHG emissions 42% by 2030 from a 2020 base year*. Viatris Inc. also commits to reduce absolute scope 3 GHG emissions covering purchased goods and services, capital goods, fuel and energy related activities, and upstream transportation and distribution 25% within the same timeframe. *The target boundary includes land-related emissions and removals from bioenergy feedstocks.",2022-12-08 01:00:00
VZ,Verizon,Verizon,Targets set,1.5°C,2035.0,,,Committed,,Verizon Communications Inc. commits to reduce absolute scope 1 and 2 GHG emissions 53% by 2030 from a 2019 base year. Verizon Communications Inc. commits to reduce absolute scope 3 GHG emissions 40% by 2035 from a 2019 base year.,2024-10-17 01:00:00
WAT,Waters Corporation,Waters Corporation,Targets set,1.5°C,2030.0,Targets set,2050.0,Targets set,2050.0,"Overall Net-Zero Target:
Waters Corporation commits to achieve net-zero greenhouse gas emissions across the value chain by 2050.

Near-Term Targets:
Waters Corporation commits to reduce absolute scope 1 and 2 GHG emissions 42.0% by 2030 from a 2024 base year.* Waters Corporation also commits to reduce scope 3 GHG emissions from use of sold products 51.6% per USD value added within the same timeframe. Waters Corporation further commits that 52% of its suppliers by spend covering purchased goods and services, will have science-based targets by 2030.

Long-Term Targets:
Waters Corporation commits to reduce absolute scope 1 and 2 GHG emissions 90.0% by 2050 from a 2024 base year.* Waters Corporation also commits to reduce scope 3 GHG emissions from purchased goods and services, upstream transportation and distribution and use of sold products 97.0% per USD value added within the same timeframe.

*The target boundary includes land-related emissions and removals from biogenic feedstocks.",2025-12-18 01:00:00
WDAY,"Workday, Inc.","Workday, Inc.",Targets set,1.5°C,FY2030,,,,,"Workday, Inc. commits to continue annually sourcing 100% renewable electricity through FY2030. Workday, Inc. commits to reduce absolute scope 3 business travel GHG emissions 25% by FY2026 from a FY2020 base year. Workday, Inc. commits that 70% of its suppliers by spend covering purchased goods & services and capital goods will have science-based targets by FY2026.",2022-03-24 01:00:00
WDC,Western Digital,Western Digital,Targets set,1.5°C,FY2030,,,,,Western Digital commits to reduce absolute scope 1 and 2 GHG emissions 42% by FY2030 from a FY2020 base year. Western Digital also commits to reduce scope 3 GHG emissions from use of sold products 50% per petabyte capacity sold by FY2030 from a FY2020 base year.,2021-09-09 01:00:00
WELL,Welltower,Welltower Inc.,Targets set,Well-below 2°C,2030.0,,,,,"This target was approved using a streamlined target validation route exclusive to small and medium-sized enterprises (SMEs). https://sciencebasedtargets.org/faqs-for-smes/ Welltower Inc. commits to reduce scope 1 and scope 2 GHG emissions 28% by 2030 from a 2019 base year, and to measure and reduce its scope 3 emissions.",2022-09-22 01:00:00
WMT,Walmart,Walmart Inc.,Targets set,1.5°C,FY2031,,,Commitment removed,,"Near-Term Targets:
Walmart Inc. targets a reduction of absolute scope 1 and 2 GHG emissions 27.84% by FY2031 from a FY2025 base year. Walmart will also work to reduce CO2e emissions from upstream and downstream scope 3 sources by one billion tonnes by FY2031 from a FY2016 base year.",2026-07-23 01:00:00
WSM,"Williams-Sonoma, Inc.","Williams-Sonoma, Inc.",Targets set,1.5°C,2030.0,,,,,"Williams-Sonoma, Inc. commits to reduce absolute scope 1 and 2 GHG emissions 50% by 2030 from a 2019 base year. Williams-Sonoma, Inc. also commits to reduce absolute scope 3 GHG emissions 14% over the same timeframe.",2021-05-20 01:00:00
WST,West Pharmaceutical Services,"West Pharmaceutical Services, Inc.",Targets set,1.5°C,2035.0,,,,,"Near-Term Targets:
West Pharmaceutical Services, Inc. commits to reduce absolute scope 1 and 2 GHG emissions 42.0% by 2030 from a 2024 base year. West Pharmaceutical Services, Inc. also commits to reduce absolute scope 3 GHG emissions 37.5% by 2035 from a 2024 base year.",2026-06-11 01:00:00
WY,Weyerhaeuser,Weyerhaeuser Company,Targets set,1.5°C,2030.0,,,Commitment removed,,Weyerhaeuser commits to reduce absolute scope 1 and 2 GHG emissions 42% by 2030 from a 2020 base year. Weyerhaeuser also commits to reduce scope 3 GHG emissions 25% per ton of production within the same timeframe. * The target boundary includes biogenic emissions and removals from bioenergy feedstocks.,2021-12-16 01:00:00
XYL,Xylem Inc.,Xylem Inc.,Targets set,1.5°C,2030.0,,,Commitment removed,,Xylem Inc. commits to reduce absolute scope 1 and 2 GHG emissions 42% by 2030 from a 2023 base year. Xylem Inc. also commits to reduce scope 3 GHG emissions 51.6% per USD value added within the same timeframe. ,2025-01-09 01:00:00
XYZ,"Block, Inc.","Block, Inc.",Targets set,1.5°C,2030.0,,,Commitment removed,,"Block, Inc. commits to reduce absolute scope 1 and 2 GHG emissions
46.2% by 2030 from a 2019 base year.
Block, Inc. also commits to increase active annual sourcing of renewable
electricity from 0% in 2019 to 100% by 2030.
Block, Inc. further commits to reduce scope 3 GHG emissions 55% per
million USD gross profit by 2030 from a 2019 base year.",2023-08-10 01:00:00
YUM,Yum! Brands,"Yum! Brands, Inc.",Targets set,1.5°C,2030.0,,,Commitment removed,,"Yum! Brands commits to reduce absolute scope 1 and 2 GHG emissions 46% by 2030 from a 2019 base year. Yum! Brands also commits to reduce scope 3 GHG emissions from franchises 46% per restaurant and commits to reduce scope 3 GHG emissions from purchased goods and services 46% per metric ton of beef, poultry, dairy and packaging within the same timeframe.",2021-05-20 01:00:00
ZBH,Zimmer Biomet,Zimmer Biomet,Targets set,1.5°C,2030.0,Targets set,2050.0,Targets set,2050.0,"Overall Net-Zero Target:
Zimmer Biomet commits to achieve net-zero greenhouse gas emissions across the value chain by 2050.

Near-Term Targets:
Zimmer Biomet commits to reduce absolute scope 1 and 2 GHG emissions 55.0% by 2030 from a 2017 base year. Zimmer Biomet also commits to reduce absolute scope 3 GHG emissions from purchased goods and services and capital goods 27.5% by 2030 from a 2019 base year.

Long-Term Targets:
Zimmer Biomet commits to reduce absolute scope 1 and 2 GHG emissions 90.0% by 2050 from a 2017 base year. Zimmer Biomet also commits to reduce absolute scope 3 GHG emissions 90.0% by 2050 from a 2019 base year.",2026-04-30 01:00:00
ZBRA,Zebra Technologies,Zebra Technologies Corporation,Targets set,1.5°C,2030.0,,,,,Zebra Technologies commits to reduce absolute scopes 1 and 2 GHG emissions 50% by 2030 from a 2020 base year. Zebra Technologies also commits to reduce absolute scope 3 GHG emissions from purchased goods and services and use of sold products 15% within the same timeframe.,2022-08-25 01:00:00
