ticker,security,data_source,report_url,scope1_tco2e,scope2_location_tco2e,scope2_market_tco2e,scope1_base_year_end,scope1_base_year_tco2e,revenue_usd,is_cdp_format,notes,sbti_matched,sbti_near_term_status,sbti_near_term_target_classification,sbti_near_term_target_year,sbti_long_term_status,sbti_long_term_target_year,sbti_net_zero_status,sbti_net_zero_year,sbti_full_target_language,sbti_date_updated,climatetrace_power_matched,climatetrace_power_asset_count,climatetrace_power_subsectors,climatetrace_power_countries,climatetrace_power_avg_share_percent,is_estimated,scope1_is_estimated,scope2_is_estimated,tier2_scope1_tco2e,tier2_scope1_method,tier2_scope1_sector_used,tier2_scope1_peer_count,tier2_scope1_notes,tier2_scope2_tco2e,tier2_scope2_method,tier2_scope2_sector_used,tier2_scope2_peer_count,tier2_scope2_notes,upright_matched,upright_company_name,upright_industry,upright_revenue_musd,upright_employee_count,upright_net_impact_ratio_percent,upright_rank_top_percent,upright_environment_cost_cents_per_dollar,upright_environment_benefit_cents_per_dollar,upright_ghg_emissions_cost_cents_per_dollar,upright_ghg_emissions_benefit_cents_per_dollar,upright_non_ghg_emissions_cost_cents_per_dollar,upright_society_cost_cents_per_dollar,upright_society_benefit_cents_per_dollar,upright_health_cost_cents_per_dollar,upright_health_benefit_cents_per_dollar,upright_knowledge_cost_cents_per_dollar,upright_knowledge_benefit_cents_per_dollar,upright_largest_cost,upright_largest_benefit,upright_url,upright_is_estimated,upright_peer_group_used,upright_peer_count,upright_estimate_notes
HON,Honeywell,sustainability_report,https://www.honeywell.com/content/dam/honeywellbt/en/documents/downloads/hon-2025-impact-report.pdf,750530.0,666603.0,743471.0,,,38500000000.0,False,Verified manually; 5yr series 2020-2024 in notes doc; SBTi target 50% S1+2 cut by 2037 from 2019 base,True,Targets set,Well-below 2°C,2037.0,,,,,"Honeywell International Inc. commits to reduce absolute scope 1 and 2 GHG
emissions 50% by 2037 from a 2019 base year. Honeywell International
Inc. also commits to reduce absolute scope 3 GHG emissions 23% within
the same timeframe.",2023-05-11 01:00:00,False,,,,,False,False,False,,,,,,,,,,,False,,,38057.0,101000,-0.5,66.0,-12.4,1.6,-6.45,1.0,-2.0,-0.4,13.8,-1.75,1.6,-2.3,0.7,,,,True,sector:Industrials,78,"PROXY ESTIMATE, not real Upright data -- see pipeline/upright/estimate_upright_gaps.py. Peer group: sector = 'Industrials' (78 real Upright-covered peers, floor=5). Each cents-per-dollar-of-revenue figure is the MEDIAN of that peer group's real Upright values for the same metric -- a crude industry-average proxy, not Upright's own company-specific modeling. Revenue/employee figures are this company's own real data (from yfinance), not estimated."
LIN,Linde,cdp_pdf,https://www.cdp.net (fetched via WebFetch - direct URL not retained),16582000.0,20700000.0,21562000.0,12/31/2018,16872000.0,32854000000.0,True,Verified manually and by script,True,Targets set,Well-below 2°C,2035.0,,,,,Linde plc commits to reduce absolute scope 1 and 2 GHG emissions 35% by 2035 from a 2021 base year*. *The target boundary includes biogenic emissions and removals from bioenergy feedstocks.,2022-10-20 01:00:00,True,1,electricity-generation,MEX,100.0,False,False,False,,,,,,,,,,,True,LINDE,Chemicals,33986.0,64842.0,-37.0,83.0,-20.3,4.4,-11.3,3.4,-3.6,-0.9,12.2,-3.5,2.7,-2.6,0.5,GHG emissions 9.21M tons of GHG emissions,Societal infrastructure 54.0M long-haul train rides,https://uprightplatform.com/company/3c943867-6b9b-46f1-9c53-e00497a74b1b/Linde/,False,,,
NEE,NextEra Energy,sustainability_report,https://www.nexteraenergy.com (data appendix PDF - direct URL not retained),43409916.37,24559.89,25603.0,,,,False,"Verified manually; GHG Protocol/SASB Scope1, third-party verified ISO-14064-3; EEI template gives separate CO2-only Owned Generation figure of 42627033 for 2024 - do not conflate",False,,,,,,,,,,True,24,electricity-generation,USA,88.6,False,False,False,,,,,,,,,,,True,NEXTERA ENERGY,Energy and Environmental,24753.0,16800.0,11.0,58.0,-23.9,8.5,-13.4,6.8,-3.5,-1.0,24.7,-2.4,0.4,-3.0,0.5,GHG emissions 7.97M tons of GHG emissions,Societal infrastructure 122M long-haul train rides,https://uprightplatform.com/company/22fbe23c-347b-4825-b3ea-c3a84247e9e1/NextEra%20Energy/,False,,,
HD,Home Depot,cdp_pdf,https://ir.homedepot.com/~/media/Files/H/HomeDepot-IR/2025/legal-esg/2024-cdp-response.pdf,628738.0,1033194.0,733779.0,01/31/2021,607055.0,152669000000.0,True,Verified manually and by script,True,Targets set,1.5°C,FY2030,,,,,The Home Depot commits to reduce absolute scope 1 and 2 GHG emissions 42% by FY2030 from a FY2020 base year. The Home Depot commits to reduce absolute scope 3 GHG emissions from the use of sold products 42% within the same timeframe.,2024-03-28 01:00:00,False,,,,,False,False,False,,,,,,,,,,,True,HOME DEPOT,Retail,159514.0,470000.0,-34.0,82.0,-14.9,1.2,-7.6,0.7,-2.2,-0.3,12.9,-2.3,1.5,-3.5,0.1,GHG emissions 29.2M tons of GHG emissions,Taxes 148M days of primary education,https://uprightplatform.com/company/4929d60a-46d9-4f36-affd-02d6e2b65a6d/Home%20Depot/,False,,,
ABT,Abbott Laboratories,cdp_pdf,https://www.abbott.com/content/dam/corp/abbott/en-us/documents/pdfs/abbott-citizenship/2024-Abbott-CDP-Corporate-Questionnaire.pdf,501000.0,482000.0,406000.0,12/31/2018,538000.0,40109000000.0,new,,False,,,,,,,,,,False,,,,,False,False,False,,,,,,,,,,,True,ABBOTT LABORATORIES,Pharmaceuticals and Biotechnology,41950.0,114000.0,55.0,16.0,-7.4,0.4,-3.1,0.2,-1.1,-0.5,8.5,-2.6,20.4,-3.1,1.0,GHG emissions 3.13M tons of GHG emissions,Physical diseases 457k life years,https://uprightplatform.com/company/bae297bf-d5af-4d2c-95cd-a2840722dec4/Abbott%20Laboratories/,False,,,
ABBV,AbbVie,epa_ghgrp,https://www.abbvie.com/content/dam/abbvie-com2/pdfs/sustainability/2024-cdp.pdf,99777.824,,,,,,,"EPA GHGRP 2023 Direct Emitters, matched via parent company 'ABBVIE INC' (2 facilities). Scope 1 (direct/on-site) only -- GHGRP does not cover Scope 2. Prior attempt: data_source=cdp_pdf, report_url=https://www.abbvie.com/content/dam/abbvie-com2/pdfs/sustainability/2024-cdp.pdf, notes=download_error: 403 Client Error: Forbidden for url: https://www.abbvie.com/content/dam/corporate/abbvie-com2/pdfs/sustainability/2024-cdp.pdf",True,Targets set,1.5°C,2030.0,,,,,"AbbVie commits to reduce absolute scope 1 and 2 GHG emissions 42.0% by 2030 from a 2021 base year*. AbbVie also commits to increase active sourcing of renewable electricity from 29.5% in 2021 to 100.0% by 2030. AbbVie further commits that 79.1% of its suppliers by emissions covering purchased goods and services, capital goods, and upstream transportation and distribution, will have science-based targets by 2027. * The target boundary includes land-related emissions and removals from bioenergy feedstocks.",2023-04-27 01:00:00,False,,,,,True,False,True,,,,,,158783.4,median_model_revenue+employees,sector:Health Care,18,"Tier 2 Scope 2 ESTIMATE (LSEG median-model style), NOT a disclosure -- see pipeline/tier2_estimation/estimate_tier2.py. Peer group: sector = 'Health Care' (18 Tier 1 peers with a real Scope 2 value, floor=5). Revenue-based: median peer Scope 2 tCO2e/$ revenue (3.19915e-06) x this company's revenue ($64,385,998,848) = 205,980 tCO2e. Employee-based: median peer Scope 2 tCO2e/employee (1.95766) x this company's employee count (57,000) = 111,586 tCO2e. Final estimate is the average of the available method(s): 158,783 tCO2e.",True,ABBVIE,Pharmaceuticals and Biotechnology,56334.0,55000.0,34.0,38.0,-9.5,0.2,-4.0,0.1,-1.9,-1.1,7.1,-7.1,25.4,-3.9,0.0,Physical diseases 299k life years,Physical diseases 1.01M life years,https://uprightplatform.com/company/17a459b4-cef9-4524-ab8a-74b857ba320e/AbbVie/,False,,,
ACN,Accenture,cdp_pdf,https://www.accenture.com/content/dam/accenture/final/corporate/company-information/document/Accenture-CDP-2024.pdf,,,,,,,False,no_fields_extracted,True,Targets set,1.5°C,FY2030,Targets set,FY2040,Targets set,FY2040,"Overall Net-Zero Target: Accenture commits to reach net-zero greenhouse gas emissions across the value chain by FY2040. Near-Term Targets: Accenture commits to reduce absolute scope 1 and 2 GHG emissions 80% by FY2030 from a FY2019 base year. Accenture also commits to reduce scope 3 GHG emissions 55% per unit of revenue within the same timeframe. Long-Term Targets: Accenture commits to reduce absolute scope 1 and 2 GHG emissions 90% by FY2040 from a FY2019 base year. Accenture also commits to reduce absolute scope 3 GHG emissions 90% within the same timeframe.

",2024-06-13 01:00:00,False,,,,,True,True,True,259569.4,median_model_revenue+employees,sector:Information Technology,37,"Tier 2 Scope 1 ESTIMATE (LSEG median-model style), NOT a disclosure -- see pipeline/tier2_estimation/estimate_tier2.py. Peer group: sector = 'Information Technology' (37 Tier 1 peers with a real Scope 1 value, floor=5). Revenue-based: median peer Scope 1 tCO2e/$ revenue (6.23987e-07) x this company's revenue ($73,100,591,104) = 45,614 tCO2e. Employee-based: median peer Scope 1 tCO2e/employee (0.592647) x this company's employee count (799,000) = 473,525 tCO2e. Final estimate is the average of the available method(s): 259,569 tCO2e.",662969.8,median_model_revenue+employees,sector:Information Technology,29,"Tier 2 Scope 2 ESTIMATE (LSEG median-model style), NOT a disclosure -- see pipeline/tier2_estimation/estimate_tier2.py. Peer group: sector = 'Information Technology' (29 Tier 1 peers with a real Scope 2 value, floor=5). Revenue-based: median peer Scope 2 tCO2e/$ revenue (2.34945e-06) x this company's revenue ($73,100,591,104) = 171,746 tCO2e. Employee-based: median peer Scope 2 tCO2e/employee (1.44455) x this company's employee count (799,000) = 1,154,194 tCO2e. Final estimate is the average of the available method(s): 662,970 tCO2e.",True,ACCENTURE,,64588.25,733000.0,33.0,39.0,-4.0,0.3,-1.9,0.2,-0.6,-1.1,11.8,-1.6,1.8,-4.9,3.2,,,https://uprightplatform.com/company/fa3ce74e-4f80-41df-a139-49330fb8d26b/Accenture/,False,,,
MMM,3M,epa_ghgrp,,1007143.6889239999,,,,,,False,"EPA GHGRP 2023 Direct Emitters, matched via parent company '3M CO' (11 facilities). Scope 1 (direct/on-site) only -- GHGRP does not cover Scope 2. [Fixed 2026-09-13: this row previously had data_source=epa_ghgrp but a blank scope1_tco2e -- a bug from an earlier patch script that wrote the match info into notes but never wrote the actual number. Backfilled from epa_ghgrp_matches.csv, which already had the correct value.]",True,Targets set,1.5°C,2030.0,,,,,3M commits to reduce absolute scope 1 and 2 GHG emissions 52.6% by 2030 from a 2019 base year. 3M also commits to reduce absolute scope 3 GHG emissions 42% by 2030 from a 2021 base year.,2024-10-03 01:00:00,False,,,,,True,False,True,,,,,,227343.9,median_model_revenue+employees,sector:Industrials,28,"Tier 2 Scope 2 ESTIMATE (LSEG median-model style), NOT a disclosure -- see pipeline/tier2_estimation/estimate_tier2.py. Peer group: sector = 'Industrials' (28 Tier 1 peers with a real Scope 2 value, floor=5). Revenue-based: median peer Scope 2 tCO2e/$ revenue (9.89188e-06) x this company's revenue ($25,180,000,256) = 249,077 tCO2e. Employee-based: median peer Scope 2 tCO2e/employee (3.39852) x this company's employee count (60,500) = 205,610 tCO2e. Final estimate is the average of the available method(s): 227,344 tCO2e.",True,3M,,32681.0,85000.0,5.0,63.0,-11.6,1.1,-6.2,0.6,-1.7,-0.4,9.9,-1.7,4.9,-2.1,0.8,,,https://uprightplatform.com/company/501931ad-1212-425a-bdb1-adfda6590507/3M/,False,,,
AOS,A. O. Smith,sustainability_report,https://www.aosmith.com/on/demandware.static/-/Sites-aosmith-Library/default/dw9faf4a3d/pdf/2024-Sustainability-Report.pdf,,,,,,,False,no_fields_extracted,False,,,,,,,,,,False,,,,,True,True,True,36785.8,median_model_revenue+employees,sector:Industrials,40,"Tier 2 Scope 1 ESTIMATE (LSEG median-model style), NOT a disclosure -- see pipeline/tier2_estimation/estimate_tier2.py. Peer group: sector = 'Industrials' (40 Tier 1 peers with a real Scope 1 value, floor=5). Revenue-based: median peer Scope 1 tCO2e/$ revenue (6.94524e-06) x this company's revenue ($3,804,900,096) = 26,426 tCO2e. Employee-based: median peer Scope 1 tCO2e/employee (4.09963) x this company's employee count (11,500) = 47,146 tCO2e. Final estimate is the average of the available method(s): 36,786 tCO2e.",38360.3,median_model_revenue+employees,sector:Industrials,28,"Tier 2 Scope 2 ESTIMATE (LSEG median-model style), NOT a disclosure -- see pipeline/tier2_estimation/estimate_tier2.py. Peer group: sector = 'Industrials' (28 Tier 1 peers with a real Scope 2 value, floor=5). Revenue-based: median peer Scope 2 tCO2e/$ revenue (9.89188e-06) x this company's revenue ($3,804,900,096) = 37,638 tCO2e. Employee-based: median peer Scope 2 tCO2e/employee (3.39852) x this company's employee count (11,500) = 39,083 tCO2e. Final estimate is the average of the available method(s): 38,360 tCO2e.",True,A.O. SMITH,,3830.2,11500.0,28.0,43.0,-17.7,3.5,-9.6,2.1,-3.5,-0.6,26.3,-1.8,1.2,-2.3,0.2,,,https://uprightplatform.com/company/87cd361c-d974-472d-8bb3-d7ae85b75b19/A.O.%20Smith/,False,,,
ADBE,Adobe Inc.,cdp_pdf,https://www.adobe.com/content/dam/cc/en/corporate-responsibility/pdfs/CDP-2023-Climate-Change.pdf,6568.0,57168.0,22936.0,,,,old,,True,Targets set,1.5°C,FY2030,Targets set,FY2050,Targets set,FY2050,"Overall Net-Zero Target: Adobe Inc. commits to reach net-zero greenhouse gas emissions across the value chain by FY2050. Near-Term Targets: Adobe Inc. commits to reduce absolute scope 1 and 2 GHG emissions 42% by FY2030 from a FY2022 base year. Adobe Inc. also commits to reduce scope 3 GHG emissions 52% per USD value added within the same timeframe.  Long-Term Targets: Adobe Inc. commits to reduce absolute scope 1, 2, and 3 GHG emissions 90% by FY2050 from a FY2022 base year.",2024-08-08 01:00:00,False,,,,,False,False,False,,,,,,,,,,,True,ADOBE,Computer Software,21505.0,31020.0,32.0,40.0,-3.5,0.1,-1.5,0.1,-0.3,-0.1,10.1,-1.4,1.2,-5.5,4.2,Scarce human capital 19.4k scarce worker years,Taxes 21.6M days of primary education,https://uprightplatform.com/company/867310fe-b675-457f-9fc8-70ba403da368/Adobe/,False,,,
AMD,Advanced Micro Devices,cdp_pdf,https://www.amd.com/content/dam/amd/en/documents/corporate/cr/amd-cdp-corporate-2024-questionnaire-2023-data.pdf,10008.0,80839.0,36597.0,12/31/2020,6412.0,,new,,True,Targets set,Well-below 2°C,2020.0,,,,,"Multinational semiconductor company AMD commits to reduce scope 1 and 2 emissions 20% by 2020 from a 2014 base-year. AMD also commits to improve the compute performance per watt of energy consumed by their mobile APU processors by 2500% by 2020 from a 2014 base-year. AMD also has a goal for suppliers' wafer foundry scope 1 emissions to stay 30% below the Semiconductor Industry Association average, and for wafer foundry electricity use to stay 40% below the industry average, using a normalized manufacturing index",2016-06-27 01:00:00,False,,,,,False,False,False,,,,,,,,,,,True,ADVANCED MICRO DEVICES,Computer Hardware,25785.0,28000.0,16.0,54.0,-8.0,1.1,-3.7,0.9,-0.9,-0.5,10.2,-3.1,2.1,-4.5,5.9,Scarce human capital 19.1k scarce worker years,Taxes 26.1M days of primary education,https://uprightplatform.com/company/ef1f62a1-3ab2-4897-9e1c-737414d9bd48/Advanced%20Micro%20Devices/,False,,,
AES,AES Corporation,cdp_pdf,https://www.aes.com/sites/global/files/2025-06/aes-cdp-assessment-2024.pdf,33401594.0,472668.0,472668.0,12/31/2016,51809568.0,12668000000.0,new,,False,,,,,,,,,,True,30,electricity-generation,ARG;BGR;CHL;DOM;JOR;MEX;PAN;PRI;QAT;USA,69.7,False,False,False,,,,,,,,,,,True,AES,,12032.0,9100.0,-8.0,71.0,-27.4,7.3,-16.3,4.9,-4.1,-1.4,23.8,-2.6,0.5,-3.5,0.8,,,https://uprightplatform.com/company/5aeaf80d-b572-4f34-9bf6-648145fa7e25/AES/,False,,,
AFL,Aflac,cdp_pdf,https://s24.q4cdn.com/367535798/files/doc_downloads/2026/03/AFLAC-Incorporated-12-08-2025-CORPORATE-04-06.pdf,2850.0,7370.0,0.0,12/31/2023,3499.0,18927000000.0,new,,False,,,,,,,,,,False,,,,,False,False,False,,,,,,,,,,,True,AFLAC,Insurance,18927.0,12785.0,53.0,18.0,-1.5,0.0,-0.6,0.0,-0.1,-1.3,9.9,-0.7,6.6,-4.4,0.1,Scarce human capital 13.8k scarce worker years,Physical diseases 58.6k life years,https://uprightplatform.com/company/c92b0ce9-0202-441c-a05a-6bd3509260c8/Aflac/,False,,,
AKAM,Akamai Technologies,sustainability_report,https://www.akamai.com/site/en/documents/corporate/2025/akamai-2024-esg-impact-report.pdf,,,,,,,False,no_fields_extracted,True,Commitment removed,,,,,Commitment removed,,,2021-09-23 01:00:00,False,,,,,True,True,True,4608.3,median_model_revenue+employees,sector:Information Technology,37,"Tier 2 Scope 1 ESTIMATE (LSEG median-model style), NOT a disclosure -- see pipeline/tier2_estimation/estimate_tier2.py. Peer group: sector = 'Information Technology' (37 Tier 1 peers with a real Scope 1 value, floor=5). Revenue-based: median peer Scope 1 tCO2e/$ revenue (6.23987e-07) x this company's revenue ($4,322,833,920) = 2,697 tCO2e. Employee-based: median peer Scope 1 tCO2e/employee (0.592647) x this company's employee count (11,000) = 6,519 tCO2e. Final estimate is the average of the available method(s): 4,608 tCO2e.",13023.2,median_model_revenue+employees,sector:Information Technology,29,"Tier 2 Scope 2 ESTIMATE (LSEG median-model style), NOT a disclosure -- see pipeline/tier2_estimation/estimate_tier2.py. Peer group: sector = 'Information Technology' (29 Tier 1 peers with a real Scope 2 value, floor=5). Revenue-based: median peer Scope 2 tCO2e/$ revenue (2.34945e-06) x this company's revenue ($4,322,833,920) = 10,156 tCO2e. Employee-based: median peer Scope 2 tCO2e/employee (1.44455) x this company's employee count (11,000) = 15,890 tCO2e. Final estimate is the average of the available method(s): 13,023 tCO2e.",True,AKAMAI TECHNOLOGIES,,4083.25,10811.0,34.0,38.0,-4.2,0.4,-1.9,0.3,-0.3,-0.4,12.0,-1.8,2.0,-6.1,4.5,,,https://uprightplatform.com/company/a51a9091-08e8-47f5-af1e-0e717964a1b6/Akamai%20Technologies/,False,,,
APD,Air Products,sustainability_report,https://www.airproducts.com/-/media/files/en/900/900-24-001-us-sustainability-report-2024.pdf,,,,,,,False,no_fields_extracted,False,,,,,,,,,,False,,,,,True,True,True,2846550.2,median_model_revenue+employees,sector:Materials,19,"Tier 2 Scope 1 ESTIMATE (LSEG median-model style), NOT a disclosure -- see pipeline/tier2_estimation/estimate_tier2.py. Peer group: sector = 'Materials' (19 Tier 1 peers with a real Scope 1 value, floor=5). Revenue-based: median peer Scope 1 tCO2e/$ revenue (0.000159601) x this company's revenue ($12,602,200,064) = 2,011,329 tCO2e. Employee-based: median peer Scope 1 tCO2e/employee (174.599) x this company's employee count (21,087) = 3,681,771 tCO2e. Final estimate is the average of the available method(s): 2,846,550 tCO2e.",1593571.7,median_model_revenue+employees,sector:Materials,9,"Tier 2 Scope 2 ESTIMATE (LSEG median-model style), NOT a disclosure -- see pipeline/tier2_estimation/estimate_tier2.py. Peer group: sector = 'Materials' (9 Tier 1 peers with a real Scope 2 value, floor=5). Revenue-based: median peer Scope 2 tCO2e/$ revenue (0.000101463) x this company's revenue ($12,602,200,064) = 1,278,660 tCO2e. Employee-based: median peer Scope 2 tCO2e/employee (90.5052) x this company's employee count (21,087) = 1,908,483 tCO2e. Final estimate is the average of the available method(s): 1,593,572 tCO2e.",True,AIR PRODUCTS & CHEMICALS,Chemicals,12600.0,23000.0,-110.0,96.0,-23.2,2.5,-13.0,2.0,-4.3,-0.8,10.6,-4.3,1.4,-2.5,0.1,GHG emissions 3.94M tons of GHG emissions,Societal infrastructure 14.9M long-haul train rides,https://uprightplatform.com/company/39fd1fa4-6267-40f6-9188-259f9a9bad2c/Air%20Products%20%26%20Chemicals/,False,,,
ABNB,Airbnb,none,,,,,,,,,no_public_report_found,True,Targets set,1.5°C,2030.0,,,,,"Airbnb, Inc. commits to reduce absolute scope 1 and 2 GHG emissions 78.4% by 2030 from a 2019 base year. Airbnb, Inc. also commits to increase annual sourcing of renewable electricity from 0% in 2019 to 100% by 2030. Airbnb, Inc. further commits to reduce scope 3 GHG emissions 55% per M USD of gross profit by 2030 from a 2019 base year",2022-10-20 01:00:00,False,,,,,True,True,True,29615.5,median_model_revenue+employees,sector:Consumer Discretionary,21,"Tier 2 Scope 1 ESTIMATE (LSEG median-model style), NOT a disclosure -- see pipeline/tier2_estimation/estimate_tier2.py. Peer group: sector = 'Consumer Discretionary' (21 Tier 1 peers with a real Scope 1 value, floor=5). Revenue-based: median peer Scope 1 tCO2e/$ revenue (3.71647e-06) x this company's revenue ($13,159,000,064) = 48,905 tCO2e. Employee-based: median peer Scope 1 tCO2e/employee (1.25926) x this company's employee count (8,200) = 10,326 tCO2e. Final estimate is the average of the available method(s): 29,615 tCO2e.",51067.0,median_model_revenue+employees,sector:Consumer Discretionary,18,"Tier 2 Scope 2 ESTIMATE (LSEG median-model style), NOT a disclosure -- see pipeline/tier2_estimation/estimate_tier2.py. Peer group: sector = 'Consumer Discretionary' (18 Tier 1 peers with a real Scope 2 value, floor=5). Revenue-based: median peer Scope 2 tCO2e/$ revenue (6.64506e-06) x this company's revenue ($13,159,000,064) = 87,442 tCO2e. Employee-based: median peer Scope 2 tCO2e/employee (1.79165) x this company's employee count (8,200) = 14,692 tCO2e. Final estimate is the average of the available method(s): 51,067 tCO2e.",True,AIRBNB,,12241.0,8200.0,71.0,4.0,-3.9,5.0,-1.2,2.5,-0.5,-0.1,13.3,-0.3,2.1,-2.9,4.1,,,https://uprightplatform.com/company/3970f097-62b4-4816-81f3-52849660514b/Airbnb/,False,,,
ARE,Alexandria Real Estate Equities,none,,,,,,,,,no_public_report_found,False,,,,,,,,,,False,,,,,True,True,True,8913.4,median_model_revenue+employees,sector:Real Estate,8,"Tier 2 Scope 1 ESTIMATE (LSEG median-model style), NOT a disclosure -- see pipeline/tier2_estimation/estimate_tier2.py. Peer group: sector = 'Real Estate' (8 Tier 1 peers with a real Scope 1 value, floor=5). Revenue-based: median peer Scope 1 tCO2e/$ revenue (5.49255e-06) x this company's revenue ($2,840,326,912) = 15,601 tCO2e. Employee-based: median peer Scope 1 tCO2e/employee (4.331) x this company's employee count (514) = 2,226 tCO2e. Final estimate is the average of the available method(s): 8,913 tCO2e.",64233.7,median_model_revenue+employees,sector:Real Estate,7,"Tier 2 Scope 2 ESTIMATE (LSEG median-model style), NOT a disclosure -- see pipeline/tier2_estimation/estimate_tier2.py. Peer group: sector = 'Real Estate' (7 Tier 1 peers with a real Scope 2 value, floor=5). Revenue-based: median peer Scope 2 tCO2e/$ revenue (7.54576e-06) x this company's revenue ($2,840,326,912) = 21,432 tCO2e. Employee-based: median peer Scope 2 tCO2e/employee (208.239) x this company's employee count (514) = 107,035 tCO2e. Final estimate is the average of the available method(s): 64,234 tCO2e.",True,ALEXANDRIA REAL ESTATE EQUITIES,Real Estate,3038.95,514.0,41.0,31.0,-9.3,0.4,-4.2,0.3,-1.3,-1.0,15.9,-1.9,11.5,-5.5,2.1,Scarce human capital 2.73k scarce worker years,Physical diseases 22.5k life years,https://uprightplatform.com/company/ffe88ca4-1165-4c63-a680-38de4e770753/Alexandria%20Real%20Estate%20Equities/,False,,,
GOOGL,Alphabet Inc. (Class A),cdp_pdf,https://kstatic.googleusercontent.com/files/c94dad6f0210733d06e8006417fa88e20ec5171772b6789ec72053b2e9d475598e2dd744a9fb04c305a7b399f1f771a27446a0581976a0fed655a928b0b775de,79400.0,9252900.0,3423400.0,12/31/2019,81900.0,307394000000.0,new,,False,,,,,,,,,,False,,,,,False,False,False,,,,,,,,,,,True,ALPHABET,Computer Software,350018.0,187103.0,52.0,20.0,-4.0,0.1,-1.5,0.1,-0.2,-0.3,9.0,-3.3,1.4,-6.2,18.1,Scarce human capital 326k scarce worker years,Distributing knowledge 95.1k days of BBC news,https://uprightplatform.com/company/c4c9afcf-6eff-4af6-a659-350c0fc469a2/Alphabet/,False,,,
GOOG,Alphabet Inc. (Class C),cdp_pdf,https://kstatic.googleusercontent.com/files/c94dad6f0210733d06e8006417fa88e20ec5171772b6789ec72053b2e9d475598e2dd744a9fb04c305a7b399f1f771a27446a0581976a0fed655a928b0b775de,79400.0,9252900.0,3423400.0,12/31/2019,81900.0,307394000000.0,new,,False,,,,,,,,,,False,,,,,False,False,False,,,,,,,,,,,True,ALPHABET,Computer Software,350018.0,187103.0,52.0,20.0,-4.0,0.1,-1.5,0.1,-0.2,-0.3,9.0,-3.3,1.4,-6.2,18.1,Scarce human capital 326k scarce worker years,Distributing knowledge 95.1k days of BBC news,https://uprightplatform.com/company/c4c9afcf-6eff-4af6-a659-350c0fc469a2/Alphabet/,False,,,
ALGN,Align Technology,none,,,,,,,,,no_public_report_found,False,,,,,,,,,,False,,,,,True,True,True,26570.7,median_model_revenue+employees,sector:Health Care,25,"Tier 2 Scope 1 ESTIMATE (LSEG median-model style), NOT a disclosure -- see pipeline/tier2_estimation/estimate_tier2.py. Peer group: sector = 'Health Care' (25 Tier 1 peers with a real Scope 1 value, floor=5). Revenue-based: median peer Scope 1 tCO2e/$ revenue (3.54491e-06) x this company's revenue ($4,139,532,032) = 14,674 tCO2e. Employee-based: median peer Scope 1 tCO2e/employee (1.88241) x this company's employee count (20,435) = 38,467 tCO2e. Final estimate is the average of the available method(s): 26,571 tCO2e.",26623.9,median_model_revenue+employees,sector:Health Care,18,"Tier 2 Scope 2 ESTIMATE (LSEG median-model style), NOT a disclosure -- see pipeline/tier2_estimation/estimate_tier2.py. Peer group: sector = 'Health Care' (18 Tier 1 peers with a real Scope 2 value, floor=5). Revenue-based: median peer Scope 2 tCO2e/$ revenue (3.19915e-06) x this company's revenue ($4,139,532,032) = 13,243 tCO2e. Employee-based: median peer Scope 2 tCO2e/employee (1.95766) x this company's employee count (20,435) = 40,005 tCO2e. Final estimate is the average of the available method(s): 26,624 tCO2e.",True,ALIGN TECHNOLOGY,,4034.96,20945.0,52.0,19.0,-4.8,0.2,-1.9,0.1,-0.6,-0.2,9.4,-0.5,7.7,-2.8,0.2,,,https://uprightplatform.com/company/3f8eb097-853f-4ca5-85ab-71e4018b7410/Align%20Technology/,False,,,
ALLE,Allegion,none,,,,,,,,,no_public_report_found,False,,,,,,,,,,False,,,,,True,True,True,42154.9,median_model_revenue+employees,sector:Industrials,40,"Tier 2 Scope 1 ESTIMATE (LSEG median-model style), NOT a disclosure -- see pipeline/tier2_estimation/estimate_tier2.py. Peer group: sector = 'Industrials' (40 Tier 1 peers with a real Scope 1 value, floor=5). Revenue-based: median peer Scope 1 tCO2e/$ revenue (6.94524e-06) x this company's revenue ($4,288,499,968) = 29,785 tCO2e. Employee-based: median peer Scope 1 tCO2e/employee (4.09963) x this company's employee count (13,300) = 54,525 tCO2e. Final estimate is the average of the available method(s): 42,155 tCO2e.",43810.8,median_model_revenue+employees,sector:Industrials,28,"Tier 2 Scope 2 ESTIMATE (LSEG median-model style), NOT a disclosure -- see pipeline/tier2_estimation/estimate_tier2.py. Peer group: sector = 'Industrials' (28 Tier 1 peers with a real Scope 2 value, floor=5). Revenue-based: median peer Scope 2 tCO2e/$ revenue (9.89188e-06) x this company's revenue ($4,288,499,968) = 42,421 tCO2e. Employee-based: median peer Scope 2 tCO2e/employee (3.39852) x this company's employee count (13,300) = 45,200 tCO2e. Final estimate is the average of the available method(s): 43,811 tCO2e.",True,ALLEGION,,3674.8,12400.0,67.0,7.0,-4.5,0.5,-2.7,0.3,-0.6,-0.1,20.6,-0.4,1.7,-2.8,0.8,,,https://uprightplatform.com/company/8a2212f6-db87-4d86-bd6b-147b3511be50/Allegion/,False,,,
LNT,Alliant Energy,epa_ghgrp,,23041618.196000002,,,,,,,"EPA GHGRP 2023 Direct Emitters, matched via parent company 'ALLIANT ENERGY CORP' (16 facilities). Scope 1 (direct/on-site) only -- GHGRP does not cover Scope 2. Prior attempt: data_source=none, report_url=n/a, notes=no_public_report_found",False,,,,,,,,,,True,29,electricity-generation,USA,75.8,True,False,True,,,,,,41767.9,median_model_revenue+employees,sector:Utilities,10,"Tier 2 Scope 2 ESTIMATE (LSEG median-model style), NOT a disclosure -- see pipeline/tier2_estimation/estimate_tier2.py. Peer group: sector = 'Utilities' (10 Tier 1 peers with a real Scope 2 value, floor=5). Revenue-based: median peer Scope 2 tCO2e/$ revenue (9.6601e-06) x this company's revenue ($4,429,000,192) = 42,785 tCO2e. Employee-based: median peer Scope 2 tCO2e/employee (13.8233) x this company's employee count (2,948) = 40,751 tCO2e. Final estimate is the average of the available method(s): 41,768 tCO2e.",True,ALLIANT ENERGY,,4275.0,3281.0,23.0,48.0,-22.3,9.3,-11.4,7.7,-3.5,-1.2,28.1,-2.1,0.5,-4.0,0.5,,,https://uprightplatform.com/company/e0987bd7-a4d4-4e8a-8307-b7c4893146e2/Alliant%20Energy/,False,,,
ALL,Allstate,none,,,,,,,,,no_public_report_found,False,,,,,,,,,,False,,,,,True,True,True,27094.1,median_model_revenue+employees,sector:Financials,21,"Tier 2 Scope 1 ESTIMATE (LSEG median-model style), NOT a disclosure -- see pipeline/tier2_estimation/estimate_tier2.py. Peer group: sector = 'Financials' (21 Tier 1 peers with a real Scope 1 value, floor=5). Revenue-based: median peer Scope 1 tCO2e/$ revenue (5.36817e-07) x this company's revenue ($70,137,004,032) = 37,651 tCO2e. Employee-based: median peer Scope 1 tCO2e/employee (0.312029) x this company's employee count (53,000) = 16,538 tCO2e. Final estimate is the average of the available method(s): 27,094 tCO2e.",13808.3,median_model_revenue+employees,sector:Financials,17,"Tier 2 Scope 2 ESTIMATE (LSEG median-model style), NOT a disclosure -- see pipeline/tier2_estimation/estimate_tier2.py. Peer group: sector = 'Financials' (17 Tier 1 peers with a real Scope 2 value, floor=5). Revenue-based: median peer Scope 2 tCO2e/$ revenue (1.98278e-07) x this company's revenue ($70,137,004,032) = 13,907 tCO2e. Employee-based: median peer Scope 2 tCO2e/employee (0.25868) x this company's employee count (53,000) = 13,710 tCO2e. Final estimate is the average of the available method(s): 13,808 tCO2e.",True,ALLSTATE,Insurance,64106.0,55000.0,-16.0,75.0,-3.3,0.2,-1.8,0.1,-0.5,-1.4,6.5,-0.6,1.9,-4.8,0.1,Scarce human capital 50.3k scarce worker years,Societal infrastructure 51.8M long-haul train rides,https://uprightplatform.com/company/9970072d-ed7b-46ba-b3d9-6789ed06096d/Allstate/,False,,,
AEE,Ameren,epa_ghgrp,https://www.ameren.com/-/media/corporate-site/files/environment/esg-report-library/ameren_cdp_2024.ashx,19669522.87,,,,,,,"EPA GHGRP 2023 Direct Emitters, matched via parent company 'AMEREN CORP' (11 facilities). Scope 1 (direct/on-site) only -- GHGRP does not cover Scope 2. Prior attempt: data_source=cdp_pdf, report_url=https://www.ameren.com/-/media/corporate-site/files/environment/esg-report-library/ameren_cdp_2024.ashx, notes=download_error: 403 Client Error: Forbidden for url: https://www.ameren.com/-/media/corporate-site/files/environment/esg-report-library/ameren_cdp_2024.ashx",False,,,,,,,,,,True,17,electricity-generation,USA,100.0,True,False,True,,,,,,102229.2,median_model_revenue+employees,sector:Utilities,10,"Tier 2 Scope 2 ESTIMATE (LSEG median-model style), NOT a disclosure -- see pipeline/tier2_estimation/estimate_tier2.py. Peer group: sector = 'Utilities' (10 Tier 1 peers with a real Scope 2 value, floor=5). Revenue-based: median peer Scope 2 tCO2e/$ revenue (9.6601e-06) x this company's revenue ($8,410,999,808) = 81,251 tCO2e. Employee-based: median peer Scope 2 tCO2e/employee (13.8233) x this company's employee count (8,913) = 123,207 tCO2e. Final estimate is the average of the available method(s): 102,229 tCO2e.",True,AMEREN,,7500.0,9372.0,25.0,46.0,-23.3,6.7,-12.6,5.8,-3.5,-1.1,34.8,-2.7,0.4,-4.6,0.3,,,https://uprightplatform.com/company/4c153976-d803-4b0d-9226-f1bb78892039/Ameren/,False,,,
MO,Altria,epa_ghgrp,,66467.196,,,,,,,"EPA GHGRP 2023 Direct Emitters, matched via parent company 'ALTRIA GROUP INC' (2 facilities). Scope 1 (direct/on-site) only -- GHGRP does not cover Scope 2. Prior attempt: data_source=none, report_url=n/a, notes=no_public_report_found",True,Targets set,1.5°C,2030.0,Targets set,2050.0,Targets set,2050.0,"Overall net-zero target:
Altria Group commits to reach net-zero greenhouse gas emissions across the value chain by 2050.
Near-term targets:
Energy & Industry: Altria commits to reduce absolute scope 1 and 2 GHG emissions 65% by 2030 from a 2022 base year. Altria also commits to increase active annual sourcing of renewable electricity from 0.34% in 2022 to 100% by 2030. Altria further commits to reduce absolute scope 3 GHG emissions 42% by 2030 from a 2022 base year.*
*The target boundary includes biogenic land-related emissions and removals from bioenergy feedstocks.
FLAG: Altria commits to reduce absolute scope 3 FLAG GHG emissions 30.3% by 2030 from a 2022 base year.* Altria commits to no deforestation across its primary deforestation-linked commodities, with a target date of 2025.
*The target includes FLAG emissions and removals.
Long-term targets:
Energy & Industry: Altria commits to reduce absolute scope 1 and 2 GHG emissions 90% by 2050 from a 2022 base year. Altria also commits to reduce absolute scope 3 GHG emissions 90% within the same timeframe.*
*The target boundary includes biogenic land-related emissions and removals from bioenergy feedstocks.
FLAG: Altria commits to reduce absolute scope 3 FLAG GHG emissions 72% by 2050 from a 2022 base year.*
*The target includes FLAG emissions and removals.
",2024-10-03 01:00:00,False,,,,,True,False,True,,,,,,35952.2,median_model_revenue+employees,sector:Consumer Staples,16,"Tier 2 Scope 2 ESTIMATE (LSEG median-model style), NOT a disclosure -- see pipeline/tier2_estimation/estimate_tier2.py. Peer group: sector = 'Consumer Staples' (16 Tier 1 peers with a real Scope 2 value, floor=5). Revenue-based: median peer Scope 2 tCO2e/$ revenue (2.81277e-06) x this company's revenue ($20,444,000,256) = 57,504 tCO2e. Employee-based: median peer Scope 2 tCO2e/employee (2.44072) x this company's employee count (5,900) = 14,400 tCO2e. Final estimate is the average of the available method(s): 35,952 tCO2e.",True,ALTRIA,,20444.0,6200.0,-774.0,100.0,-9.1,0.0,-1.4,,-2.5,-9.5,17.2,-157.2,3.1,-1.9,0.0,,,https://uprightplatform.com/company/c7698125-7245-4bd4-8860-e3316eb281d2/Altria/,False,,,
AMZN,Amazon,none,,,,,,,,,no_public_report_found,True,Commitment removed,,,,,,,,2020-06-18 01:00:00,False,,,,,True,True,True,2445656.1,median_model_revenue+employees,sector:Consumer Discretionary,21,"Tier 2 Scope 1 ESTIMATE (LSEG median-model style), NOT a disclosure -- see pipeline/tier2_estimation/estimate_tier2.py. Peer group: sector = 'Consumer Discretionary' (21 Tier 1 peers with a real Scope 1 value, floor=5). Revenue-based: median peer Scope 1 tCO2e/$ revenue (3.71647e-06) x this company's revenue ($775,680,032,768) = 2,882,794 tCO2e. Employee-based: median peer Scope 1 tCO2e/employee (1.25926) x this company's employee count (1,595,000) = 2,008,519 tCO2e. Final estimate is the average of the available method(s): 2,445,656 tCO2e.",4006062.8,median_model_revenue+employees,sector:Consumer Discretionary,18,"Tier 2 Scope 2 ESTIMATE (LSEG median-model style), NOT a disclosure -- see pipeline/tier2_estimation/estimate_tier2.py. Peer group: sector = 'Consumer Discretionary' (18 Tier 1 peers with a real Scope 2 value, floor=5). Revenue-based: median peer Scope 2 tCO2e/$ revenue (6.64506e-06) x this company's revenue ($775,680,032,768) = 5,154,443 tCO2e. Employee-based: median peer Scope 2 tCO2e/employee (1.79165) x this company's employee count (1,595,000) = 2,857,683 tCO2e. Final estimate is the average of the available method(s): 4,006,063 tCO2e.",True,AMAZON,Retail,742776.0,1575000.0,-5.0,69.0,-8.8,0.6,-4.0,0.4,-1.0,-0.4,11.1,-2.4,2.3,-5.0,2.0,Scarce human capital 508k scarce worker years,Taxes 646M days of primary education,https://uprightplatform.com/company/5f9171f9-3030-4773-94eb-853601d02f99/Amazon/,False,,,
AMCR,Amcor,none,,,,,,,,,no_public_report_found,True,Targets set,1.5°C,FY2033,Targets set,FY2050,Targets set,FY2050,"Overall Net-Zero Target:
Amcor plc commits to reach net-zero greenhouse gas emissions across the value chain by FY2050.

Near-Term Targets:
Amcor plc commits to reduce absolute scope 1 and 2 GHG emissions 54.6% by FY2033 from a FY2022 base year.* Amcor plc also commits to reduce absolute scope 3 GHG emissions 32.5% within the same timeframe.

Long-Term Targets:
Amcor plc commits to reduce absolute scope 1 and 2 GHG emissions 90.0% by FY2050 from a FY2022 base year.* Amcor plc also commits to reduce absolute scope 3 GHG emissions 90.0% within the same timeframe.

*The target boundary includes land-related emissions and removals from biogenic feedstocks.",2025-12-04 01:00:00,False,,,,,True,True,True,8423262.0,median_model_revenue+employees,sector:Materials,19,"Tier 2 Scope 1 ESTIMATE (LSEG median-model style), NOT a disclosure -- see pipeline/tier2_estimation/estimate_tier2.py. Peer group: sector = 'Materials' (19 Tier 1 peers with a real Scope 1 value, floor=5). Revenue-based: median peer Scope 1 tCO2e/$ revenue (0.000159601) x this company's revenue ($23,505,999,872) = 3,751,591 tCO2e. Employee-based: median peer Scope 1 tCO2e/employee (174.599) x this company's employee count (75,000) = 13,094,933 tCO2e. Final estimate is the average of the available method(s): 8,423,262 tCO2e.",4586442.7,median_model_revenue+employees,sector:Materials,9,"Tier 2 Scope 2 ESTIMATE (LSEG median-model style), NOT a disclosure -- see pipeline/tier2_estimation/estimate_tier2.py. Peer group: sector = 'Materials' (9 Tier 1 peers with a real Scope 2 value, floor=5). Revenue-based: median peer Scope 2 tCO2e/$ revenue (0.000101463) x this company's revenue ($23,505,999,872) = 2,384,995 tCO2e. Employee-based: median peer Scope 2 tCO2e/employee (90.5052) x this company's employee count (75,000) = 6,787,891 tCO2e. Final estimate is the average of the available method(s): 4,586,443 tCO2e.",True,AMCOR,Industrial Manufacturing and Services,13778.0,42000.0,-64.0,90.0,-19.6,1.4,-9.4,1.0,-2.3,-0.7,7.1,-4.3,7.5,-2.0,0.2,GHG emissions 3.09M tons of GHG emissions,Physical diseases 61.2k life years,https://uprightplatform.com/company/17f475c2-f4d4-4d55-8749-3fd1817d029b/Amcor/,False,,,
AEP,American Electric Power,epa_ghgrp,,50834862.764,,,,,,,"EPA GHGRP 2023 Direct Emitters, matched via parent company 'AMERICAN ELECTRIC POWER CO INC' (25 facilities). Scope 1 (direct/on-site) only -- GHGRP does not cover Scope 2. Prior attempt: data_source=none, report_url=n/a, notes=no_public_report_found",False,,,,,,,,,,True,30,electricity-generation,USA,94.7,True,False,True,,,,,,231595.6,median_model_revenue+employees,sector:Utilities,10,"Tier 2 Scope 2 ESTIMATE (LSEG median-model style), NOT a disclosure -- see pipeline/tier2_estimation/estimate_tier2.py. Peer group: sector = 'Utilities' (10 Tier 1 peers with a real Scope 2 value, floor=5). Revenue-based: median peer Scope 2 tCO2e/$ revenue (9.6601e-06) x this company's revenue ($22,791,000,064) = 220,163 tCO2e. Employee-based: median peer Scope 2 tCO2e/employee (13.8233) x this company's employee count (17,581) = 243,028 tCO2e. Final estimate is the average of the available method(s): 231,596 tCO2e.",True,AMERICAN ELECTRIC POWER,,19721.0,17581.0,13.0,56.0,-23.1,6.8,-13.7,5.6,-2.9,-0.9,26.5,-2.2,0.4,-3.7,0.7,,,https://uprightplatform.com/company/73c21169-9835-4426-b39f-fec6df3dea8a/American%20Electric%20Power/,False,,,
AWK,American Water Works,cdp_pdf,https://s26.q4cdn.com/750150140/files/doc_downloads/esg_docs/2025/American-Water-2024-CDP-Response.pdf,74877.0,459896.0,0.0,,,3920000000.0,new,,False,,,,,,,,,,False,,,,,False,False,False,,,,,,,,,,,True,AMERICAN WATER,Energy and Environmental,4684.0,6700.0,67.0,7.0,-7.7,4.2,-4.2,0.5,-1.5,-0.4,29.4,-1.6,4.0,-2.9,0.2,GHG emissions 467k tons of GHG emissions,Societal infrastructure 19.3M long-haul train rides,https://uprightplatform.com/company/4929bbef-71ef-42c8-b63b-4c36d6022041/American%20Water/,False,,,
AMP,Ameriprise Financial,cdp_pdf,https://www.ameriprise.com/binaries/content/assets/ampcom/pdf/ameriprise_cdp_climate_change_2023_final.pdf,5899.0,20337.0,15627.0,12/31/2019,7687.0,,new,,False,,,,,,,,,,False,,,,,False,False,False,,,,,,,,,,,True,AMERIPRISE FINANCIAL,Financial Services,17926.0,13600.0,11.0,58.0,-1.8,0.2,-0.8,0.2,-0.2,-0.7,6.0,-0.4,1.1,-6.2,2.8,Scarce human capital 18.2k scarce worker years,Distributing knowledge 776 days of BBC news,https://uprightplatform.com/company/f05ab590-85c5-4fc6-a083-83af1a4cf774/Ameriprise%20Financial/,False,,,
AXP,American Express,none,,,,,,,,,no_public_report_found,True,Targets set,1.5°C,2033.0,Targets set,2050.0,Targets set,2050.0,"Overall Net-Zero Target: American Express Company commits to reach net-zero greenhouse gas emissions across the value chain by 2050. Near-Term Targets: American Express Company commits to reduce absolute scope 1 and 2 GHG emissions 60% by 2033 from 2019 base year. American Express Company also commits to reduce absolute scope 3 emissions 35% within the same timeframe. 
American Express Company commits that 75% of membership rewards redemption partners and cobrand partners by emissions covering beyond the minimum boundary emissions from purchased goods and services will have science-based targets by 2028. Long-Term Targets: American Express Company commits to reduce absolute scope 1 and 2 GHG emissions 90% by 2050 from a 2019 base year. American Express Company commits to reduce absolute scope 3 GHG emissions 90% within the same timeframe. ",2024-10-24 01:00:00,False,,,,,True,True,True,31015.6,median_model_revenue+employees,sector:Financials,21,"Tier 2 Scope 1 ESTIMATE (LSEG median-model style), NOT a disclosure -- see pipeline/tier2_estimation/estimate_tier2.py. Peer group: sector = 'Financials' (21 Tier 1 peers with a real Scope 1 value, floor=5). Revenue-based: median peer Scope 1 tCO2e/$ revenue (5.36817e-07) x this company's revenue ($70,912,999,424) = 38,067 tCO2e. Employee-based: median peer Scope 1 tCO2e/employee (0.312029) x this company's employee count (76,800) = 23,964 tCO2e. Final estimate is the average of the available method(s): 31,016 tCO2e.",16963.6,median_model_revenue+employees,sector:Financials,17,"Tier 2 Scope 2 ESTIMATE (LSEG median-model style), NOT a disclosure -- see pipeline/tier2_estimation/estimate_tier2.py. Peer group: sector = 'Financials' (17 Tier 1 peers with a real Scope 2 value, floor=5). Revenue-based: median peer Scope 2 tCO2e/$ revenue (1.98278e-07) x this company's revenue ($70,912,999,424) = 14,061 tCO2e. Employee-based: median peer Scope 2 tCO2e/employee (0.25868) x this company's employee count (76,800) = 19,867 tCO2e. Final estimate is the average of the available method(s): 16,964 tCO2e.",True,AMERICAN EXPRESS,Financial Services,74201.0,75100.0,10.0,59.0,-2.5,0.1,-1.2,0.1,-0.3,-0.2,8.0,-0.3,0.4,-4.8,0.2,Scarce human capital 58.9k scarce worker years,Societal infrastructure 75.9M long-haul train rides,https://uprightplatform.com/company/ca42e102-6df6-46ce-b1dd-462f01a8c980/American%20Express/,False,,,
AIG,American International Group,none,,,,,,,,,no_public_report_found,False,,,,,,,,,,False,,,,,True,True,True,10624.9,median_model_revenue+employees,sector:Financials,21,"Tier 2 Scope 1 ESTIMATE (LSEG median-model style), NOT a disclosure -- see pipeline/tier2_estimation/estimate_tier2.py. Peer group: sector = 'Financials' (21 Tier 1 peers with a real Scope 1 value, floor=5). Revenue-based: median peer Scope 1 tCO2e/$ revenue (5.36817e-07) x this company's revenue ($26,738,999,296) = 14,354 tCO2e. Employee-based: median peer Scope 1 tCO2e/employee (0.312029) x this company's employee count (22,100) = 6,896 tCO2e. Final estimate is the average of the available method(s): 10,625 tCO2e.",5509.3,median_model_revenue+employees,sector:Financials,17,"Tier 2 Scope 2 ESTIMATE (LSEG median-model style), NOT a disclosure -- see pipeline/tier2_estimation/estimate_tier2.py. Peer group: sector = 'Financials' (17 Tier 1 peers with a real Scope 2 value, floor=5). Revenue-based: median peer Scope 2 tCO2e/$ revenue (1.98278e-07) x this company's revenue ($26,738,999,296) = 5,302 tCO2e. Employee-based: median peer Scope 2 tCO2e/employee (0.25868) x this company's employee count (22,100) = 5,717 tCO2e. Final estimate is the average of the available method(s): 5,509 tCO2e.",True,AMERICAN INTERNATIONAL GROUP,Insurance,46802.0,25200.0,-7.0,71.0,-2.7,0.2,-1.4,0.1,-0.5,-0.6,5.6,-0.6,1.5,-4.6,0.7,Scarce human capital 35.7k scarce worker years,Societal infrastructure 32.6M long-haul train rides,https://uprightplatform.com/company/ebb4e522-fed4-49d3-af07-219676214a5b/American%20International%20Group/,False,,,
AMT,American Tower,none,,,,,,,,,no_public_report_found,True,Targets set,Well-below 2°C,2035.0,,,,,"American Tower Corporation commits to reduce absolute scope 1, 2 and 3 GHG emissions 40% by 2035 from a 2019 base year.",2021-10-28 01:00:00,False,,,,,True,True,True,40585.7,median_model_revenue+employees,sector:Real Estate,8,"Tier 2 Scope 1 ESTIMATE (LSEG median-model style), NOT a disclosure -- see pipeline/tier2_estimation/estimate_tier2.py. Peer group: sector = 'Real Estate' (8 Tier 1 peers with a real Scope 1 value, floor=5). Revenue-based: median peer Scope 1 tCO2e/$ revenue (5.49255e-06) x this company's revenue ($10,941,500,416) = 60,097 tCO2e. Employee-based: median peer Scope 1 tCO2e/employee (4.331) x this company's employee count (4,866) = 21,075 tCO2e. Final estimate is the average of the available method(s): 40,586 tCO2e.",547926.7,median_model_revenue+employees,sector:Real Estate,7,"Tier 2 Scope 2 ESTIMATE (LSEG median-model style), NOT a disclosure -- see pipeline/tier2_estimation/estimate_tier2.py. Peer group: sector = 'Real Estate' (7 Tier 1 peers with a real Scope 2 value, floor=5). Revenue-based: median peer Scope 2 tCO2e/$ revenue (7.54576e-06) x this company's revenue ($10,941,500,416) = 82,562 tCO2e. Employee-based: median peer Scope 2 tCO2e/employee (208.239) x this company's employee count (4,866) = 1,013,291 tCO2e. Final estimate is the average of the available method(s): 547,927 tCO2e.",True,AMERICAN TOWER,Real Estate,10259.6,4691.0,-30.0,81.0,-12.4,0.4,-4.7,0.3,-1.5,-0.2,9.8,-0.7,0.5,-1.8,0.9,"Biodiversity 2,380,000 square meters of felled forest",Taxes 7.61M days of primary education,https://uprightplatform.com/company/f9d8762a-4bcb-423c-9d0d-63dfe6729e3f/American%20Tower/,False,,,
AMGN,Amgen,cdp_pdf,https://www.amgen.com/responsibility/reporting-and-metrics/-/media/Themes/CorporateAffairs/amgen-com/amgen-com/downloads/responsibility/amgen-cdp-2024.pdf,160184.0,176138.0,159848.0,12/31/2019,135954.0,28200000000.0,new,,True,Targets set,1.5°C,2030.0,,,,,"Amgen commits to reduce absolute scope 1 and 2 GHG emissions 55% by 2027 from a 2019 base year. Amgen also commits to increase annual sourcing of renewable electricity from 29% in 2019 to 100% by 2027, to continue annually sourcing of 100% renewable electricity through 2030. Amgen further commits that 73% of its suppliers by spend covering upstream purchased goods and services and capital goods will have science- based targets by 2027.",2022-09-22 01:00:00,False,,,,,False,False,False,,,,,,,,,,,True,AMGEN,Pharmaceuticals and Biotechnology,33424.0,28000.0,46.0,25.0,-9.2,0.2,-3.8,0.1,-1.9,-1.2,6.7,-5.2,29.3,-3.9,0.1,Physical diseases 139k life years,Physical diseases 716k life years,https://uprightplatform.com/company/0a6d3096-7fec-4716-bab1-778f71f17ef7/Amgen/,False,,,
AON,Aon plc,cdp_pdf,https://assets.aon.com/-/media/files/aon/about/impact/2024/2024-aon-cdp-questionnaire-responses-fy2023.pdf,22583.0,30714.0,24099.0,12/31/2019,14464.0,,new,,True,Targets set,1.5°C,2032.0,,,,,"Aon plc commits to reduce absolute scope 1 and 2 GHG emissions 55% by
2032 from a 2019 base year. Aon plc also commits that 81% of its
suppliers by emissions covering purchased goods and services, capital
goods and upstream leased assets, will have science-based targets by
2027.",2023-05-25 01:00:00,False,,,,,False,False,False,,,,,,,,,,,True,AON,,16357.0,60000.0,12.0,57.0,-2.2,0.2,-1.1,0.1,-0.3,-0.7,5.9,-0.5,2.3,-4.6,0.5,,,https://uprightplatform.com/company/72574e42-ec4b-4636-b7c2-728a92af1493/AON/,False,,,
AME,Ametek,none,,,,,,,,,no_public_report_found,False,,,,,,,,,,False,,,,,True,True,True,73429.3,median_model_revenue+employees,sector:Industrials,40,"Tier 2 Scope 1 ESTIMATE (LSEG median-model style), NOT a disclosure -- see pipeline/tier2_estimation/estimate_tier2.py. Peer group: sector = 'Industrials' (40 Tier 1 peers with a real Scope 1 value, floor=5). Revenue-based: median peer Scope 1 tCO2e/$ revenue (6.94524e-06) x this company's revenue ($7,863,923,200) = 54,617 tCO2e. Employee-based: median peer Scope 1 tCO2e/employee (4.09963) x this company's employee count (22,500) = 92,242 tCO2e. Final estimate is the average of the available method(s): 73,429 tCO2e.",77127.8,median_model_revenue+employees,sector:Industrials,28,"Tier 2 Scope 2 ESTIMATE (LSEG median-model style), NOT a disclosure -- see pipeline/tier2_estimation/estimate_tier2.py. Peer group: sector = 'Industrials' (28 Tier 1 peers with a real Scope 2 value, floor=5). Revenue-based: median peer Scope 2 tCO2e/$ revenue (9.89188e-06) x this company's revenue ($7,863,923,200) = 77,789 tCO2e. Employee-based: median peer Scope 2 tCO2e/employee (3.39852) x this company's employee count (22,500) = 76,467 tCO2e. Final estimate is the average of the available method(s): 77,128 tCO2e.",True,AMETEK,,6980.19,21500.0,-9.0,72.0,-12.4,1.3,-6.7,0.9,-1.9,-0.3,11.2,-1.4,1.1,-2.3,1.5,,,https://uprightplatform.com/company/fd421761-1ed2-4817-8827-3282b55ef109/Ametek/,False,,,
APH,Amphenol,none,,,,,,,,,no_public_report_found,False,,,,,,,,,,False,,,,,True,True,True,59426.4,median_model_revenue+employees,sector:Information Technology,37,"Tier 2 Scope 1 ESTIMATE (LSEG median-model style), NOT a disclosure -- see pipeline/tier2_estimation/estimate_tier2.py. Peer group: sector = 'Information Technology' (37 Tier 1 peers with a real Scope 1 value, floor=5). Revenue-based: median peer Scope 1 tCO2e/$ revenue (6.23987e-07) x this company's revenue ($29,011,599,360) = 18,103 tCO2e. Employee-based: median peer Scope 1 tCO2e/employee (0.592647) x this company's employee count (170,000) = 100,750 tCO2e. Final estimate is the average of the available method(s): 59,426 tCO2e.",156867.2,median_model_revenue+employees,sector:Information Technology,29,"Tier 2 Scope 2 ESTIMATE (LSEG median-model style), NOT a disclosure -- see pipeline/tier2_estimation/estimate_tier2.py. Peer group: sector = 'Information Technology' (29 Tier 1 peers with a real Scope 2 value, floor=5). Revenue-based: median peer Scope 2 tCO2e/$ revenue (2.34945e-06) x this company's revenue ($29,011,599,360) = 68,161 tCO2e. Employee-based: median peer Scope 2 tCO2e/employee (1.44455) x this company's employee count (170,000) = 245,573 tCO2e. Final estimate is the average of the available method(s): 156,867 tCO2e.",True,AMPHENOL,,13392.7,125000.0,14.0,55.0,-9.4,0.7,-4.1,0.4,-1.4,-0.6,11.3,-1.5,0.7,-2.8,3.9,,,https://uprightplatform.com/company/7de4d2ea-36d2-4ea4-9e6c-b79d9fc97079/Amphenol/,False,,,
ADI,Analog Devices,epa_ghgrp,,117771.628108,,,,,,,"EPA GHGRP 2023 Direct Emitters, matched via parent company 'ANALOG DEVICES INC' (3 facilities). Scope 1 (direct/on-site) only -- GHGRP does not cover Scope 2. Prior attempt: data_source=none, report_url=n/a, notes=no_public_report_found",True,Targets set,1.5°C,2030.0,,,Commitment removed,,"Analog Devices Inc. commits to reduce absolute scope 1 and 2 GHG emissions 50% by 2030 from a 2019 base year. Analog Devices Inc. also commits that 66.7% of its suppliers by spend covering purchased goods and services, will have science-based targets by 2025.",2021-07-15 01:00:00,False,,,,,True,False,True,,,,,,52669.1,median_model_revenue+employees,sub_industry:Semiconductors,5,"Tier 2 Scope 2 ESTIMATE (LSEG median-model style), NOT a disclosure -- see pipeline/tier2_estimation/estimate_tier2.py. Peer group: sub_industry = 'Semiconductors' (5 Tier 1 peers with a real Scope 2 value, floor=5). Revenue-based: median peer Scope 2 tCO2e/$ revenue (2.34945e-06) x this company's revenue ($13,881,744,384) = 32,614 tCO2e. Employee-based: median peer Scope 2 tCO2e/employee (2.96832) x this company's employee count (24,500) = 72,724 tCO2e. Final estimate is the average of the available method(s): 52,669 tCO2e.",True,ANALOG DEVICES,,11019.71,24000.0,24.0,47.0,-7.8,1.0,-3.7,0.7,-1.1,-0.3,11.1,-1.4,1.1,-3.2,3.5,,,https://uprightplatform.com/company/35a057ed-c8c0-48b0-a4d5-ffa0ad80676f/Analog%20Devices/,False,,,
AAPL,Apple Inc.,cdp_pdf,https://www.apple.com/environment/pdf/Apple_CDP-Climate-Change-Questionnaire_2024.pdf,55200.0,1206700.0,3400.0,10/25/2011,21700.0,383285000000.0,new,,True,Targets set,1.5°C,FY2030,,,,,"Apple, Inc. commits to reduce absolute combined scope 1, 2 and 3 GHG emissions 62% by FY2030 from a FY2019 base year. Apple also commits to continue annually sourcing 100% renewable electricity through FY2030.* *The target boundary includes biogenic emissions and removals from bioenergy feedstocks.",2021-05-06 01:00:00,True,1,electricity-generation,USA,,False,False,False,,,,,,,,,,,True,APPLE,Consumer Product Manufacturing,416161.0,166000.0,20.0,50.0,-7.5,0.5,-2.7,0.3,-0.7,-0.6,9.4,-4.3,3.2,-4.3,7.8,Scarce human capital 273k scarce worker years,Taxes 345M days of primary education,https://uprightplatform.com/company/d1df56f3-4ce3-4167-a713-c6aeba7e26f1/Apple/,False,,,
APA,APA Corporation,epa_ghgrp,,1302769.998,,,,,,,"EPA GHGRP 2023 Direct Emitters, matched via parent company 'APA CORP' (13 facilities). Scope 1 (direct/on-site) only -- GHGRP does not cover Scope 2. Prior attempt: data_source=none, report_url=n/a, notes=no_public_report_found",False,,,,,,,,,,True,3,electricity-generation,AUS,100.0,True,False,True,,,,,,197488.6,median_model_revenue+employees,sector:Energy,6,"Tier 2 Scope 2 ESTIMATE (LSEG median-model style), NOT a disclosure -- see pipeline/tier2_estimation/estimate_tier2.py. Peer group: sector = 'Energy' (6 Tier 1 peers with a real Scope 2 value, floor=5). Revenue-based: median peer Scope 2 tCO2e/$ revenue (1.7615e-05) x this company's revenue ($8,572,000,256) = 150,996 tCO2e. Employee-based: median peer Scope 2 tCO2e/employee (136.226) x this company's employee count (1,791) = 243,981 tCO2e. Final estimate is the average of the available method(s): 197,489 tCO2e.",True,APA GROUP,Energy and Environmental,1987.94,2271.0,-27.0,80.0,-27.2,3.7,-15.1,3.1,-4.3,-2.1,22.7,-2.2,0.5,-3.1,0.4,GHG emissions 719k tons of GHG emissions,Societal infrastructure 8.79M long-haul train rides,https://uprightplatform.com/company/97d30c8f-1ec6-44c5-b462-2cb366b15f7c/Apa%20Group/,False,,,
APO,Apollo Global Management,none,,,,,,,,,no_public_report_found,False,,,,,,,,,,True,3,electricity-generation,DEU;IND;USA,5.7,True,True,True,10512.7,median_model_revenue+employees,sector:Financials,21,"Tier 2 Scope 1 ESTIMATE (LSEG median-model style), NOT a disclosure -- see pipeline/tier2_estimation/estimate_tier2.py. Peer group: sector = 'Financials' (21 Tier 1 peers with a real Scope 1 value, floor=5). Revenue-based: median peer Scope 1 tCO2e/$ revenue (5.36817e-07) x this company's revenue ($35,598,000,128) = 19,110 tCO2e. Employee-based: median peer Scope 1 tCO2e/employee (0.312029) x this company's employee count (6,140) = 1,916 tCO2e. Final estimate is the average of the available method(s): 10,513 tCO2e.",4323.3,median_model_revenue+employees,sector:Financials,17,"Tier 2 Scope 2 ESTIMATE (LSEG median-model style), NOT a disclosure -- see pipeline/tier2_estimation/estimate_tier2.py. Peer group: sector = 'Financials' (17 Tier 1 peers with a real Scope 2 value, floor=5). Revenue-based: median peer Scope 2 tCO2e/$ revenue (1.98278e-07) x this company's revenue ($35,598,000,128) = 7,058 tCO2e. Employee-based: median peer Scope 2 tCO2e/employee (0.25868) x this company's employee count (6,140) = 1,588 tCO2e. Final estimate is the average of the available method(s): 4,323 tCO2e.",True,APOLLO GLOBAL MANAGEMENT,,26262.0,4879.0,9.0,60.0,-2.2,0.4,-1.0,0.2,-0.3,-0.4,7.7,-0.5,0.8,-5.3,0.3,,,https://uprightplatform.com/company/c0e0cbd5-279f-4dc3-9262-b8a0b6d9be72/Apollo%20Global%20Management/,False,,,
AMAT,Applied Materials,none,,,,,,,,,no_public_report_found,True,Targets set,1.5°C,FY2030,,,,,"Applied Materials Inc. commits to reduce absolute scope 1 and 2 GHG emissions
50% by FY2030 from a FY2019 base year. Applied Materials Inc. also commits to
increase active annual sourcing of renewable electricity from 36% in FY2019 to
100% by FY2030. Applied Materials Inc. further commits to reduce scope 3 GHG
emissions from use of sold products 55% per million USD of value added by
FY2030 from a FY2019 base year.",2023-11-30 01:00:00,False,,,,,True,True,True,21147.9,median_model_revenue+employees,sector:Information Technology,37,"Tier 2 Scope 1 ESTIMATE (LSEG median-model style), NOT a disclosure -- see pipeline/tier2_estimation/estimate_tier2.py. Peer group: sector = 'Information Technology' (37 Tier 1 peers with a real Scope 1 value, floor=5). Revenue-based: median peer Scope 1 tCO2e/$ revenue (6.23987e-07) x this company's revenue ($30,837,000,192) = 19,242 tCO2e. Employee-based: median peer Scope 1 tCO2e/employee (0.592647) x this company's employee count (38,900) = 23,054 tCO2e. Final estimate is the average of the available method(s): 21,148 tCO2e.",64321.4,median_model_revenue+employees,sector:Information Technology,29,"Tier 2 Scope 2 ESTIMATE (LSEG median-model style), NOT a disclosure -- see pipeline/tier2_estimation/estimate_tier2.py. Peer group: sector = 'Information Technology' (29 Tier 1 peers with a real Scope 2 value, floor=5). Revenue-based: median peer Scope 2 tCO2e/$ revenue (2.34945e-06) x this company's revenue ($30,837,000,192) = 72,450 tCO2e. Employee-based: median peer Scope 2 tCO2e/employee (1.44455) x this company's employee count (38,900) = 56,193 tCO2e. Final estimate is the average of the available method(s): 64,321 tCO2e.",True,APPLIED MATERIALS,Computer Hardware,27176.0,36500.0,19.0,51.0,-8.0,1.4,-3.4,1.0,-1.0,-0.2,9.8,-0.9,0.6,-3.3,3.5,GHG emissions 2.24M tons of GHG emissions,Taxes 22.0M days of primary education,https://uprightplatform.com/company/ce7fd35b-f673-40fb-852c-1c2b5926cf93/Applied%20Materials/,False,,,
APP,AppLovin,none,,,,,,,,,no_public_report_found,False,,,,,,,,,,False,,,,,True,True,True,2776.2,median_model_revenue+employees,sector:Communication Services,6,"Tier 2 Scope 1 ESTIMATE (LSEG median-model style), NOT a disclosure -- see pipeline/tier2_estimation/estimate_tier2.py. Peer group: sector = 'Communication Services' (6 Tier 1 peers with a real Scope 1 value, floor=5). Revenue-based: median peer Scope 1 tCO2e/$ revenue (6.73153e-07) x this company's revenue ($6,829,124,096) = 4,597 tCO2e. Employee-based: median peer Scope 1 tCO2e/employee (1.09064) x this company's employee count (876) = 955 tCO2e. Final estimate is the average of the available method(s): 2,776 tCO2e.",19684.0,median_model_revenue+employees,sector:Communication Services,6,"Tier 2 Scope 2 ESTIMATE (LSEG median-model style), NOT a disclosure -- see pipeline/tier2_estimation/estimate_tier2.py. Peer group: sector = 'Communication Services' (6 Tier 1 peers with a real Scope 2 value, floor=5). Revenue-based: median peer Scope 2 tCO2e/$ revenue (5.2889e-06) x this company's revenue ($6,829,124,096) = 36,119 tCO2e. Employee-based: median peer Scope 2 tCO2e/employee (3.70951) x this company's employee count (876) = 3,250 tCO2e. Final estimate is the average of the available method(s): 19,684 tCO2e.",True,APPLOVIN,,5805.76,898.0,-17.0,76.0,-6.7,0.1,-4.0,0.1,-0.3,-0.1,11.6,-2.5,0.6,-7.2,1.7,,,https://uprightplatform.com/company/87d0aed0-3a08-453c-8ab3-0fcbcb3b29fa/AppLovin/,False,,,
APTV,Aptiv,cdp_pdf,https://www.aptiv.com/docs/default-source/sustainability-report/2024-aptiv-cdp-corporate-6-11-24.pdf?sfvrsn=2712b937_1,21515.0,411763.0,344970.0,12/31/2021,20388.0,20051000000.0,new,,True,Targets set,1.5°C,2030.0,,,,,Aptiv PLC commits to reduce absolute scope 1 and 2 GHG emissions 100% by 2030 from a 2021 base year. Aptiv PLC also commits to reduce absolute scope 3 GHG emissions 47.4% within the same timeframe.,2023-12-07 01:00:00,False,,,,,False,False,False,,,,,,,,,,,True,APTIV,Automotive,19725.0,141000.0,25.0,46.0,-11.2,3.0,-6.2,2.1,-2.1,-0.1,14.9,-3.4,2.7,-2.6,2.5,GHG emissions 2.94M tons of GHG emissions,Societal infrastructure 45.2M long-haul train rides,https://uprightplatform.com/company/674f3707-29c2-4c00-8d31-cf7516f9fd5e/Aptiv/,False,,,
ADM,Archer Daniels Midland,cdp_pdf,https://www.adm.com/globalassets/sustainability/sustainability-reports/archer-daniels-midland-cdp-corporate-questionnaire-08-04-2025.pdf,12600000.0,1990000.0,2030000.0,12/31/2019,14100000.0,93935000000.0,new,,True,Commitment removed,,,,,,,,2022-04-28 01:00:00,False,,,,,False,False,False,,,,,,,,,,,True,ARCHER DANIELS MIDLAND,Agriculture and Forestry,85530.0,42383.0,1.0,66.0,-11.9,1.5,-5.4,1.1,-2.0,-0.4,10.4,-3.9,6.3,-2.8,0.8,GHG emissions 11.0M tons of GHG emissions,Nutrition 17.3bn bananas,https://uprightplatform.com/company/e884287f-b5da-4a64-9ea3-f59af33b3e1b/Archer%20Daniels%20Midland/,False,,,
A,Agilent Technologies,sustainability_report,https://www.agilent.com/about/esg/en/2023-agilent-esg-report.pdf,,,,,,,,download_error: 403 Client Error: Forbidden for url: https://www.agilent.com/about/esg/en/2023-agilent-esg-report.pdf,True,Targets set,1.5°C,FY2030,Targets set,FY2050,Targets set,FY2050,"Overall Net Zero target
Agilent Technologies Inc commits to reach net-zero greenhouse gas emissions across the
value chain by FY2050.
Near-Term Targets
Agilent Technologies Inc commits to reduce absolute scope 1 and 2 GHG emissions 50% by
FY2030 from a FY2019 base year. Agilent Technologies Inc also commits to reduce absolute
scope 3 GHG emissions from purchased goods and services, capital goods, upstream
transportation and distribution, business travel and employee commuting 30% within the
same timeframe.
Long-Term Targets
Agilent Technologies Inc commits to reduce absolute scope 1, 2 and 3 emissions 95% by
FY2050 from a FY2019 base year.",2023-10-12 01:00:00,False,,,,,True,True,True,30196.5,median_model_revenue+employees,sector:Health Care,25,"Tier 2 Scope 1 ESTIMATE (LSEG median-model style), NOT a disclosure -- see pipeline/tier2_estimation/estimate_tier2.py. Peer group: sector = 'Health Care' (25 Tier 1 peers with a real Scope 1 value, floor=5). Revenue-based: median peer Scope 1 tCO2e/$ revenue (3.54491e-06) x this company's revenue ($7,372,000,256) = 26,133 tCO2e. Employee-based: median peer Scope 1 tCO2e/employee (1.88241) x this company's employee count (18,200) = 34,260 tCO2e. Final estimate is the average of the available method(s): 30,196 tCO2e.",29606.7,median_model_revenue+employees,sector:Health Care,18,"Tier 2 Scope 2 ESTIMATE (LSEG median-model style), NOT a disclosure -- see pipeline/tier2_estimation/estimate_tier2.py. Peer group: sector = 'Health Care' (18 Tier 1 peers with a real Scope 2 value, floor=5). Revenue-based: median peer Scope 2 tCO2e/$ revenue (3.19915e-06) x this company's revenue ($7,372,000,256) = 23,584 tCO2e. Employee-based: median peer Scope 2 tCO2e/employee (1.95766) x this company's employee count (18,200) = 35,629 tCO2e. Final estimate is the average of the available method(s): 29,607 tCO2e.",True,AGILENT TECHNOLOGIES,Hospitals and Healthcare,6788.0,18000.0,47.0,24.0,-6.8,0.4,-3.1,0.2,-1.0,-0.5,10.8,-1.0,7.5,-3.5,3.6,Scarce human capital 3.85k scarce worker years,Physical diseases 34.2k life years,https://uprightplatform.com/company/e271a67f-955a-4917-b6c1-0ff3040e0cbf/Agilent%20Technologies/,False,,,
ACGL,Arch Capital Group,none,,,,,,,,,no_public_report_found,False,,,,,,,,,,False,,,,,True,True,True,6410.1,median_model_revenue+employees,sector:Financials,21,"Tier 2 Scope 1 ESTIMATE (LSEG median-model style), NOT a disclosure -- see pipeline/tier2_estimation/estimate_tier2.py. Peer group: sector = 'Financials' (21 Tier 1 peers with a real Scope 1 value, floor=5). Revenue-based: median peer Scope 1 tCO2e/$ revenue (5.36817e-07) x this company's revenue ($19,232,000,000) = 10,324 tCO2e. Employee-based: median peer Scope 1 tCO2e/employee (0.312029) x this company's employee count (8,000) = 2,496 tCO2e. Final estimate is the average of the available method(s): 6,410 tCO2e.",2941.4,median_model_revenue+employees,sector:Financials,17,"Tier 2 Scope 2 ESTIMATE (LSEG median-model style), NOT a disclosure -- see pipeline/tier2_estimation/estimate_tier2.py. Peer group: sector = 'Financials' (17 Tier 1 peers with a real Scope 2 value, floor=5). Revenue-based: median peer Scope 2 tCO2e/$ revenue (1.98278e-07) x this company's revenue ($19,232,000,000) = 3,813 tCO2e. Employee-based: median peer Scope 2 tCO2e/employee (0.25868) x this company's employee count (8,000) = 2,069 tCO2e. Final estimate is the average of the available method(s): 2,941 tCO2e.",True,ARCH CAPITAL,Insurance,13916.0,8000.0,-49.0,87.0,-2.6,0.3,-1.2,0.1,-0.4,-0.8,4.6,-0.3,0.6,-4.5,0.1,Scarce human capital 10.2k scarce worker years,Taxes 5.03M days of primary education,https://uprightplatform.com/company/9769ae57-af52-4211-a274-681882f8a608/Arch%20Capital/,False,,,
ANET,Arista Networks,none,,,,,,,,,no_public_report_found,True,Targets set,1.5°C,2030.0,Targets set,2050.0,Targets set,2050.0,"Overall Net-Zero Target: 
Arista Networks, Inc. commits to reach net-zero greenhouse gas emissions across the value chain by 2050.
Near-Term Targets: 
Arista Networks, Inc. commits to reduce absolute scope 1 and 2 GHG emissions 42% by 2030 from a 2023 base year. Arista Networks, Inc. also commits to reduce absolute scope 3 GHG emissions 42% within the same timeframe.
Long-Term Targets: 
Arista Networks, Inc. commits to reduce absolute scope 1, 2 and 3 GHG emissions 90% by 2050 from a 2023 base year.",2025-04-24 01:00:00,False,,,,,True,True,True,4804.4,median_model_revenue+employees,sector:Information Technology,37,"Tier 2 Scope 1 ESTIMATE (LSEG median-model style), NOT a disclosure -- see pipeline/tier2_estimation/estimate_tier2.py. Peer group: sector = 'Information Technology' (37 Tier 1 peers with a real Scope 1 value, floor=5). Revenue-based: median peer Scope 1 tCO2e/$ revenue (6.23987e-07) x this company's revenue ($10,540,800,000) = 6,577 tCO2e. Employee-based: median peer Scope 1 tCO2e/employee (0.592647) x this company's employee count (5,115) = 3,031 tCO2e. Final estimate is the average of the available method(s): 4,804 tCO2e.",16077.0,median_model_revenue+employees,sector:Information Technology,29,"Tier 2 Scope 2 ESTIMATE (LSEG median-model style), NOT a disclosure -- see pipeline/tier2_estimation/estimate_tier2.py. Peer group: sector = 'Information Technology' (29 Tier 1 peers with a real Scope 2 value, floor=5). Revenue-based: median peer Scope 2 tCO2e/$ revenue (2.34945e-06) x this company's revenue ($10,540,800,000) = 24,765 tCO2e. Employee-based: median peer Scope 2 tCO2e/employee (1.44455) x this company's employee count (5,115) = 7,389 tCO2e. Final estimate is the average of the available method(s): 16,077 tCO2e.",True,ARISTA NETWORKS,Computer Hardware,5860.17,4412.0,46.0,25.0,-4.7,0.4,-2.2,0.3,-0.6,-0.2,11.8,-1.4,1.2,-5.0,7.8,Scarce human capital 4.86k scarce worker years,Taxes 6.21M days of primary education,https://uprightplatform.com/company/e933fd97-7cbc-461c-b4ef-ae9a35e24da0/Arista%20Networks/,False,,,
AJG,Arthur J. Gallagher & Co.,none,,,,,,,,,no_public_report_found,False,,,,,,,,,,False,,,,,True,True,True,14579.5,median_model_revenue+employees,sector:Financials,21,"Tier 2 Scope 1 ESTIMATE (LSEG median-model style), NOT a disclosure -- see pipeline/tier2_estimation/estimate_tier2.py. Peer group: sector = 'Financials' (21 Tier 1 peers with a real Scope 1 value, floor=5). Revenue-based: median peer Scope 1 tCO2e/$ revenue (5.36817e-07) x this company's revenue ($15,109,000,192) = 8,111 tCO2e. Employee-based: median peer Scope 1 tCO2e/employee (0.312029) x this company's employee count (67,456) = 21,048 tCO2e. Final estimate is the average of the available method(s): 14,579 tCO2e.",10222.7,median_model_revenue+employees,sector:Financials,17,"Tier 2 Scope 2 ESTIMATE (LSEG median-model style), NOT a disclosure -- see pipeline/tier2_estimation/estimate_tier2.py. Peer group: sector = 'Financials' (17 Tier 1 peers with a real Scope 2 value, floor=5). Revenue-based: median peer Scope 2 tCO2e/$ revenue (1.98278e-07) x this company's revenue ($15,109,000,192) = 2,996 tCO2e. Employee-based: median peer Scope 2 tCO2e/employee (0.25868) x this company's employee count (67,456) = 17,450 tCO2e. Final estimate is the average of the available method(s): 10,223 tCO2e.",True,ARTHUR J. GALLAGHER,Insurance,13941.8,56000.0,10.0,58.0,-2.8,0.2,-1.5,0.1,-0.4,-0.7,7.3,-0.5,1.3,-4.5,0.7,Scarce human capital 10.2k scarce worker years,Taxes 6.31M days of primary education,https://uprightplatform.com/company/1101f818-cfda-4b66-bcdf-a9ceed6b4e02/Arthur%20J.%20Gallagher/,False,,,
AIZ,Assurant,cdp_pdf,https://azure-na-assets.contentstack.com/v3/assets/blt87461b8270f4f92b/blt0bf4e447817c7c0f/68e8032cb1e1331065ad8a53/2025-assurant-cdp-climate-change-questionnaire.pdf,1282.0,10307.0,11018.0,12/31/2021,2132.0,11877500000.0,new,,False,,,,,,,,,,False,,,,,False,False,False,,,,,,,,,,,True,ASSURANT,Insurance,12576.3,14200.0,27.0,44.0,-2.3,0.1,-1.1,0.1,-0.3,-1.1,8.8,-0.6,3.2,-4.9,0.1,Scarce human capital 10.1k scarce worker years,Societal infrastructure 14.1M long-haul train rides,https://uprightplatform.com/company/40abdac2-7c84-4f8b-8c64-f1d4e7948200/Assurant/,False,,,
ALB,Albemarle Corporation,epa_ghgrp,,229671.722,,,,,,False,"EPA GHGRP 2023 Direct Emitters, matched via parent company 'ALBEMARLE CORP' (3 facilities). Scope 1 (direct/on-site) only -- GHGRP does not cover Scope 2. [Fixed 2026-09-13: this row previously had data_source=epa_ghgrp but a blank scope1_tco2e -- a bug from an earlier patch script that wrote the match info into notes but never wrote the actual number. Backfilled from epa_ghgrp_matches.csv, which already had the correct value.]",False,,,,,,,,,,False,,,,,True,False,True,,,,,,652687.8,median_model_revenue+employees,sector:Materials,9,"Tier 2 Scope 2 ESTIMATE (LSEG median-model style), NOT a disclosure -- see pipeline/tier2_estimation/estimate_tier2.py. Peer group: sector = 'Materials' (9 Tier 1 peers with a real Scope 2 value, floor=5). Revenue-based: median peer Scope 2 tCO2e/$ revenue (0.000101463) x this company's revenue ($5,907,904,000) = 599,435 tCO2e. Employee-based: median peer Scope 2 tCO2e/employee (90.5052) x this company's employee count (7,800) = 705,941 tCO2e. Final estimate is the average of the available method(s): 652,688 tCO2e.",True,ALBEMARLE,Chemicals,5142.73,8300.0,-43.0,85.0,-21.0,3.5,-11.6,2.3,-3.4,-0.7,11.5,-4.1,4.5,-2.4,0.1,GHG emissions 1.43M tons of GHG emissions,Societal infrastructure 6.51M long-haul train rides,https://uprightplatform.com/company/3771b586-44f2-47a8-843d-babd4f0e7118/Albemarle/,False,,,
ARES,Ares Management,epa_ghgrp,,1817717.564,,,,,,,"EPA GHGRP 2023 Direct Emitters, matched via parent company 'ARES MANAGEMENT CORP' (1 facilities). Scope 1 (direct/on-site) only -- GHGRP does not cover Scope 2. Prior attempt: data_source=none, report_url=n/a, notes=no_public_report_found",False,,,,,,,,,,True,6,electricity-generation,IND;JPN;USA,,True,False,True,,,,,,1155.3,median_model_revenue+employees,sector:Financials,17,"Tier 2 Scope 2 ESTIMATE (LSEG median-model style), NOT a disclosure -- see pipeline/tier2_estimation/estimate_tier2.py. Peer group: sector = 'Financials' (17 Tier 1 peers with a real Scope 2 value, floor=5). Revenue-based: median peer Scope 2 tCO2e/$ revenue (1.98278e-07) x this company's revenue ($5,987,594,752) = 1,187 tCO2e. Employee-based: median peer Scope 2 tCO2e/employee (0.25868) x this company's employee count (4,343) = 1,123 tCO2e. Final estimate is the average of the available method(s): 1,155 tCO2e.",True,ARES MANAGEMENT,,3427.88,2100.0,23.0,47.0,-4.5,0.4,-2.4,0.3,-0.6,-0.4,11.1,-0.6,1.6,-4.9,0.5,,,https://uprightplatform.com/company/75f79f30-c82b-4cc7-a1ef-e4943f3a036c/Ares%20Management/,False,,,
T,AT&T,none,,,,,,,,,no_public_report_found,True,Targets set,1.5°C,2030.0,,,,,"AT&T commits* to reduce absolute scope 1 and scope 2 GHG emissions 63% by 2030 from a 2015 base year. AT&T also commits that 50% of its suppliers by spend covering purchased goods and services, capital goods, and downstream leased assets will set science-based scope 1 and scope 2 targets by 2024. *The target boundary includes biogenic emissions and removals from bioenergy feedstocks.",2021-05-20 01:00:00,False,,,,,True,True,True,115369.3,median_model_revenue+employees,sector:Communication Services,6,"Tier 2 Scope 1 ESTIMATE (LSEG median-model style), NOT a disclosure -- see pipeline/tier2_estimation/estimate_tier2.py. Peer group: sector = 'Communication Services' (6 Tier 1 peers with a real Scope 1 value, floor=5). Revenue-based: median peer Scope 1 tCO2e/$ revenue (6.73153e-07) x this company's revenue ($127,238,995,968) = 85,651 tCO2e. Employee-based: median peer Scope 1 tCO2e/employee (1.09064) x this company's employee count (133,030) = 145,087 tCO2e. Final estimate is the average of the available method(s): 115,369 tCO2e.",583215.4,median_model_revenue+employees,sector:Communication Services,6,"Tier 2 Scope 2 ESTIMATE (LSEG median-model style), NOT a disclosure -- see pipeline/tier2_estimation/estimate_tier2.py. Peer group: sector = 'Communication Services' (6 Tier 1 peers with a real Scope 2 value, floor=5). Revenue-based: median peer Scope 2 tCO2e/$ revenue (5.2889e-06) x this company's revenue ($127,238,995,968) = 672,954 tCO2e. Employee-based: median peer Scope 2 tCO2e/employee (3.70951) x this company's employee count (133,030) = 493,477 tCO2e. Final estimate is the average of the available method(s): 583,215 tCO2e.",True,AT&T,Telecommunications,122336.0,139970.0,35.0,37.0,-6.4,0.5,-3.1,0.4,-0.7,-0.4,11.9,-4.0,4.3,-5.0,7.4,Scarce human capital 101k scarce worker years,Taxes 139M days of primary education,https://uprightplatform.com/company/c8661ed0-239f-4a06-ac8e-0feb0879c27a/AT%26T/,False,,,
ATO,Atmos Energy,epa_ghgrp,,130555.092,,,,,,,"EPA GHGRP 2023 Direct Emitters, matched via parent company 'ATMOS ENERGY CORP' (3 facilities). Scope 1 (direct/on-site) only -- GHGRP does not cover Scope 2. Prior attempt: data_source=none, report_url=n/a, notes=no_public_report_found",False,,,,,,,,,,False,,,,,True,False,True,,,,,,61695.5,median_model_revenue+employees,sector:Utilities,10,"Tier 2 Scope 2 ESTIMATE (LSEG median-model style), NOT a disclosure -- see pipeline/tier2_estimation/estimate_tier2.py. Peer group: sector = 'Utilities' (10 Tier 1 peers with a real Scope 2 value, floor=5). Revenue-based: median peer Scope 2 tCO2e/$ revenue (9.6601e-06) x this company's revenue ($4,921,525,760) = 47,542 tCO2e. Employee-based: median peer Scope 2 tCO2e/employee (13.8233) x this company's employee count (5,487) = 75,849 tCO2e. Final estimate is the average of the available method(s): 61,696 tCO2e.",True,ATMOS ENERGY,,4623.22,5260.0,-44.0,86.0,-32.5,1.2,-17.6,0.9,-5.3,-2.0,25.9,-2.5,0.4,-2.7,0.1,,,https://uprightplatform.com/company/2ca25638-97cb-42d1-b98f-102b904b0f05/Atmos%20Energy/,False,,,
ADSK,Autodesk,cdp_pdf,https://damassets.autodesk.net/content/dam/autodesk/www/pdfs/2024-cdp-climate-questionnaire.pdf,555.0,8156.0,372.0,,,5497000000.0,new,,True,Targets set,1.5°C,FY2031,,,,,"Autodesk commits to reduce absolute scope 1 and 2 GHG emissions 50% by FY2031 from a FY2020 base year. Autodesk also commits to reduce scope 3 GHG emissions from purchased goods and services, fuel and energy-related activities, business travel, and employee commuting 55% per dollar of gross profit over the same timeframe. Autodesk commits that 26.5% of its suppliers by emissions covering purchased goods and services and business travel, will have science-based targets by FY2027. Autodesk commits to continue annually sourcing 100% renewable electricity through FY2031.",2021-11-04 01:00:00,False,,,,,False,False,False,,,,,,,,,,,True,AUTODESK,Computer Software,7206.0,14300.0,47.0,24.0,-4.1,0.4,-1.9,0.3,-0.5,-0.2,11.6,-0.6,0.8,-4.9,5.5,Scarce human capital 5.81k scarce worker years,Taxes 7.16M days of primary education,https://uprightplatform.com/company/a9c59a4c-a00d-4d92-b9e9-8de14a519c16/Autodesk/,False,,,
AVY,Avery Dennison,cdp_pdf,https://www.averydennison.com/content/dam/avery_dennison/corporate-new/global/english/documents/esg/Avery-Dennison-2023-CDP-Climate-Change.pdf,188389.4,317734.4,129687.4,,,,old,,True,Targets set,1.5°C,2030.0,,,,,Avery Dennison commits to reduce absolute scope 1 and 2 GHG emissions 70% by 2030 from a 2015 base year. Avery Dennison also commits to reduce absolute scope 3 GHG emissions from purchased goods and services and end of life treatment of sold products 30% by 2030 from a 2018 base year.,2021-10-21 01:00:00,False,,,,,False,False,False,,,,,,,,,,,True,AVERY DENNISON,,8855.5,35000.0,-65.0,90.0,-13.4,1.7,-7.5,1.2,-2.0,-0.6,7.3,-2.3,1.5,-2.2,0.7,,,https://uprightplatform.com/company/8874360e-1529-43a6-bddc-6a5039e15609/Avery%20Dennison/,False,,,
BAC,Bank of America,cdp_pdf,https://about.bankofamerica.com/content/dam/about/report-center/esg/2025/BankofAmerica-2025-CDP-Corporate-Questionnaire_WCAG-2.2_12032025.pdf,65763.0,617413.0,16587.0,,,,new,,False,,,,,,,,,,True,11,electricity-generation,GBR;USA,5.2,False,False,False,,,,,,,,,,,True,BANK OF AMERICA,Banks,192434.0,213000.0,1.0,65.0,-2.1,0.1,-1.1,0.1,-0.3,-0.6,6.7,-0.3,0.5,-6.2,2.0,Scarce human capital 197k scarce worker years,Taxes 100M days of primary education,https://uprightplatform.com/company/08fb13a2-68f4-489a-a868-ee9eeb38db11/Bank%20of%20America/,False,,,
BDX,Becton Dickinson,cdp_pdf,https://www.bd.com/content/dam/bd-assets/bd-com/en-us/document/policy/corporate-policies-and-guidelines/report/bd-cdp-disclosure-2025.pdf,155663.235,411133.039,330509.18,09/30/2019,155663.229,20178000000.0,new,,False,,,,,,,,,,False,,,,,False,False,False,,,,,,,,,,,True,BECTON DICKINSON,Hospitals and Healthcare,20178.0,74000.0,53.0,18.0,-6.0,0.2,-2.6,0.1,-0.9,-0.5,10.3,-1.8,13.6,-3.8,2.0,Scarce human capital 12.6k scarce worker years,Physical diseases 170k life years,https://uprightplatform.com/company/d18ee84e-653a-4343-8f49-6636bbc77956/Becton%20Dickinson/,False,,,
XYZ,"Block, Inc.",cdp_pdf,https://s29.q4cdn.com/628966176/files/doc_downloads/2025/06/2024-CDP-Disclosure-Block-Inc-1.pdf,983.0,9748.0,2428.0,12/31/2019,842.0,21916000000.0,new,,True,Targets set,1.5°C,2030.0,,,Commitment removed,,"Block, Inc. commits to reduce absolute scope 1 and 2 GHG emissions
46.2% by 2030 from a 2019 base year.
Block, Inc. also commits to increase active annual sourcing of renewable
electricity from 0% in 2019 to 100% by 2030.
Block, Inc. further commits to reduce scope 3 GHG emissions 55% per
million USD gross profit by 2030 from a 2019 base year.",2023-08-10 01:00:00,False,,,,,False,False,False,,,,,,,,,,,True,BLOCK,,24121.0,11372.0,-213.0,100.0,-28.6,0.2,-26.4,0.1,-0.3,-6.2,12.4,-0.4,0.5,-7.5,0.6,,,https://uprightplatform.com/company/1d530a81-d4a6-4dde-850d-c8d823b605b2/Block/,False,,,
BBY,Best Buy,cdp_pdf,https://corporate.bestbuy.com/wp-content/uploads/2020/02/Best-Buy-FY25-CDP-Investor-Survey.pdf,185561.0,245443.0,82445.0,12/31/2017,219636.0,41528000000.0,new,,True,Targets set,1.5°C,2030.0,,,,,American multinational consumer electronics retailer Best Buy commits to reduce absolute Scope 1 and Scope 2 GHG emissions 50% by 2030 from a 2017 base-year. Best Buy also commits to reduce absolute Scope 3 GHG emissions from Use of Sold Products 20% by 2030 from a 2017 base-year.,2019-07-01 01:00:00,False,,,,,False,False,False,,,,,,,,,,,True,BEST BUY,Retail,41528.0,85000.0,-25.0,79.0,-13.3,0.8,-6.0,0.6,-1.7,-0.6,12.6,-3.5,2.6,-4.9,1.8,GHG emissions 6.02M tons of GHG emissions,Taxes 44.7M days of primary education,https://uprightplatform.com/company/8765771b-f4ee-4a48-a191-88a98e4c49ac/Best%20Buy/,False,,,
BAX,Baxter International,epa_ghgrp,,43203.836,,,,,,False,"EPA GHGRP 2023 Direct Emitters, matched via parent company 'BAXTER INTERNATIONAL INC' (1 facilities). Scope 1 (direct/on-site) only -- GHGRP does not cover Scope 2. [Fixed 2026-09-13: this row previously had data_source=epa_ghgrp but a blank scope1_tco2e -- a bug from an earlier patch script that wrote the match info into notes but never wrote the actual number. Backfilled from epa_ghgrp_matches.csv, which already had the correct value.]",False,,,,,,,,,,False,,,,,True,False,True,,,,,,42464.5,median_model_revenue+employees,sub_industry:Health Care Equipment,5,"Tier 2 Scope 2 ESTIMATE (LSEG median-model style), NOT a disclosure -- see pipeline/tier2_estimation/estimate_tier2.py. Peer group: sub_industry = 'Health Care Equipment' (5 Tier 1 peers with a real Scope 2 value, floor=5). Revenue-based: median peer Scope 2 tCO2e/$ revenue (3.17691e-06) x this company's revenue ($11,470,000,128) = 36,439 tCO2e. Employee-based: median peer Scope 2 tCO2e/employee (1.29306) x this company's employee count (37,500) = 48,490 tCO2e. Final estimate is the average of the available method(s): 42,465 tCO2e.",True,BAXTER,Hospitals and Healthcare,15055.0,38000.0,51.0,20.0,-6.3,0.2,-2.5,0.1,-1.2,-0.8,11.4,-3.0,17.2,-3.9,0.2,Scarce human capital 9.63k scarce worker years,Physical diseases 168k life years,https://uprightplatform.com/company/9000d198-022f-4f0d-b49b-532d68b4a724/Baxter/,False,,,
ADP,Automatic Data Processing,none,,,,,,,,,no_public_report_found,False,,,,,,,,,,False,,,,,True,True,True,213552.6,median_model_revenue+employees,sector:Industrials,40,"Tier 2 Scope 1 ESTIMATE (LSEG median-model style), NOT a disclosure -- see pipeline/tier2_estimation/estimate_tier2.py. Peer group: sector = 'Industrials' (40 Tier 1 peers with a real Scope 1 value, floor=5). Revenue-based: median peer Scope 1 tCO2e/$ revenue (6.94524e-06) x this company's revenue ($21,947,400,192) = 152,430 tCO2e. Employee-based: median peer Scope 1 tCO2e/employee (4.09963) x this company's employee count (67,000) = 274,675 tCO2e. Final estimate is the average of the available method(s): 213,553 tCO2e.",222400.8,median_model_revenue+employees,sector:Industrials,28,"Tier 2 Scope 2 ESTIMATE (LSEG median-model style), NOT a disclosure -- see pipeline/tier2_estimation/estimate_tier2.py. Peer group: sector = 'Industrials' (28 Tier 1 peers with a real Scope 2 value, floor=5). Revenue-based: median peer Scope 2 tCO2e/$ revenue (9.89188e-06) x this company's revenue ($21,947,400,192) = 217,101 tCO2e. Employee-based: median peer Scope 2 tCO2e/employee (3.39852) x this company's employee count (67,000) = 227,701 tCO2e. Final estimate is the average of the available method(s): 222,401 tCO2e.",True,AUTOMATIC DATA PROCESSING,Computer Software,19203.0,67000.0,53.0,18.0,-2.1,0.2,-1.0,0.1,-0.3,-0.3,10.2,-0.7,2.0,-4.8,4.3,Scarce human capital 15.2k scarce worker years,Taxes 17.3M days of primary education,https://uprightplatform.com/company/b3aead16-d78e-4f4d-b3bb-e976639e8d1b/Automatic%20Data%20Processing/,False,,,
AZO,AutoZone,none,,,,,,,,,no_public_report_found,False,,,,,,,,,,False,,,,,True,True,True,86250.6,median_model_revenue+employees,sector:Consumer Discretionary,21,"Tier 2 Scope 1 ESTIMATE (LSEG median-model style), NOT a disclosure -- see pipeline/tier2_estimation/estimate_tier2.py. Peer group: sector = 'Consumer Discretionary' (21 Tier 1 peers with a real Scope 1 value, floor=5). Revenue-based: median peer Scope 1 tCO2e/$ revenue (3.71647e-06) x this company's revenue ($19,986,403,328) = 74,279 tCO2e. Employee-based: median peer Scope 1 tCO2e/employee (1.25926) x this company's employee count (78,000) = 98,222 tCO2e. Final estimate is the average of the available method(s): 86,251 tCO2e.",136279.8,median_model_revenue+employees,sector:Consumer Discretionary,18,"Tier 2 Scope 2 ESTIMATE (LSEG median-model style), NOT a disclosure -- see pipeline/tier2_estimation/estimate_tier2.py. Peer group: sector = 'Consumer Discretionary' (18 Tier 1 peers with a real Scope 2 value, floor=5). Revenue-based: median peer Scope 2 tCO2e/$ revenue (6.64506e-06) x this company's revenue ($19,986,403,328) = 132,811 tCO2e. Employee-based: median peer Scope 2 tCO2e/employee (1.79165) x this company's employee count (78,000) = 139,749 tCO2e. Final estimate is the average of the available method(s): 136,280 tCO2e.",True,AUTOZONE,,18490.0,75600.0,-42.0,85.0,-12.3,0.8,-6.9,0.6,-1.7,-0.1,10.8,-1.7,0.6,-3.2,0.0,,,https://uprightplatform.com/company/b92427a1-0f30-4e78-a50f-afaf90085029/AutoZone/,False,,,
AXON,Axon Enterprise,none,,,,,,,,,no_public_report_found,False,,,,,,,,,,False,,,,,True,True,True,8668.6,median_model_revenue+employees,sub_industry:Aerospace & Defense,9,"Tier 2 Scope 1 ESTIMATE (LSEG median-model style), NOT a disclosure -- see pipeline/tier2_estimation/estimate_tier2.py. Peer group: sub_industry = 'Aerospace & Defense' (9 Tier 1 peers with a real Scope 1 value, floor=5). Revenue-based: median peer Scope 1 tCO2e/$ revenue (3.63289e-06) x this company's revenue ($3,219,098,880) = 11,695 tCO2e. Employee-based: median peer Scope 1 tCO2e/employee (1.1064) x this company's employee count (5,100) = 5,643 tCO2e. Final estimate is the average of the available method(s): 8,669 tCO2e.",24587.7,median_model_revenue+employees,sector:Industrials,28,"Tier 2 Scope 2 ESTIMATE (LSEG median-model style), NOT a disclosure -- see pipeline/tier2_estimation/estimate_tier2.py. Peer group: sector = 'Industrials' (28 Tier 1 peers with a real Scope 2 value, floor=5). Revenue-based: median peer Scope 2 tCO2e/$ revenue (9.89188e-06) x this company's revenue ($3,219,098,880) = 31,843 tCO2e. Employee-based: median peer Scope 2 tCO2e/employee (3.39852) x this company's employee count (5,100) = 17,332 tCO2e. Final estimate is the average of the available method(s): 24,588 tCO2e.",False,,,3219.1,5100,-62.0,90.0,-13.2,0.9,-6.6,0.6,-2.1,-6.3,15.7,-8.0,1.7,-3.1,1.8,,,,True,sub_industry:Aerospace & Defense,11,"PROXY ESTIMATE, not real Upright data -- see pipeline/upright/estimate_upright_gaps.py. Peer group: sub_industry = 'Aerospace & Defense' (11 real Upright-covered peers, floor=5). Each cents-per-dollar-of-revenue figure is the MEDIAN of that peer group's real Upright values for the same metric -- a crude industry-average proxy, not Upright's own company-specific modeling. Revenue/employee figures are this company's own real data (from yfinance), not estimated."
BKR,Baker Hughes,none,,,,,,,,,no_public_report_found,False,,,,,,,,,,False,,,,,True,True,True,23501216.9,median_model_revenue+employees,sector:Energy,17,"Tier 2 Scope 1 ESTIMATE (LSEG median-model style), NOT a disclosure -- see pipeline/tier2_estimation/estimate_tier2.py. Peer group: sector = 'Energy' (17 Tier 1 peers with a real Scope 1 value, floor=5). Revenue-based: median peer Scope 1 tCO2e/$ revenue (0.000177718) x this company's revenue ($27,725,000,704) = 4,927,236 tCO2e. Employee-based: median peer Scope 1 tCO2e/employee (779.17) x this company's employee count (54,000) = 42,075,197 tCO2e. Final estimate is the average of the available method(s): 23,501,217 tCO2e.",3922298.8,median_model_revenue+employees,sector:Energy,6,"Tier 2 Scope 2 ESTIMATE (LSEG median-model style), NOT a disclosure -- see pipeline/tier2_estimation/estimate_tier2.py. Peer group: sector = 'Energy' (6 Tier 1 peers with a real Scope 2 value, floor=5). Revenue-based: median peer Scope 2 tCO2e/$ revenue (1.7615e-05) x this company's revenue ($27,725,000,704) = 488,376 tCO2e. Employee-based: median peer Scope 2 tCO2e/employee (136.226) x this company's employee count (54,000) = 7,356,222 tCO2e. Final estimate is the average of the available method(s): 3,922,299 tCO2e.",True,BAKER HUGHES,Energy and Environmental,27829.0,58000.0,-49.0,87.0,-25.4,1.4,-14.0,1.2,-4.5,-1.1,17.7,-2.5,0.3,-2.7,1.8,GHG emissions 9.36M tons of GHG emissions,Societal infrastructure 88.2M long-haul train rides,https://uprightplatform.com/company/1017a5ad-036a-416f-b66e-c93a2908dd6c/Baker%20Hughes/,False,,,
BALL,Ball Corporation,none,,,,,,,,,no_public_report_found,True,Targets set,1.5°C,2030.0,,,,,"“Ball Corporation commits to reduce absolute scope 1 and scope 2 GHG emissions 55% by 2030 from a 2017 base year. Ball Corporation also commits to reduce absolute scope 3 GHG emissions from purchased goods and services, capital goods, fuel and energy related activities, upstream transportation and distribution, waste generated in operations, business travel, employee commuting, upstream leased assets, downstream transportation and distribution, processing of sold products and investments 16% by 2030 from a 2017 base year. * The target boundary includes biogenic emissions and removals from bioenergy feedstocks. ”",2020-04-23 01:00:00,False,,,,,True,True,True,2540017.7,median_model_revenue+employees,sector:Materials,19,"Tier 2 Scope 1 ESTIMATE (LSEG median-model style), NOT a disclosure -- see pipeline/tier2_estimation/estimate_tier2.py. Peer group: sector = 'Materials' (19 Tier 1 peers with a real Scope 1 value, floor=5). Revenue-based: median peer Scope 1 tCO2e/$ revenue (0.000159601) x this company's revenue ($14,325,999,616) = 2,286,450 tCO2e. Employee-based: median peer Scope 1 tCO2e/employee (174.599) x this company's employee count (16,000) = 2,793,586 tCO2e. Final estimate is the average of the available method(s): 2,540,018 tCO2e.",1450822.8,median_model_revenue+employees,sector:Materials,9,"Tier 2 Scope 2 ESTIMATE (LSEG median-model style), NOT a disclosure -- see pipeline/tier2_estimation/estimate_tier2.py. Peer group: sector = 'Materials' (9 Tier 1 peers with a real Scope 2 value, floor=5). Revenue-based: median peer Scope 2 tCO2e/$ revenue (0.000101463) x this company's revenue ($14,325,999,616) = 1,453,562 tCO2e. Employee-based: median peer Scope 2 tCO2e/employee (90.5052) x this company's employee count (16,000) = 1,448,083 tCO2e. Final estimate is the average of the available method(s): 1,450,823 tCO2e.",True,BALL CORPORATION,Industrial Manufacturing and Services,14554.0,21000.0,-130.0,98.0,-20.6,2.5,-11.6,0.7,-2.1,-0.2,7.5,-8.8,3.5,-1.6,0.0,GHG emissions 4.04M tons of GHG emissions,Taxes 10.9M days of primary education,https://uprightplatform.com/company/a11ea7d6-7a4d-44e3-a2f5-d7ffb7014fee/Ball%20Corporation/,False,,,
BSX,Boston Scientific,cdp_pdf,https://www.bostonscientific.com/content/dam/bostonscientific/corporate/citizenship/sustainability/Boston-Scientific-Corporation-climate-change-2025.pdf,82704.0,101626.0,19817.0,12/31/2019,79002.0,16747000000.0,new,,True,Targets set,1.5°C,2030.0,Targets set,2050.0,Targets set,2050.0,"Overall Net-Zero Target:
Boston Scientific Corporation commits to achieve net-zero greenhouse gas emissions across the value chain by 2050.

Near-Term Targets:
Boston Scientific Corporation commits to reduce absolute scope 1 and 2 GHG emissions 46.2% by 2030 from a 2019 base year. * Boston Scientific Corporation also commits to reduce scope 3 GHG emissions from purchased goods and services, capital goods, fuel- and energy-related activities, upstream transportation and distribution, waste generated in operations and business travel 51.6% per USD value added by 2030 from a 2024 base year.

Long-Term Targets:
Boston Scientific Corporation commits to reduce absolute scope 1 and 2 GHG emissions 97.0% per USD value added, equivalent to 90% absolute reduction, by 2050 from a 2019 base year. * Boston Scientific Corporation also commits to reduce scope 3 GHG emissions 97.0% per USD value added by 2050 from a 2024 base year.

*The target boundary includes land-related emissions and removals from biogenic feedstocks.",2026-05-07 01:00:00,False,,,,,False,False,False,,,,,,,,,,,True,BOSTON SCIENTIFIC,Pharmaceuticals and Biotechnology,16747.0,53000.0,56.0,16.0,-4.8,0.2,-1.9,0.1,-0.7,-0.5,10.5,-3.0,15.3,-3.5,0.6,Scarce human capital 9.77k scarce worker years,Physical diseases 167k life years,https://uprightplatform.com/company/d5f915bd-2413-4676-bae2-5d588ad3ec39/Boston%20Scientific/,False,,,
BMY,Bristol Myers Squibb,cdp_pdf,https://www.bms.com/assets/bms/us/en-us/pdf/bms-cdp-questions-questionnaire.pdf,206726.0,158817.0,158447.0,,,48300000000.0,new,,True,Targets set,1.5°C,2033.0,Targets set,2050.0,Targets set,2050.0,"Overall Net-Zero Target: Bristol Myers Squibb commits to reach net-zero greenhouse gas emissions across the value chain by 2050. Near-Term Targets: Bristol Myers Squibb (BMS) commits to reduce absolute scope 1 and 2 GHG emissions 54.6% by 2033 from a 2022 base year.* BMS also commits to reduce absolute scope 3 GHG emissions from fuel and energy related activities 54.6% within the same timeframe.* BMS further commits that 75% of its suppliers by emissions covering purchased goods and services, capital goods, and upstream transportation and distribution will have science-based targets by 2028.
*The target boundary includes biogenic land-related emissions and removals from bioenergy feedstocks.
 Long-Term Targets: BMS commits to reduce absolute scope 1 and 2 GHG emissions 90% by 2050 from a 2022 base year.* BMS also commits to reduce absolute scope 3 GHG emissions 90% within the same timeframe.*
*The target boundary includes biogenic land-related emissions and removals from bioenergy feedstocks.
",2024-07-18 01:00:00,False,,,,,False,False,False,,,,,,,,,,,True,BRISTOL-MYERS SQUIBB,Pharmaceuticals and Biotechnology,45006.0,34100.0,40.0,32.0,-9.4,0.2,-3.9,0.1,-1.9,-1.2,6.7,-7.3,29.7,-4.2,0.0,Physical diseases 263k life years,Physical diseases 1.00M life years,https://uprightplatform.com/company/4a06a7c7-e370-4dca-9295-583006daafde/Bristol-Myers%20Squibb/,False,,,
TECH,Bio-Techne,sustainability_report,https://resources.bio-techne.com/bio-techne-assets/docs/pdfs/bio-techne-corporate-sustainability-highlights.pdf,,,,,,,False,no_fields_extracted,True,Targets set,1.5°C,FY2031,,,,,"Near-Term Targets:
Bio-Techne commits to reduce absolute scope 1 and 2 GHG emissions 70.0% by FY2031 from a FY2025 base year. Bio-Techne also commits that 81.0% of its suppliers by spend covering purchased goods and services, capital goods, upstream transportation and distribution and business travel, will have science-based targets by FY2030.",2026-08-27 01:00:00,False,,,,,True,True,True,4977.2,median_model_revenue+employees,sector:Health Care,25,"Tier 2 Scope 1 ESTIMATE (LSEG median-model style), NOT a disclosure -- see pipeline/tier2_estimation/estimate_tier2.py. Peer group: sector = 'Health Care' (25 Tier 1 peers with a real Scope 1 value, floor=5). Revenue-based: median peer Scope 1 tCO2e/$ revenue (3.54491e-06) x this company's revenue ($1,215,038,976) = 4,307 tCO2e. Employee-based: median peer Scope 1 tCO2e/employee (1.88241) x this company's employee count (3,000) = 5,647 tCO2e. Final estimate is the average of the available method(s): 4,977 tCO2e.",4880.0,median_model_revenue+employees,sector:Health Care,18,"Tier 2 Scope 2 ESTIMATE (LSEG median-model style), NOT a disclosure -- see pipeline/tier2_estimation/estimate_tier2.py. Peer group: sector = 'Health Care' (18 Tier 1 peers with a real Scope 2 value, floor=5). Revenue-based: median peer Scope 2 tCO2e/$ revenue (3.19915e-06) x this company's revenue ($1,215,038,976) = 3,887 tCO2e. Employee-based: median peer Scope 2 tCO2e/employee (1.95766) x this company's employee count (3,000) = 5,873 tCO2e. Final estimate is the average of the available method(s): 4,880 tCO2e.",True,BIO-TECHNE,,1136.7,3100.0,62.0,11.0,-5.8,0.2,-2.4,0.1,-0.7,-0.8,11.9,-0.9,14.3,-4.0,3.4,,,https://uprightplatform.com/company/fc49b3d9-f248-4bee-9607-34038a7ed56a/Bio-Techne/,False,,,
BIIB,Biogen,epa_ghgrp,,28268.192,,,,,,False,"EPA GHGRP 2023 Direct Emitters, matched via parent company 'BIOGEN INC' (1 facilities). Scope 1 (direct/on-site) only -- GHGRP does not cover Scope 2. [Fixed 2026-09-13: this row previously had data_source=epa_ghgrp but a blank scope1_tco2e -- a bug from an earlier patch script that wrote the match info into notes but never wrote the actual number. Backfilled from epa_ghgrp_matches.csv, which already had the correct value.]",True,Commitment removed,,,,,Commitment removed,,,2020-09-01 01:00:00,False,,,,,True,False,True,,,,,,23381.6,median_model_revenue+employees,sector:Health Care,18,"Tier 2 Scope 2 ESTIMATE (LSEG median-model style), NOT a disclosure -- see pipeline/tier2_estimation/estimate_tier2.py. Peer group: sector = 'Health Care' (18 Tier 1 peers with a real Scope 2 value, floor=5). Revenue-based: median peer Scope 2 tCO2e/$ revenue (3.19915e-06) x this company's revenue ($10,027,899,904) = 32,081 tCO2e. Employee-based: median peer Scope 2 tCO2e/employee (1.95766) x this company's employee count (7,500) = 14,682 tCO2e. Final estimate is the average of the available method(s): 23,382 tCO2e.",True,BIOGEN,Pharmaceuticals and Biotechnology,9890.6,7570.0,44.0,27.0,-6.9,0.1,-2.5,0.1,-1.2,-1.3,11.2,-5.1,18.4,-5.2,3.6,Scarce human capital 8.46k scarce worker years,Physical diseases 122k life years,https://uprightplatform.com/company/ffa8c820-cb79-4ee1-aa82-01e668dadee0/Biogen/,False,,,
BLK,BlackRock,epa_ghgrp,,383163.06,,,,,,False,"EPA GHGRP 2023 Direct Emitters, matched via parent company 'BLACKROCK INC' (1 facilities). Scope 1 (direct/on-site) only -- GHGRP does not cover Scope 2. [Fixed 2026-09-13: this row previously had data_source=epa_ghgrp but a blank scope1_tco2e -- a bug from an earlier patch script that wrote the match info into notes but never wrote the actual number. Backfilled from epa_ghgrp_matches.csv, which already had the correct value.]",False,,,,,,,,,,True,1862,electricity-generation,ARE;ARG;ARM;AUS;AUT;BEL;BGD;BGR;BHR;BHS;BRA;BRB;CAN;CHL;CHN;COL;CZE;DEU;DOM;ESP;EST;FIN;FRA;GBR;GHA;GLP;HND;HUN;IDN;IND;IRL;ITA;JAM;JOR;JPN;KAZ;KEN;KOR;LKA;LTU;LVA;MAR;MDG;MEX;MLI;MMR;MRT;MTQ;MUS;MYS;NCL;NGA;NLD;NZL;OMN;PAK;PAN;PER;PHL;POL;PRI;PRT;QAT;REU;RUS;SAU;SEN;SGP;SLV;SRB;SVK;SWE;TGO;THA;TTO;TUR;TWN;URY;USA;VNM;ZAF,5.2,True,False,True,,,,,,6095.1,median_model_revenue+employees,sector:Financials,17,"Tier 2 Scope 2 ESTIMATE (LSEG median-model style), NOT a disclosure -- see pipeline/tier2_estimation/estimate_tier2.py. Peer group: sector = 'Financials' (17 Tier 1 peers with a real Scope 2 value, floor=5). Revenue-based: median peer Scope 2 tCO2e/$ revenue (1.98278e-07) x this company's revenue ($27,299,000,320) = 5,413 tCO2e. Employee-based: median peer Scope 2 tCO2e/employee (0.25868) x this company's employee count (26,200) = 6,777 tCO2e. Final estimate is the average of the available method(s): 6,095 tCO2e.",True,BLACKROCK,Financial Services,24216.0,24600.0,3.0,64.0,-2.7,0.3,-1.3,0.2,-0.4,-0.4,7.1,-0.5,1.4,-6.3,1.6,Scarce human capital 25.0k scarce worker years,Taxes 13.8M days of primary education,https://uprightplatform.com/company/3538aceb-6fb1-4e94-bf4e-2af48bea6390/BlackRock/,False,,,
BX,Blackstone Inc.,sustainability_report,https://s23.q4cdn.com/714267708/files/doc_downloads/gov_docs/2025/Blackstone-Sustainability-Report-2023.pdf,,,,,,,False,no_fields_extracted,False,,,,,,,,,,True,15,electricity-generation,CAN;IND;ITA;MEX;SLV;USA,77.5,True,True,True,4980.4,median_model_revenue+employees,sector:Financials,21,"Tier 2 Scope 1 ESTIMATE (LSEG median-model style), NOT a disclosure -- see pipeline/tier2_estimation/estimate_tier2.py. Peer group: sector = 'Financials' (21 Tier 1 peers with a real Scope 1 value, floor=5). Revenue-based: median peer Scope 1 tCO2e/$ revenue (5.36817e-07) x this company's revenue ($15,483,307,008) = 8,312 tCO2e. Employee-based: median peer Scope 1 tCO2e/employee (0.312029) x this company's employee count (5,285) = 1,649 tCO2e. Final estimate is the average of the available method(s): 4,980 tCO2e.",2218.6,median_model_revenue+employees,sector:Financials,17,"Tier 2 Scope 2 ESTIMATE (LSEG median-model style), NOT a disclosure -- see pipeline/tier2_estimation/estimate_tier2.py. Peer group: sector = 'Financials' (17 Tier 1 peers with a real Scope 2 value, floor=5). Revenue-based: median peer Scope 2 tCO2e/$ revenue (1.98278e-07) x this company's revenue ($15,483,307,008) = 3,070 tCO2e. Employee-based: median peer Scope 2 tCO2e/employee (0.25868) x this company's employee count (5,285) = 1,367 tCO2e. Final estimate is the average of the available method(s): 2,219 tCO2e.",True,BLACKSTONE,,10328.82,4895.0,2.0,65.0,-3.7,0.5,-1.8,0.4,-0.5,-0.3,7.2,-0.4,0.9,-4.4,0.3,,,https://uprightplatform.com/company/460fe7bf-32b2-414a-95cf-54df65b4462e/Blackstone/,False,,,
BNY,BNY Mellon,sustainability_report,https://www.bny.com/assets/corporate/documents/pdf/2024-sustainability-report.pdf,,,,,,,False,no_fields_extracted,False,,,,,,,,,,False,,,,,True,True,True,13002.6,median_model_revenue+employees,sector:Financials,21,"Tier 2 Scope 1 ESTIMATE (LSEG median-model style), NOT a disclosure -- see pipeline/tier2_estimation/estimate_tier2.py. Peer group: sector = 'Financials' (21 Tier 1 peers with a real Scope 1 value, floor=5). Revenue-based: median peer Scope 1 tCO2e/$ revenue (5.36817e-07) x this company's revenue ($21,415,000,064) = 11,496 tCO2e. Employee-based: median peer Scope 1 tCO2e/employee (0.312029) x this company's employee count (46,500) = 14,509 tCO2e. Final estimate is the average of the available method(s): 13,003 tCO2e.",8137.4,median_model_revenue+employees,sector:Financials,17,"Tier 2 Scope 2 ESTIMATE (LSEG median-model style), NOT a disclosure -- see pipeline/tier2_estimation/estimate_tier2.py. Peer group: sector = 'Financials' (17 Tier 1 peers with a real Scope 2 value, floor=5). Revenue-based: median peer Scope 2 tCO2e/$ revenue (1.98278e-07) x this company's revenue ($21,415,000,064) = 4,246 tCO2e. Employee-based: median peer Scope 2 tCO2e/employee (0.25868) x this company's employee count (46,500) = 12,029 tCO2e. Final estimate is the average of the available method(s): 8,137 tCO2e.",True,BANK OF NEW YORK MELLON,Banks,17502.0,49900.0,-11.0,73.0,-2.4,0.2,-1.2,0.1,-0.3,-0.3,5.9,-0.5,1.0,-6.3,1.5,Scarce human capital 18.0k scarce worker years,Taxes 8.72M days of primary education,https://uprightplatform.com/company/96fb2aa8-a5b0-468f-8217-8fb3388ca2b2/Bank%20of%20New%20York%20Mellon/,False,,,
BA,Boeing,epa_ghgrp,https://www.boeing.com/content/dam/boeing/boeingdotcom/sustainability/pdf/2025-boeing-sustainability-report.pdf,151144.82200000001,,,,,,,"EPA GHGRP 2023 Direct Emitters, matched via parent company 'THE BOEING CO' (4 facilities). Scope 1 (direct/on-site) only -- GHGRP does not cover Scope 2. Prior attempt: data_source=sustainability_report, report_url=https://www.boeing.com/content/dam/boeing/boeingdotcom/sustainability/pdf/2025-boeing-sustainability-report.pdf, notes=download_error: 404 Client Error: Not Found for url: https://www.boeing.com/content/dam/boeing/boeingdotcom/sustainability/pdf/2025-boeing-sustainability-report.pdf",False,,,,,,,,,,False,,,,,True,False,True,,,,,,774158.6,median_model_revenue+employees,sector:Industrials,28,"Tier 2 Scope 2 ESTIMATE (LSEG median-model style), NOT a disclosure -- see pipeline/tier2_estimation/estimate_tier2.py. Peer group: sector = 'Industrials' (28 Tier 1 peers with a real Scope 2 value, floor=5). Revenue-based: median peer Scope 2 tCO2e/$ revenue (9.89188e-06) x this company's revenue ($93,994,999,808) = 929,787 tCO2e. Employee-based: median peer Scope 2 tCO2e/employee (3.39852) x this company's employee count (182,000) = 618,530 tCO2e. Final estimate is the average of the available method(s): 774,159 tCO2e.",True,BOEING,,66517.0,182000.0,-53.0,88.0,-13.7,0.8,-6.6,0.6,-2.4,-6.3,15.7,-8.0,2.0,-3.1,1.9,,,https://uprightplatform.com/company/a006e3ac-a68e-4bbb-adbb-d9d740c1b39c/Boeing/,False,,,
BKNG,Booking Holdings,sustainability_report,https://www.bookingholdings.com/wp-content/uploads/2025/04/Booking-Holdings_2024_Sustainability_Report.pdf,,,,,,,False,no_fields_extracted,True,Targets set,1.5°C,2030.0,Targets set,2040.0,Targets set,2040.0,"Overall Net-Zero Target
Booking Holdings Inc. commits to reach net-zero GHG emissions across the value chain by
2040.
Near-Term Targets
Booking Holdings Inc. commits to reduce absolute scope 1 and 2 GHG emissions 95% by 2030 from a 2019 base year. Booking Holdings Inc. also commits to reduce absolute scope 3 GHG emissions covering purchased goods and services, capital goods, business travel and employee commuting by 50% within the same timeframe.
Long-Term Targets
Booking Holding Inc. commits to maintain at least 95% absolute scope 1 and 2 GHG emissions reduction from 2030 through 2040 relative to a 2019 base year. Booking Holdings Inc. also commits to reduce absolute scope 3 GHG emissions 90% by 2040 from a 2019 base year",2024-03-07 01:00:00,False,,,,,True,True,True,68565.5,median_model_revenue+employees,sector:Consumer Discretionary,21,"Tier 2 Scope 1 ESTIMATE (LSEG median-model style), NOT a disclosure -- see pipeline/tier2_estimation/estimate_tier2.py. Peer group: sector = 'Consumer Discretionary' (21 Tier 1 peers with a real Scope 1 value, floor=5). Revenue-based: median peer Scope 1 tCO2e/$ revenue (3.71647e-06) x this company's revenue ($28,241,000,448) = 104,957 tCO2e. Employee-based: median peer Scope 1 tCO2e/employee (1.25926) x this company's employee count (25,550) = 32,174 tCO2e. Final estimate is the average of the available method(s): 68,565 tCO2e.",116720.0,median_model_revenue+employees,sector:Consumer Discretionary,18,"Tier 2 Scope 2 ESTIMATE (LSEG median-model style), NOT a disclosure -- see pipeline/tier2_estimation/estimate_tier2.py. Peer group: sector = 'Consumer Discretionary' (18 Tier 1 peers with a real Scope 2 value, floor=5). Revenue-based: median peer Scope 2 tCO2e/$ revenue (6.64506e-06) x this company's revenue ($28,241,000,448) = 187,663 tCO2e. Employee-based: median peer Scope 2 tCO2e/employee (1.79165) x this company's employee count (25,550) = 45,777 tCO2e. Final estimate is the average of the available method(s): 116,720 tCO2e.",True,BOOKING,,23739.0,24300.0,12.0,57.0,-4.7,0.0,-2.0,0.0,-0.8,-0.1,9.1,-0.6,0.9,-5.6,2.3,,,https://uprightplatform.com/company/1379b1cf-e0ed-4921-bc3a-a1fae36918b8/Booking/,False,,,
BRK.B,Berkshire Hathaway,epa_ghgrp,,79105267.13000001,,,,,,,"EPA GHGRP 2023 Direct Emitters, matched via parent company 'BERKSHIRE HATHAWAY INC' (117 facilities). Scope 1 (direct/on-site) only -- GHGRP does not cover Scope 2. Prior attempt: data_source=none, report_url=n/a, notes=no_public_report_found",False,,,,,,,,,,True,77,electricity-generation,AUS;GBR;KAZ;USA,53.3,True,False,True,,,,,,88295.6,median_model_revenue+employees,sector:Financials,17,"Tier 2 Scope 2 ESTIMATE (LSEG median-model style), NOT a disclosure -- see pipeline/tier2_estimation/estimate_tier2.py. Peer group: sector = 'Financials' (17 Tier 1 peers with a real Scope 2 value, floor=5). Revenue-based: median peer Scope 2 tCO2e/$ revenue (1.98278e-07) x this company's revenue ($384,687,013,888) = 76,275 tCO2e. Employee-based: median peer Scope 2 tCO2e/employee (0.25868) x this company's employee count (387,800) = 100,316 tCO2e. Final estimate is the average of the available method(s): 88,296 tCO2e.",True,BERKSHIRE HATHAWAY,,371433.0,392400.0,-12.0,73.0,-11.4,1.8,-5.4,1.3,-1.7,-0.8,10.4,-2.5,3.1,-3.0,0.5,,,https://uprightplatform.com/company/1ee6e253-fe24-4287-9937-319a6e41519d/Berkshire%20Hathaway/,False,,,
CHRW,C.H. Robinson,cdp_pdf,https://www.chrobinson.com/-/media/chrglobal/lp/hr/cdp-responses.pdf,12017.0,32339.0,11320.0,,,17724956000.0,new,,False,,,,,,,,,,False,,,,,False,False,False,,,,,,,,,,,True,C. H. ROBINSON WORLDWIDE,Transportation,17725.0,13166.0,-13.0,74.0,-15.6,0.6,-7.5,0.4,-3.1,-0.4,13.7,-1.8,3.1,-2.0,0.1,GHG emissions 3.20M tons of GHG emissions,Societal infrastructure 30.6M long-haul train rides,https://uprightplatform.com/company/386a61cb-6f95-46d5-9cf5-7e6ef16fe5a2/C.%20H.%20Robinson%20Worldwide/,False,,,
CDNS,Cadence Design Systems,cdp_pdf,https://www.cadence.com/content/dam/cadence-www/global/en_US/documents/company/csr/2024-cdp-corporate-questionnaire-preview.pdf,2853.0,25510.0,1062.0,12/31/2019,6314.0,,new,,True,Targets set,1.5°C,2030.0,Targets set,2040.0,Targets set,2040.0,"Overall Net-Zero Target: Cadence Design Systems, Inc. commits to reach net-zero greenhouse gas emissions across the value chain by 2040. Near-Term Targets: Cadence Design Systems, Inc. commits to reduce absolute scope 1 and 2 GHG emissions 89.78% by 2030 from a 2019 base year. Cadence Design Systems, Inc. also commits to reduce absolute scope 3 GHG emissions 46.2% within the same timeframe. Long-Term Targets: Cadence Design Systems, Inc. commits to reduce absolute scope 1 and 2 GHG emissions 90% by 2040 from a 2019 base year. Cadence Design Systems, Inc. also commits to reduce absolute scope 3 GHG emissions 90% within the same timeframe.
",2024-08-15 01:00:00,False,,,,,False,False,False,,,,,,,,,,,True,CADENCE DESIGN SYSTEMS,,5089.29,13152.0,14.0,55.0,-7.9,0.3,-3.1,0.2,-1.1,-0.2,10.2,-0.9,0.6,-3.7,3.7,,,https://uprightplatform.com/company/c7acd3e4-35e4-4fb9-b923-e6c10b912227/Cadence%20Design%20Systems/,False,,,
CARR,Carrier Global,cdp_pdf,https://www.corporate.carrier.com/Images/Corporate-CDP-2024_0525_tcm558-271221.pdf,203379.0,261757.0,261614.0,12/31/2021,203379.0,22100000000.0,new,,True,Targets set,1.5°C,2030.0,Targets set,2050.0,Targets set,2050.0,"Overall Net-Zero Target: Carrier Global Corporation commits to reach net-zero greenhousegas emissions across the value chain by 2050.
Near-Term Targets: Carrier Global Corporation commits to reduce absolute scope 1 and 2 GHG emissions 42% by 2030 from a 2021 base year. Carrier Global Corporation also commits to reduce absolute scope 3 GHG emissions 25% within the same timeframe.
Long-Term Targets: Carrier Global Corporation commits to reduce absolute scope 1, 2, and 3 GHG emissions 90% by 2050 from a 2021 base year.",2024-06-13 01:00:00,False,,,,,False,False,False,,,,,,,,,,,True,CARRIER,Construction and Building Materials,24809.0,48000.0,10.0,58.0,-12.3,2.7,-7.0,2.1,-1.9,-0.5,14.5,-1.9,1.0,-1.6,0.0,GHG emissions 4.15M tons of GHG emissions,Societal infrastructure 55.5M long-haul train rides,https://uprightplatform.com/company/d49730cc-cd49-43a9-978e-107db8922204/Carrier/,False,,,
CBRE,CBRE Group,cdp_pdf,https://mediaassets.cbre.com/-/media/project/cbre/dotcom/global/about/corporate-responsibility/cbre-cdp-response-2024.pdf,62337.0,53426.0,55038.0,12/31/2019,62337.0,31948867000.0,new,,True,Targets set,1.5°C,FY2030,Targets set,FY2040,Targets set,FY2040,Overall Net-Zero Target: CBRE commits to reach net-zero greenhouse gas emissions across the value chain by FY2040. Near-Term Targets: CBRE commits to reduce absolute scope 1 and 2 GHG emissions 50% by FY2030 from a FY2019 base year. CBRE also commits to reduce scope 3 GHG emissions from use of sold of sold products 55% per square foot in buildings managed for clients within the same timeframe.   Long-Term Targets: CBRE commits to reduce absolute scope 1 and 2 GHG emissions 90% by FY2040 from a FY2019 base year. CBRE also commits to reduce absolute scope 3 GHG emissions 90% by FY2040 within the same timeframe.,2024-12-05 01:00:00,False,,,,,False,False,False,,,,,,,,,,,True,CBRE,Real Estate,35767.0,140000.0,24.0,47.0,-9.5,1.0,-5.2,0.6,-1.1,-0.3,13.9,-0.8,0.8,-3.5,2.8,GHG emissions 4.49M tons of GHG emissions,Taxes 32.9M days of primary education,https://uprightplatform.com/company/4124cab7-62a3-4cd1-9170-705eb28e4812/CBRE/,False,,,
BR,Broadridge Financial Solutions,sustainability_report,https://www.broadridge.com/_assets/pdf/broadridge-sustainability-report-2025.pdf,,,,,,,False,no_fields_extracted,True,Targets set,1.5°C,FY2033,Targets set,FY2050,Targets set,FY2050,"Overall Net-Zero Target: Broadridge Financial Solutions, Inc. commits to reach net-zero greenhouse gas emissions across the value chain by FY2050. Near-Term Targets: Broadridge Financial Solutions, Inc. commits to reduce absolute scope 1 and 2 GHG emissions 54.6% by FY2033 from a FY2023 base year. Broadridge Financial Solutions, Inc. commits that 78.6% of its suppliers by emissions covering purchased goods and services and upstream transportation and distribution, will have science-based targets by FY2028. Long-Term Targets: Broadridge Financial Solutions, Inc. commits to reduce absolute scope 1 and 2 GHG emissions 90.0% by FY2050 from a FY2023 base year. Broadridge Financial Solutions, Inc. also commits to reduce absolute scope 3 GHG emissions from purchased goods and services, fuel-and energy-related activities, upstream transportation and distribution, waste generated in operations, business travel and, employee commuting 90.0% within the same timeframe.",2025-01-09 01:00:00,False,,,,,True,True,True,58761.1,median_model_revenue+employees,sector:Industrials,40,"Tier 2 Scope 1 ESTIMATE (LSEG median-model style), NOT a disclosure -- see pipeline/tier2_estimation/estimate_tier2.py. Peer group: sector = 'Industrials' (40 Tier 1 peers with a real Scope 1 value, floor=5). Revenue-based: median peer Scope 1 tCO2e/$ revenue (6.94524e-06) x this company's revenue ($7,476,800,000) = 51,928 tCO2e. Employee-based: median peer Scope 1 tCO2e/employee (4.09963) x this company's employee count (16,000) = 65,594 tCO2e. Final estimate is the average of the available method(s): 58,761 tCO2e.",64167.9,median_model_revenue+employees,sector:Industrials,28,"Tier 2 Scope 2 ESTIMATE (LSEG median-model style), NOT a disclosure -- see pipeline/tier2_estimation/estimate_tier2.py. Peer group: sector = 'Industrials' (28 Tier 1 peers with a real Scope 2 value, floor=5). Revenue-based: median peer Scope 2 tCO2e/$ revenue (9.89188e-06) x this company's revenue ($7,476,800,000) = 73,960 tCO2e. Employee-based: median peer Scope 2 tCO2e/employee (3.39852) x this company's employee count (16,000) = 54,376 tCO2e. Final estimate is the average of the available method(s): 64,168 tCO2e.",True,BROADRIDGE FINANCIAL SOLUTIONS,Computer Software,7055.7,14700.0,51.0,20.0,-2.1,0.2,-1.0,0.1,-0.3,-0.1,12.5,-0.4,0.7,-6.0,4.3,Scarce human capital 7.00k scarce worker years,Taxes 7.57M days of primary education,https://uprightplatform.com/company/7ae9fa5d-224c-4d54-ae45-97d05c178d3e/Broadridge%20Financial%20Solutions/,False,,,
CAH,Cardinal Health,sustainability_report,https://www.cardinalhealth.ca/wp-content/uploads/2025/02/cardinal-health-fy24-ESG-report.pdf,,,,,,,False,no_fields_extracted,True,Targets set,1.5°C,FY2030,,,,,"Cardinal Health commits to reduce absolute scope 1 and 2 GHG emissions 50% by FY2030 from a FY2019 base year.* Cardinal Health also commits that 75% of its suppliers by spend, covering purchased goods and services and upstream transportation and distribution, will have science-based targets by FY2028.
*The target boundary includes land-related emissions and removals from bioenergy feedstocks.",2024-03-14 01:00:00,False,,,,,True,True,True,505974.5,median_model_revenue+employees,sector:Health Care,25,"Tier 2 Scope 1 ESTIMATE (LSEG median-model style), NOT a disclosure -- see pipeline/tier2_estimation/estimate_tier2.py. Peer group: sector = 'Health Care' (25 Tier 1 peers with a real Scope 1 value, floor=5). Revenue-based: median peer Scope 1 tCO2e/$ revenue (3.54491e-06) x this company's revenue ($254,247,993,344) = 901,286 tCO2e. Employee-based: median peer Scope 1 tCO2e/employee (1.88241) x this company's employee count (58,788) = 110,663 tCO2e. Final estimate is the average of the available method(s): 505,974 tCO2e.",464231.8,median_model_revenue+employees,sector:Health Care,18,"Tier 2 Scope 2 ESTIMATE (LSEG median-model style), NOT a disclosure -- see pipeline/tier2_estimation/estimate_tier2.py. Peer group: sector = 'Health Care' (18 Tier 1 peers with a real Scope 2 value, floor=5). Revenue-based: median peer Scope 2 tCO2e/$ revenue (3.19915e-06) x this company's revenue ($254,247,993,344) = 813,377 tCO2e. Employee-based: median peer Scope 2 tCO2e/employee (1.95766) x this company's employee count (58,788) = 115,087 tCO2e. Final estimate is the average of the available method(s): 464,232 tCO2e.",True,CARDINAL HEALTH,Hospitals and Healthcare,226827.0,57700.0,52.0,19.0,-7.7,0.2,-3.3,0.1,-1.0,-0.5,8.5,-2.4,19.2,-2.9,0.0,GHG emissions 18.1M tons of GHG emissions,Physical diseases 3.33M life years,https://uprightplatform.com/company/9c57667c-eb1a-4a97-9b84-aa3e644dcd41/Cardinal%20Health/,False,,,
BLDR,Builders FirstSource,sustainability_report,https://s202.q4cdn.com/867695273/files/doc_downloads/esg/Builders-FirstSource_2022-CSR-Report.pdf,,,,,,,False,no_fields_extracted,False,,,,,,,,,,False,,,,,True,True,True,107569.7,median_model_revenue+employees,sector:Industrials,40,"Tier 2 Scope 1 ESTIMATE (LSEG median-model style), NOT a disclosure -- see pipeline/tier2_estimation/estimate_tier2.py. Peer group: sector = 'Industrials' (40 Tier 1 peers with a real Scope 1 value, floor=5). Revenue-based: median peer Scope 1 tCO2e/$ revenue (6.94524e-06) x this company's revenue ($14,448,703,488) = 100,350 tCO2e. Employee-based: median peer Scope 1 tCO2e/employee (4.09963) x this company's employee count (28,000) = 114,790 tCO2e. Final estimate is the average of the available method(s): 107,570 tCO2e.",119041.6,median_model_revenue+employees,sector:Industrials,28,"Tier 2 Scope 2 ESTIMATE (LSEG median-model style), NOT a disclosure -- see pipeline/tier2_estimation/estimate_tier2.py. Peer group: sector = 'Industrials' (28 Tier 1 peers with a real Scope 2 value, floor=5). Revenue-based: median peer Scope 2 tCO2e/$ revenue (9.89188e-06) x this company's revenue ($14,448,703,488) = 142,925 tCO2e. Employee-based: median peer Scope 2 tCO2e/employee (3.39852) x this company's employee count (28,000) = 95,159 tCO2e. Final estimate is the average of the available method(s): 119,042 tCO2e.",True,BUILDERS FIRSTSOURCE,,17032.82,29000.0,1.0,65.0,-11.8,1.5,-6.1,1.3,-1.5,-0.7,12.0,-1.2,1.0,-1.5,0.9,,,https://uprightplatform.com/company/151bfe02-3c03-439f-803b-9d79bc05201f/Builders%20FirstSource/,False,,,
BF.B,Brown-Forman,epa_ghgrp,,90072.76000000001,,,,,,False,"EPA GHGRP 2023 Direct Emitters, matched via parent company 'BROWN-FORMAN CORP' (2 facilities). Scope 1 (direct/on-site) only -- GHGRP does not cover Scope 2. [Fixed 2026-09-13: this row previously had data_source=epa_ghgrp but a blank scope1_tco2e -- a bug from an earlier patch script that wrote the match info into notes but never wrote the actual number. Backfilled from epa_ghgrp_matches.csv, which already had the correct value.]",False,,,,,,,,,,False,,,,,True,False,True,,,,,,11485.8,median_model_revenue+employees,sector:Consumer Staples,16,"Tier 2 Scope 2 ESTIMATE (LSEG median-model style), NOT a disclosure -- see pipeline/tier2_estimation/estimate_tier2.py. Peer group: sector = 'Consumer Staples' (16 Tier 1 peers with a real Scope 2 value, floor=5). Revenue-based: median peer Scope 2 tCO2e/$ revenue (2.81277e-06) x this company's revenue ($3,915,000,064) = 11,012 tCO2e. Employee-based: median peer Scope 2 tCO2e/employee (2.44072) x this company's employee count (4,900) = 11,960 tCO2e. Final estimate is the average of the available method(s): 11,486 tCO2e.",True,BROWN-FORMAN,Food and Beverage,3910.0,5000.0,-196.0,100.0,-8.8,0.3,-3.1,0.2,-2.2,-0.4,10.2,-45.6,8.5,-1.6,0.0,Physical diseases 82.7k life years,Taxes 5.27M days of primary education,https://uprightplatform.com/company/4a94f2ce-aa2e-4118-94d2-239d32af96b8/Brown-Forman/,False,,,
CASY,Casey's,sustainability_report,https://s2.q4cdn.com/194594550/files/doc_downloads/sustainability/2023/sustainability-report-2023.pdf,,,,,,,,download_error: 404 Client Error: Not Found for url: https://s2.q4cdn.com/194594550/files/doc_downloads/sustainability/2023/sustainability-report-2023.pdf,False,,,,,,,,,,False,,,,,True,True,True,187704.1,median_model_revenue+employees,sector:Consumer Staples,24,"Tier 2 Scope 1 ESTIMATE (LSEG median-model style), NOT a disclosure -- see pipeline/tier2_estimation/estimate_tier2.py. Peer group: sector = 'Consumer Staples' (24 Tier 1 peers with a real Scope 1 value, floor=5). Revenue-based: median peer Scope 1 tCO2e/$ revenue (1.05335e-05) x this company's revenue ($18,672,330,752) = 196,685 tCO2e. Employee-based: median peer Scope 1 tCO2e/employee (7.60848) x this company's employee count (23,490) = 178,723 tCO2e. Final estimate is the average of the available method(s): 187,704 tCO2e.",54926.7,median_model_revenue+employees,sector:Consumer Staples,16,"Tier 2 Scope 2 ESTIMATE (LSEG median-model style), NOT a disclosure -- see pipeline/tier2_estimation/estimate_tier2.py. Peer group: sector = 'Consumer Staples' (16 Tier 1 peers with a real Scope 2 value, floor=5). Revenue-based: median peer Scope 2 tCO2e/$ revenue (2.81277e-06) x this company's revenue ($18,672,330,752) = 52,521 tCO2e. Employee-based: median peer Scope 2 tCO2e/employee (2.44072) x this company's employee count (23,490) = 57,333 tCO2e. Final estimate is the average of the available method(s): 54,927 tCO2e.",True,CASEY'S GENERAL STORES,,14862.91,23338.0,-55.0,88.0,-24.6,0.7,-13.0,0.5,-4.4,-0.7,20.1,-7.7,2.8,-3.7,0.1,,,https://uprightplatform.com/company/1d22bfdc-043a-4fcc-b948-33ea9833e1e2/Casey's%20General%20Stores/,False,,,
COR,Cencora,cdp_pdf,https://s203.q4cdn.com/785768684/files/doc_downloads/2025/Cencora-2025-CDP-Submission.pdf,108712.0,90652.0,87492.0,09/30/2019,98742.0,294000000000.0,new,,True,Targets set,1.5°C,FY2032,,,,,"AmerisourceBergen commits to reduce absolute scope 1 and 2 GHG emissions 54.6% by FY2032 from a FY2019 base year. AmerisourceBergen also commits that 82% of its suppliers by spend, covering purchased goods and services, will have science-based targets by FY2027.",2023-01-26 01:00:00,False,,,,,False,False,False,,,,,,,,,,,True,"CENCORA, INC",Pharmaceuticals and Biotechnology,325777.78,51000.0,37.0,35.0,-7.5,0.3,-3.4,0.1,-1.1,-0.5,10.4,-2.2,11.3,-4.4,1.0,Scarce human capital 234k scarce worker years,Physical diseases 2.53M life years,https://uprightplatform.com/company/69f5685c-206e-4bc2-8313-ad3df05bba84/Cencora%2C%20Inc/,False,,,
CNC,Centene Corporation,sustainability_report,https://www.centene.com/content/dam/centenedotcom/documents/TCFD-Index-2025.pdf,,,,,,,new,no_fields_extracted,False,,,,,,,,,,False,,,,,True,True,True,377088.2,median_model_revenue+employees,sector:Health Care,25,"Tier 2 Scope 1 ESTIMATE (LSEG median-model style), NOT a disclosure -- see pipeline/tier2_estimation/estimate_tier2.py. Peer group: sector = 'Health Care' (25 Tier 1 peers with a real Scope 1 value, floor=5). Revenue-based: median peer Scope 1 tCO2e/$ revenue (3.54491e-06) x this company's revenue ($180,304,003,072) = 639,161 tCO2e. Employee-based: median peer Scope 1 tCO2e/employee (1.88241) x this company's employee count (61,100) = 115,015 tCO2e. Final estimate is the average of the available method(s): 377,088 tCO2e.",348216.0,median_model_revenue+employees,sector:Health Care,18,"Tier 2 Scope 2 ESTIMATE (LSEG median-model style), NOT a disclosure -- see pipeline/tier2_estimation/estimate_tier2.py. Peer group: sector = 'Health Care' (18 Tier 1 peers with a real Scope 2 value, floor=5). Revenue-based: median peer Scope 2 tCO2e/$ revenue (3.19915e-06) x this company's revenue ($180,304,003,072) = 576,819 tCO2e. Employee-based: median peer Scope 2 tCO2e/employee (1.95766) x this company's employee count (61,100) = 119,613 tCO2e. Final estimate is the average of the available method(s): 348,216 tCO2e.",True,CENTENE,Hospitals and Healthcare,163071.0,61100.0,42.0,29.0,-1.9,0.1,-0.8,0.0,-0.3,-1.4,9.9,-0.7,5.0,-4.8,0.2,Scarce human capital 128k scarce worker years,Jobs 833k direct or indirect jobs,https://uprightplatform.com/company/ed622de1-68bc-4cbf-ae57-54f656cb1edc/Centene/,False,,,
AVGO,Broadcom,epa_ghgrp,,34457.051985,,,,,,,"EPA GHGRP 2023 Direct Emitters, matched via parent company 'BROADCOM INC' (1 facilities). Scope 1 (direct/on-site) only -- GHGRP does not cover Scope 2. Prior attempt: data_source=none, report_url=n/a, notes=no_public_report_found",True,Commitment removed,,,,,,,,2024-02-29 01:00:00,False,,,,,True,False,True,,,,,,153649.9,median_model_revenue+employees,sub_industry:Semiconductors,5,"Tier 2 Scope 2 ESTIMATE (LSEG median-model style), NOT a disclosure -- see pipeline/tier2_estimation/estimate_tier2.py. Peer group: sub_industry = 'Semiconductors' (5 Tier 1 peers with a real Scope 2 value, floor=5). Revenue-based: median peer Scope 2 tCO2e/$ revenue (2.34945e-06) x this company's revenue ($89,103,998,976) = 209,345 tCO2e. Employee-based: median peer Scope 2 tCO2e/employee (2.96832) x this company's employee count (33,000) = 97,954 tCO2e. Final estimate is the average of the available method(s): 153,650 tCO2e.",True,BROADCOM,,52432.0,37000.0,34.0,38.0,-5.6,0.6,-2.5,0.4,-0.6,-0.3,10.7,-1.2,1.1,-4.7,5.6,,,https://uprightplatform.com/company/ff11e965-f8f4-4d22-aa96-5abfa241dbd9/Broadcom/,False,,,
BRO,Brown & Brown,none,,,,,,,,,no_public_report_found,False,,,,,,,,,,False,,,,,True,True,True,5359.3,median_model_revenue+employees,sector:Financials,21,"Tier 2 Scope 1 ESTIMATE (LSEG median-model style), NOT a disclosure -- see pipeline/tier2_estimation/estimate_tier2.py. Peer group: sector = 'Financials' (21 Tier 1 peers with a real Scope 1 value, floor=5). Revenue-based: median peer Scope 1 tCO2e/$ revenue (5.36817e-07) x this company's revenue ($6,663,000,064) = 3,577 tCO2e. Employee-based: median peer Scope 1 tCO2e/employee (0.312029) x this company's employee count (22,888) = 7,142 tCO2e. Final estimate is the average of the available method(s): 5,359 tCO2e.",3620.9,median_model_revenue+employees,sector:Financials,17,"Tier 2 Scope 2 ESTIMATE (LSEG median-model style), NOT a disclosure -- see pipeline/tier2_estimation/estimate_tier2.py. Peer group: sector = 'Financials' (17 Tier 1 peers with a real Scope 2 value, floor=5). Revenue-based: median peer Scope 2 tCO2e/$ revenue (1.98278e-07) x this company's revenue ($6,663,000,064) = 1,321 tCO2e. Employee-based: median peer Scope 2 tCO2e/employee (0.25868) x this company's employee count (22,888) = 5,921 tCO2e. Final estimate is the average of the available method(s): 3,621 tCO2e.",True,BROWN & BROWN,,5058.0,17403.0,13.0,56.0,-2.2,0.1,-1.1,0.1,-0.3,-0.5,6.2,-0.5,1.9,-4.4,0.5,,,https://uprightplatform.com/company/0e011ec6-65ad-44cb-92a1-7f214af25062/Brown%20%26%20Brown/,False,,,
BG,Bunge Global,none,,,,,,,,,no_public_report_found,False,,,,,,,,,,False,,,,,True,True,True,612932.1,median_model_revenue+employees,sector:Consumer Staples,24,"Tier 2 Scope 1 ESTIMATE (LSEG median-model style), NOT a disclosure -- see pipeline/tier2_estimation/estimate_tier2.py. Peer group: sector = 'Consumer Staples' (24 Tier 1 peers with a real Scope 1 value, floor=5). Revenue-based: median peer Scope 1 tCO2e/$ revenue (1.05335e-05) x this company's revenue ($91,818,999,808) = 967,176 tCO2e. Employee-based: median peer Scope 1 tCO2e/employee (7.60848) x this company's employee count (34,000) = 258,688 tCO2e. Final estimate is the average of the available method(s): 612,932 tCO2e.",170625.0,median_model_revenue+employees,sector:Consumer Staples,16,"Tier 2 Scope 2 ESTIMATE (LSEG median-model style), NOT a disclosure -- see pipeline/tier2_estimation/estimate_tier2.py. Peer group: sector = 'Consumer Staples' (16 Tier 1 peers with a real Scope 2 value, floor=5). Revenue-based: median peer Scope 2 tCO2e/$ revenue (2.81277e-06) x this company's revenue ($91,818,999,808) = 258,266 tCO2e. Employee-based: median peer Scope 2 tCO2e/employee (2.44072) x this company's employee count (34,000) = 82,985 tCO2e. Final estimate is the average of the available method(s): 170,625 tCO2e.",True,BUNGE LIMITED,,51334.0,37000.0,-4.0,69.0,-17.1,1.6,-6.8,1.1,-2.8,-0.4,7.6,-4.5,13.5,-1.5,0.1,,,https://uprightplatform.com/company/90f46343-351d-4e58-b009-6b6fe9d70f81/Bunge%20Limited/,False,,,
CPT,Camden Property Trust,none,,,,,,,,,no_public_report_found,False,,,,,,,,,,False,,,,,True,True,True,7895.7,median_model_revenue+employees,sector:Real Estate,8,"Tier 2 Scope 1 ESTIMATE (LSEG median-model style), NOT a disclosure -- see pipeline/tier2_estimation/estimate_tier2.py. Peer group: sector = 'Real Estate' (8 Tier 1 peers with a real Scope 1 value, floor=5). Revenue-based: median peer Scope 1 tCO2e/$ revenue (5.49255e-06) x this company's revenue ($1,581,868,032) = 8,688 tCO2e. Employee-based: median peer Scope 1 tCO2e/employee (4.331) x this company's employee count (1,640) = 7,103 tCO2e. Final estimate is the average of the available method(s): 7,896 tCO2e.",176724.3,median_model_revenue+employees,sector:Real Estate,7,"Tier 2 Scope 2 ESTIMATE (LSEG median-model style), NOT a disclosure -- see pipeline/tier2_estimation/estimate_tier2.py. Peer group: sector = 'Real Estate' (7 Tier 1 peers with a real Scope 2 value, floor=5). Revenue-based: median peer Scope 2 tCO2e/$ revenue (7.54576e-06) x this company's revenue ($1,581,868,032) = 11,936 tCO2e. Employee-based: median peer Scope 2 tCO2e/employee (208.239) x this company's employee count (1,640) = 341,512 tCO2e. Final estimate is the average of the available method(s): 176,724 tCO2e.",True,CAMDEN PROPERTY,,1573.54,1640.0,16.0,54.0,-13.5,0.6,-8.2,0.4,-1.4,-0.6,18.5,-0.8,1.5,-2.9,0.6,,,https://uprightplatform.com/company/06d3e78b-369e-46ee-a0eb-c36f5b113901/Camden%20Property/,False,,,
COF,Capital One,none,,,,,,,,,no_public_report_found,False,,,,,,,,,,False,,,,,True,True,True,25144.7,median_model_revenue+employees,sector:Financials,21,"Tier 2 Scope 1 ESTIMATE (LSEG median-model style), NOT a disclosure -- see pipeline/tier2_estimation/estimate_tier2.py. Peer group: sector = 'Financials' (21 Tier 1 peers with a real Scope 1 value, floor=5). Revenue-based: median peer Scope 1 tCO2e/$ revenue (5.36817e-07) x this company's revenue ($48,109,998,080) = 25,826 tCO2e. Employee-based: median peer Scope 1 tCO2e/employee (0.312029) x this company's employee count (78,400) = 24,463 tCO2e. Final estimate is the average of the available method(s): 25,145 tCO2e.",14909.9,median_model_revenue+employees,sector:Financials,17,"Tier 2 Scope 2 ESTIMATE (LSEG median-model style), NOT a disclosure -- see pipeline/tier2_estimation/estimate_tier2.py. Peer group: sector = 'Financials' (17 Tier 1 peers with a real Scope 2 value, floor=5). Revenue-based: median peer Scope 2 tCO2e/$ revenue (1.98278e-07) x this company's revenue ($48,109,998,080) = 9,539 tCO2e. Employee-based: median peer Scope 2 tCO2e/employee (0.25868) x this company's employee count (78,400) = 20,281 tCO2e. Final estimate is the average of the available method(s): 14,910 tCO2e.",True,CAPITAL ONE,Financial Services,53938.0,76500.0,31.0,41.0,-1.8,0.0,-1.0,0.0,-0.2,-0.1,8.8,-0.1,0.2,-4.4,0.1,Scarce human capital 38.6k scarce worker years,Societal infrastructure 80.9M long-haul train rides,https://uprightplatform.com/company/293f469c-9855-4f7a-be55-240411736a1e/Capital%20One/,False,,,
CCL,Carnival Corporation,none,,,,,,,,,no_public_report_found,False,,,,,,,,,,False,,,,,True,True,True,151491.0,median_model_revenue+employees,sector:Consumer Discretionary,21,"Tier 2 Scope 1 ESTIMATE (LSEG median-model style), NOT a disclosure -- see pipeline/tier2_estimation/estimate_tier2.py. Peer group: sector = 'Consumer Discretionary' (21 Tier 1 peers with a real Scope 1 value, floor=5). Revenue-based: median peer Scope 1 tCO2e/$ revenue (3.71647e-06) x this company's revenue ($27,310,999,552) = 101,501 tCO2e. Employee-based: median peer Scope 1 tCO2e/employee (1.25926) x this company's employee count (160,000) = 201,481 tCO2e. Final estimate is the average of the available method(s): 151,491 tCO2e.",234073.7,median_model_revenue+employees,sector:Consumer Discretionary,18,"Tier 2 Scope 2 ESTIMATE (LSEG median-model style), NOT a disclosure -- see pipeline/tier2_estimation/estimate_tier2.py. Peer group: sector = 'Consumer Discretionary' (18 Tier 1 peers with a real Scope 2 value, floor=5). Revenue-based: median peer Scope 2 tCO2e/$ revenue (6.64506e-06) x this company's revenue ($27,310,999,552) = 181,483 tCO2e. Employee-based: median peer Scope 2 tCO2e/employee (1.79165) x this company's employee count (160,000) = 286,664 tCO2e. Final estimate is the average of the available method(s): 234,074 tCO2e.",True,CARNIVAL,,26976.0,112000.0,-51.0,87.0,-20.0,1.9,-11.1,1.2,-4.1,-0.2,10.7,-1.3,3.6,-3.2,0.2,,,https://uprightplatform.com/company/a91790e7-0204-42d1-804d-0f84d1ab1fb7/Carnival/,False,,,
CAT,Caterpillar Inc.,epa_ghgrp,,456901.738,,,,,,,"EPA GHGRP 2023 Direct Emitters, matched via parent company 'CATERPILLAR INC' (7 facilities). Scope 1 (direct/on-site) only -- GHGRP does not cover Scope 2. Prior attempt: data_source=none, report_url=n/a, notes=no_public_report_found",False,,,,,,,,,,True,2,electricity-generation,DOM;USA,100.0,True,False,True,,,,,,570117.5,median_model_revenue+employees,sector:Industrials,28,"Tier 2 Scope 2 ESTIMATE (LSEG median-model style), NOT a disclosure -- see pipeline/tier2_estimation/estimate_tier2.py. Peer group: sector = 'Industrials' (28 Tier 1 peers with a real Scope 2 value, floor=5). Revenue-based: median peer Scope 2 tCO2e/$ revenue (9.89188e-06) x this company's revenue ($74,728,996,864) = 739,210 tCO2e. Employee-based: median peer Scope 2 tCO2e/employee (3.39852) x this company's employee count (118,000) = 401,025 tCO2e. Final estimate is the average of the available method(s): 570,118 tCO2e.",True,CATERPILLAR,Construction and Building Materials,64809.0,113200.0,-29.0,80.0,-18.3,2.5,-9.9,1.5,-3.6,-0.3,14.7,-3.0,1.0,-2.2,0.3,GHG emissions 15.4M tons of GHG emissions,Societal infrastructure 153M long-haul train rides,https://uprightplatform.com/company/78b09433-547b-4f3c-8f5f-2107b656d786/Caterpillar/,False,,,
CBOE,Cboe Global Markets,none,,,,,,,,,no_public_report_found,False,,,,,,,,,,False,,,,,True,True,True,1617.6,median_model_revenue+employees,sector:Financials,21,"Tier 2 Scope 1 ESTIMATE (LSEG median-model style), NOT a disclosure -- see pipeline/tier2_estimation/estimate_tier2.py. Peer group: sector = 'Financials' (21 Tier 1 peers with a real Scope 1 value, floor=5). Revenue-based: median peer Scope 1 tCO2e/$ revenue (5.36817e-07) x this company's revenue ($5,061,300,224) = 2,717 tCO2e. Employee-based: median peer Scope 1 tCO2e/employee (0.312029) x this company's employee count (1,661) = 518 tCO2e. Final estimate is the average of the available method(s): 1,618 tCO2e.",716.6,median_model_revenue+employees,sector:Financials,17,"Tier 2 Scope 2 ESTIMATE (LSEG median-model style), NOT a disclosure -- see pipeline/tier2_estimation/estimate_tier2.py. Peer group: sector = 'Financials' (17 Tier 1 peers with a real Scope 2 value, floor=5). Revenue-based: median peer Scope 2 tCO2e/$ revenue (1.98278e-07) x this company's revenue ($5,061,300,224) = 1,004 tCO2e. Employee-based: median peer Scope 2 tCO2e/employee (0.25868) x this company's employee count (1,661) = 430 tCO2e. Final estimate is the average of the available method(s): 717 tCO2e.",True,CBOE GLOBAL MARKETS,Financial Services,4531.8,1685.0,-21.0,77.0,-1.5,0.1,-0.7,0.1,-0.2,-0.7,5.5,-0.3,0.8,-6.8,1.3,Scarce human capital 5.03k scarce worker years,Taxes 2.28M days of primary education,https://uprightplatform.com/company/b277c8e3-36a3-4c1a-a4a7-357d1f0cbbc1/Cboe%20Global%20Markets/,False,,,
CVNA,Carvana,none,,,,,,,,,no_public_report_found,False,,,,,,,,,,False,,,,,True,True,True,61108.1,median_model_revenue+employees,sector:Consumer Discretionary,21,"Tier 2 Scope 1 ESTIMATE (LSEG median-model style), NOT a disclosure -- see pipeline/tier2_estimation/estimate_tier2.py. Peer group: sector = 'Consumer Discretionary' (21 Tier 1 peers with a real Scope 1 value, floor=5). Revenue-based: median peer Scope 1 tCO2e/$ revenue (3.71647e-06) x this company's revenue ($25,058,000,896) = 93,127 tCO2e. Employee-based: median peer Scope 1 tCO2e/employee (1.25926) x this company's employee count (23,100) = 29,089 tCO2e. Final estimate is the average of the available method(s): 61,108 tCO2e.",103949.6,median_model_revenue+employees,sector:Consumer Discretionary,18,"Tier 2 Scope 2 ESTIMATE (LSEG median-model style), NOT a disclosure -- see pipeline/tier2_estimation/estimate_tier2.py. Peer group: sector = 'Consumer Discretionary' (18 Tier 1 peers with a real Scope 2 value, floor=5). Revenue-based: median peer Scope 2 tCO2e/$ revenue (6.64506e-06) x this company's revenue ($25,058,000,896) = 166,512 tCO2e. Employee-based: median peer Scope 2 tCO2e/employee (1.79165) x this company's employee count (23,100) = 41,387 tCO2e. Final estimate is the average of the available method(s): 103,950 tCO2e.",True,CARVANA,,14520.0,16600.0,-7.0,71.0,-16.2,1.9,-8.1,1.3,-2.7,-0.4,19.0,-5.4,2.5,-5.1,1.8,,,https://uprightplatform.com/company/b94e2fc5-3e48-42a9-92c3-37e0f6efe95d/Carvana/,False,,,
BXP,BXP Inc.,none,,,,,,,,,no_public_report_found,True,Targets set,1.5°C,2030.0,,,Commitment removed,,Near-Term Targets: BXP commits to reduce scope 1 and 2 GHG emissions 73.57% per m2 by 2030 from a 2018 base year. BXP also commits to reduce scope 3 GHG emissions from purchased goods and services and downstream leased assets 58.14% per m2 within the same timeframe.,2025-03-27 01:00:00,False,,,,,True,True,True,10549.9,median_model_revenue+employees,sector:Real Estate,8,"Tier 2 Scope 1 ESTIMATE (LSEG median-model style), NOT a disclosure -- see pipeline/tier2_estimation/estimate_tier2.py. Peer group: sector = 'Real Estate' (8 Tier 1 peers with a real Scope 1 value, floor=5). Revenue-based: median peer Scope 1 tCO2e/$ revenue (5.49255e-06) x this company's revenue ($3,190,220,032) = 17,522 tCO2e. Employee-based: median peer Scope 1 tCO2e/employee (4.331) x this company's employee count (826) = 3,577 tCO2e. Final estimate is the average of the available method(s): 10,550 tCO2e.",98039.1,median_model_revenue+employees,sector:Real Estate,7,"Tier 2 Scope 2 ESTIMATE (LSEG median-model style), NOT a disclosure -- see pipeline/tier2_estimation/estimate_tier2.py. Peer group: sector = 'Real Estate' (7 Tier 1 peers with a real Scope 2 value, floor=5). Revenue-based: median peer Scope 2 tCO2e/$ revenue (7.54576e-06) x this company's revenue ($3,190,220,032) = 24,073 tCO2e. Employee-based: median peer Scope 2 tCO2e/employee (208.239) x this company's employee count (826) = 172,005 tCO2e. Final estimate is the average of the available method(s): 98,039 tCO2e.",True,BOSTON PROPERTIES,Real Estate,3200.0,836.0,4.0,64.0,-11.1,0.7,-5.9,0.5,-1.4,-0.3,13.9,-1.2,1.5,-3.2,0.3,GHG emissions 450k tons of GHG emissions,Taxes 3.45M days of primary education,https://uprightplatform.com/company/3adf7057-5062-4cea-9ffc-1fc5f7d58366/Boston%20Properties/,False,,,
CDW,CDW Corporation,none,,,,,,,,,no_public_report_found,True,Targets set,1.5°C,2030.0,,,,,"CDW Corporation commits to reduce absolute scope 1 and 2 GHG emissions 42% by 2030
from a 2022 base year.
CDW Corporation also commits that 80% of its suppliers by emissions covering purchased
goods and services, will have science-based targets by 2028.
CDW Corporation also commits to reduce absolute scope 3 GHG emissions from capital
goods, fuel- and energy-related activities, upstream and downstream transportation and
distribution, waste generated in operations, business travel, employee commuting, use of
sold products and end-of-life treatment of sold products 25% by 2030 from 2022 base year.",2024-11-28 01:00:00,False,,,,,True,True,True,11717.6,median_model_revenue+employees,sector:Information Technology,37,"Tier 2 Scope 1 ESTIMATE (LSEG median-model style), NOT a disclosure -- see pipeline/tier2_estimation/estimate_tier2.py. Peer group: sector = 'Information Technology' (37 Tier 1 peers with a real Scope 1 value, floor=5). Revenue-based: median peer Scope 1 tCO2e/$ revenue (6.23987e-07) x this company's revenue ($23,500,400,640) = 14,664 tCO2e. Employee-based: median peer Scope 1 tCO2e/employee (0.592647) x this company's employee count (14,800) = 8,771 tCO2e. Final estimate is the average of the available method(s): 11,718 tCO2e.",38296.2,median_model_revenue+employees,sector:Information Technology,29,"Tier 2 Scope 2 ESTIMATE (LSEG median-model style), NOT a disclosure -- see pipeline/tier2_estimation/estimate_tier2.py. Peer group: sector = 'Information Technology' (29 Tier 1 peers with a real Scope 2 value, floor=5). Revenue-based: median peer Scope 2 tCO2e/$ revenue (2.34945e-06) x this company's revenue ($23,500,400,640) = 55,213 tCO2e. Employee-based: median peer Scope 2 tCO2e/employee (1.44455) x this company's employee count (14,800) = 21,379 tCO2e. Final estimate is the average of the available method(s): 38,296 tCO2e.",True,CDW,,20999.0,15100.0,27.0,44.0,-6.8,0.6,-2.8,0.4,-0.6,-0.6,9.8,-2.6,2.6,-4.4,6.7,,,https://uprightplatform.com/company/6b58ac5d-2fb4-4933-b64d-6f792517695c/CDW/,False,,,
CNP,CenterPoint Energy,epa_ghgrp,,3741577.852,,,,,,,"EPA GHGRP 2023 Direct Emitters, matched via parent company 'CENTERPOINT ENERGY INC' (2 facilities). Scope 1 (direct/on-site) only -- GHGRP does not cover Scope 2. Prior attempt: data_source=none, report_url=n/a, notes=no_public_report_found",False,,,,,,,,,,False,,,,,True,False,True,,,,,,107246.3,median_model_revenue+employees,sector:Utilities,10,"Tier 2 Scope 2 ESTIMATE (LSEG median-model style), NOT a disclosure -- see pipeline/tier2_estimation/estimate_tier2.py. Peer group: sector = 'Utilities' (10 Tier 1 peers with a real Scope 2 value, floor=5). Revenue-based: median peer Scope 2 tCO2e/$ revenue (9.6601e-06) x this company's revenue ($9,619,999,744) = 92,930 tCO2e. Employee-based: median peer Scope 2 tCO2e/employee (13.8233) x this company's employee count (8,794) = 121,562 tCO2e. Final estimate is the average of the available method(s): 107,246 tCO2e.",True,CENTERPOINT ENERGY,Energy and Environmental,8836.0,8872.0,11.0,58.0,-24.6,3.4,-14.0,2.8,-3.3,-1.0,30.2,-1.8,0.3,-3.1,0.2,GHG emissions 2.96M tons of GHG emissions,Societal infrastructure 56.3M long-haul train rides,https://uprightplatform.com/company/b47c0ef2-154c-4252-b0cf-c992bf69a612/CenterPoint%20Energy/,False,,,
CF,CF Industries,epa_ghgrp,,20579424.174,,,,,,,"EPA GHGRP 2023 Direct Emitters, matched via parent company 'CF INDUSTRIES HOLDINGS INC' (6 facilities). Scope 1 (direct/on-site) only -- GHGRP does not cover Scope 2. Prior attempt: data_source=none, report_url=n/a, notes=no_public_report_found",False,,,,,,,,,,False,,,,,True,False,True,,,,,,523844.5,median_model_revenue+employees,sector:Materials,9,"Tier 2 Scope 2 ESTIMATE (LSEG median-model style), NOT a disclosure -- see pipeline/tier2_estimation/estimate_tier2.py. Peer group: sector = 'Materials' (9 Tier 1 peers with a real Scope 2 value, floor=5). Revenue-based: median peer Scope 2 tCO2e/$ revenue (0.000101463) x this company's revenue ($7,738,999,808) = 785,224 tCO2e. Employee-based: median peer Scope 2 tCO2e/employee (90.5052) x this company's employee count (2,900) = 262,465 tCO2e. Final estimate is the average of the available method(s): 523,845 tCO2e.",True,CF INDUSTRIES,Chemicals,6736.0,2800.0,-46.0,86.0,-23.0,1.2,-11.5,0.9,-3.8,-0.5,5.9,-3.4,12.8,-2.0,0.0,GHG emissions 1.87M tons of GHG emissions,Nutrition 3.45bn bananas,https://uprightplatform.com/company/831fefe9-8df0-412b-82dd-e5e2bccc938b/CF%20Industries/,False,,,
CRL,Charles River Laboratories,none,,,,,,,,,no_public_report_found,True,Targets set,1.5°C,2030.0,,,,,"Charles River Laboratories, Inc. commits to reduce absolute scope 1 and 2 GHG emissions 50% by 2030 from a 2018 base year. Charles River Laboratories, Inc. commits to increase annual sourcing of renewable electricity from 1% in 2018 to 100% by 2030. Charles River Laboratories, Inc. further commits to reduce absolute scope 3 GHG emissions 15% by 2030 from a 2019 base year. *The target boundary includes biogenic emissions and removals from bioenergy feedstocks.",2021-02-04 01:00:00,False,,,,,True,True,True,24312.1,median_model_revenue+employees,sector:Health Care,25,"Tier 2 Scope 1 ESTIMATE (LSEG median-model style), NOT a disclosure -- see pipeline/tier2_estimation/estimate_tier2.py. Peer group: sector = 'Health Care' (25 Tier 1 peers with a real Scope 1 value, floor=5). Revenue-based: median peer Scope 1 tCO2e/$ revenue (3.54491e-06) x this company's revenue ($3,998,987,008) = 14,176 tCO2e. Employee-based: median peer Scope 1 tCO2e/employee (1.88241) x this company's employee count (18,300) = 34,448 tCO2e. Final estimate is the average of the available method(s): 24,312 tCO2e.",24309.2,median_model_revenue+employees,sector:Health Care,18,"Tier 2 Scope 2 ESTIMATE (LSEG median-model style), NOT a disclosure -- see pipeline/tier2_estimation/estimate_tier2.py. Peer group: sector = 'Health Care' (18 Tier 1 peers with a real Scope 2 value, floor=5). Revenue-based: median peer Scope 2 tCO2e/$ revenue (3.19915e-06) x this company's revenue ($3,998,987,008) = 12,793 tCO2e. Employee-based: median peer Scope 2 tCO2e/employee (1.95766) x this company's employee count (18,300) = 35,825 tCO2e. Final estimate is the average of the available method(s): 24,309 tCO2e.",True,CHARLES RIVER LABORATORIES,,4028.62,18600.0,63.0,9.0,-4.8,0.0,-1.5,,-1.0,-1.2,11.0,-2.7,22.2,-5.1,4.1,,,https://uprightplatform.com/company/86ed38ec-4a86-4370-9e69-5c70e2d291fd/Charles%20River%20Laboratories/,False,,,
SCHW,Charles Schwab Corporation,none,,,,,,,,,no_public_report_found,False,,,,,,,,,,False,,,,,True,True,True,12243.0,median_model_revenue+employees,sector:Financials,21,"Tier 2 Scope 1 ESTIMATE (LSEG median-model style), NOT a disclosure -- see pipeline/tier2_estimation/estimate_tier2.py. Peer group: sector = 'Financials' (21 Tier 1 peers with a real Scope 1 value, floor=5). Revenue-based: median peer Scope 1 tCO2e/$ revenue (5.36817e-07) x this company's revenue ($26,025,000,960) = 13,971 tCO2e. Employee-based: median peer Scope 1 tCO2e/employee (0.312029) x this company's employee count (33,700) = 10,515 tCO2e. Final estimate is the average of the available method(s): 12,243 tCO2e.",6938.9,median_model_revenue+employees,sector:Financials,17,"Tier 2 Scope 2 ESTIMATE (LSEG median-model style), NOT a disclosure -- see pipeline/tier2_estimation/estimate_tier2.py. Peer group: sector = 'Financials' (17 Tier 1 peers with a real Scope 2 value, floor=5). Revenue-based: median peer Scope 2 tCO2e/$ revenue (1.98278e-07) x this company's revenue ($26,025,000,960) = 5,160 tCO2e. Employee-based: median peer Scope 2 tCO2e/employee (0.25868) x this company's employee count (33,700) = 8,718 tCO2e. Final estimate is the average of the available method(s): 6,939 tCO2e.",True,CHARLES SCHWAB,Financial Services,25999.0,32600.0,-21.0,77.0,-2.8,0.1,-2.0,0.1,-0.2,-1.0,6.0,-0.2,0.8,-7.3,2.5,Scarce human capital 31.3k scarce worker years,Taxes 12.8M days of primary education,https://uprightplatform.com/company/c3263d8e-6802-4882-bde0-7161d1f22784/Charles%20Schwab/,False,,,
CHTR,Charter Communications,none,,,,,,,,,no_public_report_found,False,,,,,,,,,,False,,,,,True,True,True,68423.1,median_model_revenue+employees,sector:Communication Services,6,"Tier 2 Scope 1 ESTIMATE (LSEG median-model style), NOT a disclosure -- see pipeline/tier2_estimation/estimate_tier2.py. Peer group: sector = 'Communication Services' (6 Tier 1 peers with a real Scope 1 value, floor=5). Revenue-based: median peer Scope 1 tCO2e/$ revenue (6.73153e-07) x this company's revenue ($54,395,998,208) = 36,617 tCO2e. Employee-based: median peer Scope 1 tCO2e/employee (1.09064) x this company's employee count (91,900) = 100,229 tCO2e. Final estimate is the average of the available method(s): 68,423 tCO2e.",314299.6,median_model_revenue+employees,sector:Communication Services,6,"Tier 2 Scope 2 ESTIMATE (LSEG median-model style), NOT a disclosure -- see pipeline/tier2_estimation/estimate_tier2.py. Peer group: sector = 'Communication Services' (6 Tier 1 peers with a real Scope 2 value, floor=5). Revenue-based: median peer Scope 2 tCO2e/$ revenue (5.2889e-06) x this company's revenue ($54,395,998,208) = 287,695 tCO2e. Employee-based: median peer Scope 2 tCO2e/employee (3.70951) x this company's employee count (91,900) = 340,904 tCO2e. Final estimate is the average of the available method(s): 314,300 tCO2e.",True,CHARTER COMMUNICATIONS,Telecommunications,55085.0,94500.0,38.0,34.0,-4.2,0.4,-2.1,0.3,-0.3,-0.3,11.9,-6.4,5.0,-4.5,7.3,Scarce human capital 40.3k scarce worker years,Taxes 57.1M days of primary education,https://uprightplatform.com/company/33d0a32b-fdff-4cb9-ae22-4a07be599d30/Charter%20Communications/,False,,,
CVX,Chevron Corporation,epa_ghgrp,,20881977.004,,,,,,,"EPA GHGRP 2023 Direct Emitters, matched via parent company 'CHEVRON CORP' (31 facilities). Scope 1 (direct/on-site) only -- GHGRP does not cover Scope 2. Prior attempt: data_source=none, report_url=n/a, notes=no_public_report_found",False,,,,,,,,,,True,11,electricity-generation,AUS;KAZ;USA,79.3,True,False,True,,,,,,4775672.6,median_model_revenue+employees,sector:Energy,6,"Tier 2 Scope 2 ESTIMATE (LSEG median-model style), NOT a disclosure -- see pipeline/tier2_estimation/estimate_tier2.py. Peer group: sector = 'Energy' (6 Tier 1 peers with a real Scope 2 value, floor=5). Revenue-based: median peer Scope 2 tCO2e/$ revenue (1.7615e-05) x this company's revenue ($209,383,997,440) = 3,688,300 tCO2e. Employee-based: median peer Scope 2 tCO2e/employee (136.226) x this company's employee count (43,039) = 5,863,045 tCO2e. Final estimate is the average of the available method(s): 4,775,673 tCO2e.",True,CHEVRON,Energy and Environmental,202792.0,45298.0,-105.0,96.0,-32.7,0.9,-18.4,0.6,-6.1,-1.9,19.2,-6.6,0.8,-2.4,0.4,GHG emissions 89.3M tons of GHG emissions,Societal infrastructure 753M long-haul train rides,https://uprightplatform.com/company/704b2a91-d3b8-4a43-849f-2ba799575be5/Chevron/,False,,,
CI,Cigna,cdp_pdf,https://www.thecignagroup.com/static/www-thecignagroup-com/docs/cdp-report-questionnaire.pdf,16559.0,78130.0,23453.0,12/31/2019,16671.0,247121000000.0,new,,True,Committed,,,,,,,,2024-05-02 01:00:00,False,,,,,False,False,False,,,,,,,,,,,True,CIGNA,Insurance,247121.0,73500.0,60.0,12.0,-5.1,0.7,-2.2,0.7,-1.2,-1.4,13.2,-2.1,17.2,-4.9,2.8,Scarce human capital 199k scarce worker years,Physical diseases 2.71M life years,https://uprightplatform.com/company/43769174-532f-4aad-84a6-2745984ced39/Cigna/,False,,,
CSCO,Cisco,cdp_pdf,https://www.cisco.com/c/dam/m/en_us/about/csr/esg-hub/_pdf/2024-Cisco-CDP-Climate-Change-Response.pdf,39514.0,567637.0,81806.0,,,,new,,False,,,,,,,,,,False,,,,,False,False,False,,,,,,,,,,,True,CISCO SYSTEMS,Computer Hardware,53161.0,84900.0,45.0,26.0,-4.1,0.3,-1.9,0.2,-0.5,-0.3,10.7,-0.9,1.6,-5.2,6.7,Scarce human capital 45.5k scarce worker years,Taxes 52.5M days of primary education,https://uprightplatform.com/company/31d43c04-a2db-4499-97e8-c5a565c4a966/Cisco%20Systems/,False,,,
CHD,Church & Dwight,cdp_pdf,https://churchdwight.com/pdf/Sustainability/2024-Church-Dwight-CDP-Response.pdf,89596.0,64354.0,13546.0,12/31/2016,81240.0,5867900000.0,new,,True,Targets set,1.5°C,2031.0,,,,,"Church & Dwight commits to reduce absolute scope 1 and 2 GHG emissions 46.2% by 2031 from a 2020 base year. Church & Dwight commits to continue annually sourcing 100% renewable electricity through 2030. Church & Dwight commits that 75% of its suppliers by emissions covering purchased goods and services, capital goods, and upstream transportation and distribution will have science-based targets by 2026.",2022-08-04 01:00:00,False,,,,,False,False,False,,,,,,,,,,,True,CHURCH & DWIGHT,,6203.2,5750.0,-4.0,69.0,-11.4,0.4,-5.0,0.3,-2.1,-0.3,7.0,-2.2,8.1,-2.2,0.0,,,https://uprightplatform.com/company/0fb2608c-ae19-48f2-8459-2dfb6549155a/Church%20%26%20Dwight/,False,,,
CMG,Chipotle Mexican Grill,none,,,,,,,,,no_public_report_found,True,Targets set,1.5°C,2030.0,,,,,Chipotle Mexican Grill commits to reduce absolute scope 1 and 2 GHG emissions 50% by 2030 from a 2019 base year. Chipotle Mexican Grill also commits to reduce absolute scope 3 GHG emissions 50% within the same timeframe.,2021-11-04 01:00:00,False,,,,,True,True,True,111234.4,median_model_revenue+employees,sector:Consumer Discretionary,21,"Tier 2 Scope 1 ESTIMATE (LSEG median-model style), NOT a disclosure -- see pipeline/tier2_estimation/estimate_tier2.py. Peer group: sector = 'Consumer Discretionary' (21 Tier 1 peers with a real Scope 1 value, floor=5). Revenue-based: median peer Scope 1 tCO2e/$ revenue (3.71647e-06) x this company's revenue ($12,423,758,848) = 46,173 tCO2e. Employee-based: median peer Scope 1 tCO2e/employee (1.25926) x this company's employee count (140,000) = 176,296 tCO2e. Final estimate is the average of the available method(s): 111,234 tCO2e.",166693.9,median_model_revenue+employees,sector:Consumer Discretionary,18,"Tier 2 Scope 2 ESTIMATE (LSEG median-model style), NOT a disclosure -- see pipeline/tier2_estimation/estimate_tier2.py. Peer group: sector = 'Consumer Discretionary' (18 Tier 1 peers with a real Scope 2 value, floor=5). Revenue-based: median peer Scope 2 tCO2e/$ revenue (6.64506e-06) x this company's revenue ($12,423,758,848) = 82,557 tCO2e. Employee-based: median peer Scope 2 tCO2e/employee (1.79165) x this company's employee count (140,000) = 250,831 tCO2e. Final estimate is the average of the available method(s): 166,694 tCO2e.",True,CHIPOTLE MEXICAN GRILL,,11925.6,116068.0,-56.0,89.0,-15.8,0.7,-5.2,0.5,-2.8,-0.4,9.9,-17.1,11.7,-1.6,0.0,,,https://uprightplatform.com/company/9ffcae30-5d8e-46e7-a32d-9f58c1a41aeb/Chipotle%20Mexican%20Grill/,False,,,
CIEN,Ciena,sustainability_report,https://www.ciena.com/__data/assets/pdf_file/0026/70973/Ciena-Sustainability-Report.pdf,,,,,,,,download_error: 403 Client Error: Forbidden for url: https://www.ciena.com/__data/assets/pdf_file/0026/70973/Ciena-Sustainability-Report.pdf,True,Targets set,1.5°C,FY2030,,,,,"Multinational networking systems, services and software company Ciena Corporation commits to reduce absolute scope 1 and 2 GHG emissions 80.6% by FY2030 from a FY2019 base year. Ciena Corporation also commits to reduce scope 3 GHG emissions 71.3% per capacity shipped in Gbps within the same timeframe.",2023-08-31 01:00:00,False,,,,,True,True,True,4515.2,median_model_revenue+employees,sector:Information Technology,37,"Tier 2 Scope 1 ESTIMATE (LSEG median-model style), NOT a disclosure -- see pipeline/tier2_estimation/estimate_tier2.py. Peer group: sector = 'Information Technology' (37 Tier 1 peers with a real Scope 1 value, floor=5). Revenue-based: median peer Scope 1 tCO2e/$ revenue (6.23987e-07) x this company's revenue ($6,020,894,208) = 3,757 tCO2e. Employee-based: median peer Scope 1 tCO2e/employee (0.592647) x this company's employee count (8,898) = 5,273 tCO2e. Final estimate is the average of the available method(s): 4,515 tCO2e.",13499.7,median_model_revenue+employees,sector:Information Technology,29,"Tier 2 Scope 2 ESTIMATE (LSEG median-model style), NOT a disclosure -- see pipeline/tier2_estimation/estimate_tier2.py. Peer group: sector = 'Information Technology' (29 Tier 1 peers with a real Scope 2 value, floor=5). Revenue-based: median peer Scope 2 tCO2e/$ revenue (2.34945e-06) x this company's revenue ($6,020,894,208) = 14,146 tCO2e. Employee-based: median peer Scope 2 tCO2e/employee (1.44455) x this company's employee count (8,898) = 12,854 tCO2e. Final estimate is the average of the available method(s): 13,500 tCO2e.",True,CIENA,,5124.29,8898.0,42.0,29.0,-5.4,0.4,-2.3,0.3,-0.7,-0.2,12.0,-1.9,1.3,-5.1,8.3,,,https://uprightplatform.com/company/7493d554-d52e-4b16-8cd0-e060af878e6d/Ciena/,False,,,
CB,Chubb Limited,sustainability_report,https://about.chubb.com/content/dam/chubb-sites/chubb/about-chubb/citizenship/environment/pdf/chubb-2024-climate-related-financial-disclosure.pdf,,,,,,,False,no_fields_extracted,False,,,,,,,,,,False,,,,,True,True,True,23634.1,median_model_revenue+employees,sector:Financials,21,"Tier 2 Scope 1 ESTIMATE (LSEG median-model style), NOT a disclosure -- see pipeline/tier2_estimation/estimate_tier2.py. Peer group: sector = 'Financials' (21 Tier 1 peers with a real Scope 1 value, floor=5). Revenue-based: median peer Scope 1 tCO2e/$ revenue (5.36817e-07) x this company's revenue ($61,895,999,488) = 33,227 tCO2e. Employee-based: median peer Scope 1 tCO2e/employee (0.312029) x this company's employee count (45,000) = 14,041 tCO2e. Final estimate is the average of the available method(s): 23,634 tCO2e.",11956.6,median_model_revenue+employees,sector:Financials,17,"Tier 2 Scope 2 ESTIMATE (LSEG median-model style), NOT a disclosure -- see pipeline/tier2_estimation/estimate_tier2.py. Peer group: sector = 'Financials' (17 Tier 1 peers with a real Scope 2 value, floor=5). Revenue-based: median peer Scope 2 tCO2e/$ revenue (1.98278e-07) x this company's revenue ($61,895,999,488) = 12,273 tCO2e. Employee-based: median peer Scope 2 tCO2e/employee (0.25868) x this company's employee count (45,000) = 11,641 tCO2e. Final estimate is the average of the available method(s): 11,957 tCO2e.",True,CHUBB,Insurance,57213.0,43000.0,-4.0,69.0,-3.1,0.2,-1.6,0.1,-0.4,-0.7,6.3,-0.5,1.9,-4.5,0.1,Scarce human capital 42.2k scarce worker years,Societal infrastructure 40.8M long-haul train rides,https://uprightplatform.com/company/7453a47e-3033-4b87-b41d-c7690747005f/Chubb/,False,,,
CINF,Cincinnati Financial,sustainability_report,https://investors.cinfin.com/image/CINF+2024+Sustainability+Report+FINAL.pdf,,,,,,,False,no_fields_extracted,False,,,,,,,,,,False,,,,,True,True,True,4635.4,median_model_revenue+employees,sector:Financials,21,"Tier 2 Scope 1 ESTIMATE (LSEG median-model style), NOT a disclosure -- see pipeline/tier2_estimation/estimate_tier2.py. Peer group: sector = 'Financials' (21 Tier 1 peers with a real Scope 1 value, floor=5). Revenue-based: median peer Scope 1 tCO2e/$ revenue (5.36817e-07) x this company's revenue ($13,953,999,872) = 7,491 tCO2e. Employee-based: median peer Scope 1 tCO2e/employee (0.312029) x this company's employee count (5,705) = 1,780 tCO2e. Final estimate is the average of the available method(s): 4,635 tCO2e.",2121.3,median_model_revenue+employees,sector:Financials,17,"Tier 2 Scope 2 ESTIMATE (LSEG median-model style), NOT a disclosure -- see pipeline/tier2_estimation/estimate_tier2.py. Peer group: sector = 'Financials' (17 Tier 1 peers with a real Scope 2 value, floor=5). Revenue-based: median peer Scope 2 tCO2e/$ revenue (1.98278e-07) x this company's revenue ($13,953,999,872) = 2,767 tCO2e. Employee-based: median peer Scope 2 tCO2e/employee (0.25868) x this company's employee count (5,705) = 1,476 tCO2e. Final estimate is the average of the available method(s): 2,121 tCO2e.",True,CINCINNATI FINANCIAL,,11672.0,5624.0,-16.0,75.0,-4.8,0.3,-2.5,0.2,-0.8,-0.6,7.6,-0.8,1.0,-4.2,0.1,,,https://uprightplatform.com/company/25d24cdb-3d96-4301-b256-8c8c2d8238ca/Cincinnati%20Financial/,False,,,
C,Citigroup,sustainability_report,https://www.citigroup.com/rcs/citigpa/storage/public/2023-Citi-Climate-Report.pdf,,,,,,,False,no_fields_extracted,False,,,,,,,,,,True,62,electricity-generation,AUS;CHL;CZE;DEU;FIN;GBR;GHA;IDN;MEX;MLI;MYS;SAU;TUR;URY;USA,7.9,True,True,True,56099.4,median_model_revenue+employees,sector:Financials,21,"Tier 2 Scope 1 ESTIMATE (LSEG median-model style), NOT a disclosure -- see pipeline/tier2_estimation/estimate_tier2.py. Peer group: sector = 'Financials' (21 Tier 1 peers with a real Scope 1 value, floor=5). Revenue-based: median peer Scope 1 tCO2e/$ revenue (5.36817e-07) x this company's revenue ($81,711,996,928) = 43,864 tCO2e. Employee-based: median peer Scope 1 tCO2e/employee (0.312029) x this company's employee count (219,000) = 68,334 tCO2e. Final estimate is the average of the available method(s): 56,099 tCO2e.",36426.4,median_model_revenue+employees,sector:Financials,17,"Tier 2 Scope 2 ESTIMATE (LSEG median-model style), NOT a disclosure -- see pipeline/tier2_estimation/estimate_tier2.py. Peer group: sector = 'Financials' (17 Tier 1 peers with a real Scope 2 value, floor=5). Revenue-based: median peer Scope 2 tCO2e/$ revenue (1.98278e-07) x this company's revenue ($81,711,996,928) = 16,202 tCO2e. Employee-based: median peer Scope 2 tCO2e/employee (0.25868) x this company's employee count (219,000) = 56,651 tCO2e. Final estimate is the average of the available method(s): 36,426 tCO2e.",True,CITIGROUP,Financial Services,170757.0,239000.0,16.0,53.0,-1.8,0.2,-0.9,0.1,-0.2,-0.3,7.4,-0.2,0.6,-5.5,1.2,Scarce human capital 155k scarce worker years,Societal infrastructure 186M long-haul train rides,https://uprightplatform.com/company/db6cbfea-3c91-43b7-9638-3fcefd683956/Citigroup/,False,,,
CTAS,Cintas,sustainability_report,https://www.cintas.com/docs/default-source/esg/cintas_fact_sheet_2025-v2.pdf?sfvrsn=49ceb06d_1,,,,,,,False,no_fields_extracted,False,,,,,,,,,,False,,,,,True,True,True,137714.4,median_model_revenue+employees,sector:Industrials,40,"Tier 2 Scope 1 ESTIMATE (LSEG median-model style), NOT a disclosure -- see pipeline/tier2_estimation/estimate_tier2.py. Peer group: sector = 'Industrials' (40 Tier 1 peers with a real Scope 1 value, floor=5). Revenue-based: median peer Scope 1 tCO2e/$ revenue (6.94524e-06) x this company's revenue ($11,264,760,832) = 78,236 tCO2e. Employee-based: median peer Scope 1 tCO2e/employee (4.09963) x this company's employee count (48,100) = 197,192 tCO2e. Final estimate is the average of the available method(s): 137,714 tCO2e.",137449.2,median_model_revenue+employees,sector:Industrials,28,"Tier 2 Scope 2 ESTIMATE (LSEG median-model style), NOT a disclosure -- see pipeline/tier2_estimation/estimate_tier2.py. Peer group: sector = 'Industrials' (28 Tier 1 peers with a real Scope 2 value, floor=5). Revenue-based: median peer Scope 2 tCO2e/$ revenue (9.89188e-06) x this company's revenue ($11,264,760,832) = 111,430 tCO2e. Employee-based: median peer Scope 2 tCO2e/employee (3.39852) x this company's employee count (48,100) = 163,469 tCO2e. Final estimate is the average of the available method(s): 137,449 tCO2e.",True,CINTAS,Corporate Services,9940.48,46500.0,39.0,33.0,-10.9,1.1,-4.8,0.6,-1.6,-0.7,16.2,-1.7,6.8,-1.8,0.6,GHG emissions 1.15M tons of GHG emissions,Jobs 82.1k direct or indirect jobs,https://uprightplatform.com/company/e274b108-1cfa-49aa-aefc-d2a9c315196f/Cintas/,False,,,
CFG,Citizens Financial Group,sustainability_report,https://www.citizensbank.com/dam/aefa1c17-9029-4112-bd12-b47401546cb7/2025-sustainability-impact-report-original-file.pdf,,,,,,,False,no_fields_extracted,False,,,,,,,,,,False,,,,,True,True,True,4956.1,median_model_revenue+employees,sector:Financials,21,"Tier 2 Scope 1 ESTIMATE (LSEG median-model style), NOT a disclosure -- see pipeline/tier2_estimation/estimate_tier2.py. Peer group: sector = 'Financials' (21 Tier 1 peers with a real Scope 1 value, floor=5). Revenue-based: median peer Scope 1 tCO2e/$ revenue (5.36817e-07) x this company's revenue ($8,160,999,936) = 4,381 tCO2e. Employee-based: median peer Scope 1 tCO2e/employee (0.312029) x this company's employee count (17,727) = 5,531 tCO2e. Final estimate is the average of the available method(s): 4,956 tCO2e.",3101.9,median_model_revenue+employees,sector:Financials,17,"Tier 2 Scope 2 ESTIMATE (LSEG median-model style), NOT a disclosure -- see pipeline/tier2_estimation/estimate_tier2.py. Peer group: sector = 'Financials' (17 Tier 1 peers with a real Scope 2 value, floor=5). Revenue-based: median peer Scope 2 tCO2e/$ revenue (1.98278e-07) x this company's revenue ($8,160,999,936) = 1,618 tCO2e. Employee-based: median peer Scope 2 tCO2e/employee (0.25868) x this company's employee count (17,727) = 4,586 tCO2e. Final estimate is the average of the available method(s): 3,102 tCO2e.",True,CITIZENS FINANCIAL,,8224.0,17354.0,30.0,42.0,-4.0,0.2,-2.3,0.1,-0.5,-0.5,11.3,-1.1,2.1,-5.1,1.7,,,https://uprightplatform.com/company/72551a59-58f5-4f49-82cd-780b6e719a11/Citizens%20Financial/,False,,,
CMS,CMS Energy,cdp_pdf,https://s26.q4cdn.com/888045447/files/doc_downloads/2024-CDP-Corporate-Questionnaire.pdf,14834761.0,62125.0,65076.0,12/31/2014,20132836.0,,new,,False,,,,,,,,,,True,16,electricity-generation,USA,89.6,False,False,False,,,,,,,,,,,True,CMS ENERGY,,8017.0,8324.0,-11.0,73.0,-28.9,6.2,-16.5,5.2,-4.4,-1.5,25.5,-2.6,0.5,-3.5,0.6,,,https://uprightplatform.com/company/b976fa0b-078b-43db-a445-e9c2c288d894/CMS%20Energy/,False,,,
KO,Coca-Cola Company (The),cdp_pdf,https://www.coca-colacompany.com/content/dam/company/us/en/policies/pdf/sustainability/2023-cdp-climate-change-response.pdf,533906.0,890400.0,716045.0,,,,old,,False,,,,,,,,,,False,,,,,False,False,False,,,,,,,,,,,True,COCA-COLA COMPANY,Food and Beverage,47061.0,69700.0,-227.0,100.0,-15.6,0.3,-5.8,0.2,-2.9,-0.1,6.3,-16.6,3.9,-1.8,0.0,Physical diseases 605k life years,Taxes 29.2M days of primary education,https://uprightplatform.com/company/542259b1-75ad-4c9b-88c1-24c3623d7155/Coca-Cola%20Company/,False,,,
CTSH,Cognizant,cdp_pdf,https://www.cognizant.com/en_us/about/documents/cognizant-2024-cdp-survey.pdf,15789.0,315544.0,249773.0,12/31/2019,15789.0,19353000000.0,new,,False,,,,,,,,,,False,,,,,False,False,False,,,,,,,,,,,False,,,21642.0,356700,27.0,44.0,-6.5,0.4,-2.8,0.3,-0.8,-0.3,10.5,-1.2,1.2,-4.4,4.7,,,,True,sector:Information Technology,65,"PROXY ESTIMATE, not real Upright data -- see pipeline/upright/estimate_upright_gaps.py. Peer group: sector = 'Information Technology' (65 real Upright-covered peers, floor=5). Each cents-per-dollar-of-revenue figure is the MEDIAN of that peer group's real Upright values for the same metric -- a crude industry-average proxy, not Upright's own company-specific modeling. Revenue/employee figures are this company's own real data (from yfinance), not estimated."
CL,Colgate-Palmolive,cdp_pdf,https://www.colgatepalmolive.com/content/dam/cp-sites-aem/corporate/corporate/common/pdf/cdp-climate-2023.pdf,195700.0,369000.0,225400.0,,,,old,,False,,,,,,,,,,False,,,,,False,False,False,,,,,,,,,,,True,COLGATE-PALMOLIVE,Consumer Product Manufacturing,,,12.0,,,,,,,,,,,,,GHG emissions 2.72M tons of GHG emissions,Physical diseases 160k life years,https://uprightplatform.com/company/43570f21-cf1f-456f-816d-b331d1ce86c2/Colgate-Palmolive/,False,,,
COHR,Coherent Corp.,cdp_pdf,https://www.coherent.com/resources/coherent/about-us/environmental/coherent-corp-cdp-climate-change-questionnaire.pdf,55254.0,304709.0,223817.0,,,,old,,False,,,,,,,,,,False,,,,,False,False,False,,,,,,,,,,,True,COHERENT,,6043.36,30216.0,12.0,57.0,-9.2,1.2,-4.0,0.8,-1.3,-0.3,10.4,-1.5,1.3,-2.8,2.9,,,https://uprightplatform.com/company/0885467f-4c2a-4922-bd98-2dd2f9850371/Coherent/,False,,,
CLX,Clorox,cdp_pdf,https://cdn.metrio.net/clients/clorox/Clorox%20Company-03-10-2025-CORPORATE-12-25.pdf,69998.0,149168.0,19729.0,12/31/2020,74437.0,7164000000.0,new,,True,Targets set,1.5°C,2030.0,,,Commitment removed,,The Clorox Company commits to reduce absolute scope 1 and 2 GHG emissions 50% by 2030 from a 2020 base year*. The Clorox Company also commits to reduce absolute scope 3 GHG emissions from purchased goods and services and use of sold products 25% over the same timeframe. *The target boundary includes biogenic emissions and removals from bioenergy feedstocks.,2021-09-23 01:00:00,False,,,,,False,False,False,,,,,,,,,,,True,CLOROX,,7104.0,7600.0,-31.0,81.0,-12.4,0.6,-5.4,0.3,-2.2,-0.5,6.8,-2.9,6.0,-1.8,0.0,,,https://uprightplatform.com/company/ea8157d5-9821-40c0-ac35-9fc06a5d9dd8/Clorox/,False,,,
CME,CME Group,sustainability_report,https://www.cmegroup.com/company/corporate-citizenship/files/2024-cme-group-corporate-citizenship-report.pdf,,,,,,,False,no_fields_extracted,False,,,,,,,,,,False,,,,,True,True,True,2418.2,median_model_revenue+employees,sector:Financials,21,"Tier 2 Scope 1 ESTIMATE (LSEG median-model style), NOT a disclosure -- see pipeline/tier2_estimation/estimate_tier2.py. Peer group: sector = 'Financials' (21 Tier 1 peers with a real Scope 1 value, floor=5). Revenue-based: median peer Scope 1 tCO2e/$ revenue (5.36817e-07) x this company's revenue ($6,757,199,872) = 3,627 tCO2e. Employee-based: median peer Scope 1 tCO2e/employee (0.312029) x this company's employee count (3,875) = 1,209 tCO2e. Final estimate is the average of the available method(s): 2,418 tCO2e.",1171.1,median_model_revenue+employees,sector:Financials,17,"Tier 2 Scope 2 ESTIMATE (LSEG median-model style), NOT a disclosure -- see pipeline/tier2_estimation/estimate_tier2.py. Peer group: sector = 'Financials' (17 Tier 1 peers with a real Scope 2 value, floor=5). Revenue-based: median peer Scope 2 tCO2e/$ revenue (1.98278e-07) x this company's revenue ($6,757,199,872) = 1,340 tCO2e. Employee-based: median peer Scope 2 tCO2e/employee (0.25868) x this company's employee count (3,875) = 1,002 tCO2e. Final estimate is the average of the available method(s): 1,171 tCO2e.",True,CME,Financial Services,10818.4,3760.0,-18.0,76.0,-4.2,0.2,-2.1,0.1,-0.6,-0.6,6.8,-0.9,1.6,-6.1,1.5,Scarce human capital 10.7k scarce worker years,Taxes 6.22M days of primary education,https://uprightplatform.com/company/6363b89a-6c90-4a2e-aef4-f88e6a64530c/CME/,False,,,
COIN,Coinbase,none,,,,,,,,,no_public_report_found,False,,,,,,,,,,False,,,,,True,True,True,2394.6,median_model_revenue+employees,sector:Financials,21,"Tier 2 Scope 1 ESTIMATE (LSEG median-model style), NOT a disclosure -- see pipeline/tier2_estimation/estimate_tier2.py. Peer group: sector = 'Financials' (21 Tier 1 peers with a real Scope 1 value, floor=5). Revenue-based: median peer Scope 1 tCO2e/$ revenue (5.36817e-07) x this company's revenue ($6,043,752,960) = 3,244 tCO2e. Employee-based: median peer Scope 1 tCO2e/employee (0.312029) x this company's employee count (4,951) = 1,545 tCO2e. Final estimate is the average of the available method(s): 2,395 tCO2e.",1239.5,median_model_revenue+employees,sector:Financials,17,"Tier 2 Scope 2 ESTIMATE (LSEG median-model style), NOT a disclosure -- see pipeline/tier2_estimation/estimate_tier2.py. Peer group: sector = 'Financials' (17 Tier 1 peers with a real Scope 2 value, floor=5). Revenue-based: median peer Scope 2 tCO2e/$ revenue (1.98278e-07) x this company's revenue ($6,043,752,960) = 1,198 tCO2e. Employee-based: median peer Scope 2 tCO2e/employee (0.25868) x this company's employee count (4,951) = 1,281 tCO2e. Final estimate is the average of the available method(s): 1,240 tCO2e.",False,,,6043.8,4951,23.0,48.0,-1.95,0.15000000000000002,-0.9500000000000001,0.1,-0.25,-0.6,6.85,-0.4,0.9500000000000001,-6.05,3.55,,,,True,sub_industry:Financial Exchanges & Data,8,"PROXY ESTIMATE, not real Upright data -- see pipeline/upright/estimate_upright_gaps.py. Peer group: sub_industry = 'Financial Exchanges & Data' (8 real Upright-covered peers, floor=5). Each cents-per-dollar-of-revenue figure is the MEDIAN of that peer group's real Upright values for the same metric -- a crude industry-average proxy, not Upright's own company-specific modeling. Revenue/employee figures are this company's own real data (from yfinance), not estimated."
CMCSA,Comcast,sustainability_report,https://cmcsa.gcs-web.com/static-files/7f30a3ff-a4e8-4ea5-8968-3470cb2466e2,,,,,,,,"download_error: HTTPSConnectionPool(host='cmcsa.gcs-web.com', port=443): Read timed out. (read timeout=30)",True,Targets set,1.5°C,2030.0,,,,,"Near-Term Targets: 
Comcast commits to reduce absolute scope 1 and 2 GHG emissions 50% by 2030 from a 2019 base year.* Comcast also commits to reduce absolute scope 3 GHG emissions from fuel- and energy-related activities, business travel, employee commuting, use of sold products and downstream leased assets 27.5% within the same timeframe.* Comcast further commits that 36% of its suppliers by emissions covering purchased goods and services, capital goods, upstream transportation and distribution, waste generated in operations and upstream leased assets, will have science-based targets by 2029.
*The target boundary includes land-related emissions and removals from bioenergy feedstocks. ",2025-04-24 01:00:00,False,,,,,True,True,True,139651.7,median_model_revenue+employees,sector:Communication Services,6,"Tier 2 Scope 1 ESTIMATE (LSEG median-model style), NOT a disclosure -- see pipeline/tier2_estimation/estimate_tier2.py. Peer group: sector = 'Communication Services' (6 Tier 1 peers with a real Scope 1 value, floor=5). Revenue-based: median peer Scope 1 tCO2e/$ revenue (6.73153e-07) x this company's revenue ($124,903,997,440) = 84,080 tCO2e. Employee-based: median peer Scope 1 tCO2e/employee (1.09064) x this company's employee count (179,000) = 195,224 tCO2e. Final estimate is the average of the available method(s): 139,652 tCO2e.",662303.8,median_model_revenue+employees,sector:Communication Services,6,"Tier 2 Scope 2 ESTIMATE (LSEG median-model style), NOT a disclosure -- see pipeline/tier2_estimation/estimate_tier2.py. Peer group: sector = 'Communication Services' (6 Tier 1 peers with a real Scope 2 value, floor=5). Revenue-based: median peer Scope 2 tCO2e/$ revenue (5.2889e-06) x this company's revenue ($124,903,997,440) = 660,605 tCO2e. Employee-based: median peer Scope 2 tCO2e/employee (3.70951) x this company's employee count (179,000) = 664,003 tCO2e. Final estimate is the average of the available method(s): 662,304 tCO2e.",True,COMCAST,Telecommunications,123731.0,182000.0,37.0,35.0,-4.9,0.4,-2.4,0.3,-0.5,-0.2,12.1,-4.5,3.9,-4.5,6.1,Scarce human capital 90.9k scarce worker years,Taxes 132M days of primary education,https://uprightplatform.com/company/89f6d844-6307-49dd-a145-1ad5714daa13/Comcast/,False,,,
FIX,Comfort Systems USA,sustainability_report,https://comfortsystemsusa.com/wp-content/uploads/CSUSA_Sustainability_Report_2024_.pdf,,,,,,,,download_error: 403 Client Error: Forbidden for url: https://comfortsystemsusa.com/wp-content/uploads/CSUSA_Sustainability_Report_2024_.pdf,False,,,,,,,,,,False,,,,,True,True,True,85521.5,median_model_revenue+employees,sector:Industrials,40,"Tier 2 Scope 1 ESTIMATE (LSEG median-model style), NOT a disclosure -- see pipeline/tier2_estimation/estimate_tier2.py. Peer group: sector = 'Industrials' (40 Tier 1 peers with a real Scope 1 value, floor=5). Revenue-based: median peer Scope 1 tCO2e/$ revenue (6.94524e-06) x this company's revenue ($11,228,023,808) = 77,981 tCO2e. Employee-based: median peer Scope 1 tCO2e/employee (4.09963) x this company's employee count (22,700) = 93,062 tCO2e. Final estimate is the average of the available method(s): 85,521 tCO2e.",94106.3,median_model_revenue+employees,sector:Industrials,28,"Tier 2 Scope 2 ESTIMATE (LSEG median-model style), NOT a disclosure -- see pipeline/tier2_estimation/estimate_tier2.py. Peer group: sector = 'Industrials' (28 Tier 1 peers with a real Scope 2 value, floor=5). Revenue-based: median peer Scope 2 tCO2e/$ revenue (9.89188e-06) x this company's revenue ($11,228,023,808) = 111,066 tCO2e. Employee-based: median peer Scope 2 tCO2e/employee (3.39852) x this company's employee count (22,700) = 77,146 tCO2e. Final estimate is the average of the available method(s): 94,106 tCO2e.",True,COMFORT SYSTEMS USA,,3879.26,14100.0,32.0,40.0,-11.3,2.1,-6.1,1.4,-1.5,-0.5,16.5,-1.6,2.7,-1.8,1.1,,,https://uprightplatform.com/company/716ba5a0-3547-43de-a658-898daad9c442/Comfort%20Systems%20Usa/,False,,,
COP,ConocoPhillips,cdp_pdf,https://static.conocophillips.com/files/resources/conocophillips-2024-cdp.pdf,16432000.0,1001000.0,,,,58574000000.0,new,,False,,,,,,,,,,True,1,electricity-generation,USA,,False,False,False,,,,,,,,,,,True,CONOCOPHILLIPS,Energy and Environmental,56953.0,11800.0,-112.0,97.0,-32.6,0.7,-18.4,0.5,-5.7,-4.2,17.5,-4.3,0.4,-2.8,2.0,GHG emissions 25.1M tons of GHG emissions,Societal infrastructure 168M long-haul train rides,https://uprightplatform.com/company/40ff0fbd-fac1-4548-bbca-4ac3e68eb1f9/ConocoPhillips/,False,,,
ED,Consolidated Edison,epa_ghgrp,,2463230.61,,,,,,,"EPA GHGRP 2023 Direct Emitters, matched via parent company 'CONSOLIDATED EDISON INC' (5 facilities). Scope 1 (direct/on-site) only -- GHGRP does not cover Scope 2. Prior attempt: data_source=none, report_url=n/a, notes=no_public_report_found",False,,,,,,,,,,True,4,electricity-generation,USA,100.0,True,False,True,,,,,,191926.8,median_model_revenue+employees,sector:Utilities,10,"Tier 2 Scope 2 ESTIMATE (LSEG median-model style), NOT a disclosure -- see pipeline/tier2_estimation/estimate_tier2.py. Peer group: sector = 'Utilities' (10 Tier 1 peers with a real Scope 2 value, floor=5). Revenue-based: median peer Scope 2 tCO2e/$ revenue (9.6601e-06) x this company's revenue ($17,688,999,936) = 170,877 tCO2e. Employee-based: median peer Scope 2 tCO2e/employee (13.8233) x this company's employee count (15,407) = 212,976 tCO2e. Final estimate is the average of the available method(s): 191,927 tCO2e.",False,,,17689.0,15407,0.0,66.5,-26.15,6.45,-14.95,5.5,-3.75,-1.25,25.2,-2.6,0.45,-3.3499999999999996,0.55,,,,True,sub_industry:Multi-Utilities,10,"PROXY ESTIMATE, not real Upright data -- see pipeline/upright/estimate_upright_gaps.py. Peer group: sub_industry = 'Multi-Utilities' (10 real Upright-covered peers, floor=5). Each cents-per-dollar-of-revenue figure is the MEDIAN of that peer group's real Upright values for the same metric -- a crude industry-average proxy, not Upright's own company-specific modeling. Revenue/employee figures are this company's own real data (from yfinance), not estimated."
STZ,Constellation Brands,none,,,,,,,,,no_public_report_found,False,,,,,,,,,,False,,,,,True,True,True,83459.2,median_model_revenue+employees,sector:Consumer Staples,24,"Tier 2 Scope 1 ESTIMATE (LSEG median-model style), NOT a disclosure -- see pipeline/tier2_estimation/estimate_tier2.py. Peer group: sector = 'Consumer Staples' (24 Tier 1 peers with a real Scope 1 value, floor=5). Revenue-based: median peer Scope 1 tCO2e/$ revenue (1.05335e-05) x this company's revenue ($9,056,700,416) = 95,399 tCO2e. Employee-based: median peer Scope 1 tCO2e/employee (7.60848) x this company's employee count (9,400) = 71,520 tCO2e. Final estimate is the average of the available method(s): 83,459 tCO2e.",24208.6,median_model_revenue+employees,sector:Consumer Staples,16,"Tier 2 Scope 2 ESTIMATE (LSEG median-model style), NOT a disclosure -- see pipeline/tier2_estimation/estimate_tier2.py. Peer group: sector = 'Consumer Staples' (16 Tier 1 peers with a real Scope 2 value, floor=5). Revenue-based: median peer Scope 2 tCO2e/$ revenue (2.81277e-06) x this company's revenue ($9,056,700,416) = 25,474 tCO2e. Employee-based: median peer Scope 2 tCO2e/employee (2.44072) x this company's employee count (9,400) = 22,943 tCO2e. Final estimate is the average of the available method(s): 24,209 tCO2e.",True,CONSTELLATION BRANDS,Food and Beverage,9383.0,10600.0,-233.0,100.0,-10.5,0.4,-3.7,0.3,-2.2,-0.7,9.4,-54.4,10.5,-1.6,0.0,Physical diseases 223k life years,Taxes 11.1M days of primary education,https://uprightplatform.com/company/cab2055f-bb4d-4c7f-b6da-7e0125715a02/Constellation%20Brands/,False,,,
CEG,Constellation Energy,cdp_pdf,https://www.constellationenergy.com/content/dam/constellationenergy/pdfs/impact/ethics-and-compliance/sustainability-policies/CDP_Questionnaire_Response_Submitted_web.pdf,8237643.0,305471.0,373242.0,12/31/2020,7982743.0,23568000000.0,new,,False,,,,,,,,,,True,79,electricity-generation,CAN;USA,100.0,False,False,False,,,,,,,,,,,True,CONSTELLATION ENERGY,Energy and Environmental,24918.0,13871.0,43.0,29.0,-15.8,12.3,-5.2,9.8,-3.2,-0.6,22.9,-1.2,0.5,-3.1,0.6,GHG emissions 3.11M tons of GHG emissions,Societal infrastructure 111M long-haul train rides,https://uprightplatform.com/company/dbb6f118-1c1d-44a5-a280-3df0c09e6e21/Constellation%20Energy/,False,,,
COO,Cooper Companies,none,,,,,,,,,no_public_report_found,False,,,,,,,,,,False,,,,,True,True,True,21627.8,median_model_revenue+employees,sector:Health Care,25,"Tier 2 Scope 1 ESTIMATE (LSEG median-model style), NOT a disclosure -- see pipeline/tier2_estimation/estimate_tier2.py. Peer group: sector = 'Health Care' (25 Tier 1 peers with a real Scope 1 value, floor=5). Revenue-based: median peer Scope 1 tCO2e/$ revenue (3.54491e-06) x this company's revenue ($4,236,900,096) = 15,019 tCO2e. Employee-based: median peer Scope 1 tCO2e/employee (1.88241) x this company's employee count (15,000) = 28,236 tCO2e. Final estimate is the average of the available method(s): 21,628 tCO2e.",21459.7,median_model_revenue+employees,sector:Health Care,18,"Tier 2 Scope 2 ESTIMATE (LSEG median-model style), NOT a disclosure -- see pipeline/tier2_estimation/estimate_tier2.py. Peer group: sector = 'Health Care' (18 Tier 1 peers with a real Scope 2 value, floor=5). Revenue-based: median peer Scope 2 tCO2e/$ revenue (3.19915e-06) x this company's revenue ($4,236,900,096) = 13,554 tCO2e. Employee-based: median peer Scope 2 tCO2e/employee (1.95766) x this company's employee count (15,000) = 29,365 tCO2e. Final estimate is the average of the available method(s): 21,460 tCO2e.",True,COOPER COMPANIES,,4045.7,16000.0,53.0,19.0,-5.1,0.1,-2.5,,-0.2,-1.8,8.6,-2.5,15.7,-2.1,0.0,,,https://uprightplatform.com/company/d3b9d791-7a83-4880-9ea5-ec6ead76f2c5/Cooper%20Companies/,False,,,
CPRT,Copart,sustainability_report,https://www.copart.com/content/copart-esg-report-2024.pdf,,,,,,,False,no_fields_extracted,False,,,,,,,,,,False,,,,,True,True,True,32407.9,median_model_revenue,sector:Industrials,40,"Tier 2 Scope 1 ESTIMATE (LSEG median-model style), NOT a disclosure -- see pipeline/tier2_estimation/estimate_tier2.py. Peer group: sector = 'Industrials' (40 Tier 1 peers with a real Scope 1 value, floor=5). Revenue-based: median peer Scope 1 tCO2e/$ revenue (6.94524e-06) x this company's revenue ($4,666,208,768) = 32,408 tCO2e. Final estimate is the average of the available method(s): 32,408 tCO2e.",46157.6,median_model_revenue,sector:Industrials,28,"Tier 2 Scope 2 ESTIMATE (LSEG median-model style), NOT a disclosure -- see pipeline/tier2_estimation/estimate_tier2.py. Peer group: sector = 'Industrials' (28 Tier 1 peers with a real Scope 2 value, floor=5). Revenue-based: median peer Scope 2 tCO2e/$ revenue (9.89188e-06) x this company's revenue ($4,666,208,768) = 46,158 tCO2e. Final estimate is the average of the available method(s): 46,158 tCO2e.",True,COPART,,4646.96,11700.0,-19.0,76.0,-20.0,2.2,-10.5,1.5,-4.4,-0.3,18.1,-5.9,1.8,-3.5,3.1,,,https://uprightplatform.com/company/cdf49235-cef4-4943-ae48-c1c637803625/Copart/,False,,,
GLW,Corning Inc.,cdp_pdf,https://www.corning.com/media/worldwide/Sustainability/Files/Corning_Incorporated_2024_CDP_Response_Final.pdf,727468.17,3214098.37,3103859.15,12/31/2021,821477.38,12588000000.0,new,,True,Targets set,1.5°C,2028.0,,,,,"Corning Incorporated commits to reduce absolute scope 1 and 2 GHG
emissions 30% by 2028 from a 2021 base year. Corning Incorporated also
commits to reduce absolute scope 3 GHG emissions covering purchased
goods and services, capital goods, fuel and energy related activities and
upstream transportation and distribution 17.5% within the same
timeframe.",2023-09-21 01:00:00,False,,,,,False,False,False,,,,,,,,,,,True,CORNING,Industrial Manufacturing and Services,15629.0,56300.0,8.0,61.0,-10.8,1.0,-5.2,0.5,-1.5,-0.4,10.5,-1.4,2.4,-2.6,2.5,GHG emissions 1.93M tons of GHG emissions,Taxes 11.8M days of primary education,https://uprightplatform.com/company/488bf5b4-f546-4295-9ef3-e985fb482b91/Corning/,False,,,
CPAY,Corpay,none,,,,,,,,,no_public_report_found,False,,,,,,,,,,False,,,,,True,True,True,3188.5,median_model_revenue+employees,sector:Financials,21,"Tier 2 Scope 1 ESTIMATE (LSEG median-model style), NOT a disclosure -- see pipeline/tier2_estimation/estimate_tier2.py. Peer group: sector = 'Financials' (21 Tier 1 peers with a real Scope 1 value, floor=5). Revenue-based: median peer Scope 1 tCO2e/$ revenue (5.36817e-07) x this company's revenue ($5,020,502,016) = 2,695 tCO2e. Employee-based: median peer Scope 1 tCO2e/employee (0.312029) x this company's employee count (11,800) = 3,682 tCO2e. Final estimate is the average of the available method(s): 3,189 tCO2e.",2023.9,median_model_revenue+employees,sector:Financials,17,"Tier 2 Scope 2 ESTIMATE (LSEG median-model style), NOT a disclosure -- see pipeline/tier2_estimation/estimate_tier2.py. Peer group: sector = 'Financials' (17 Tier 1 peers with a real Scope 2 value, floor=5). Revenue-based: median peer Scope 2 tCO2e/$ revenue (1.98278e-07) x this company's revenue ($5,020,502,016) = 995 tCO2e. Employee-based: median peer Scope 2 tCO2e/employee (0.25868) x this company's employee count (11,800) = 3,052 tCO2e. Final estimate is the average of the available method(s): 2,024 tCO2e.",True,CORPAY,,3791.64,11200.0,21.0,49.0,-5.7,0.8,-2.8,0.6,-1.0,-0.2,13.2,-0.8,0.3,-5.1,0.8,,,https://uprightplatform.com/company/c6b1ede4-09e9-42df-a4b4-e6b04ca24717/Corpay/,False,,,
CTVA,Corteva,cdp_pdf,https://www.corteva.com/content/dam/dpagco/corteva/global/corporate/files/sustainability/Corteva-CDP-Corporate-Questionnaire-2025.pdf,386476.7,0.0,609078.2,12/31/2020,386000.0,16900000000.0,new,,False,,,,,,,,,,False,,,,,False,False,False,,,,,,,,,,,True,CORTEVA,Chemicals,17226.0,22500.0,14.0,56.0,-16.9,1.2,-5.5,1.0,-2.7,-0.4,7.8,-5.5,19.5,-2.1,0.4,"Biodiversity 4,910,000 square meters of felled forest",Nutrition 12.5bn bananas,https://uprightplatform.com/company/8510d2c2-ba44-48bc-91ac-b7028088227b/Corteva/,False,,,
CSGP,CoStar Group,sustainability_report,https://www.costargroup.com/sites/costargroup.com/files/docs/2024-05/CoStar%20Group-ESG-Report-2024_0.pdf,3139.0,8079.0,8103.0,,,,False,,True,Targets set,1.5°C,2033.0,Targets set,2050.0,Targets set,2050.0,"Overall Net-Zero Target: 
CoStar Group commits to reach net-zero greenhouse gas emissions across the value chain by 2050.
Near-Term Targets: 
CoStar Group commits to reduce absolute scope 1 and 2 GHG emissions 54.6% by 2033 from a 2023 base year. CoStar Group also commits to reduce scope 3 GHG emissions from capital goods 61.1% per USD value added within the same timeframe. CoStar Group further commits that 75.3% of its suppliers by spend covering purchased goods and services will have science-based targets by 2029.
Long-Term Targets: 
CoStar Group commits to reduce absolute scope 1 and 2 GHG emissions 90% by 2050 from a 2023 base year. CoStar Group also commits to reduce scope 3 GHG emissions 97% per USD value added within the same timeframe.",2025-04-24 01:00:00,False,,,,,False,False,False,,,,,,,,,,,True,COSTAR,,2598.93,6593.0,50.0,21.0,-4.7,0.4,-2.3,0.3,-0.4,-0.1,16.3,-0.5,0.7,-4.1,1.2,,,https://uprightplatform.com/company/6fbf5a42-7b64-4498-96a5-04bfa6298fbc/CoStar/,False,,,
COST,Costco,none,,,,,,,,,no_public_report_found,False,,,,,,,,,,False,,,,,True,True,True,2843495.6,median_model_revenue+employees,sector:Consumer Staples,24,"Tier 2 Scope 1 ESTIMATE (LSEG median-model style), NOT a disclosure -- see pipeline/tier2_estimation/estimate_tier2.py. Peer group: sector = 'Consumer Staples' (24 Tier 1 peers with a real Scope 1 value, floor=5). Revenue-based: median peer Scope 1 tCO2e/$ revenue (1.05335e-05) x this company's revenue ($293,586,993,152) = 3,092,500 tCO2e. Employee-based: median peer Scope 1 tCO2e/employee (7.60848) x this company's employee count (341,000) = 2,594,491 tCO2e. Final estimate is the average of the available method(s): 2,843,496 tCO2e.",829039.0,median_model_revenue+employees,sector:Consumer Staples,16,"Tier 2 Scope 2 ESTIMATE (LSEG median-model style), NOT a disclosure -- see pipeline/tier2_estimation/estimate_tier2.py. Peer group: sector = 'Consumer Staples' (16 Tier 1 peers with a real Scope 2 value, floor=5). Revenue-based: median peer Scope 2 tCO2e/$ revenue (2.81277e-06) x this company's revenue ($293,586,993,152) = 825,792 tCO2e. Employee-based: median peer Scope 2 tCO2e/employee (2.44072) x this company's employee count (341,000) = 832,286 tCO2e. Final estimate is the average of the available method(s): 829,039 tCO2e.",True,COSTCO,,254453.0,341000.0,-26.0,79.0,-15.0,0.7,-6.8,0.5,-2.2,-0.6,13.3,-7.8,6.7,-3.5,0.6,,,https://uprightplatform.com/company/f65edd8d-9eac-4122-87ef-ecc19700ef8d/Costco/,False,,,
CRH,CRH plc,sustainability_report,https://www.crh.com/wp-content/uploads/2026/03/crh-2025-sustainability-performance-report_final_interactive.pdf,26897195.0,,,,,,False,,True,Targets set,1.5°C,2030.0,,,,,CRH commits to reduce gross scope 1 and scope 2 GHG emissions 33.5% per tonne of cementitious product by 2030 from a 2021 base year*. CRH also commits to reduce absolute gross scope 1 and 2 GHG emissions from other activities 42.0% by 2030 from a 2021 base year*. CRH further commits to reduce gross scope 3 GHG emissions 23.5% from purchased clinker and cement per tonne purchased over the same timeframe. *The target boundary includes land-related emissions and removals from bioenergy feedstocks.,2023-03-02 01:00:00,False,,,,,True,False,True,,,,,,5717278.2,median_model_revenue+employees,sector:Materials,9,"Tier 2 Scope 2 ESTIMATE (LSEG median-model style), NOT a disclosure -- see pipeline/tier2_estimation/estimate_tier2.py. Peer group: sector = 'Materials' (9 Tier 1 peers with a real Scope 2 value, floor=5). Revenue-based: median peer Scope 2 tCO2e/$ revenue (0.000101463) x this company's revenue ($38,632,001,536) = 3,919,728 tCO2e. Employee-based: median peer Scope 2 tCO2e/employee (90.5052) x this company's employee count (83,032) = 7,514,828 tCO2e. Final estimate is the average of the available method(s): 5,717,278 tCO2e.",True,CRH,,36347.0,79800.0,-49.0,87.0,-20.6,1.2,-10.9,0.8,-2.8,-0.7,14.6,-2.5,1.0,-1.6,0.2,,,https://uprightplatform.com/company/61fec298-6fdf-43eb-9fdd-8c3dfe3c1117/CRH/,False,,,
CRWD,CrowdStrike,none,,,,,,,,,no_public_report_found,True,Targets set,1.5°C,FY2031,,,Commitment removed,,"Near-Term Targets:
CrowdStrike commits to reduce absolute scope 1 and 2 GHG emissions 35.39% by FY2031 from a FY2025 base year.* CrowdStrike also commits to reduce scope 3 GHG emissions from purchased goods and services and business travel 51.6% per USD value added within the same timeframe.

*The target boundary includes land-related emissions and removals from biogenic feedstocks.",2026-07-02 01:00:00,False,,,,,True,True,True,5152.3,median_model_revenue+employees,sector:Information Technology,37,"Tier 2 Scope 1 ESTIMATE (LSEG median-model style), NOT a disclosure -- see pipeline/tier2_estimation/estimate_tier2.py. Peer group: sector = 'Information Technology' (37 Tier 1 peers with a real Scope 1 value, floor=5). Revenue-based: median peer Scope 1 tCO2e/$ revenue (6.23987e-07) x this company's revenue ($5,396,145,152) = 3,367 tCO2e. Employee-based: median peer Scope 1 tCO2e/employee (0.592647) x this company's employee count (11,706) = 6,938 tCO2e. Final estimate is the average of the available method(s): 5,152 tCO2e.",14793.9,median_model_revenue+employees,sector:Information Technology,29,"Tier 2 Scope 2 ESTIMATE (LSEG median-model style), NOT a disclosure -- see pipeline/tier2_estimation/estimate_tier2.py. Peer group: sector = 'Information Technology' (29 Tier 1 peers with a real Scope 2 value, floor=5). Revenue-based: median peer Scope 2 tCO2e/$ revenue (2.34945e-06) x this company's revenue ($5,396,145,152) = 12,678 tCO2e. Employee-based: median peer Scope 2 tCO2e/employee (1.44455) x this company's employee count (11,706) = 16,910 tCO2e. Final estimate is the average of the available method(s): 14,794 tCO2e.",False,,,5396.1,11706,44.0,27.0,-4.1,0.3,-1.8,0.2,-0.5,-0.3,13.0,-1.0,1.7,-6.1,6.4,,,,True,sub_industry:Systems Software,5,"PROXY ESTIMATE, not real Upright data -- see pipeline/upright/estimate_upright_gaps.py. Peer group: sub_industry = 'Systems Software' (5 real Upright-covered peers, floor=5). Each cents-per-dollar-of-revenue figure is the MEDIAN of that peer group's real Upright values for the same metric -- a crude industry-average proxy, not Upright's own company-specific modeling. Revenue/employee figures are this company's own real data (from yfinance), not estimated."
CCI,Crown Castle,sustainability_report,https://www.crowncastle.com/sustainability/resources/2024-sustainability-report.pdf,,,,,,,False,no_fields_extracted,False,,,,,,,,,,False,,,,,True,True,True,14675.5,median_model_revenue+employees,sector:Real Estate,8,"Tier 2 Scope 1 ESTIMATE (LSEG median-model style), NOT a disclosure -- see pipeline/tier2_estimation/estimate_tier2.py. Peer group: sector = 'Real Estate' (8 Tier 1 peers with a real Scope 1 value, floor=5). Revenue-based: median peer Scope 1 tCO2e/$ revenue (5.49255e-06) x this company's revenue ($4,160,999,936) = 22,854 tCO2e. Employee-based: median peer Scope 1 tCO2e/employee (4.331) x this company's employee count (1,500) = 6,497 tCO2e. Final estimate is the average of the available method(s): 14,675 tCO2e.",171878.3,median_model_revenue+employees,sector:Real Estate,7,"Tier 2 Scope 2 ESTIMATE (LSEG median-model style), NOT a disclosure -- see pipeline/tier2_estimation/estimate_tier2.py. Peer group: sector = 'Real Estate' (7 Tier 1 peers with a real Scope 2 value, floor=5). Revenue-based: median peer Scope 2 tCO2e/$ revenue (7.54576e-06) x this company's revenue ($4,160,999,936) = 31,398 tCO2e. Employee-based: median peer Scope 2 tCO2e/employee (208.239) x this company's employee count (1,500) = 312,359 tCO2e. Final estimate is the average of the available method(s): 171,878 tCO2e.",True,CROWN CASTLE,,4842.0,5000.0,14.0,55.0,-16.5,1.4,-8.0,1.0,-1.8,-0.3,18.1,-1.7,1.6,-2.6,3.6,,,https://uprightplatform.com/company/b3283ee3-5405-405d-b747-7ed29a192f94/Crown%20Castle/,False,,,
CSX,CSX Corporation,sustainability_report,https://www.csx.com/share/wwwcsx15/assets/File/About_Us/Responsibility/2024-Sustainability-Data-Supplement.pdf,4259842.0,,138968.0,,,,False,,True,Targets set,Well-below 2°C,2029.0,,,,,CSX commits to reduce scope 1 and 2 GHG emissions intensity 37% per million gross ton miles by 2029 from a 2014 base year.,2020-05-14 01:00:00,False,,,,,False,False,False,,,,,,,,,,,True,CSX,Transportation,15030.0,23000.0,-46.0,86.0,-30.0,3.9,-15.9,3.6,-6.0,-1.2,19.6,-3.6,2.2,-2.9,0.1,GHG emissions 5.72M tons of GHG emissions,Societal infrastructure 42.5M long-haul train rides,https://uprightplatform.com/company/82a32310-78ee-4002-a644-a5444aa432e3/CSX/,False,,,
CMI,Cummins,cdp_pdf,https://www.cummins.com/sites/default/files/2023-08/cummins-2023-cdp-climate-report.pdf,367470.0,532645.0,426216.0,,,,old,,True,Targets set,1.5°C,2030.0,,,,,Power generation design and manufacturers Cummins Inc Cummins Inc commits to reduce absolute scope 1 and 2 GHG emissions 50% by 2030 from a 2018 base year. Cummins Inc also commits to reduce absolute scope 3 GHG emissions from the use of sold products 25% by 2030 from a 2018 base year.,2021-10-14 01:00:00,False,,,,,False,False,False,,,,,,,,,,,True,CUMMINS,Industrial Manufacturing and Services,34102.0,75500.0,-18.0,76.0,-13.9,2.8,-7.5,2.0,-2.6,-0.6,11.7,-2.3,0.9,-2.1,0.7,GHG emissions 6.10M tons of GHG emissions,Societal infrastructure 43.6M long-haul train rides,https://uprightplatform.com/company/d2793d64-c64e-472e-babb-db0c7bd43638/Cummins/,False,,,
CVS,CVS Health,sustainability_report,https://www.cvshealth.com/content/dam/enterprise/cvs-enterprise/images/impact-2026/pdfs/2025_Impact_Report_Appendix.pdf,,,,,,,False,no_fields_extracted,True,Targets set,1.5°C,2030.0,Targets set,2050.0,Targets set,2050.0,"CVS Health CVS Health commits to reach net-zero greenhouse gas emissions across the value chain by 2050. Near-term Target As part of this commitment, CVS commits to reduce absolute scope 1 and 2 GHG emissions 47% by 2030 from a 2019 base year. CVS also commits to reduce absolute scope 3 GHG emissions from purchased goods and services 47% by 2030 from a 2019 base year. Long-Term Target CVS commits to reduce absolute scope 1 and 2 GHG emissions 90% by 2050 from a 2019 base year. CVS also commits to reduce absolute scope 3 GHG emissions from purchased goods and services, business travel, and downstream transportation 90% by 2050 from a 2019 base year.",2021-10-01 01:00:00,False,,,,,True,True,True,937518.4,median_model_revenue+employees,sector:Health Care,25,"Tier 2 Scope 1 ESTIMATE (LSEG median-model style), NOT a disclosure -- see pipeline/tier2_estimation/estimate_tier2.py. Peer group: sector = 'Health Care' (25 Tier 1 peers with a real Scope 1 value, floor=5). Revenue-based: median peer Scope 1 tCO2e/$ revenue (3.54491e-06) x this company's revenue ($412,644,999,168) = 1,462,788 tCO2e. Employee-based: median peer Scope 1 tCO2e/employee (1.88241) x this company's employee count (219,000) = 412,249 tCO2e. Final estimate is the average of the available method(s): 937,518 tCO2e.",874419.6,median_model_revenue+employees,sector:Health Care,18,"Tier 2 Scope 2 ESTIMATE (LSEG median-model style), NOT a disclosure -- see pipeline/tier2_estimation/estimate_tier2.py. Peer group: sector = 'Health Care' (18 Tier 1 peers with a real Scope 2 value, floor=5). Revenue-based: median peer Scope 2 tCO2e/$ revenue (3.19915e-06) x this company's revenue ($412,644,999,168) = 1,320,112 tCO2e. Employee-based: median peer Scope 2 tCO2e/employee (1.95766) x this company's employee count (219,000) = 428,727 tCO2e. Final estimate is the average of the available method(s): 874,420 tCO2e.",True,CVS HEALTH,Hospitals and Healthcare,372809.0,300000.0,56.0,16.0,-4.6,0.2,-1.9,0.1,-0.7,-1.1,11.7,-2.4,17.2,-5.3,0.9,Scarce human capital 322k scarce worker years,Physical diseases 4.28M life years,https://uprightplatform.com/company/a31e688e-36ab-4f7c-9c89-c80b03c605d3/CVS%20Health/,False,,,
DHR,Danaher Corporation,cdp_pdf,https://www.danaher.com/sites/default/files/2026-02/danaher-corporation-2025-cdp-response.pdf,109180.0,203413.0,97036.0,12/31/2021,106834.0,23875000000.0,new,,True,Targets set,1.5°C,2035.0,Targets set,2050.0,Targets set,2050.0,"Overall Net-Zero Target:
Danaher Corporation commits to achieve net-zero greenhouse gas emissions across the value chain by 2050.

Near-Term Targets:
Danaher Corporation commits to reduce absolute scope 1 and 2 GHG emissions 54.6% by 2032 from a 2021 base year. Danaher Corporation also commits to reduce absolute scope 3 GHG emissions from purchased goods and services, upstream transportation and distribution and use of sold products 31.73% by 2035 from a 2024 base year. Danaher Corporation further commits that 40.0% of its suppliers by emissions covering purchased goods and services and upstream transportation and distribution, will have science-based targets by 2030.

Long-Term Targets:
Danaher Corporation commits to reduce absolute scope 1 and 2 GHG emissions 90.0% by 2050 from a 2021 base year. Danaher Corporation also commits to reduce absolute scope 3 GHG emissions 90.0% by 2050 from a 2024 base year.",2026-08-27 01:00:00,False,,,,,False,False,False,,,,,,,,,,,True,DANAHER,,23875.0,63000.0,61.0,12.0,-5.6,0.2,-2.4,0.1,-0.8,-0.6,12.2,-0.9,11.8,-4.1,4.7,,,https://uprightplatform.com/company/ee726ffb-cf46-4c92-baf9-4a0b00f4a90e/Danaher/,False,,,
DRI,Darden Restaurants,sustainability_report,https://www.darden.com/sites/default/files/2023-08/Environmental%20Disclosure%20Table%20and%20Assurance%20Statement-Aug%202023.pdf,345316.0,424495.0,,,,,False,,False,,,,,,,,,,False,,,,,False,False,False,,,,,,,,,,,True,DARDEN RESTAURANTS,"Leisure, Sports and Recreation",10487.1,190000.0,-22.0,78.0,-19.2,1.1,-6.8,0.9,-2.8,-0.7,11.4,-8.5,12.1,-1.7,0.0,Physical diseases 71.4k life years,Nutrition 3.39bn bananas,https://uprightplatform.com/company/bc984bcc-304e-4717-8915-5044e29fef23/Darden%20Restaurants/,False,,,
DDOG,Datadog,none,,,,,,,,,no_public_report_found,False,,,,,,,,,,False,,,,,True,True,True,1265.1,median_model_revenue+employees,sub_industry:Application Software,7,"Tier 2 Scope 1 ESTIMATE (LSEG median-model style), NOT a disclosure -- see pipeline/tier2_estimation/estimate_tier2.py. Peer group: sub_industry = 'Application Software' (7 Tier 1 peers with a real Scope 1 value, floor=5). Revenue-based: median peer Scope 1 tCO2e/$ revenue (2.60656e-07) x this company's revenue ($3,966,725,120) = 1,034 tCO2e. Employee-based: median peer Scope 1 tCO2e/employee (0.18472) x this company's employee count (8,100) = 1,496 tCO2e. Final estimate is the average of the available method(s): 1,265 tCO2e.",4767.4,median_model_revenue+employees,sub_industry:Application Software,7,"Tier 2 Scope 2 ESTIMATE (LSEG median-model style), NOT a disclosure -- see pipeline/tier2_estimation/estimate_tier2.py. Peer group: sub_industry = 'Application Software' (7 Tier 1 peers with a real Scope 2 value, floor=5). Revenue-based: median peer Scope 2 tCO2e/$ revenue (9.10231e-07) x this company's revenue ($3,966,725,120) = 3,611 tCO2e. Employee-based: median peer Scope 2 tCO2e/employee (0.731378) x this company's employee count (8,100) = 5,924 tCO2e. Final estimate is the average of the available method(s): 4,767 tCO2e.",True,DATADOG,,3427.16,8100.0,46.0,25.0,-4.6,0.5,-2.1,0.3,-0.5,-0.3,14.8,-0.8,1.4,-7.1,7.3,,,https://uprightplatform.com/company/64174d79-a440-433a-9a17-e5a62f83677c/Datadog/,False,,,
DVA,DaVita,cdp_pdf,https://davita.com/wp-content/uploads/sites/2/2026/04/davita-inc-15-09-2025-corporate-questionare.pdf,65988.0,254210.0,254210.0,12/31/2018,64185.0,12815550000.0,new,,True,Targets set,1.5°C,2030.0,,,,,"DaVita Inc. commits to reduce absolute scope 1 and 2 GHG emissions 50% by 2030 from a 2018 base year. DaVita Inc. commits to increase annual sourcing of renewable electricity from 0% in 2018 to 100% by 2030. DaVita Inc. also commits that 70% of its suppliers by emissions covering purchased goods and services, capital goods, waste generated in operations, and downstream transportation and distribution will have science-based targets by 2025.",2021-05-27 01:00:00,False,,,,,False,False,False,,,,,,,,,,,True,DAVITA,Hospitals and Healthcare,,,68.0,6.0,-4.3,0.2,-1.3,,-0.5,-1.3,15.0,-3.2,23.8,-4.1,1.1,Scarce human capital 8.09k scarce worker years,Physical diseases 219k life years,https://uprightplatform.com/company/cf0f701b-f0f9-4440-bd4d-7cb111cb18a4/DaVita/,False,,,
DECK,Deckers Brands,none,,,,,,,,,no_public_report_found,True,Targets set,1.5°C,FY2030,,,,,Deckers Brands commits to reduce absolute scope 1 and 2 GHG emissions 46% by FY2030 from a FY2019 base year. Deckers Brands also commits to reduce scope 3 GHG emissions 58% per $M gross profit within the same timeframe.,2021-11-04 01:00:00,False,,,,,True,True,True,14048.8,median_model_revenue+employees,sector:Consumer Discretionary,21,"Tier 2 Scope 1 ESTIMATE (LSEG median-model style), NOT a disclosure -- see pipeline/tier2_estimation/estimate_tier2.py. Peer group: sector = 'Consumer Discretionary' (21 Tier 1 peers with a real Scope 1 value, floor=5). Revenue-based: median peer Scope 1 tCO2e/$ revenue (3.71647e-06) x this company's revenue ($5,527,288,832) = 20,542 tCO2e. Employee-based: median peer Scope 1 tCO2e/employee (1.25926) x this company's employee count (6,000) = 7,556 tCO2e. Final estimate is the average of the available method(s): 14,049 tCO2e.",23739.5,median_model_revenue+employees,sector:Consumer Discretionary,18,"Tier 2 Scope 2 ESTIMATE (LSEG median-model style), NOT a disclosure -- see pipeline/tier2_estimation/estimate_tier2.py. Peer group: sector = 'Consumer Discretionary' (18 Tier 1 peers with a real Scope 2 value, floor=5). Revenue-based: median peer Scope 2 tCO2e/$ revenue (6.64506e-06) x this company's revenue ($5,527,288,832) = 36,729 tCO2e. Employee-based: median peer Scope 2 tCO2e/employee (1.79165) x this company's employee count (6,000) = 10,750 tCO2e. Final estimate is the average of the available method(s): 23,740 tCO2e.",False,,,5527.3,6000,-32.5,81.5,-15.5,0.9,-6.85,0.6,-2.1,-0.5,11.5,-2.45,2.6500000000000004,-2.75,0.2,,,,True,sector:Consumer Discretionary,44,"PROXY ESTIMATE, not real Upright data -- see pipeline/upright/estimate_upright_gaps.py. Peer group: sector = 'Consumer Discretionary' (44 real Upright-covered peers, floor=5). Each cents-per-dollar-of-revenue figure is the MEDIAN of that peer group's real Upright values for the same metric -- a crude industry-average proxy, not Upright's own company-specific modeling. Revenue/employee figures are this company's own real data (from yfinance), not estimated."
DE,Deere & Company,cdp_pdf,https://s22.q4cdn.com/253594569/files/doc_downloads/2026/04/Deere-Company-2025-CDP-Corporate-Questionnaire.pdf,353900.0,544000.0,224000.0,,,51716000.0,new,,True,Targets set,1.5°C,FY2030,,,,,Deere & Company commits to reduce absolute scope 1 and 2 GHG emissions 50% by FY2030 from a FY2021 base year*. Deere & Company also commits to reduce absolute scope 3 GHG emissions from purchased goods and services and use of sold products 30% within the same timeframe. *The target boundary includes land-related emissions and removals from bioenergy feedstocks.,2023-10-26 01:00:00,False,,,,,False,False,False,,,,,,,,,,,True,JOHN DEERE,Agriculture and Forestry,51716.0,75800.0,-31.0,81.0,-18.7,2.0,-9.1,1.4,-3.1,-0.3,11.3,-3.7,5.1,-1.9,0.3,GHG emissions 11.3M tons of GHG emissions,Taxes 37.5M days of primary education,https://uprightplatform.com/company/283dfdb7-ca25-4ca5-ac36-8898aeac2e73/John%20Deere/,False,,,
DELL,Dell Technologies,none,,,,,,,,,no_public_report_found,True,Targets set,1.5°C,FY2031,Targets set,FY2051,Targets set,FY2051,"Overall Net-Zero Target: Dell Technologies commits to reach net-zero greenhouse gas emissions across the value chain by FY2051. Near-Term Targets: Dell Technologies commits to reduce absolute scope 1 and 2 GHG emissions 50% by FY2031 from a FY2020 base year. Dell Technologies also commits to reduce absolute scope 3 GHG emissions from purchased goods and services 45% within the same timeframe. Dell Technologies further commits to reduce absolute scope 3 GHG emissions from use of sold products 30% within the same timeframe. Long-Term Targets: Dell Technologies commits to reduce absolute scope 1 and 2 GHG emissions 90% by FY2051 from a FY2020 base year. Dell Technologies also commits to reduce absolute scope 3 GHG emissions 90% within the same timeframe. 
 
",2024-09-19 01:00:00,False,,,,,True,True,True,75915.9,median_model_revenue+employees,sector:Information Technology,37,"Tier 2 Scope 1 ESTIMATE (LSEG median-model style), NOT a disclosure -- see pipeline/tier2_estimation/estimate_tier2.py. Peer group: sector = 'Information Technology' (37 Tier 1 peers with a real Scope 1 value, floor=5). Revenue-based: median peer Scope 1 tCO2e/$ revenue (6.23987e-07) x this company's revenue ($151,197,007,872) = 94,345 tCO2e. Employee-based: median peer Scope 1 tCO2e/employee (0.592647) x this company's employee count (97,000) = 57,487 tCO2e. Final estimate is the average of the available method(s): 75,916 tCO2e.",247675.4,median_model_revenue+employees,sector:Information Technology,29,"Tier 2 Scope 2 ESTIMATE (LSEG median-model style), NOT a disclosure -- see pipeline/tier2_estimation/estimate_tier2.py. Peer group: sector = 'Information Technology' (29 Tier 1 peers with a real Scope 2 value, floor=5). Revenue-based: median peer Scope 2 tCO2e/$ revenue (2.34945e-06) x this company's revenue ($151,197,007,872) = 355,230 tCO2e. Employee-based: median peer Scope 2 tCO2e/employee (1.44455) x this company's employee count (97,000) = 140,121 tCO2e. Final estimate is the average of the available method(s): 247,675 tCO2e.",True,DELL TECHNOLOGIES,,95567.0,108000.0,35.0,37.0,-5.3,0.5,-2.4,0.4,-0.6,-0.4,9.3,-1.2,0.9,-5.0,7.6,,,https://uprightplatform.com/company/21cd3097-45c4-47f9-b36b-3618e8fb8b1a/Dell%20Technologies/,False,,,
DAL,Delta Air Lines,epa_ghgrp,,1256096.862,,,,,,False,"EPA GHGRP 2023 Direct Emitters, matched via parent company 'DELTA AIR LINES INC' (2 facilities). Scope 1 (direct/on-site) only -- GHGRP does not cover Scope 2. [Fixed 2026-09-13: this row previously had data_source=epa_ghgrp but a blank scope1_tco2e -- a bug from an earlier patch script that wrote the match info into notes but never wrote the actual number. Backfilled from epa_ghgrp_matches.csv, which already had the correct value.]",True,Targets set,Well-below 2°C,2035.0,,,Committed,,Delta Air Lines commits to reduce well-to-wake scope 1 and 3 jet fuel GHG emissions 45% per revenue tonne kilometer by 2035 from a 2019 base year*. *Non-CO2e effects which may also contribute to aviation induced warming are not included in this target. Delta Air Lines commits to report publicly on its collaboration with stakeholders to improve understanding of opportunities to mitigate the non-CO2e impacts of aviation annually over its target timeframe.,2022-09-01 01:00:00,False,,,,,True,False,True,,,,,,512766.9,median_model_revenue+employees,sector:Industrials,28,"Tier 2 Scope 2 ESTIMATE (LSEG median-model style), NOT a disclosure -- see pipeline/tier2_estimation/estimate_tier2.py. Peer group: sector = 'Industrials' (28 Tier 1 peers with a real Scope 2 value, floor=5). Revenue-based: median peer Scope 2 tCO2e/$ revenue (9.89188e-06) x this company's revenue ($68,287,000,576) = 675,486 tCO2e. Employee-based: median peer Scope 2 tCO2e/employee (3.39852) x this company's employee count (103,000) = 350,047 tCO2e. Final estimate is the average of the available method(s): 512,767 tCO2e.",True,DELTA AIR LINES,,61643.0,103000.0,-127.0,98.0,-29.0,1.0,-15.1,0.7,-5.2,-0.9,12.2,-5.8,3.9,-3.2,0.1,,,https://uprightplatform.com/company/16794cac-8c0a-4cc0-8009-689d04ff3c75/Delta%20Air%20Lines/,False,,,
DVN,Devon Energy,cdp_pdf,https://dvnweb-hfhahvbraba9feev.a01.azurefd.net/assets/documents/Sustainability/Environment/DVN_2024-CDP-Climate-Response.pdf,4370000.0,370000.0,,,,15258000000.0,new,,False,,,,,,,,,,False,,,,,False,False,False,,,,,,,,,,,True,DEVON ENERGY,Energy and Environmental,15140.0,1900.0,-104.0,96.0,-30.1,0.6,-17.0,0.4,-5.4,-3.3,16.4,-3.8,0.5,-2.8,2.1,GHG emissions 6.18M tons of GHG emissions,Societal infrastructure 43.0M long-haul train rides,https://uprightplatform.com/company/0235e439-b728-4693-9f37-742d73e3c8c8/Devon%20Energy/,False,,,
DXCM,Dexcom,sustainability_report,https://s201.q4cdn.com/758408164/files/doc_governance/2025/Jul/31/2024_Dexcom-Environmental-Data-and-Targets-Supplemental-Report-60c537.pdf,,,,,,,False,no_fields_extracted,True,Commitment removed,,,,,,,,2023-06-08 01:00:00,False,,,,,True,True,True,16595.9,median_model_revenue+employees,sub_industry:Health Care Equipment,6,"Tier 2 Scope 1 ESTIMATE (LSEG median-model style), NOT a disclosure -- see pipeline/tier2_estimation/estimate_tier2.py. Peer group: sub_industry = 'Health Care Equipment' (6 Tier 1 peers with a real Scope 1 value, floor=5). Revenue-based: median peer Scope 1 tCO2e/$ revenue (3.85286e-06) x this company's revenue ($4,969,200,128) = 19,146 tCO2e. Employee-based: median peer Scope 1 tCO2e/employee (1.27693) x this company's employee count (11,000) = 14,046 tCO2e. Final estimate is the average of the available method(s): 16,596 tCO2e.",15005.2,median_model_revenue+employees,sub_industry:Health Care Equipment,5,"Tier 2 Scope 2 ESTIMATE (LSEG median-model style), NOT a disclosure -- see pipeline/tier2_estimation/estimate_tier2.py. Peer group: sub_industry = 'Health Care Equipment' (5 Tier 1 peers with a real Scope 2 value, floor=5). Revenue-based: median peer Scope 2 tCO2e/$ revenue (3.17691e-06) x this company's revenue ($4,969,200,128) = 15,787 tCO2e. Employee-based: median peer Scope 2 tCO2e/employee (1.29306) x this company's employee count (11,000) = 14,224 tCO2e. Final estimate is the average of the available method(s): 15,005 tCO2e.",True,DEXCOM,,4662.0,11000.0,75.0,3.0,-2.9,0.2,-1.9,0.1,-0.1,-0.1,8.5,-0.3,14.1,-3.7,4.8,,,https://uprightplatform.com/company/4e490d56-25ab-4303-9645-d56497c980d3/Dexcom/,False,,,
FANG,Diamondback Energy,cdp_pdf,https://www.diamondbackenergy.com/static-files/eeb0aaba-c279-457a-abc5-a7419e48fdfd,,,,,,,,"download_error: HTTPSConnectionPool(host='www.diamondbackenergy.com', port=443): Read timed out. (read timeout=30)",False,,,,,,,,,,False,,,,,True,True,True,2226139.1,median_model_revenue+employees,sub_industry:Oil & Gas Exploration & Production,6,"Tier 2 Scope 1 ESTIMATE (LSEG median-model style), NOT a disclosure -- see pipeline/tier2_estimation/estimate_tier2.py. Peer group: sub_industry = 'Oil & Gas Exploration & Production' (6 Tier 1 peers with a real Scope 1 value, floor=5). Revenue-based: median peer Scope 1 tCO2e/$ revenue (0.000192331) x this company's revenue ($16,248,000,512) = 3,124,991 tCO2e. Employee-based: median peer Scope 1 tCO2e/employee (753.284) x this company's employee count (1,762) = 1,327,287 tCO2e. Final estimate is the average of the available method(s): 2,226,139 tCO2e.",263119.7,median_model_revenue+employees,sector:Energy,6,"Tier 2 Scope 2 ESTIMATE (LSEG median-model style), NOT a disclosure -- see pipeline/tier2_estimation/estimate_tier2.py. Peer group: sector = 'Energy' (6 Tier 1 peers with a real Scope 2 value, floor=5). Revenue-based: median peer Scope 2 tCO2e/$ revenue (1.7615e-05) x this company's revenue ($16,248,000,512) = 286,209 tCO2e. Employee-based: median peer Scope 2 tCO2e/employee (136.226) x this company's employee count (1,762) = 240,031 tCO2e. Final estimate is the average of the available method(s): 263,120 tCO2e.",True,DIAMONDBACK ENERGY,,8714.0,1983.0,-95.0,95.0,-30.4,0.5,-17.2,0.4,-5.3,-3.2,18.3,-4.8,0.6,-3.5,2.1,,,https://uprightplatform.com/company/e3b2422c-e024-4b2a-9adc-36a1fb604db7/Diamondback%20Energy/,False,,,
DLR,Digital Realty,none,,,,,,,,,no_public_report_found,True,Targets set,1.5°C,2030.0,,,Committed,,"Near-Term Targets: Digital Realty commits to reduce absolute scope 1 and 2 GHG emissions 42% by 2030 from a 2023 base year. Digital Realty also commits to reduce absolute scope 3 GHG emissions from purchased goods and services, upstream transportation and distribution, downstream leased assets and investments 25% within the same timeframe.",2025-06-26 01:00:00,False,,,,,True,True,True,27829.3,median_model_revenue+employees,sector:Real Estate,8,"Tier 2 Scope 1 ESTIMATE (LSEG median-model style), NOT a disclosure -- see pipeline/tier2_estimation/estimate_tier2.py. Peer group: sector = 'Real Estate' (8 Tier 1 peers with a real Scope 1 value, floor=5). Revenue-based: median peer Scope 1 tCO2e/$ revenue (5.49255e-06) x this company's revenue ($6,757,036,032) = 37,113 tCO2e. Employee-based: median peer Scope 1 tCO2e/employee (4.331) x this company's employee count (4,282) = 18,545 tCO2e. Final estimate is the average of the available method(s): 27,829 tCO2e.",471333.4,median_model_revenue+employees,sector:Real Estate,7,"Tier 2 Scope 2 ESTIMATE (LSEG median-model style), NOT a disclosure -- see pipeline/tier2_estimation/estimate_tier2.py. Peer group: sector = 'Real Estate' (7 Tier 1 peers with a real Scope 2 value, floor=5). Revenue-based: median peer Scope 2 tCO2e/$ revenue (7.54576e-06) x this company's revenue ($6,757,036,032) = 50,987 tCO2e. Employee-based: median peer Scope 2 tCO2e/employee (208.239) x this company's employee count (4,282) = 891,680 tCO2e. Final estimate is the average of the available method(s): 471,333 tCO2e.",True,DIGITAL REALTY,Real Estate,5477.06,3936.0,45.0,26.0,-5.8,2.1,-2.8,1.8,-0.5,-0.2,11.7,-1.2,1.0,-6.0,9.1,Scarce human capital 5.37k scarce worker years,Taxes 6.21M days of primary education,https://uprightplatform.com/company/4d84cfbd-fedc-40dc-a76e-1017a1f96a35/Digital%20Realty/,False,,,
DG,Dollar General,none,,,,,,,,,no_public_report_found,False,,,,,,,,,,False,,,,,True,True,True,967852.9,median_model_revenue+employees,sector:Consumer Staples,24,"Tier 2 Scope 1 ESTIMATE (LSEG median-model style), NOT a disclosure -- see pipeline/tier2_estimation/estimate_tier2.py. Peer group: sector = 'Consumer Staples' (24 Tier 1 peers with a real Scope 1 value, floor=5). Revenue-based: median peer Scope 1 tCO2e/$ revenue (1.05335e-05) x this company's revenue ($43,637,997,568) = 459,661 tCO2e. Employee-based: median peer Scope 1 tCO2e/employee (7.60848) x this company's employee count (194,000) = 1,476,045 tCO2e. Final estimate is the average of the available method(s): 967,853 tCO2e.",298121.7,median_model_revenue+employees,sector:Consumer Staples,16,"Tier 2 Scope 2 ESTIMATE (LSEG median-model style), NOT a disclosure -- see pipeline/tier2_estimation/estimate_tier2.py. Peer group: sector = 'Consumer Staples' (16 Tier 1 peers with a real Scope 2 value, floor=5). Revenue-based: median peer Scope 2 tCO2e/$ revenue (2.81277e-06) x this company's revenue ($43,637,997,568) = 122,744 tCO2e. Employee-based: median peer Scope 2 tCO2e/employee (2.44072) x this company's employee count (194,000) = 473,500 tCO2e. Final estimate is the average of the available method(s): 298,122 tCO2e.",True,DOLLAR GENERAL,Retail,40612.0,194200.0,-70.0,91.0,-14.9,0.9,-6.9,0.6,-2.2,-0.8,11.8,-12.8,6.0,-3.6,0.2,Physical diseases 303k life years,Taxes 42.4M days of primary education,https://uprightplatform.com/company/b0bba363-48ba-4fc0-9491-097e5ffe6d4e/Dollar%20General/,False,,,
DLTR,Dollar Tree,cdp_pdf,https://corporate.dollartree.com/_assets/_e787f6b4622eb0358394321c96ae9741/dollartreeinfo/files/Dollar_Tree_CDP_2025.pdf,204037.08,466245.52,476098.1,01/31/2024,204037.08,17565800000.0,new,,False,,,,,,,,,,False,,,,,False,False,False,,,,,,,,,,,True,DOLLAR TREE,Retail,30846.0,64434.0,-47.0,86.0,-14.6,0.9,-7.0,0.6,-2.2,-0.5,11.7,-5.9,4.0,-3.6,0.2,GHG emissions 5.16M tons of GHG emissions,Taxes 29.0M days of primary education,https://uprightplatform.com/company/34c8041a-88fe-43de-86fd-c74a50494e18/Dollar%20Tree/,False,,,
D,Dominion Energy,cdp_pdf,https://sustainability.dominionenergy.com/2024-CDP-DominionEnergy.pdf,29523724.0,444018.0,444018.0,,,,new,,False,,,,,,,,,,True,38,electricity-generation,USA,97.7,False,False,False,,,,,,,,,,,True,DOMINION ENERGY,,15227.0,14700.0,35.0,37.0,-21.0,9.2,-11.3,7.9,-3.1,-0.8,35.1,-2.5,0.5,-4.8,0.3,,,https://uprightplatform.com/company/b7e98fb3-dfbe-4ed8-b456-0ca6be2b24ad/Dominion%20Energy/,False,,,
DOV,Dover Corporation,cdp_pdf,https://www.dovercorporation.com/docs/libraries/esg/CDP-Response-2024.pdf,54787.0,106904.0,115146.0,12/31/2019,57601.0,8438134000.0,new,,True,Targets set,Well-below 2°C,2030.0,,,,,Dover Corporation commits to reduce absolute scope 1 and 2 market-based GHG emissions 30% by 2030 from a 2019 base year. Dover Corporation also commits to reduce absolute scope 3 GHG emissions 15% within the same timeframe.,2021-06-23 01:00:00,False,,,,,False,False,False,,,,,,,,,,,True,DOVER,Industrial Manufacturing and Services,7829.06,24000.0,8.0,61.0,-12.3,2.1,-6.5,1.3,-1.9,-0.5,14.2,-1.4,0.6,-2.6,1.3,GHG emissions 1.21M tons of GHG emissions,Societal infrastructure 14.9M long-haul train rides,https://uprightplatform.com/company/430e4797-d74b-481c-8f58-1bf6ce47d336/Dover/,False,,,
DOW,Dow Inc.,cdp_pdf,https://corporate.dow.com/content/dam/corp/documents/science-sustainability/066-00485-01-dow-2024-cdp-corporate-questionnaire.pdf,28760000.0,3950000.0,6220000.0,12/31/2020,28760000.0,,new,,False,,,,,,,,,,True,5,electricity-generation,NLD;USA,100.0,False,False,False,,,,,,,,,,,True,DOW,Chemicals,42964.0,35900.0,-127.0,98.0,-20.0,0.9,-10.5,0.6,-3.2,-0.8,7.8,-3.4,2.7,-2.3,0.3,GHG emissions 10.8M tons of GHG emissions,Taxes 28.8M days of primary education,https://uprightplatform.com/company/157c9128-c0f4-4d26-bc0b-a9965ccec60a/Dow/,False,,,
DTE,DTE Energy,cdp_pdf,https://empoweringmichigan.com/wp-content/uploads/DTEEnergyCompany2024CDP.pdf,22630000.0,115000.0,,,,,new,,False,,,,,,,,,,True,25,electricity-generation,USA,,False,False,False,,,,,,,,,,,True,DTE ENERGY,,12745.0,9950.0,-49.0,87.0,-30.9,5.0,-19.4,4.0,-4.2,-1.5,19.5,-3.4,0.7,-3.4,1.1,,,https://uprightplatform.com/company/fb05a3f7-9b78-49f5-826a-ac45b18ca3e1/DTE%20Energy/,False,,,
DUK,Duke Energy,cdp_pdf,https://s201.q4cdn.com/583395453/files/doc_downloads/esg-key-documents/2024/10/Duke-Energy-CDP-Response-2024.pdf,79000000.0,414000.0,,12/31/2005,138800000.0,,new,,False,,,,,,,,,,True,51,electricity-generation,USA,92.5,False,False,False,,,,,,,,,,,True,DUKE ENERGY,,29938.0,26413.0,-2.0,68.0,-26.0,8.8,-14.7,6.9,-3.8,-1.6,22.9,-2.8,0.5,-3.4,0.7,,,https://uprightplatform.com/company/807d77a5-6a1d-42f8-915f-dda001724e5b/Duke%20Energy/,False,,,
DD,DuPont,cdp_pdf,https://www.dupont.com/content/dam/dupont/amer/us/en/corporate/about-us/Sustainability/2024Sustainability/DuPont-Corporate-CDP-Submission.pdf,1408320.0,876611.0,608501.0,12/31/2019,2058130.0,12400000000.0,new,,False,,,,,,,,,,True,2,electricity-generation,NLD;USA,9.9,False,False,False,,,,,,,,,,,True,DUPONT,,12192.0,24000.0,16.0,53.0,-12.4,2.4,-6.6,1.1,-1.9,-0.6,13.5,-2.1,3.9,-2.4,1.2,,,https://uprightplatform.com/company/e0c8a803-366e-4a1a-afc7-033624590dbd/DuPont/,False,,,
DPZ,Domino's,none,,,,,,,,,no_public_report_found,False,,,,,,,,,,False,,,,,True,True,True,13246.6,median_model_revenue+employees,sector:Consumer Discretionary,21,"Tier 2 Scope 1 ESTIMATE (LSEG median-model style), NOT a disclosure -- see pipeline/tier2_estimation/estimate_tier2.py. Peer group: sector = 'Consumer Discretionary' (21 Tier 1 peers with a real Scope 1 value, floor=5). Revenue-based: median peer Scope 1 tCO2e/$ revenue (3.71647e-06) x this company's revenue ($5,027,814,912) = 18,686 tCO2e. Employee-based: median peer Scope 1 tCO2e/employee (1.25926) x this company's employee count (6,200) = 7,807 tCO2e. Final estimate is the average of the available method(s): 13,247 tCO2e.",22259.2,median_model_revenue+employees,sector:Consumer Discretionary,18,"Tier 2 Scope 2 ESTIMATE (LSEG median-model style), NOT a disclosure -- see pipeline/tier2_estimation/estimate_tier2.py. Peer group: sector = 'Consumer Discretionary' (18 Tier 1 peers with a real Scope 2 value, floor=5). Revenue-based: median peer Scope 2 tCO2e/$ revenue (6.64506e-06) x this company's revenue ($5,027,814,912) = 33,410 tCO2e. Employee-based: median peer Scope 2 tCO2e/employee (1.79165) x this company's employee count (6,200) = 11,108 tCO2e. Final estimate is the average of the available method(s): 22,259 tCO2e.",False,,,5027.8,6200,-56.0,89.0,-18.4,0.6,-5.8,0.5,-2.8,-0.5,9.9,-11.0,7.3,-1.7,0.0,,,,True,sub_industry:Restaurants,5,"PROXY ESTIMATE, not real Upright data -- see pipeline/upright/estimate_upright_gaps.py. Peer group: sub_industry = 'Restaurants' (5 real Upright-covered peers, floor=5). Each cents-per-dollar-of-revenue figure is the MEDIAN of that peer group's real Upright values for the same metric -- a crude industry-average proxy, not Upright's own company-specific modeling. Revenue/employee figures are this company's own real data (from yfinance), not estimated."
DASH,DoorDash,sustainability_report,https://assets.ctfassets.net/trvmqu12jq2l/m1CoiDgLmVeiQZtIw7bBh/5b8e41519e4bd355215a9ec39b9ff462/2024_DD_Environmental_Sustainability_Update_-_R2.pdf,,,,,,,False,no_fields_extracted,False,,,,,,,,,,False,,,,,True,True,True,49299.6,median_model_revenue+employees,sector:Consumer Discretionary,21,"Tier 2 Scope 1 ESTIMATE (LSEG median-model style), NOT a disclosure -- see pipeline/tier2_estimation/estimate_tier2.py. Peer group: sector = 'Consumer Discretionary' (21 Tier 1 peers with a real Scope 1 value, floor=5). Revenue-based: median peer Scope 1 tCO2e/$ revenue (3.71647e-06) x this company's revenue ($15,891,000,320) = 59,058 tCO2e. Employee-based: median peer Scope 1 tCO2e/employee (1.25926) x this company's employee count (31,400) = 39,541 tCO2e. Final estimate is the average of the available method(s): 49,300 tCO2e.",80927.3,median_model_revenue+employees,sector:Consumer Discretionary,18,"Tier 2 Scope 2 ESTIMATE (LSEG median-model style), NOT a disclosure -- see pipeline/tier2_estimation/estimate_tier2.py. Peer group: sector = 'Consumer Discretionary' (18 Tier 1 peers with a real Scope 2 value, floor=5). Revenue-based: median peer Scope 2 tCO2e/$ revenue (6.64506e-06) x this company's revenue ($15,891,000,320) = 105,597 tCO2e. Employee-based: median peer Scope 2 tCO2e/employee (1.79165) x this company's employee count (31,400) = 56,258 tCO2e. Final estimate is the average of the available method(s): 80,927 tCO2e.",True,DOORDASH,,12635.0,31400.0,-14.0,74.0,-23.6,4.0,-10.6,3.7,-5.8,-1.2,20.4,-10.5,8.6,-2.5,0.0,,,https://uprightplatform.com/company/ae7c2bd9-5c35-4071-ac83-606fb5de6efd/DoorDash/,False,,,
DHI,D. R. Horton,sustainability_report,https://investor.drhorton.com/~/media/Files/D/D-R-Horton-IR/documents/d-r-horton-inc-fy2024-sustainability-report.pdf,,,,,,,False,no_fields_extracted,False,,,,,,,,,,False,,,,,True,True,True,71001.7,median_model_revenue+employees,sector:Consumer Discretionary,21,"Tier 2 Scope 1 ESTIMATE (LSEG median-model style), NOT a disclosure -- see pipeline/tier2_estimation/estimate_tier2.py. Peer group: sector = 'Consumer Discretionary' (21 Tier 1 peers with a real Scope 1 value, floor=5). Revenue-based: median peer Scope 1 tCO2e/$ revenue (3.71647e-06) x this company's revenue ($33,350,000,640) = 123,944 tCO2e. Employee-based: median peer Scope 1 tCO2e/employee (1.25926) x this company's employee count (14,341) = 18,059 tCO2e. Final estimate is the average of the available method(s): 71,002 tCO2e.",123653.5,median_model_revenue+employees,sector:Consumer Discretionary,18,"Tier 2 Scope 2 ESTIMATE (LSEG median-model style), NOT a disclosure -- see pipeline/tier2_estimation/estimate_tier2.py. Peer group: sector = 'Consumer Discretionary' (18 Tier 1 peers with a real Scope 2 value, floor=5). Revenue-based: median peer Scope 2 tCO2e/$ revenue (6.64506e-06) x this company's revenue ($33,350,000,640) = 221,613 tCO2e. Employee-based: median peer Scope 2 tCO2e/employee (1.79165) x this company's employee count (14,341) = 25,694 tCO2e. Final estimate is the average of the available method(s): 123,653 tCO2e.",True,D. R. HORTON,,36801.0,14766.0,22.0,49.0,-15.2,0.5,-9.2,0.3,-1.7,-0.6,23.1,-1.4,2.0,-2.8,0.1,,,https://uprightplatform.com/company/bef4d4ff-16df-4e5b-bbd3-ec0d7d3a8990/D.%20R.%20Horton/,False,,,
ETN,Eaton Corporation,cdp_pdf,http://eatonelectrical.com.cn/content/dam/eaton/company/sustainability/files/eaton-cdp-climate-change-and-water-response.pdf,272186.21,638078.9,584778.1,12/31/2018,284822.34,24878000000.0,new,,True,Targets set,1.5°C,2030.0,Targets set,2050.0,Targets set,2050.0,Overall Net-Zero Target: Eaton commits to reach net-zero greenhouse gas emissions across the value chain by 2050. Near-Term Targets: Eaton commits to reduce absolute scope 1 and 2 GHG emissions 50.4% by 2030 from a 2018 base year. Eaton also commits to reduce scope 3 GHG emissions 58.1% per USD value added  within the same timeframe.  Long-Term Targets: Eaton commits to reduce absolute scope 1 and 2 GHG emissions 90% by 2050 from a 2018 base year. Eaton also commits to reduce absolute scope 3 GHG emissions 90% within the same timeframe.,2025-04-10 01:00:00,False,,,,,False,False,False,,,,,,,,,,,True,EATON,Industrial Manufacturing and Services,26633.0,94000.0,19.0,51.0,-10.0,1.4,-5.1,1.0,-1.4,-0.5,13.2,-1.6,1.7,-2.6,1.7,GHG emissions 3.28M tons of GHG emissions,Societal infrastructure 41.5M long-haul train rides,https://uprightplatform.com/company/7c7f76a3-79ea-41c1-904c-d405cc9e6fc0/Eaton/,False,,,
EBAY,eBay Inc,cdp_pdf,https://static.ebayinc.com/static/assets/Uploads/Documents/CDP-CC-Response-eBay-2025.pdf,4951.0,122216.0,146.5,,,10283000000.0,new,,True,Targets set,1.5°C,2030.0,Targets set,2045.0,Targets set,2045.0,Overall Net-Zero Target: eBay Inc. commits to reach net-zero greenhouse gas emissions across the value chain by 2045. Near-Term Targets: eBay Inc. commits to reduce absolute scope 1 and 2 GHG emissions 90% by 2030 from a 2019 base year. eBay Inc. also commits to reduce absolute scope 3 GHG emissions from downstream transportation and distribution 27.5% within the same timeframe.  Long-Term Targets: eBay Inc. commits to maintain a minimum of 90% absolute scope 1 and 2 GHG emissions reductions from 2030 through 2045 from a 2019 base year. eBay Inc. also commits to reduce absolute scope 3 GHG emissions 90% by 2045 from a 2019 base year.,2025-02-27 01:00:00,False,,,,,False,False,False,,,,,,,,,,,True,EBAY,Consumer Services,11100.0,12300.0,-23.0,78.0,-13.5,1.0,-6.1,0.7,-1.9,-0.6,12.2,-3.4,2.9,-4.6,1.7,GHG emissions 1.62M tons of GHG emissions,Taxes 11.6M days of primary education,https://uprightplatform.com/company/e08e0a1b-40bb-4832-a996-af1a7ee974b4/EBay/,False,,,
ECHO,EchoStar,none,,,,,,,,,no_public_report_found,False,,,,,,,,,,False,,,,,True,True,True,11530.5,median_model_revenue+employees,sector:Communication Services,6,"Tier 2 Scope 1 ESTIMATE (LSEG median-model style), NOT a disclosure -- see pipeline/tier2_estimation/estimate_tier2.py. Peer group: sector = 'Communication Services' (6 Tier 1 peers with a real Scope 1 value, floor=5). Revenue-based: median peer Scope 1 tCO2e/$ revenue (6.73153e-07) x this company's revenue ($14,653,925,376) = 9,864 tCO2e. Employee-based: median peer Scope 1 tCO2e/employee (1.09064) x this company's employee count (12,100) = 13,197 tCO2e. Final estimate is the average of the available method(s): 11,531 tCO2e.",61194.1,median_model_revenue+employees,sector:Communication Services,6,"Tier 2 Scope 2 ESTIMATE (LSEG median-model style), NOT a disclosure -- see pipeline/tier2_estimation/estimate_tier2.py. Peer group: sector = 'Communication Services' (6 Tier 1 peers with a real Scope 2 value, floor=5). Revenue-based: median peer Scope 2 tCO2e/$ revenue (5.2889e-06) x this company's revenue ($14,653,925,376) = 77,503 tCO2e. Employee-based: median peer Scope 2 tCO2e/employee (3.70951) x this company's employee count (12,100) = 44,885 tCO2e. Final estimate is the average of the available method(s): 61,194 tCO2e.",True,ECHOSTAR,,15175.91,13700.0,40.0,32.0,-6.2,0.5,-3.4,0.4,-0.7,-0.3,13.7,-1.9,1.8,-5.5,6.9,,,https://uprightplatform.com/company/22d7ab32-b601-4c0c-ba3b-9c49d4f5e8b7/Echostar/,False,,,
ECL,Ecolab,cdp_pdf,https://www.ecolab.com/-/media/Widen/Sustainability/Ecolab-2022-CDP-Climate-Change.pdf,319180.0,130778.0,48800.0,,,,old,,True,Targets set,1.5°C,2030.0,Targets set,2050.0,Targets set,2050.0,"Overall Net-Zero Target: 
Ecolab Inc. commits to reach net-zero greenhouse gas emissions across the value chain by 2050.
Near-Term Targets: 
Ecolab commits to reduce absolute scope 1 and 2 GHG emissions 50.4% by 2030 from a 2018 base year.* Ecolab also commits to increase active annual sourcing of renewable electricity from 12.9% in 2018 to 100% by 2030. Ecolab further commits to reduce absolute scope 3 GHG emissions from purchased goods and services, fuel and energy related activities, upstream transportation and distribution, and downstream leased assets 25% by 2030 from a 2022 base year.
*The target boundary includes land-related emissions and removals from bioenergy feedstocks.
Long-Term Targets: 
Ecolab commits to reduce absolute scope 1 and 2 GHG emissions 90% by 2050 from a 2018 base year.* Ecolab also commits to reduce absolute scope 3 GHG emissions 90% by 2050 from a 2022 base year.
*The target boundary includes land-related emissions and removals from bioenergy feedstocks.",2024-08-29 01:00:00,False,,,,,False,False,False,,,,,,,,,,,True,ECOLAB,Energy and Environmental,15684.5,48000.0,23.0,47.0,-11.5,1.2,-5.6,0.5,-1.9,-0.4,14.7,-1.7,4.1,-2.0,0.4,GHG emissions 2.12M tons of GHG emissions,Jobs 103k direct or indirect jobs,https://uprightplatform.com/company/c941f6b5-c0b4-450c-90f3-30b7b64f5812/Ecolab/,False,,,
EIX,Edison International,epa_ghgrp,,1056295.0,,,,,,,"EPA GHGRP 2023 Direct Emitters, matched via parent company 'EDISON INTERNATIONAL' (1 facility). Scope 1 (direct/on-site) only -- GHGRP does not cover Scope 2. CDP search inconclusive (no clean current-year PDF), used EPA directly to save budget.",False,,,,,,,,,,True,6,electricity-generation,USA,100.0,True,False,True,,,,,,188676.6,median_model_revenue+employees,sector:Utilities,10,"Tier 2 Scope 2 ESTIMATE (LSEG median-model style), NOT a disclosure -- see pipeline/tier2_estimation/estimate_tier2.py. Peer group: sector = 'Utilities' (10 Tier 1 peers with a real Scope 2 value, floor=5). Revenue-based: median peer Scope 2 tCO2e/$ revenue (9.6601e-06) x this company's revenue ($19,423,000,576) = 187,628 tCO2e. Employee-based: median peer Scope 2 tCO2e/employee (13.8233) x this company's employee count (13,725) = 189,725 tCO2e. Final estimate is the average of the available method(s): 188,677 tCO2e.",True,EDISON,Energy and Environmental,19317.0,13725.0,47.0,24.0,-15.7,10.0,-7.2,8.4,-2.3,-0.6,30.7,-1.5,0.4,-4.4,0.4,GHG emissions 3.34M tons of GHG emissions,Societal infrastructure 112M long-haul train rides,https://uprightplatform.com/company/8e7ab906-5613-4356-87c4-eea128f0b6aa/Edison/,False,,,
EW,Edwards Lifesciences,cdp_pdf,https://assets-us-01.kc-usercontent.com/6239a81e-8f0f-0040-a1df-b4932a10f6ae/282110be-a8a1-488e-b7a8-7bf7efaddbdb/2025%20CDP%20Climate%20Change%20Response.pdf,7985.0,22017.0,20689.0,12/31/2021,7985.0,5439500000.0,new,,True,Targets set,1.5°C,2030.0,,,,,"Edwards Lifesciences commits to reduce absolute scope 1 and 2 GHG
emissions 42% by 2030 from a 2021 base year. Edwards Lifesciences also
commits to reduce scope 3 GHG emissions 51.6% per USD of value added
within the same timeframe.",2023-07-13 01:00:00,False,,,,,False,False,False,,,,,,,,,,,True,EDWARDS LIFESCIENCES,Hospitals and Healthcare,5883.8,15800.0,53.0,18.0,-3.6,0.2,-1.5,0.1,-0.4,-0.3,9.4,-3.5,11.9,-2.6,0.0,Physical diseases 16.3k life years,Physical diseases 41.0k life years,https://uprightplatform.com/company/4b1d8ade-fba7-47e5-9309-fd76a074c260/Edwards%20Lifesciences/,False,,,
ELV,Elevance Health,sustainability_report,https://www.elevancehealth.com/annual-report/2023/assets/pdfs/performance-tables.pdf,,,,,,,False,no_fields_extracted,True,Targets set,1.5°C,2030.0,,,,,"Elevance Health Inc. commits to reduce absolute scope 1 GHG emissions 46.2% by 2030 from a 2019 base year. Elevance Health Inc. also commits to continue active annual sourcing of 100% renewable electricity through 2030. Elevance Health Inc. further commits that 75% of its suppliers by spend, covering purchased goods and services, will have science-based targets by 2028.",2024-09-19 01:00:00,False,,,,,True,True,True,446942.5,median_model_revenue+employees,sector:Health Care,25,"Tier 2 Scope 1 ESTIMATE (LSEG median-model style), NOT a disclosure -- see pipeline/tier2_estimation/estimate_tier2.py. Peer group: sector = 'Health Care' (25 Tier 1 peers with a real Scope 1 value, floor=5). Revenue-based: median peer Scope 1 tCO2e/$ revenue (3.54491e-06) x this company's revenue ($201,113,993,216) = 712,930 tCO2e. Employee-based: median peer Scope 1 tCO2e/employee (1.88241) x this company's employee count (96,129) = 180,955 tCO2e. Final estimate is the average of the available method(s): 446,943 tCO2e.",415790.5,median_model_revenue+employees,sector:Health Care,18,"Tier 2 Scope 2 ESTIMATE (LSEG median-model style), NOT a disclosure -- see pipeline/tier2_estimation/estimate_tier2.py. Peer group: sector = 'Health Care' (18 Tier 1 peers with a real Scope 2 value, floor=5). Revenue-based: median peer Scope 2 tCO2e/$ revenue (3.19915e-06) x this company's revenue ($201,113,993,216) = 643,393 tCO2e. Employee-based: median peer Scope 2 tCO2e/employee (1.95766) x this company's employee count (96,129) = 188,188 tCO2e. Final estimate is the average of the available method(s): 415,791 tCO2e.",True,ELEVANCE HEALTH,Insurance,177011.0,96129.0,51.0,20.0,-3.0,0.1,-1.2,0.1,-0.5,-1.1,10.5,-1.2,9.5,-4.9,0.9,Scarce human capital 142k scarce worker years,Physical diseases 993k life years,https://uprightplatform.com/company/cc9136fb-958d-4a6b-a1d1-f62afbdbc372/Elevance%20Health/,False,,,
EME,Emcor,sustainability_report,https://emcorgroup.com/application/files/8417/0016/8419/EME_SustainabilitySupplement_GHG_EmissionsInventory_231109.pdf,,,,,,,False,no_fields_extracted,True,Commitment removed,,,,,,,,2022-12-08 01:00:00,False,,,,,True,True,True,154774.9,median_model_revenue+employees,sector:Industrials,40,"Tier 2 Scope 1 ESTIMATE (LSEG median-model style), NOT a disclosure -- see pipeline/tier2_estimation/estimate_tier2.py. Peer group: sector = 'Industrials' (40 Tier 1 peers with a real Scope 1 value, floor=5). Revenue-based: median peer Scope 1 tCO2e/$ revenue (6.94524e-06) x this company's revenue ($18,597,775,360) = 129,166 tCO2e. Employee-based: median peer Scope 1 tCO2e/employee (4.09963) x this company's employee count (44,000) = 180,384 tCO2e. Final estimate is the average of the available method(s): 154,775 tCO2e.",166750.8,median_model_revenue+employees,sector:Industrials,28,"Tier 2 Scope 2 ESTIMATE (LSEG median-model style), NOT a disclosure -- see pipeline/tier2_estimation/estimate_tier2.py. Peer group: sector = 'Industrials' (28 Tier 1 peers with a real Scope 2 value, floor=5). Revenue-based: median peer Scope 2 tCO2e/$ revenue (9.89188e-06) x this company's revenue ($18,597,775,360) = 183,967 tCO2e. Employee-based: median peer Scope 2 tCO2e/employee (3.39852) x this company's employee count (44,000) = 149,535 tCO2e. Final estimate is the average of the available method(s): 166,751 tCO2e.",True,EMCOR,,15638.72,40400.0,25.0,46.0,-10.2,2.0,-5.1,1.3,-1.6,-0.3,12.7,-1.0,1.9,-2.0,1.4,,,https://uprightplatform.com/company/0e370824-ed74-47ae-beb6-4056b76ae2ed/Emcor/,False,,,
EMR,Emerson Electric,cdp_pdf,https://ir.emerson.com/_assets/_8d048e60abb41f8ffce02b887bbb8964/emerson/db/1065/9886/document/Emerson+2025+CDP+Corporate+Questionnaire.pdf,82510.0,267155.0,212594.0,09/30/2021,82456.0,17492000000.0,new,,True,Targets set,1.5°C,FY2030,Targets set,FY2045,Targets set,FY2045,"Overall Net-Zero Target Emerson commits to reach net-zero greenhouse gas emissions across the value chain by FY2045. Near-Term Targets Emerson commits to reduce absolute scope 1 and scope 2 GHG emissions 90% by FY2030 from a FY2021 base year.* Emerson also commits to reduce absolute scope 3 GHG emissions 25% within the same timeframe. *The target boundary includes biogenic emissions and removals from bioenergy feedstocks. Long-Term Targets Emerson commits to maintain at least 90% absolute scope 1 and 2 GHG emission reductions from FY2030 through FY2045, relative to a FY2021 base year.* Emerson also commits to reduce absolute scope 3 GHG emissions 90% by FY2045 from a FY2021 base year. *The target boundary includes land-related emissions and removals from bioenergy feedstocks.",2023-05-18 01:00:00,False,,,,,False,False,False,,,,,,,,,,,True,EMERSON ELECTRIC,Industrial Manufacturing and Services,17492.0,73000.0,2.0,65.0,-11.7,1.9,-5.9,1.2,-2.0,-0.4,11.9,-1.5,1.2,-2.9,1.7,GHG emissions 2.47M tons of GHG emissions,Taxes 14.0M days of primary education,https://uprightplatform.com/company/30ab9580-6e60-46f5-bacf-21138a2200ad/Emerson%20Electric/,False,,,
ETR,Entergy,cdp_pdf,https://www.entergy.com/wp-content/uploads/2024_Entergy_CDP.pdf,35996463.0,157.0,,12/31/2000,45957614.0,,new,,False,,,,,,,,,,True,26,electricity-generation,USA,81.1,False,False,False,,,,,,,,,,,True,ENTERGY,Energy and Environmental,12946.69,12267.0,-30.0,81.0,-33.0,6.8,-20.5,5.8,-4.5,-1.5,23.3,-3.4,0.8,-3.6,1.0,GHG emissions 6.36M tons of GHG emissions,Societal infrastructure 55.7M long-haul train rides,https://uprightplatform.com/company/72ab6e80-c4b0-48c2-9ec1-8e081481ca8c/Entergy/,False,,,
EOG,EOG Resources,epa_ghgrp,,318787.588,,,,,,,"EPA GHGRP 2023 Direct Emitters, matched via parent company 'EOG RESOURCES INC' (7 facilities). Scope 1 only. CDP search found no direct hit; used EPA to save budget.",False,,,,,,,,,,False,,,,,True,False,True,,,,,,466930.0,median_model_revenue+employees,sector:Energy,6,"Tier 2 Scope 2 ESTIMATE (LSEG median-model style), NOT a disclosure -- see pipeline/tier2_estimation/estimate_tier2.py. Peer group: sector = 'Energy' (6 Tier 1 peers with a real Scope 2 value, floor=5). Revenue-based: median peer Scope 2 tCO2e/$ revenue (1.7615e-05) x this company's revenue ($26,720,999,424) = 470,691 tCO2e. Employee-based: median peer Scope 2 tCO2e/employee (136.226) x this company's employee count (3,400) = 463,170 tCO2e. Final estimate is the average of the available method(s): 466,930 tCO2e.",True,EOG RESOURCES,Energy and Environmental,23698.0,3400.0,-101.0,96.0,-32.2,0.6,-17.9,0.4,-5.8,-2.5,18.6,-5.2,0.4,-2.6,1.5,GHG emissions 10.2M tons of GHG emissions,Societal infrastructure 83.4M long-haul train rides,https://uprightplatform.com/company/48d34ee9-fda6-4dc6-b6c8-52aa2495f25a/EOG%20Resources/,False,,,
EQT,EQT Corporation,cdp_pdf,https://esg.eqt.com/content/EQT%20Corporation%20-%20CDP%20Climate%20Change%20Questionnaire%20-%202022%20Data%20-%20FINAL.pdf,836408.0,5294.0,,,,,old,,False,,,,,,,,,,False,,,,,False,False,False,,,,,,,,,,,True,EQT CORPORATION,Energy and Environmental,5660.12,1461.0,-84.0,93.0,-33.2,0.9,-18.8,0.7,-5.0,-3.2,21.3,-3.1,0.2,-2.2,0.1,GHG emissions 2.55M tons of GHG emissions,Societal infrastructure 24.9M long-haul train rides,https://uprightplatform.com/company/cbf40fe8-2a48-4ec1-bdb2-926354e1d169/EQT%20Corporation/,False,,,
EFX,Equifax,sustainability_report,https://assets.equifax.com/assets/corp/equifax_2025_climate_report,,,,,,,False,no_fields_extracted,True,Targets set,1.5°C,2032.0,,,,,Equifax Inc. commits to reduce absolute scope 1 and 2 GHG emissions 54.6% by 2032 from a 2019 base year. Equifax Inc. also commits that 73% of its suppliers by spend covering purchased goods & services and capital goods will have science-based targets by 2027.,2023-10-05 01:00:00,False,,,,,True,True,True,53126.5,median_model_revenue+employees,sector:Industrials,40,"Tier 2 Scope 1 ESTIMATE (LSEG median-model style), NOT a disclosure -- see pipeline/tier2_estimation/estimate_tier2.py. Peer group: sector = 'Industrials' (40 Tier 1 peers with a real Scope 1 value, floor=5). Revenue-based: median peer Scope 1 tCO2e/$ revenue (6.94524e-06) x this company's revenue ($6,444,499,968) = 44,759 tCO2e. Employee-based: median peer Scope 1 tCO2e/employee (4.09963) x this company's employee count (15,000) = 61,494 tCO2e. Final estimate is the average of the available method(s): 53,127 tCO2e.",57363.0,median_model_revenue+employees,sector:Industrials,28,"Tier 2 Scope 2 ESTIMATE (LSEG median-model style), NOT a disclosure -- see pipeline/tier2_estimation/estimate_tier2.py. Peer group: sector = 'Industrials' (28 Tier 1 peers with a real Scope 2 value, floor=5). Revenue-based: median peer Scope 2 tCO2e/$ revenue (9.89188e-06) x this company's revenue ($6,444,499,968) = 63,748 tCO2e. Employee-based: median peer Scope 2 tCO2e/employee (3.39852) x this company's employee count (15,000) = 50,978 tCO2e. Final estimate is the average of the available method(s): 57,363 tCO2e.",True,EQUIFAX,,5265.0,15000.0,53.0,18.0,-2.9,0.2,-1.4,0.1,-0.3,-0.2,11.3,-0.7,0.6,-5.1,6.8,,,https://uprightplatform.com/company/eedcc02b-4d9a-4127-85f4-413288c3f300/Equifax/,False,,,
EQIX,Equinix,sustainability_report,https://www.equinix.com/content/dam/eqxcorp/en_us/documents/resources/data-sheets/ds_sustainability_data_en.pdf,,,,,,,False,no_fields_extracted,True,Targets set,1.5°C,2030.0,Targets set,2040.0,Targets set,2040.0,"Overall Net-Zero Target: Equinix, Inc. commits to reach net-zero greenhouse gas emissions across the value chain by 2040.
 Near-Term Targets: Equinix, Inc. commits to reduce absolute scope 1 and 2 GHG emissions 50% by 2030 from a 2019 base year.* Equinix, Inc. also commits to increase active annual sourcing of renewable electricity from 87% in 2019 to 100% by 2030. Equinix, Inc. further commits to reduce absolute scope 3 GHG emissions  from fuel and energy related activities 50% by 2030 from a 2019 base year.* Equinix, Inc. finally commits that 66% of its suppliers by emissions covering purchased goods and services and capital goods, will have science-based targets by 2025.
*The target boundary includes land-related emissions and removals from bioenergy feedstocks.
 Long-Term Targets: Equinix, Inc. commits to reduce absolute scope 1 and 2 GHG emissions 90% by 2040 from a 2019 base year.*  Equinix, Inc. also commits to reduce absolute scope 3 GHG emissions 90% within the same timeframe.*
*The target boundary includes land-related emissions and removals from bioenergy feedstocks.",2025-04-17 01:00:00,False,,,,,True,True,True,56901.1,median_model_revenue+employees,sector:Real Estate,8,"Tier 2 Scope 1 ESTIMATE (LSEG median-model style), NOT a disclosure -- see pipeline/tier2_estimation/estimate_tier2.py. Peer group: sector = 'Real Estate' (8 Tier 1 peers with a real Scope 1 value, floor=5). Revenue-based: median peer Scope 1 tCO2e/$ revenue (5.49255e-06) x this company's revenue ($9,904,000,000) = 54,398 tCO2e. Employee-based: median peer Scope 1 tCO2e/employee (4.331) x this company's employee count (13,716) = 59,404 tCO2e. Final estimate is the average of the available method(s): 56,901 tCO2e.",1465470.4,median_model_revenue+employees,sector:Real Estate,7,"Tier 2 Scope 2 ESTIMATE (LSEG median-model style), NOT a disclosure -- see pipeline/tier2_estimation/estimate_tier2.py. Peer group: sector = 'Real Estate' (7 Tier 1 peers with a real Scope 2 value, floor=5). Revenue-based: median peer Scope 2 tCO2e/$ revenue (7.54576e-06) x this company's revenue ($9,904,000,000) = 74,733 tCO2e. Employee-based: median peer Scope 2 tCO2e/employee (208.239) x this company's employee count (13,716) = 2,856,208 tCO2e. Final estimate is the average of the available method(s): 1,465,470 tCO2e.",True,EQUINIX,Real Estate,9217.0,13606.0,35.0,37.0,-5.7,0.2,-2.0,0.2,-0.5,-0.2,9.0,-1.0,0.8,-4.5,7.6,Scarce human capital 6.81k scarce worker years,Knowledge infrastructure 3.97M personal computers,https://uprightplatform.com/company/5ba187dc-a09b-4d1b-8cca-4f5bf5f1d741/Equinix/,False,,,
ERIE,Erie Indemnity,none,,,,,,,,,no_public_report_found,False,,,,,,,,,,False,,,,,True,True,True,2145.8,median_model_revenue+employees,sector:Financials,21,"Tier 2 Scope 1 ESTIMATE (LSEG median-model style), NOT a disclosure -- see pipeline/tier2_estimation/estimate_tier2.py. Peer group: sector = 'Financials' (21 Tier 1 peers with a real Scope 1 value, floor=5). Revenue-based: median peer Scope 1 tCO2e/$ revenue (5.36817e-07) x this company's revenue ($4,119,469,056) = 2,211 tCO2e. Employee-based: median peer Scope 1 tCO2e/employee (0.312029) x this company's employee count (6,667) = 2,080 tCO2e. Final estimate is the average of the available method(s): 2,146 tCO2e.",1270.7,median_model_revenue+employees,sector:Financials,17,"Tier 2 Scope 2 ESTIMATE (LSEG median-model style), NOT a disclosure -- see pipeline/tier2_estimation/estimate_tier2.py. Peer group: sector = 'Financials' (17 Tier 1 peers with a real Scope 2 value, floor=5). Revenue-based: median peer Scope 2 tCO2e/$ revenue (1.98278e-07) x this company's revenue ($4,119,469,056) = 817 tCO2e. Employee-based: median peer Scope 2 tCO2e/employee (0.25868) x this company's employee count (6,667) = 1,725 tCO2e. Final estimate is the average of the available method(s): 1,271 tCO2e.",True,ERIE INDEMNITY,,4067.26,6667.0,-2.0,68.0,-2.7,0.1,-1.4,0.1,-0.4,-0.9,6.6,-0.5,1.8,-4.6,0.0,,,https://uprightplatform.com/company/73b776f7-0e3e-4a08-af1d-eba9595d4b3d/Erie%20Indemnity/,False,,,
ESS,Essex Property Trust,sustainability_report,https://media.essexapartmenthomes.com/v1/media/edge/images/Project/EssexPropertyTrust/PDFs/ESG-Reports/2024_Essex_Sustainability_and_Impact_Report.pdf,,,,,,,False,no_fields_extracted,True,Targets set,1.5°C,2034.0,,,,,"Near-Term Targets: Essex Property Trust, Inc. commits to reduce scope 1 and 2 absolute GHG emissions 67.2% by 2034 from a 2018 base year. Essex Property Trust, Inc. also commits to reduce absolute scope 3 GHG emissions from purchased goods and services, upstream transportation and distribution, waste generated in operations and downstream leased assets 35% by 2034 from a 2023 base year.",2025-06-19 01:00:00,False,,,,,True,True,True,9090.8,median_model_revenue+employees,sector:Real Estate,8,"Tier 2 Scope 1 ESTIMATE (LSEG median-model style), NOT a disclosure -- see pipeline/tier2_estimation/estimate_tier2.py. Peer group: sector = 'Real Estate' (8 Tier 1 peers with a real Scope 1 value, floor=5). Revenue-based: median peer Scope 1 tCO2e/$ revenue (5.49255e-06) x this company's revenue ($1,980,775,936) = 10,880 tCO2e. Employee-based: median peer Scope 1 tCO2e/employee (4.331) x this company's employee count (1,686) = 7,302 tCO2e. Final estimate is the average of the available method(s): 9,091 tCO2e.",183018.8,median_model_revenue+employees,sector:Real Estate,7,"Tier 2 Scope 2 ESTIMATE (LSEG median-model style), NOT a disclosure -- see pipeline/tier2_estimation/estimate_tier2.py. Peer group: sector = 'Real Estate' (7 Tier 1 peers with a real Scope 2 value, floor=5). Revenue-based: median peer Scope 2 tCO2e/$ revenue (7.54576e-06) x this company's revenue ($1,980,775,936) = 14,946 tCO2e. Employee-based: median peer Scope 2 tCO2e/employee (208.239) x this company's employee count (1,686) = 351,091 tCO2e. Final estimate is the average of the available method(s): 183,019 tCO2e.",True,ESSEX PROPERTY,Real Estate,1669.39,1715.0,10.0,59.0,-11.5,0.4,-6.4,0.3,-1.2,-0.4,16.1,-1.4,2.2,-3.6,0.0,GHG emissions 255k tons of GHG emissions,Taxes 1.88M days of primary education,https://uprightplatform.com/company/f451ccb6-0ce7-440d-9b06-78ed946a6010/Essex%20Property/,False,,,
EL,Estée Lauder Companies (The),cdp_pdf,https://media.elcompanies.com/files/e/estee-lauder-companies/global/our-impact/si-s24/cdp-2024.pdf,29543.05,60179.73,1271.45,06/30/2018,34522.06,,new,,False,,,,,,,,,,False,,,,,False,False,False,,,,,,,,,,,True,ESTÉE LAUDER COMPANIES,Consumer Product Manufacturing,15190.0,57000.0,-48.0,87.0,-10.7,0.3,-4.8,0.2,-1.8,-0.5,6.4,-2.4,4.0,-2.3,0.0,GHG emissions 1.76M tons of GHG emissions,Taxes 9.93M days of primary education,https://uprightplatform.com/company/b8ef2a37-407e-4476-aee4-4500b4622255/Est%C3%A9e%20Lauder%20Companies/,False,,,
EG,Everest Group,sustainability_report,https://www.unepfi.org/wordpress/wp-content/uploads/2024/04/Everest-2023-Corporate-Responsibility-Report.pdf,,,,,,,False,no_fields_extracted,False,,,,,,,,,,False,,,,,True,True,True,4994.0,median_model_revenue+employees,sector:Financials,21,"Tier 2 Scope 1 ESTIMATE (LSEG median-model style), NOT a disclosure -- see pipeline/tier2_estimation/estimate_tier2.py. Peer group: sector = 'Financials' (21 Tier 1 peers with a real Scope 1 value, floor=5). Revenue-based: median peer Scope 1 tCO2e/$ revenue (5.36817e-07) x this company's revenue ($16,824,999,936) = 9,032 tCO2e. Employee-based: median peer Scope 1 tCO2e/employee (0.312029) x this company's employee count (3,064) = 956 tCO2e. Final estimate is the average of the available method(s): 4,994 tCO2e.",2064.3,median_model_revenue+employees,sector:Financials,17,"Tier 2 Scope 2 ESTIMATE (LSEG median-model style), NOT a disclosure -- see pipeline/tier2_estimation/estimate_tier2.py. Peer group: sector = 'Financials' (17 Tier 1 peers with a real Scope 2 value, floor=5). Revenue-based: median peer Scope 2 tCO2e/$ revenue (1.98278e-07) x this company's revenue ($16,824,999,936) = 3,336 tCO2e. Employee-based: median peer Scope 2 tCO2e/employee (0.25868) x this company's employee count (3,064) = 793 tCO2e. Final estimate is the average of the available method(s): 2,064 tCO2e.",True,EVEREST RE,Insurance,14587.0,3037.0,-8.0,71.0,-2.5,0.1,-1.3,0.1,-0.4,-1.1,6.4,-0.3,1.1,-4.5,0.3,Scarce human capital 10.8k scarce worker years,Societal infrastructure 10.8M long-haul train rides,https://uprightplatform.com/company/d920a801-d324-486b-b473-70e3874e5c4b/Everest%20Re/,False,,,
EVRG,Evergy,epa_ghgrp,,24537349.264,,,,,,,"EPA GHGRP 2023 Direct Emitters, matched via parent company 'EVERGY INC' (13 facilities). Scope 1 only, used directly to save budget.",False,,,,,,,,,,True,23,electricity-generation,USA,89.8,True,False,True,,,,,,61856.5,median_model_revenue+employees,sector:Utilities,10,"Tier 2 Scope 2 ESTIMATE (LSEG median-model style), NOT a disclosure -- see pipeline/tier2_estimation/estimate_tier2.py. Peer group: sector = 'Utilities' (10 Tier 1 peers with a real Scope 2 value, floor=5). Revenue-based: median peer Scope 2 tCO2e/$ revenue (9.6601e-06) x this company's revenue ($6,093,899,776) = 58,868 tCO2e. Employee-based: median peer Scope 2 tCO2e/employee (13.8233) x this company's employee count (4,691) = 64,845 tCO2e. Final estimate is the average of the available method(s): 61,856 tCO2e.",True,EVERGY,,5508.2,4658.0,-39.0,84.0,-32.3,7.1,-21.0,5.5,-4.0,-1.2,20.7,-3.8,0.6,-3.3,0.9,,,https://uprightplatform.com/company/82cad1ea-6e06-4ab7-92ac-330cae507d2f/Evergy/,False,,,
ES,Eversource Energy,none,,,,,,,,,no_public_report_found,True,Commitment removed,,,,,,,,2022-11-30 01:00:00,True,1,electricity-generation,USA,2.4,True,True,True,31610801.3,median_model_revenue+employees,sub_industry:Electric Utilities,14,"Tier 2 Scope 1 ESTIMATE (LSEG median-model style), NOT a disclosure -- see pipeline/tier2_estimation/estimate_tier2.py. Peer group: sub_industry = 'Electric Utilities' (14 Tier 1 peers with a real Scope 1 value, floor=5). Revenue-based: median peer Scope 1 tCO2e/$ revenue (0.0023194) x this company's revenue ($13,998,372,864) = 32,467,798 tCO2e. Employee-based: median peer Scope 1 tCO2e/employee (2865.88) x this company's employee count (10,731) = 30,753,805 tCO2e. Final estimate is the average of the available method(s): 31,610,801 tCO2e.",141781.9,median_model_revenue+employees,sector:Utilities,10,"Tier 2 Scope 2 ESTIMATE (LSEG median-model style), NOT a disclosure -- see pipeline/tier2_estimation/estimate_tier2.py. Peer group: sector = 'Utilities' (10 Tier 1 peers with a real Scope 2 value, floor=5). Revenue-based: median peer Scope 2 tCO2e/$ revenue (9.6601e-06) x this company's revenue ($13,998,372,864) = 135,226 tCO2e. Employee-based: median peer Scope 2 tCO2e/employee (13.8233) x this company's employee count (10,731) = 148,338 tCO2e. Final estimate is the average of the available method(s): 141,782 tCO2e.",True,EVERSOURCE ENERGY,Energy and Environmental,12991.14,10680.0,29.0,42.0,-22.2,7.3,-12.2,6.3,-3.2,-0.9,33.8,-2.1,0.5,-4.3,0.3,GHG emissions 3.79M tons of GHG emissions,Societal infrastructure 86.2M long-haul train rides,https://uprightplatform.com/company/0e19247f-e6c8-433c-a7d8-3af21ae2fdec/Eversource%20Energy/,False,,,
EXC,Exelon,cdp_pdf,https://www.exeloncorp.com/sustainability/Documents/Exelon_Investor_CDP.pdf,413000.0,4323044.0,4895389.0,,,,new,,False,,,,,,,,,,True,2,electricity-generation,CAN;USA,100.0,False,False,False,,,,,,,,,,,True,EXELON,Energy and Environmental,23028.0,19962.0,28.0,43.0,-17.8,10.6,-7.7,8.2,-3.2,-1.4,21.5,-1.5,0.4,-3.4,0.8,GHG emissions 4.25M tons of GHG emissions,Societal infrastructure 88.2M long-haul train rides,https://uprightplatform.com/company/3385012f-9e41-46e7-9eec-e4595c7ad8f3/Exelon/,False,,,
EXE,Expand Energy,none,,,,,,,,,no_public_report_found,False,,,,,,,,,,False,,,,,True,True,True,1819889.2,median_model_revenue+employees,sub_industry:Oil & Gas Exploration & Production,6,"Tier 2 Scope 1 ESTIMATE (LSEG median-model style), NOT a disclosure -- see pipeline/tier2_estimation/estimate_tier2.py. Peer group: sub_industry = 'Oil & Gas Exploration & Production' (6 Tier 1 peers with a real Scope 1 value, floor=5). Revenue-based: median peer Scope 1 tCO2e/$ revenue (0.000192331) x this company's revenue ($12,657,999,872) = 2,434,524 tCO2e. Employee-based: median peer Scope 1 tCO2e/employee (753.284) x this company's employee count (1,600) = 1,205,255 tCO2e. Final estimate is the average of the available method(s): 1,819,889 tCO2e.",220466.4,median_model_revenue+employees,sector:Energy,6,"Tier 2 Scope 2 ESTIMATE (LSEG median-model style), NOT a disclosure -- see pipeline/tier2_estimation/estimate_tier2.py. Peer group: sector = 'Energy' (6 Tier 1 peers with a real Scope 2 value, floor=5). Revenue-based: median peer Scope 2 tCO2e/$ revenue (1.7615e-05) x this company's revenue ($12,657,999,872) = 222,971 tCO2e. Employee-based: median peer Scope 2 tCO2e/employee (136.226) x this company's employee count (1,600) = 217,962 tCO2e. Final estimate is the average of the available method(s): 220,466 tCO2e.",True,EXPAND ENERGY CORPORATION,,12189.0,1700.0,-109.0,96.0,-27.4,0.8,-15.6,0.6,-4.4,-3.2,14.7,-2.9,0.4,-2.5,1.4,,,https://uprightplatform.com/company/0e00ffd4-b557-4cb9-b73e-66ec8a3131d6/Expand%20Energy%20Corporation/,False,,,
EXPE,Expedia Group,sustainability_report,https://careers.expediagroup.com/wp-content/uploads/2026/06/expedia-group-global-impact-report-2025.pdf,,,,,,,False,no_fields_extracted,True,Targets set,1.5°C,2030.0,,,,,"Expedia Group, Inc. commits to reduce absolute scope 1 and 2 GHG emissions 75% by 2030 from a 2022 base year. Expedia Group, Inc. also commits that 78% of its suppliers by emissions covering purchased goods and services, capital goods, and business travel, will have science-based targets by 2028.",2024-09-19 01:00:00,False,,,,,True,True,True,39248.4,median_model_revenue+employees,sector:Consumer Discretionary,21,"Tier 2 Scope 1 ESTIMATE (LSEG median-model style), NOT a disclosure -- see pipeline/tier2_estimation/estimate_tier2.py. Peer group: sector = 'Consumer Discretionary' (21 Tier 1 peers with a real Scope 1 value, floor=5). Revenue-based: median peer Scope 1 tCO2e/$ revenue (3.71647e-06) x this company's revenue ($15,699,999,744) = 58,349 tCO2e. Employee-based: median peer Scope 1 tCO2e/employee (1.25926) x this company's employee count (16,000) = 20,148 tCO2e. Final estimate is the average of the available method(s): 39,248 tCO2e.",66497.0,median_model_revenue+employees,sector:Consumer Discretionary,18,"Tier 2 Scope 2 ESTIMATE (LSEG median-model style), NOT a disclosure -- see pipeline/tier2_estimation/estimate_tier2.py. Peer group: sector = 'Consumer Discretionary' (18 Tier 1 peers with a real Scope 2 value, floor=5). Revenue-based: median peer Scope 2 tCO2e/$ revenue (6.64506e-06) x this company's revenue ($15,699,999,744) = 104,327 tCO2e. Employee-based: median peer Scope 2 tCO2e/employee (1.79165) x this company's employee count (16,000) = 28,666 tCO2e. Final estimate is the average of the available method(s): 66,497 tCO2e.",True,EXPEDIA,,12893.0,16500.0,9.0,60.0,-7.8,0.5,-3.5,0.4,-1.1,-0.2,11.0,-1.2,2.1,-4.6,1.4,,,https://uprightplatform.com/company/8e98e3f5-9246-4761-90e5-0ae29ce55512/Expedia/,False,,,
EXPD,Expeditors International,cdp_pdf,https://s23.q4cdn.com/539497486/files/doc_financials/2023/sr/CDP-Climate-Change-Questionnaire-2023.pdf,68000.0,185000.0,149000.0,,,,old,,False,,,,,,,,,,False,,,,,False,False,False,,,,,,,,,,,True,EXPEDITORS,Transportation,11273.14,18400.0,-6.0,70.0,-12.4,0.7,-6.4,0.5,-2.5,-0.1,12.2,-0.5,0.8,-1.9,0.4,GHG emissions 1.74M tons of GHG emissions,Societal infrastructure 16.1M long-haul train rides,https://uprightplatform.com/company/7464c83a-d826-45e0-a4cd-445d63fb4e81/Expeditors/,False,,,
EXR,Extra Space Storage,none,,,,,,,,,no_public_report_found,False,,,,,,,,,,False,,,,,True,True,True,27817.5,median_model_revenue+employees,sector:Real Estate,8,"Tier 2 Scope 1 ESTIMATE (LSEG median-model style), NOT a disclosure -- see pipeline/tier2_estimation/estimate_tier2.py. Peer group: sector = 'Real Estate' (8 Tier 1 peers with a real Scope 1 value, floor=5). Revenue-based: median peer Scope 1 tCO2e/$ revenue (5.49255e-06) x this company's revenue ($3,511,115,008) = 19,285 tCO2e. Employee-based: median peer Scope 1 tCO2e/employee (4.331) x this company's employee count (8,393) = 36,350 tCO2e. Final estimate is the average of the available method(s): 27,818 tCO2e.",887122.4,median_model_revenue+employees,sector:Real Estate,7,"Tier 2 Scope 2 ESTIMATE (LSEG median-model style), NOT a disclosure -- see pipeline/tier2_estimation/estimate_tier2.py. Peer group: sector = 'Real Estate' (7 Tier 1 peers with a real Scope 2 value, floor=5). Revenue-based: median peer Scope 2 tCO2e/$ revenue (7.54576e-06) x this company's revenue ($3,511,115,008) = 26,494 tCO2e. Employee-based: median peer Scope 2 tCO2e/employee (208.239) x this company's employee count (8,393) = 1,747,751 tCO2e. Final estimate is the average of the available method(s): 887,122 tCO2e.",True,EXTRA SPACE STORAGE,Real Estate,3377.54,8012.0,20.0,50.0,-7.3,1.1,-3.8,0.9,-0.8,-0.5,13.3,-1.1,0.6,-3.2,0.0,GHG emissions 308k tons of GHG emissions,Societal infrastructure 4.77M long-haul train rides,https://uprightplatform.com/company/13651c65-810d-4b1b-849c-5832d02488e1/Extra%20Space%20Storage/,False,,,
XOM,ExxonMobil,epa_ghgrp,,35406994.226,,,,,,,"EPA GHGRP 2023 Direct Emitters, parent company 'EXXON MOBIL CORP' (35 facilities) -- normalization missed the space vs our roster's 'ExxonMobil', unambiguous match confirmed manually. Scope 1 only.",False,,,,,,,,,,False,,,,,True,False,True,,,,,,7123789.3,median_model_revenue+employees,sector:Energy,6,"Tier 2 Scope 2 ESTIMATE (LSEG median-model style), NOT a disclosure -- see pipeline/tier2_estimation/estimate_tier2.py. Peer group: sector = 'Energy' (6 Tier 1 peers with a real Scope 2 value, floor=5). Revenue-based: median peer Scope 2 tCO2e/$ revenue (1.7615e-05) x this company's revenue ($361,060,007,936) = 6,360,074 tCO2e. Employee-based: median peer Scope 2 tCO2e/employee (136.226) x this company's employee count (57,900) = 7,887,504 tCO2e. Final estimate is the average of the available method(s): 7,123,789 tCO2e.",True,EXXON MOBIL,,349585.0,61000.0,-100.0,95.0,-31.6,1.1,-17.1,0.7,-5.8,-1.8,18.8,-6.2,0.9,-2.3,0.2,,,https://uprightplatform.com/company/962a29cc-a3bd-48ef-8b0e-f2a3fb8e5e1d/Exxon%20Mobil/,False,,,
FFIV,"F5, Inc.",sustainability_report,https://s21.q4cdn.com/785172654/files/doc_financials/2024/ar/FY24_F5_ESG_Report_FINAL.pdf,,,,,,,False,no_fields_extracted,True,Targets set,1.5°C,FY2030,,,,,"F5, Inc. commits to reduce absolute scope 1 and 2 GHG emissions 50%
by FY2030 from a FY2021 base year. 
F5, Inc. also commits to reduce
absolute scope 3 GHG emissions 43% within the same timeframe.",2024-09-05 01:00:00,False,,,,,True,True,True,2962.1,median_model_revenue+employees,sector:Information Technology,37,"Tier 2 Scope 1 ESTIMATE (LSEG median-model style), NOT a disclosure -- see pipeline/tier2_estimation/estimate_tier2.py. Peer group: sector = 'Information Technology' (37 Tier 1 peers with a real Scope 1 value, floor=5). Revenue-based: median peer Scope 1 tCO2e/$ revenue (6.23987e-07) x this company's revenue ($3,309,331,968) = 2,065 tCO2e. Employee-based: median peer Scope 1 tCO2e/employee (0.592647) x this company's employee count (6,512) = 3,859 tCO2e. Final estimate is the average of the available method(s): 2,962 tCO2e.",8591.0,median_model_revenue+employees,sector:Information Technology,29,"Tier 2 Scope 2 ESTIMATE (LSEG median-model style), NOT a disclosure -- see pipeline/tier2_estimation/estimate_tier2.py. Peer group: sector = 'Information Technology' (29 Tier 1 peers with a real Scope 2 value, floor=5). Revenue-based: median peer Scope 2 tCO2e/$ revenue (2.34945e-06) x this company's revenue ($3,309,331,968) = 7,775 tCO2e. Employee-based: median peer Scope 2 tCO2e/employee (1.44455) x this company's employee count (6,512) = 9,407 tCO2e. Final estimate is the average of the available method(s): 8,591 tCO2e.",True,F5 NETWORKS,Corporate Services,3024.66,6557.0,46.0,25.0,-4.2,0.4,-1.9,0.2,-0.5,-0.3,13.3,-0.7,1.2,-6.7,7.1,Scarce human capital 3.33k scarce worker years,Taxes 3.45M days of primary education,https://uprightplatform.com/company/f0baf061-6ec1-40f6-8e23-d94dad9e1600/F5%20Networks/,False,,,
FDS,FactSet,none,,,,,,,,,no_public_report_found,False,,,,,,,,,,False,,,,,True,True,True,2635.0,median_model_revenue+employees,sector:Financials,21,"Tier 2 Scope 1 ESTIMATE (LSEG median-model style), NOT a disclosure -- see pipeline/tier2_estimation/estimate_tier2.py. Peer group: sector = 'Financials' (21 Tier 1 peers with a real Scope 1 value, floor=5). Revenue-based: median peer Scope 1 tCO2e/$ revenue (5.36817e-07) x this company's revenue ($2,438,458,880) = 1,309 tCO2e. Employee-based: median peer Scope 1 tCO2e/employee (0.312029) x this company's employee count (12,694) = 3,961 tCO2e. Final estimate is the average of the available method(s): 2,635 tCO2e.",1883.6,median_model_revenue+employees,sector:Financials,17,"Tier 2 Scope 2 ESTIMATE (LSEG median-model style), NOT a disclosure -- see pipeline/tier2_estimation/estimate_tier2.py. Peer group: sector = 'Financials' (17 Tier 1 peers with a real Scope 2 value, floor=5). Revenue-based: median peer Scope 2 tCO2e/$ revenue (1.98278e-07) x this company's revenue ($2,438,458,880) = 483 tCO2e. Employee-based: median peer Scope 2 tCO2e/employee (0.25868) x this company's employee count (12,694) = 3,284 tCO2e. Final estimate is the average of the available method(s): 1,884 tCO2e.",True,FACTSET RESEARCH SYSTEMS,Corporate Services,2401.06,12840.0,26.0,45.0,-1.5,0.1,-0.8,0.1,-0.2,-0.1,6.9,-0.4,0.6,-6.0,3.2,Scarce human capital 2.36k scarce worker years,Taxes 1.65M days of primary education,https://uprightplatform.com/company/11b03530-ec7c-4d4e-aaad-6c415463692c/Factset%20Research%20Systems/,False,,,
FICO,Fair Isaac,none,,,,,,,,,no_public_report_found,False,,,,,,,,,,False,,,,,True,True,True,669.9,median_model_revenue+employees,sub_industry:Application Software,7,"Tier 2 Scope 1 ESTIMATE (LSEG median-model style), NOT a disclosure -- see pipeline/tier2_estimation/estimate_tier2.py. Peer group: sub_industry = 'Application Software' (7 Tier 1 peers with a real Scope 1 value, floor=5). Revenue-based: median peer Scope 1 tCO2e/$ revenue (2.60656e-07) x this company's revenue ($2,393,574,912) = 624 tCO2e. Employee-based: median peer Scope 1 tCO2e/employee (0.18472) x this company's employee count (3,876) = 716 tCO2e. Final estimate is the average of the available method(s): 670 tCO2e.",2506.8,median_model_revenue+employees,sub_industry:Application Software,7,"Tier 2 Scope 2 ESTIMATE (LSEG median-model style), NOT a disclosure -- see pipeline/tier2_estimation/estimate_tier2.py. Peer group: sub_industry = 'Application Software' (7 Tier 1 peers with a real Scope 2 value, floor=5). Revenue-based: median peer Scope 2 tCO2e/$ revenue (9.10231e-07) x this company's revenue ($2,393,574,912) = 2,179 tCO2e. Employee-based: median peer Scope 2 tCO2e/employee (0.731378) x this company's employee count (3,876) = 2,835 tCO2e. Final estimate is the average of the available method(s): 2,507 tCO2e.",False,,,2393.6,3876,40.5,31.0,-4.6,0.4,-2.05,0.3,-0.55,-0.2,12.0,-0.8,1.0,-5.5,4.65,,,,True,sub_industry:Application Software,12,"PROXY ESTIMATE, not real Upright data -- see pipeline/upright/estimate_upright_gaps.py. Peer group: sub_industry = 'Application Software' (12 real Upright-covered peers, floor=5). Each cents-per-dollar-of-revenue figure is the MEDIAN of that peer group's real Upright values for the same metric -- a crude industry-average proxy, not Upright's own company-specific modeling. Revenue/employee figures are this company's own real data (from yfinance), not estimated."
FAST,Fastenal,cdp_pdf,https://crafter.fastenal.com/static-assets/pdfs/fcom/2023_CDP_Report_Revised.pdf,110830.87,48606.75,50181.62,,,,old,,False,,,,,,,,,,False,,,,,False,False,False,,,,,,,,,,,True,FASTENAL,,7346.7,23201.0,-17.0,76.0,-10.0,0.3,-5.4,0.2,-0.9,-0.1,9.7,-0.5,1.0,-2.3,0.0,,,https://uprightplatform.com/company/c21b0ef0-38a1-4e44-abad-4f88aa1d5576/Fastenal/,False,,,
FRT,Federal Realty Investment Trust,none,,,,,,,,,no_public_report_found,True,Targets set,1.5°C,2030.0,,,,,"This target was approved using a streamlined target validation route exclusive to small and medium-sized enterprises (SMEs). https://sciencebasedtargets.org/faqs-for-smes/ Federal Realty Investment Trust commits to reduce scope 1 and scope 2 GHG emissions 46% by 2030 from a 2019 base year, and to measure and reduce its scope 3 emissions.",2022-09-29 01:00:00,False,,,,,True,True,True,4347.4,median_model_revenue+employees,sector:Real Estate,8,"Tier 2 Scope 1 ESTIMATE (LSEG median-model style), NOT a disclosure -- see pipeline/tier2_estimation/estimate_tier2.py. Peer group: sector = 'Real Estate' (8 Tier 1 peers with a real Scope 1 value, floor=5). Revenue-based: median peer Scope 1 tCO2e/$ revenue (5.49255e-06) x this company's revenue ($1,335,422,976) = 7,335 tCO2e. Employee-based: median peer Scope 1 tCO2e/employee (4.331) x this company's employee count (314) = 1,360 tCO2e. Final estimate is the average of the available method(s): 4,347 tCO2e.",37731.9,median_model_revenue+employees,sector:Real Estate,7,"Tier 2 Scope 2 ESTIMATE (LSEG median-model style), NOT a disclosure -- see pipeline/tier2_estimation/estimate_tier2.py. Peer group: sector = 'Real Estate' (7 Tier 1 peers with a real Scope 2 value, floor=5). Revenue-based: median peer Scope 2 tCO2e/$ revenue (7.54576e-06) x this company's revenue ($1,335,422,976) = 10,077 tCO2e. Employee-based: median peer Scope 2 tCO2e/employee (208.239) x this company's employee count (314) = 65,387 tCO2e. Final estimate is the average of the available method(s): 37,732 tCO2e.",True,FEDERAL REALTY INVESTMENT,Real Estate,1165.79,304.0,-12.0,73.0,-9.7,0.2,-4.5,0.1,-1.3,-0.2,11.1,-0.5,0.5,-2.8,0.0,GHG emissions 125k tons of GHG emissions,Taxes 1.14M days of primary education,https://uprightplatform.com/company/26102880-057c-4fcc-870c-e823eb994b67/Federal%20Realty%20Investment/,False,,,
FDX,FedEx,cdp_pdf,https://www.fedex.com/content/dam/fedex/us-united-states/sustainability/gcrs/FedEx_Corp_CDP_2025.pdf,14842148.0,898484.0,966871.0,,,,new,,True,Targets set,1.5°C,FY2035,,,,,"Near-Term Targets:
FedEx Corporation commits to reduce absolute scope 1 and 2 GHG emissions 58.8% by FY2035 from a FY2024 base year.* FedEx Corporation also commits to reduce absolute scope 3 GHG emissions from fuel- and energy-related activities and upstream transportation and distribution 35.0% within the same timeframe. FedEx Corporation further commits that 70.0% of its suppliers by spend covering purchased goods and services and capital goods, will have science-based targets by FY2030.

*The target boundary includes land-related emissions and removals from biogenic feedstocks.",2026-04-23 01:00:00,False,,,,,False,False,False,,,,,,,,,,,True,FEDEX,,87693.0,237000.0,-35.0,83.0,-23.0,2.2,-11.5,1.8,-6.0,-0.8,16.7,-3.5,2.2,-2.1,0.7,,,https://uprightplatform.com/company/fad73050-ad19-4431-8f58-1bd5093505f2/FedEx/,False,,,
FDXF,FedEx Freight,none,,,,,,,,,no_public_report_found,False,,,,,,,,,,False,,,,,True,True,True,112534.3,median_model_revenue+employees,sector:Industrials,40,"Tier 2 Scope 1 ESTIMATE (LSEG median-model style), NOT a disclosure -- see pipeline/tier2_estimation/estimate_tier2.py. Peer group: sector = 'Industrials' (40 Tier 1 peers with a real Scope 1 value, floor=5). Revenue-based: median peer Scope 1 tCO2e/$ revenue (6.94524e-06) x this company's revenue ($8,794,999,808) = 61,083 tCO2e. Employee-based: median peer Scope 1 tCO2e/employee (4.09963) x this company's employee count (40,000) = 163,985 tCO2e. Final estimate is the average of the available method(s): 112,534 tCO2e.",111469.9,median_model_revenue+employees,sector:Industrials,28,"Tier 2 Scope 2 ESTIMATE (LSEG median-model style), NOT a disclosure -- see pipeline/tier2_estimation/estimate_tier2.py. Peer group: sector = 'Industrials' (28 Tier 1 peers with a real Scope 2 value, floor=5). Revenue-based: median peer Scope 2 tCO2e/$ revenue (9.89188e-06) x this company's revenue ($8,794,999,808) = 86,999 tCO2e. Employee-based: median peer Scope 2 tCO2e/employee (3.39852) x this company's employee count (40,000) = 135,941 tCO2e. Final estimate is the average of the available method(s): 111,470 tCO2e.",False,,,8795.0,40000,-0.5,66.0,-12.4,1.6,-6.45,1.0,-2.0,-0.4,13.8,-1.75,1.6,-2.3,0.7,,,,True,sector:Industrials,78,"PROXY ESTIMATE, not real Upright data -- see pipeline/upright/estimate_upright_gaps.py. Peer group: sector = 'Industrials' (78 real Upright-covered peers, floor=5). Each cents-per-dollar-of-revenue figure is the MEDIAN of that peer group's real Upright values for the same metric -- a crude industry-average proxy, not Upright's own company-specific modeling. Revenue/employee figures are this company's own real data (from yfinance), not estimated."
FERG,Ferguson Enterprises,cdp_pdf,https://s201.q4cdn.com/465729859/files/doc_governance/2025/Dec/15/Ferguson-2025-CDP-Response-9d46ab.pdf,162792.0,85302.0,26981.0,,,29600000000.0,new,,False,,,,,,,,,,False,,,,,False,False,False,,,,,,,,,,,True,FERGUSON,,31159.0,,-31.0,81.0,-11.2,0.6,-5.5,0.4,-1.5,-0.3,9.7,-1.1,1.1,-2.4,0.0,,,https://uprightplatform.com/company/1563d688-9937-45cb-84b8-9f6f36bdf703/Ferguson/,False,,,
FIS,Fidelity National Information Services,sustainability_report,https://www.fisglobal.com/-/media/fisglobal/files/pdf/report/2024-global-sustainability-report.pdf,,,,,,,False,no_fields_extracted,False,,,,,,,,,,False,,,,,True,True,True,10139.2,median_model_revenue+employees,sector:Financials,21,"Tier 2 Scope 1 ESTIMATE (LSEG median-model style), NOT a disclosure -- see pipeline/tier2_estimation/estimate_tier2.py. Peer group: sector = 'Financials' (21 Tier 1 peers with a real Scope 1 value, floor=5). Revenue-based: median peer Scope 1 tCO2e/$ revenue (5.36817e-07) x this company's revenue ($12,199,999,488) = 6,549 tCO2e. Employee-based: median peer Scope 1 tCO2e/employee (0.312029) x this company's employee count (44,000) = 13,729 tCO2e. Final estimate is the average of the available method(s): 10,139 tCO2e.",6900.5,median_model_revenue+employees,sector:Financials,17,"Tier 2 Scope 2 ESTIMATE (LSEG median-model style), NOT a disclosure -- see pipeline/tier2_estimation/estimate_tier2.py. Peer group: sector = 'Financials' (17 Tier 1 peers with a real Scope 2 value, floor=5). Revenue-based: median peer Scope 2 tCO2e/$ revenue (1.98278e-07) x this company's revenue ($12,199,999,488) = 2,419 tCO2e. Employee-based: median peer Scope 2 tCO2e/employee (0.25868) x this company's employee count (44,000) = 11,382 tCO2e. Final estimate is the average of the available method(s): 6,900 tCO2e.",True,FIDELITY NATIONAL INFORMATION SERVICES,Financial Services,9821.0,50000.0,34.0,38.0,-2.7,0.1,-1.3,0.1,-0.3,-0.3,10.7,-0.5,1.1,-6.3,2.8,Scarce human capital 10.1k scarce worker years,Taxes 8.20M days of primary education,https://uprightplatform.com/company/6c841aa8-1e0e-4a81-beb5-706c4e38196b/Fidelity%20National%20Information%20Services/,False,,,
FITB,Fifth Third Bancorp,cdp_pdf,https://s23.q4cdn.com/252949160/files/doc_downloads/2025/11/2025-CDP-Fifth-Third-Bancorp.pdf,9449.0,51413.0,0.0,,,8479000000.0,new,,False,,,,,,,,,,False,,,,,False,False,False,,,,,,,,,,,True,FIFTH THIRD BANK,Banks,8710.0,18724.0,12.0,57.0,-4.4,0.2,-2.4,0.2,-0.6,-0.4,10.5,-0.9,1.4,-5.5,0.7,Scarce human capital 7.88k scarce worker years,Societal infrastructure 11.6M long-haul train rides,https://uprightplatform.com/company/2f837249-9e74-4636-abdf-4c520dbcf570/Fifth%20Third%20Bank/,False,,,
FSLR,First Solar,cdp_pdf,https://www.firstsolar.com/-/media/First-Solar/Sustainability-Documents/2024-CDP-Corporate-Questionnaire.pdf,11638.0,793171.0,776502.0,,,3318602000.0,new,,True,Targets set,1.5°C,2028.0,Targets set,2050.0,Targets set,2050.0,"Overall Net-Zero Target First Solar Inc commits to reach net-zero GHG emissions across the value chain by 2050. Near-Term Targets First Solar commits to reduce absolute scope 1 and 2 GHG emissions 34% by 2028 from a 2020 base year. First Solar also commits to reduce scope 3 GHG emissions from purchased goods and services 45% per MW produced within the same timeframe. Long-Term Targets First Solar Inc commits to reduce absolute Scope 1 and 2 GHG emissions 90% by 2050 from a 2020 base year. First Solar Inc commits to reduce Scope 3 GHG emissions from purchased goods and services, capital goods, and fuel- and energy-related activities 97% per MW produced within the same timeframe.",2023-08-31 01:00:00,False,,,,,False,False,False,,,,,,,,,,,True,FIRST SOLAR,,4343.44,8100.0,68.0,5.0,-8.6,12.2,-4.2,8.1,-1.2,-0.2,24.3,-0.9,0.8,-2.3,0.7,,,https://uprightplatform.com/company/211f3e20-1b56-4452-a509-f6bc58a3e30b/First%20Solar/,False,,,
FE,FirstEnergy,epa_ghgrp,,15258135.972,,,,,,,"EPA GHGRP 2023 Direct Emitters, parent company 'FIRSTENERGY CORP', only 2 facilities matched -- CAUTION: likely an UNDERCOUNT, since FirstEnergy's many generating subsidiaries (Ohio Edison, Penn Power, etc.) probably report under separate parent-company names not captured by exact matching. Scope 1 only.",False,,,,,,,,,,True,5,electricity-generation,USA,,True,False,True,,,,,,152836.5,median_model_revenue+employees,sector:Utilities,10,"Tier 2 Scope 2 ESTIMATE (LSEG median-model style), NOT a disclosure -- see pipeline/tier2_estimation/estimate_tier2.py. Peer group: sector = 'Utilities' (10 Tier 1 peers with a real Scope 2 value, floor=5). Revenue-based: median peer Scope 2 tCO2e/$ revenue (9.6601e-06) x this company's revenue ($15,635,999,744) = 151,045 tCO2e. Employee-based: median peer Scope 2 tCO2e/employee (13.8233) x this company's employee count (11,186) = 154,628 tCO2e. Final estimate is the average of the available method(s): 152,837 tCO2e.",True,FIRSTENERGY,,12870.0,12294.0,21.0,49.0,-23.5,8.1,-13.0,7.0,-3.5,-1.2,30.9,-2.7,0.5,-4.3,0.6,,,https://uprightplatform.com/company/8451b3b2-8c23-4e02-b7fe-051344bf8887/FirstEnergy/,False,,,
FISV,Fiserv,sustainability_report,https://www.fiserv.com/content/dam/fiserv-ent/final-files/marketing-collateral/documents-handouts-flyers/fiserv-climate-related-risk-disclosure-report-0226.pdf,,,,,,,False,no_fields_extracted,False,,,,,,,,,,False,,,,,True,True,True,11376.8,median_model_revenue,sector:Financials,21,"Tier 2 Scope 1 ESTIMATE (LSEG median-model style), NOT a disclosure -- see pipeline/tier2_estimation/estimate_tier2.py. Peer group: sector = 'Financials' (21 Tier 1 peers with a real Scope 1 value, floor=5). Revenue-based: median peer Scope 1 tCO2e/$ revenue (5.36817e-07) x this company's revenue ($21,193,000,000) = 11,377 tCO2e. Final estimate is the average of the available method(s): 11,377 tCO2e.",4202.1,median_model_revenue,sector:Financials,17,"Tier 2 Scope 2 ESTIMATE (LSEG median-model style), NOT a disclosure -- see pipeline/tier2_estimation/estimate_tier2.py. Peer group: sector = 'Financials' (17 Tier 1 peers with a real Scope 2 value, floor=5). Revenue-based: median peer Scope 2 tCO2e/$ revenue (1.98278e-07) x this company's revenue ($21,193,000,000) = 4,202 tCO2e. Final estimate is the average of the available method(s): 4,202 tCO2e.",True,FISERV,,20456.0,38000.0,17.0,53.0,-4.0,0.2,-1.9,0.1,-0.3,-0.3,10.3,-0.4,0.5,-4.8,0.5,,,https://uprightplatform.com/company/79a3270f-c704-4ff3-9596-34944452bf2b/Fiserv/,False,,,
FLEX,Flex Ltd.,cdp_pdf,https://flex.com/downloads/cdp-climate-and-water-security-questionnaire-2024,83630.0,642598.0,503628.0,,,29387000000.0,new,,True,Targets set,1.5°C,2030.0,,,,,"Flex commits to reduce absolute scope 1 and 2 GHG emissions 50% by 2030 from a 2019 base year*. Flex commits that 70% of its customers by emissions covering purchased goods and services, capital goods and use of sold products, will have science-based targets by 2025. *The target boundary includes biogenic emissions and removals from bioenergy feedstocks.",2021-04-22 01:00:00,False,,,,,False,False,False,,,,,,,,,,,True,FLEX,,26333.0,148000.0,27.0,44.0,-7.7,1.0,-3.3,0.6,-0.9,-0.6,10.2,-2.6,3.5,-3.6,5.1,,,https://uprightplatform.com/company/abaa4166-22b8-4a30-8187-42730eea6458/Flex/,False,,,
F,Ford Motor Company,cdp_pdf,https://corporate.ford.com/content/dam/corporate/us/en-us/documents/reports/ford-cdp-climate-water-report.pdf,1419442.81,3262018.65,3110560.1,12/31/2017,1384651.26,176000000000.0,new,,True,Targets set,1.5°C/Well-below 2°C,2035.0,,,Commitment removed,,Ford Motor Company commits to reduce absolute scope 1 and scope 2 GHG emissions 76% by 2035 from a 2017 base year. Ford Motor Company also commits to reduce scope 3 use of sold products GHG emissions 50% per vehicle kilometer by 2035 from a 2019 base year. Auto manufacturers have two near-term target temperature alignments for 1) scope 1 and 2 emissions and 2) scope 3 category 11 emissions from use of sold products.,2021-03-31 01:00:00,False,,,,,False,False,False,,,,,,,,,,,True,FORD MOTOR,Automotive,184992.0,171000.0,-41.0,85.0,-23.5,2.2,-12.7,1.5,-4.7,-0.4,18.7,-6.6,2.0,-2.5,0.4,GHG emissions 56.1M tons of GHG emissions,Societal infrastructure 573M long-haul train rides,https://uprightplatform.com/company/25f9dcfa-1830-406a-a2b6-17bde5e74da9/Ford%20Motor/,False,,,
FTV,Fortive,sustainability_report,https://fortive.com/sites/default/files/2025-04/2024-Fortive-Sustainability-Report-Appendix.pdf,,,,,,,new,no_fields_extracted,False,,,,,,,,,,False,,,,,True,True,True,21298.3,median_model_revenue+employees,sub_industry:Industrial Machinery & Supplies & Components,6,"Tier 2 Scope 1 ESTIMATE (LSEG median-model style), NOT a disclosure -- see pipeline/tier2_estimation/estimate_tier2.py. Peer group: sub_industry = 'Industrial Machinery & Supplies & Components' (6 Tier 1 peers with a real Scope 1 value, floor=5). Revenue-based: median peer Scope 1 tCO2e/$ revenue (5.37521e-06) x this company's revenue ($4,315,800,064) = 23,198 tCO2e. Employee-based: median peer Scope 1 tCO2e/employee (1.93983) x this company's employee count (10,000) = 19,398 tCO2e. Final estimate is the average of the available method(s): 21,298 tCO2e.",52264.1,median_model_revenue+employees,sub_industry:Industrial Machinery & Supplies & Components,5,"Tier 2 Scope 2 ESTIMATE (LSEG median-model style), NOT a disclosure -- see pipeline/tier2_estimation/estimate_tier2.py. Peer group: sub_industry = 'Industrial Machinery & Supplies & Components' (5 Tier 1 peers with a real Scope 2 value, floor=5). Revenue-based: median peer Scope 2 tCO2e/$ revenue (1.36744e-05) x this company's revenue ($4,315,800,064) = 59,016 tCO2e. Employee-based: median peer Scope 2 tCO2e/employee (4.55123) x this company's employee count (10,000) = 45,512 tCO2e. Final estimate is the average of the available method(s): 52,264 tCO2e.",True,FORTIVE,Industrial Manufacturing and Services,6195.2,18000.0,32.0,40.0,-6.8,0.8,-3.1,0.5,-1.1,-0.4,10.3,-1.2,3.3,-3.5,3.1,Scarce human capital 3.53k scarce worker years,Taxes 5.47M days of primary education,https://uprightplatform.com/company/b6db51ca-cf28-4d52-951c-ec7a7a278664/Fortive/,False,,,
FCX,Freeport-McMoRan,cdp_pdf,https://fcx.com/sites/fcx/files/documents/sustainability/2024_cdp_response.pdf,5139523.0,2831755.0,2624651.0,12/31/2018,4964720.0,22855000000.0,new,,True,Commitment removed,,,,,,,,2022-04-14 01:00:00,True,4,electricity-generation,IDN;PER;USA,48.8,False,False,False,,,,,,,,,,,True,FREEPORT-MCMORAN,Mining and Metals,25455.0,28500.0,-87.0,94.0,-18.8,1.0,-8.2,0.8,-2.7,-1.1,10.1,-2.5,0.9,-1.7,0.9,GHG emissions 5.04M tons of GHG emissions,Societal infrastructure 27.4M long-haul train rides,https://uprightplatform.com/company/290cd849-364b-4af9-a975-bc929259049d/Freeport-McMoRan/,False,,,
FTNT,Fortinet,none,,,,,,,,,no_public_report_found,True,Targets set,1.5°C,2030.0,,,Commitment removed,,"Fortinet commits to reduce absolute scope 1 and 2 GHG emissions 58.80% by 2030 from a 2021 base year. Fortinet also commits that 69.24% of its customers by revenue covering use of sold products, will have science-based targets by 2029. Fortinet further commits that 60.50% of its suppliers by spend covering purchased goods and services and upstream transportation and distribution, will have science-based targets by 2029.",2025-01-16 01:00:00,False,,,,,True,True,True,6933.2,median_model_revenue+employees,sector:Information Technology,37,"Tier 2 Scope 1 ESTIMATE (LSEG median-model style), NOT a disclosure -- see pipeline/tier2_estimation/estimate_tier2.py. Peer group: sector = 'Information Technology' (37 Tier 1 peers with a real Scope 1 value, floor=5). Revenue-based: median peer Scope 1 tCO2e/$ revenue (6.23987e-07) x this company's revenue ($7,527,399,936) = 4,697 tCO2e. Employee-based: median peer Scope 1 tCO2e/employee (0.592647) x this company's employee count (15,472) = 9,169 tCO2e. Final estimate is the average of the available method(s): 6,933 tCO2e.",20017.6,median_model_revenue+employees,sector:Information Technology,29,"Tier 2 Scope 2 ESTIMATE (LSEG median-model style), NOT a disclosure -- see pipeline/tier2_estimation/estimate_tier2.py. Peer group: sector = 'Information Technology' (29 Tier 1 peers with a real Scope 2 value, floor=5). Revenue-based: median peer Scope 2 tCO2e/$ revenue (2.34945e-06) x this company's revenue ($7,527,399,936) = 17,685 tCO2e. Employee-based: median peer Scope 2 tCO2e/employee (1.44455) x this company's employee count (15,472) = 22,350 tCO2e. Final estimate is the average of the available method(s): 20,018 tCO2e.",True,FORTINET,Corporate Services,5304.8,13568.0,41.0,30.0,-4.8,0.2,-2.0,0.1,-0.5,-0.3,13.0,-1.0,1.7,-6.1,5.9,Scarce human capital 5.30k scarce worker years,Taxes 5.32M days of primary education,https://uprightplatform.com/company/12a18c72-e420-4016-ab7f-dbdae10d863f/Fortinet/,False,,,
FOXA,Fox Corporation (Class A),none,,,,,,,,,no_public_report_found,False,,,,,,,,,,False,,,,,True,True,True,11517.3,median_model_revenue+employees,sector:Communication Services,6,"Tier 2 Scope 1 ESTIMATE (LSEG median-model style), NOT a disclosure -- see pipeline/tier2_estimation/estimate_tier2.py. Peer group: sector = 'Communication Services' (6 Tier 1 peers with a real Scope 1 value, floor=5). Revenue-based: median peer Scope 1 tCO2e/$ revenue (6.73153e-07) x this company's revenue ($17,125,999,616) = 11,528 tCO2e. Employee-based: median peer Scope 1 tCO2e/employee (1.09064) x this company's employee count (10,550) = 11,506 tCO2e. Final estimate is the average of the available method(s): 11,517 tCO2e.",64856.5,median_model_revenue+employees,sector:Communication Services,6,"Tier 2 Scope 2 ESTIMATE (LSEG median-model style), NOT a disclosure -- see pipeline/tier2_estimation/estimate_tier2.py. Peer group: sector = 'Communication Services' (6 Tier 1 peers with a real Scope 2 value, floor=5). Revenue-based: median peer Scope 2 tCO2e/$ revenue (5.2889e-06) x this company's revenue ($17,125,999,616) = 90,578 tCO2e. Employee-based: median peer Scope 2 tCO2e/employee (3.70951) x this company's employee count (10,550) = 39,135 tCO2e. Final estimate is the average of the available method(s): 64,857 tCO2e.",True,FOX,Media,13920.0,10400.0,50.0,21.0,-3.7,0.1,-1.7,0.1,-0.5,-0.3,13.7,-6.0,7.8,-3.3,5.2,Scarce human capital 7.61k scarce worker years,Taxes 14.0M days of primary education,https://uprightplatform.com/company/a68a5918-e176-49e6-b770-ac1be485e95e/FOX/,False,,,
FOX,Fox Corporation (Class B),none,,,,,,,,,no_public_report_found,False,,,,,,,,,,False,,,,,True,True,True,11517.3,median_model_revenue+employees,sector:Communication Services,6,"Tier 2 Scope 1 ESTIMATE (LSEG median-model style), NOT a disclosure -- see pipeline/tier2_estimation/estimate_tier2.py. Peer group: sector = 'Communication Services' (6 Tier 1 peers with a real Scope 1 value, floor=5). Revenue-based: median peer Scope 1 tCO2e/$ revenue (6.73153e-07) x this company's revenue ($17,125,999,616) = 11,528 tCO2e. Employee-based: median peer Scope 1 tCO2e/employee (1.09064) x this company's employee count (10,550) = 11,506 tCO2e. Final estimate is the average of the available method(s): 11,517 tCO2e.",64856.5,median_model_revenue+employees,sector:Communication Services,6,"Tier 2 Scope 2 ESTIMATE (LSEG median-model style), NOT a disclosure -- see pipeline/tier2_estimation/estimate_tier2.py. Peer group: sector = 'Communication Services' (6 Tier 1 peers with a real Scope 2 value, floor=5). Revenue-based: median peer Scope 2 tCO2e/$ revenue (5.2889e-06) x this company's revenue ($17,125,999,616) = 90,578 tCO2e. Employee-based: median peer Scope 2 tCO2e/employee (3.70951) x this company's employee count (10,550) = 39,135 tCO2e. Final estimate is the average of the available method(s): 64,857 tCO2e.",True,FOX,Media,13920.0,10400.0,50.0,21.0,-3.7,0.1,-1.7,0.1,-0.5,-0.3,13.7,-6.0,7.8,-3.3,5.2,Scarce human capital 7.61k scarce worker years,Taxes 14.0M days of primary education,https://uprightplatform.com/company/a68a5918-e176-49e6-b770-ac1be485e95e/FOX/,False,,,
BEN,Franklin Resources,none,,,,,,,,,no_public_report_found,False,,,,,,,,,,True,33,electricity-generation,AUS;HND;TWN;USA,4.3,True,True,True,4078.4,median_model_revenue+employees,sector:Financials,21,"Tier 2 Scope 1 ESTIMATE (LSEG median-model style), NOT a disclosure -- see pipeline/tier2_estimation/estimate_tier2.py. Peer group: sector = 'Financials' (21 Tier 1 peers with a real Scope 1 value, floor=5). Revenue-based: median peer Scope 1 tCO2e/$ revenue (5.36817e-07) x this company's revenue ($9,324,099,584) = 5,005 tCO2e. Employee-based: median peer Scope 1 tCO2e/employee (0.312029) x this company's employee count (10,100) = 3,151 tCO2e. Final estimate is the average of the available method(s): 4,078 tCO2e.",2230.7,median_model_revenue+employees,sector:Financials,17,"Tier 2 Scope 2 ESTIMATE (LSEG median-model style), NOT a disclosure -- see pipeline/tier2_estimation/estimate_tier2.py. Peer group: sector = 'Financials' (17 Tier 1 peers with a real Scope 2 value, floor=5). Revenue-based: median peer Scope 2 tCO2e/$ revenue (1.98278e-07) x this company's revenue ($9,324,099,584) = 1,849 tCO2e. Employee-based: median peer Scope 2 tCO2e/employee (0.25868) x this company's employee count (10,100) = 2,613 tCO2e. Final estimate is the average of the available method(s): 2,231 tCO2e.",True,FRANKLIN RESOURCES,Financial Services,8770.7,9900.0,4.0,64.0,-2.0,0.2,-0.9,0.1,-0.3,-0.6,5.7,-0.4,1.6,-6.3,2.2,Scarce human capital 9.15k scarce worker years,Taxes 3.39M days of primary education,https://uprightplatform.com/company/aff1e0af-db6e-4142-a2ef-2bdb04015472/Franklin%20Resources/,False,,,
GRMN,Garmin,none,,,,,,,,,no_public_report_found,False,,,,,,,,,,False,,,,,True,True,True,28736.8,median_model_revenue+employees,sector:Consumer Discretionary,21,"Tier 2 Scope 1 ESTIMATE (LSEG median-model style), NOT a disclosure -- see pipeline/tier2_estimation/estimate_tier2.py. Peer group: sector = 'Consumer Discretionary' (21 Tier 1 peers with a real Scope 1 value, floor=5). Revenue-based: median peer Scope 1 tCO2e/$ revenue (3.71647e-06) x this company's revenue ($7,671,437,824) = 28,511 tCO2e. Employee-based: median peer Scope 1 tCO2e/employee (1.25926) x this company's employee count (23,000) = 28,963 tCO2e. Final estimate is the average of the available method(s): 28,737 tCO2e.",46092.6,median_model_revenue+employees,sector:Consumer Discretionary,18,"Tier 2 Scope 2 ESTIMATE (LSEG median-model style), NOT a disclosure -- see pipeline/tier2_estimation/estimate_tier2.py. Peer group: sector = 'Consumer Discretionary' (18 Tier 1 peers with a real Scope 2 value, floor=5). Revenue-based: median peer Scope 2 tCO2e/$ revenue (6.64506e-06) x this company's revenue ($7,671,437,824) = 50,977 tCO2e. Employee-based: median peer Scope 2 tCO2e/employee (1.79165) x this company's employee count (23,000) = 41,208 tCO2e. Final estimate is the average of the available method(s): 46,093 tCO2e.",True,GARMIN,,5500.0,19900.0,32.0,40.0,-7.9,0.3,-2.7,0.2,-0.7,-0.5,10.6,-2.0,7.8,-5.3,4.2,,,https://uprightplatform.com/company/e0be0a3b-d0a2-4983-98c7-282b0d1c5480/Garmin/,False,,,
IT,Gartner,none,,,,,,,,,no_public_report_found,True,Targets set,1.5°C,2029.0,,,,,"Gartner Inc. commits to reduce absolute scope 1 and 2 GHG emissions 53% by 2029 from a 2019 base year. Gartner Inc. also commits to reduce scope 3 GHG emissions from business travel and employee commuting 52% per FTE within the same timeframe. Gartner Inc. further commits that 50% of suppliers by spend covering purchased goods and services and capital goods, will set science-based targets by 2027.",2024-01-04 01:00:00,False,,,,,True,True,True,7731.2,median_model_revenue+employees,sector:Information Technology,37,"Tier 2 Scope 1 ESTIMATE (LSEG median-model style), NOT a disclosure -- see pipeline/tier2_estimation/estimate_tier2.py. Peer group: sector = 'Information Technology' (37 Tier 1 peers with a real Scope 1 value, floor=5). Revenue-based: median peer Scope 1 tCO2e/$ revenue (6.23987e-07) x this company's revenue ($6,463,626,240) = 4,033 tCO2e. Employee-based: median peer Scope 1 tCO2e/employee (0.592647) x this company's employee count (19,285) = 11,429 tCO2e. Final estimate is the average of the available method(s): 7,731 tCO2e.",21522.0,median_model_revenue+employees,sector:Information Technology,29,"Tier 2 Scope 2 ESTIMATE (LSEG median-model style), NOT a disclosure -- see pipeline/tier2_estimation/estimate_tier2.py. Peer group: sector = 'Information Technology' (29 Tier 1 peers with a real Scope 2 value, floor=5). Revenue-based: median peer Scope 2 tCO2e/$ revenue (2.34945e-06) x this company's revenue ($6,463,626,240) = 15,186 tCO2e. Employee-based: median peer Scope 2 tCO2e/employee (1.44455) x this company's employee count (19,285) = 27,858 tCO2e. Final estimate is the average of the available method(s): 21,522 tCO2e.",True,GARTNER,,6497.23,20994.0,72.0,4.0,-2.8,0.1,-1.3,0.1,-0.2,-0.8,9.1,-0.7,1.2,-5.6,25.0,,,https://uprightplatform.com/company/5204d693-0d1e-4cd2-aaea-8ebda81e37f4/Gartner/,False,,,
GE,GE Aerospace,sustainability_report,https://www.geaerospace.com/sites/default/files/2026-sustainability-report.pdf,,,,,,,False,no_fields_extracted,False,,,,,,,,,,False,,,,,True,True,True,123515.3,median_model_revenue+employees,sub_industry:Aerospace & Defense,9,"Tier 2 Scope 1 ESTIMATE (LSEG median-model style), NOT a disclosure -- see pipeline/tier2_estimation/estimate_tier2.py. Peer group: sub_industry = 'Aerospace & Defense' (9 Tier 1 peers with a real Scope 1 value, floor=5). Revenue-based: median peer Scope 1 tCO2e/$ revenue (3.63289e-06) x this company's revenue ($50,638,999,552) = 183,966 tCO2e. Employee-based: median peer Scope 1 tCO2e/employee (1.1064) x this company's employee count (57,000) = 63,065 tCO2e. Final estimate is the average of the available method(s): 123,515 tCO2e.",347315.1,median_model_revenue+employees,sector:Industrials,28,"Tier 2 Scope 2 ESTIMATE (LSEG median-model style), NOT a disclosure -- see pipeline/tier2_estimation/estimate_tier2.py. Peer group: sector = 'Industrials' (28 Tier 1 peers with a real Scope 2 value, floor=5). Revenue-based: median peer Scope 2 tCO2e/$ revenue (9.89188e-06) x this company's revenue ($50,638,999,552) = 500,915 tCO2e. Employee-based: median peer Scope 2 tCO2e/employee (3.39852) x this company's employee count (57,000) = 193,716 tCO2e. Final estimate is the average of the available method(s): 347,315 tCO2e.",True,GE AEROSPACE,Aerospace and Defense,33300.0,57000.0,-23.0,78.0,-12.4,2.4,-6.6,1.6,-2.8,-1.1,10.8,-2.2,0.5,-1.6,0.3,GHG emissions 5.28M tons of GHG emissions,Taxes 23.9M days of primary education,https://uprightplatform.com/company/3870b1bb-28e0-4899-9219-ae8743ebc1c7/GE%20Aerospace/,False,,,
GEHC,GE HealthCare,sustainability_report,https://www.gehealthcare.com/-/jssmedia/gehc/us/files/about-us/sustainability/reports/ge-healthcare-sustainability-report-2024.pdf,,,,,,,,download_error: 502 Server Error: Bad Gateway for url: https://www.gehealthcare.com/-/jssmedia/gehc/us/files/about-us/sustainability/reports/ge-healthcare-sustainability-report-2024.pdf,True,Targets set,1.5°C,2030.0,Targets set,2050.0,Targets set,2050.0,"Overall Net-Zero Target: GE Healthcare  commits to reach net-zero greenhouse gas emissions across the value chain by 2050. Near-Term Targets: GE Healthcare commits to reduce absolute scope 1 and 2 GHG emissions 42% by 2030 from a 2022 base year*. GE Healthcare also commits to reduce absolute scope 3 GHG emissions from purchased goods and services, upstream transportation and distribution, business travel and use of sold products 25% by 2030 from a 2022 base year. 
*The target boundary includes land-related emissions and removals from bioenergy feedstocks. Long-Term Targets: GE HealthCare commits to reduce absolute scope 1, 2 and 3 GHG emissions 90% by 2050 from a 2022 base year*.
*The target boundary includes land-related emissions and removals from bioenergy feedstocks.",2024-06-27 01:00:00,False,,,,,True,True,True,75444.6,median_model_revenue+employees,sub_industry:Health Care Equipment,6,"Tier 2 Scope 1 ESTIMATE (LSEG median-model style), NOT a disclosure -- see pipeline/tier2_estimation/estimate_tier2.py. Peer group: sub_industry = 'Health Care Equipment' (6 Tier 1 peers with a real Scope 1 value, floor=5). Revenue-based: median peer Scope 1 tCO2e/$ revenue (3.85286e-06) x this company's revenue ($21,265,999,872) = 81,935 tCO2e. Employee-based: median peer Scope 1 tCO2e/employee (1.27693) x this company's employee count (54,000) = 68,954 tCO2e. Final estimate is the average of the available method(s): 75,445 tCO2e.",68692.8,median_model_revenue+employees,sub_industry:Health Care Equipment,5,"Tier 2 Scope 2 ESTIMATE (LSEG median-model style), NOT a disclosure -- see pipeline/tier2_estimation/estimate_tier2.py. Peer group: sub_industry = 'Health Care Equipment' (5 Tier 1 peers with a real Scope 2 value, floor=5). Revenue-based: median peer Scope 2 tCO2e/$ revenue (3.17691e-06) x this company's revenue ($21,265,999,872) = 67,560 tCO2e. Employee-based: median peer Scope 2 tCO2e/employee (1.29306) x this company's employee count (54,000) = 69,825 tCO2e. Final estimate is the average of the available method(s): 68,693 tCO2e.",False,,,21266.0,54000,55.0,16.0,-5.5,0.2,-2.3,0.1,-0.6,-0.5,9.7,-2.6,13.6,-3.1,0.6,,,,True,sub_industry:Health Care Equipment,13,"PROXY ESTIMATE, not real Upright data -- see pipeline/upright/estimate_upright_gaps.py. Peer group: sub_industry = 'Health Care Equipment' (13 real Upright-covered peers, floor=5). Each cents-per-dollar-of-revenue figure is the MEDIAN of that peer group's real Upright values for the same metric -- a crude industry-average proxy, not Upright's own company-specific modeling. Revenue/employee figures are this company's own real data (from yfinance), not estimated."
GEV,GE Vernova,sustainability_report,https://www.gevernova.com/sustainability/documents/Sustainability/GE_Vernova_Sustainability_Appendices_2023.pdf,,,,,,,False,no_fields_extracted,False,,,,,,,,,,True,1,electricity-generation,USA,,True,True,True,303537.5,median_model_revenue+employees,sector:Industrials,40,"Tier 2 Scope 1 ESTIMATE (LSEG median-model style), NOT a disclosure -- see pipeline/tier2_estimation/estimate_tier2.py. Peer group: sector = 'Industrials' (40 Tier 1 peers with a real Scope 1 value, floor=5). Revenue-based: median peer Scope 1 tCO2e/$ revenue (6.94524e-06) x this company's revenue ($41,366,999,040) = 287,304 tCO2e. Employee-based: median peer Scope 1 tCO2e/employee (4.09963) x this company's employee count (78,000) = 319,771 tCO2e. Final estimate is the average of the available method(s): 303,537 tCO2e.",337140.8,median_model_revenue+employees,sector:Industrials,28,"Tier 2 Scope 2 ESTIMATE (LSEG median-model style), NOT a disclosure -- see pipeline/tier2_estimation/estimate_tier2.py. Peer group: sector = 'Industrials' (28 Tier 1 peers with a real Scope 2 value, floor=5). Revenue-based: median peer Scope 2 tCO2e/$ revenue (9.89188e-06) x this company's revenue ($41,366,999,040) = 409,197 tCO2e. Employee-based: median peer Scope 2 tCO2e/employee (3.39852) x this company's employee count (78,000) = 265,084 tCO2e. Final estimate is the average of the available method(s): 337,141 tCO2e.",True,GE VERNOVA,,34935.0,75000.0,30.0,41.0,-18.2,10.8,-8.7,8.5,-3.0,-1.0,21.3,-1.2,0.5,-3.1,1.0,,,https://uprightplatform.com/company/99def040-c878-44d2-88ed-e19f68b1c384/GE%20Vernova/,False,,,
GEN,Gen Digital,none,,,,,,,,,no_public_report_found,False,,,,,,,,,,False,,,,,True,True,True,2740.3,median_model_revenue+employees,sector:Information Technology,37,"Tier 2 Scope 1 ESTIMATE (LSEG median-model style), NOT a disclosure -- see pipeline/tier2_estimation/estimate_tier2.py. Peer group: sector = 'Information Technology' (37 Tier 1 peers with a real Scope 1 value, floor=5). Revenue-based: median peer Scope 1 tCO2e/$ revenue (6.23987e-07) x this company's revenue ($5,079,000,064) = 3,169 tCO2e. Employee-based: median peer Scope 1 tCO2e/employee (0.592647) x this company's employee count (3,900) = 2,311 tCO2e. Final estimate is the average of the available method(s): 2,740 tCO2e.",8783.3,median_model_revenue+employees,sector:Information Technology,29,"Tier 2 Scope 2 ESTIMATE (LSEG median-model style), NOT a disclosure -- see pipeline/tier2_estimation/estimate_tier2.py. Peer group: sector = 'Information Technology' (29 Tier 1 peers with a real Scope 2 value, floor=5). Revenue-based: median peer Scope 2 tCO2e/$ revenue (2.34945e-06) x this company's revenue ($5,079,000,064) = 11,933 tCO2e. Employee-based: median peer Scope 2 tCO2e/employee (1.44455) x this company's employee count (3,900) = 5,634 tCO2e. Final estimate is the average of the available method(s): 8,783 tCO2e.",True,GEN DIGITAL INC,Computer Software,4227.0,3500.0,44.0,27.0,-4.3,0.2,-1.8,0.1,-0.5,-0.4,13.7,-1.0,1.8,-6.9,6.4,Scarce human capital 4.78k scarce worker years,Taxes 4.61M days of primary education,https://uprightplatform.com/company/607b0a3e-f6f6-40eb-b515-22e191b7f141/Gen%20Digital%20Inc/,False,,,
GNRC,Generac,sustainability_report,https://www.generac.com/globalassets/footer/about/sustainability/generac_sustainability_report_2024.pdf,,,,,,,False,no_fields_extracted,False,,,,,,,,,,False,,,,,True,True,True,34682.3,median_model_revenue+employees,sector:Industrials,40,"Tier 2 Scope 1 ESTIMATE (LSEG median-model style), NOT a disclosure -- see pipeline/tier2_estimation/estimate_tier2.py. Peer group: sector = 'Industrials' (40 Tier 1 peers with a real Scope 1 value, floor=5). Revenue-based: median peer Scope 1 tCO2e/$ revenue (6.94524e-06) x this company's revenue ($4,438,731,776) = 30,828 tCO2e. Employee-based: median peer Scope 1 tCO2e/employee (4.09963) x this company's employee count (9,400) = 38,537 tCO2e. Final estimate is the average of the available method(s): 34,682 tCO2e.",37926.7,median_model_revenue+employees,sector:Industrials,28,"Tier 2 Scope 2 ESTIMATE (LSEG median-model style), NOT a disclosure -- see pipeline/tier2_estimation/estimate_tier2.py. Peer group: sector = 'Industrials' (28 Tier 1 peers with a real Scope 2 value, floor=5). Revenue-based: median peer Scope 2 tCO2e/$ revenue (9.89188e-06) x this company's revenue ($4,438,731,776) = 43,907 tCO2e. Employee-based: median peer Scope 2 tCO2e/employee (3.39852) x this company's employee count (9,400) = 31,946 tCO2e. Final estimate is the average of the available method(s): 37,927 tCO2e.",True,GENERAC,Electronics,4124.7,9239.0,26.0,45.0,-13.1,3.8,-6.8,3.0,-2.2,-0.2,17.8,-1.5,0.9,-2.1,0.2,GHG emissions 675k tons of GHG emissions,Societal infrastructure 12.9M long-haul train rides,https://uprightplatform.com/company/62197c2f-16c0-420d-b076-bdbb5773eada/Generac/,False,,,
GD,General Dynamics,cdp_pdf,https://www.gd.com/-/media/gd-corporate/pdf/general-dynamics-corporation-cdp-climate-questionnaire-2024.ashx,323044.0,408322.0,390830.0,,,42272000000.0,new,,False,,,,,,,,,,False,,,,,False,False,False,,,,,,,,,,,True,GENERAL DYNAMICS,,47716.0,111600.0,-76.0,92.0,-13.2,0.9,-6.2,0.6,-1.9,-10.0,17.1,-11.3,2.0,-3.7,1.8,,,https://uprightplatform.com/company/b39cb72e-2a39-43d0-a57b-f0e5345c0954/General%20Dynamics/,False,,,
GIS,General Mills,epa_ghgrp,,70689.0,,,,,,,"EPA GHGRP 2023 Direct Emitters, parent 'GENERAL MILLS INC' (2 facilities). CDP PDF links both 404'd; used EPA instead of a 3rd search. Scope 1 only.",True,Targets set,1.5°C,FY2030,Targets set,FY2050,Targets set,FY2050,"Overall Net-Zero Target: General Mills Inc. commits to reach net-zero greenhouse gas emissions across the value chain by FY2050. Near-Term Targets: General Mills commits to reduce absolute scope 1, 2, and scope 3 GHG emissions from purchased goods and services, fuel and energy-related activities, upstream transportation and distribution, waste generated in operations, business travel, and end of life treatement of sold products 30% by FY2030 from a FY2020 base year.* Within that target, General Mills commits to reduce absolute scope 1 and 2 GHG emissions 42% by FY2030 from a FY2020 base year.*
*The target boundary includes land-related emissions and removals from bioenergy feedstocks. Long-Term Targets: General Mills commits to reduce absolute scope 1 and 2 GHG emissions 90% by FY2050 from a FY2020 base year.* General Mills also commits to reduce absolute scope 3 GHG emissions from purchased goods and services, fuel and energy-related activities, upstream transportation and distribution, waste generated in operations, business travel, downstream transportation and distribution and end of life treatement of sold products 90% within the same timeframe.
*The target boundary includes land-related emissions and removals from bioenergy feedstocks.",2024-09-26 01:00:00,False,,,,,True,False,True,,,,,,62522.9,median_model_revenue+employees,sector:Consumer Staples,16,"Tier 2 Scope 2 ESTIMATE (LSEG median-model style), NOT a disclosure -- see pipeline/tier2_estimation/estimate_tier2.py. Peer group: sector = 'Consumer Staples' (16 Tier 1 peers with a real Scope 2 value, floor=5). Revenue-based: median peer Scope 2 tCO2e/$ revenue (2.81277e-06) x this company's revenue ($18,424,600,576) = 51,824 tCO2e. Employee-based: median peer Scope 2 tCO2e/employee (2.44072) x this company's employee count (30,000) = 73,222 tCO2e. Final estimate is the average of the available method(s): 62,523 tCO2e.",True,GENERAL MILLS,Food and Beverage,19857.0,34000.0,-24.0,78.0,-17.5,0.9,-5.4,0.7,-2.5,-0.2,5.8,-6.7,14.1,-1.4,0.0,Physical diseases 106k life years,Nutrition 10.6bn bananas,https://uprightplatform.com/company/66abc510-d62f-455c-ac69-9949a213a790/General%20Mills/,False,,,
GM,General Motors,epa_ghgrp,,572171.0,,,,,,,"EPA GHGRP 2023 Direct Emitters, parent 'GENERAL MOTORS CO' (14 facilities). CDP PDF download timed out; used EPA instead of retrying. Scope 1 only.",True,Targets set,1.5°C/Well-below 2°C,2035.0,,,Commitment removed,,General Motors commits to reduce absolute scope 1 and 2 GHG emissions 72% by 2035 from a 2018 base year*. General Motors Company commits to reduce scope 3 GHG emissions from use of sold products of light duty vehicles 51% per vehicle kilometer by 2035 from a 2018 base year. *The target boundary includes biogenic emissions and removals from bioenergy feedstocks. Auto manufacturers have two near-term target temperature alignments for 1) scope 1 and 2 emissions and 2) scope 3 category 11 emissions from use of sold products.,2021-05-20 01:00:00,False,,,,,True,False,True,,,,,,756171.4,median_model_revenue+employees,sector:Consumer Discretionary,18,"Tier 2 Scope 2 ESTIMATE (LSEG median-model style), NOT a disclosure -- see pipeline/tier2_estimation/estimate_tier2.py. Peer group: sector = 'Consumer Discretionary' (18 Tier 1 peers with a real Scope 2 value, floor=5). Revenue-based: median peer Scope 2 tCO2e/$ revenue (6.64506e-06) x this company's revenue ($185,527,992,320) = 1,232,845 tCO2e. Employee-based: median peer Scope 2 tCO2e/employee (1.79165) x this company's employee count (156,000) = 279,497 tCO2e. Final estimate is the average of the available method(s): 756,171 tCO2e.",True,GENERAL MOTORS,Automotive,187442.0,162000.0,-51.0,87.0,-23.8,2.2,-13.1,1.5,-5.0,-0.4,17.7,-6.9,2.0,-2.3,0.2,GHG emissions 58.8M tons of GHG emissions,Societal infrastructure 539M long-haul train rides,https://uprightplatform.com/company/459d1070-384a-4a27-833a-373e21266373/General%20Motors/,False,,,
GPC,Genuine Parts Company,sustainability_report,https://filecache.investorroom.com/mr5ir_genuineparts/933/GPC_2024_Sustainability_Report.pdf,,,,,,,False,no_fields_extracted,False,,,,,,,,,,False,,,,,True,True,True,87514.8,median_model_revenue+employees,sector:Consumer Discretionary,21,"Tier 2 Scope 1 ESTIMATE (LSEG median-model style), NOT a disclosure -- see pipeline/tier2_estimation/estimate_tier2.py. Peer group: sector = 'Consumer Discretionary' (21 Tier 1 peers with a real Scope 1 value, floor=5). Revenue-based: median peer Scope 1 tCO2e/$ revenue (3.71647e-06) x this company's revenue ($25,071,538,176) = 93,178 tCO2e. Employee-based: median peer Scope 1 tCO2e/employee (1.25926) x this company's employee count (65,000) = 81,852 tCO2e. Final estimate is the average of the available method(s): 87,515 tCO2e.",141529.6,median_model_revenue+employees,sector:Consumer Discretionary,18,"Tier 2 Scope 2 ESTIMATE (LSEG median-model style), NOT a disclosure -- see pipeline/tier2_estimation/estimate_tier2.py. Peer group: sector = 'Consumer Discretionary' (18 Tier 1 peers with a real Scope 2 value, floor=5). Revenue-based: median peer Scope 2 tCO2e/$ revenue (6.64506e-06) x this company's revenue ($25,071,538,176) = 166,602 tCO2e. Employee-based: median peer Scope 2 tCO2e/employee (1.79165) x this company's employee count (65,000) = 116,457 tCO2e. Final estimate is the average of the available method(s): 141,530 tCO2e.",True,GENUINE PARTS,,23487.0,63000.0,-17.0,76.0,-9.2,0.7,-4.7,0.5,-1.0,-0.1,8.9,-0.6,0.6,-2.2,0.0,,,https://uprightplatform.com/company/07d1eb03-98f7-4a03-b1c4-3e8171545184/Genuine%20Parts/,False,,,
GILD,Gilead Sciences,sustainability_report,https://www.gilead.com/-/media/files/pdfs/sustainability/gilead-ghg-verification-opinion.pdf,,,,,,,False,no_fields_extracted,True,Targets set,1.5°C,2030.0,,,,,Gilead Sciences commits to reduce absolute scope 1 and 2 GHG emissions 46% by 2030 from a 2019 base year. Gilead Sciences also commits to reduce absolute scope 3 GHG emissions 15% over the same timeframe.,2021-05-27 01:00:00,False,,,,,True,True,True,69984.1,median_model_revenue+employees,sector:Health Care,25,"Tier 2 Scope 1 ESTIMATE (LSEG median-model style), NOT a disclosure -- see pipeline/tier2_estimation/estimate_tier2.py. Peer group: sector = 'Health Care' (25 Tier 1 peers with a real Scope 1 value, floor=5). Revenue-based: median peer Scope 1 tCO2e/$ revenue (3.54491e-06) x this company's revenue ($30,456,999,936) = 107,967 tCO2e. Employee-based: median peer Scope 1 tCO2e/employee (1.88241) x this company's employee count (17,000) = 32,001 tCO2e. Final estimate is the average of the available method(s): 69,984 tCO2e.",65358.3,median_model_revenue+employees,sector:Health Care,18,"Tier 2 Scope 2 ESTIMATE (LSEG median-model style), NOT a disclosure -- see pipeline/tier2_estimation/estimate_tier2.py. Peer group: sector = 'Health Care' (18 Tier 1 peers with a real Scope 2 value, floor=5). Revenue-based: median peer Scope 2 tCO2e/$ revenue (3.19915e-06) x this company's revenue ($30,456,999,936) = 97,436 tCO2e. Employee-based: median peer Scope 2 tCO2e/employee (1.95766) x this company's employee count (17,000) = 33,280 tCO2e. Final estimate is the average of the available method(s): 65,358 tCO2e.",True,GILEAD SCIENCES,Pharmaceuticals and Biotechnology,29087.0,17600.0,69.0,5.0,-7.7,0.2,-3.0,,-1.7,-1.2,6.6,-5.0,50.1,-3.8,0.0,Physical diseases 116k life years,Physical diseases 1.11M life years,https://uprightplatform.com/company/047032f6-9b32-4a33-a874-0983d8317c4a/Gilead%20Sciences/,False,,,
GPN,Global Payments,cdp_pdf,https://d1io3yog0oux5.cloudfront.net/_0d854eca4ea219e95cc214cf58b4dd86/globalpayments/db/2316/21180/file/2023+CDP+Response.pdf,1159.0,50164.0,50354.0,,,,old,,False,,,,,,,,,,False,,,,,False,False,False,,,,,,,,,,,True,GLOBAL PAYMENTS,Financial Services,8891.87,27000.0,19.0,51.0,-4.2,0.2,-2.0,0.1,-0.3,-0.3,10.6,-0.4,0.5,-4.7,0.7,Scarce human capital,Taxes,https://uprightplatform.com/company/c6405e10-790c-44b7-b70f-70c83a747295/Global%20Payments/,False,,,
GL,Globe Life,none,,,,,,,,,no_public_report_found,False,,,,,,,,,,False,,,,,True,True,True,2238.4,median_model_revenue+employees,sector:Financials,21,"Tier 2 Scope 1 ESTIMATE (LSEG median-model style), NOT a disclosure -- see pipeline/tier2_estimation/estimate_tier2.py. Peer group: sector = 'Financials' (21 Tier 1 peers with a real Scope 1 value, floor=5). Revenue-based: median peer Scope 1 tCO2e/$ revenue (5.36817e-07) x this company's revenue ($6,191,958,016) = 3,324 tCO2e. Employee-based: median peer Scope 1 tCO2e/employee (0.312029) x this company's employee count (3,695) = 1,153 tCO2e. Final estimate is the average of the available method(s): 2,238 tCO2e.",1091.8,median_model_revenue+employees,sector:Financials,17,"Tier 2 Scope 2 ESTIMATE (LSEG median-model style), NOT a disclosure -- see pipeline/tier2_estimation/estimate_tier2.py. Peer group: sector = 'Financials' (17 Tier 1 peers with a real Scope 2 value, floor=5). Revenue-based: median peer Scope 2 tCO2e/$ revenue (1.98278e-07) x this company's revenue ($6,191,958,016) = 1,228 tCO2e. Employee-based: median peer Scope 2 tCO2e/employee (0.25868) x this company's employee count (3,695) = 956 tCO2e. Final estimate is the average of the available method(s): 1,092 tCO2e.",True,GLOBE LIFE AND ACCIDENT INSURANCE,Insurance,5542.35,3636.0,14.0,55.0,-1.4,0.1,-0.7,0.1,-0.2,-1.4,6.4,-0.3,2.6,-5.1,0.3,Scarce human capital 4.62k scarce worker years,Societal infrastructure 4.34M long-haul train rides,https://uprightplatform.com/company/e2b0b6aa-56f2-46c3-9f83-4096d1c94302/Globe%20Life%20And%20Accident%20Insurance/,False,,,
GDDY,GoDaddy,sustainability_report,https://s23.q4cdn.com/406380394/files/doc_downloads/2024/2024_GoDaddy_Sustainability_Report.pdf,,,,,,,False,no_fields_extracted,False,,,,,,,,,,False,,,,,True,True,True,3324.5,median_model_revenue+employees,sector:Information Technology,37,"Tier 2 Scope 1 ESTIMATE (LSEG median-model style), NOT a disclosure -- see pipeline/tier2_estimation/estimate_tier2.py. Peer group: sector = 'Information Technology' (37 Tier 1 peers with a real Scope 1 value, floor=5). Revenue-based: median peer Scope 1 tCO2e/$ revenue (6.23987e-07) x this company's revenue ($5,104,099,840) = 3,185 tCO2e. Employee-based: median peer Scope 1 tCO2e/employee (0.592647) x this company's employee count (5,845) = 3,464 tCO2e. Final estimate is the average of the available method(s): 3,324 tCO2e.",10217.6,median_model_revenue+employees,sector:Information Technology,29,"Tier 2 Scope 2 ESTIMATE (LSEG median-model style), NOT a disclosure -- see pipeline/tier2_estimation/estimate_tier2.py. Peer group: sector = 'Information Technology' (29 Tier 1 peers with a real Scope 2 value, floor=5). Revenue-based: median peer Scope 2 tCO2e/$ revenue (2.34945e-06) x this company's revenue ($5,104,099,840) = 11,992 tCO2e. Employee-based: median peer Scope 2 tCO2e/employee (1.44455) x this company's employee count (5,845) = 8,443 tCO2e. Final estimate is the average of the available method(s): 10,218 tCO2e.",True,GODADDY,,4254.1,6159.0,25.0,46.0,-3.5,0.2,-1.7,0.2,-0.3,-0.3,10.3,-0.8,0.7,-5.5,2.3,,,https://uprightplatform.com/company/d7c471f5-bf33-4d0e-abf9-2c2b4e0d77d5/GoDaddy/,False,,,
GS,Goldman Sachs,epa_ghgrp,,52140.0,,,,,,,"EPA GHGRP 2023 Direct Emitters, parent 'THE GOLDMAN SACHS GROUP INC' (1 facility). CDP search found no direct hit; used EPA to save budget. Scope 1 only.",False,,,,,,,,,,True,16,electricity-generation,BGR;CAN;CHN;DEU;ESP;FRA;ITA;USA,6.9,True,False,True,,,,,,12674.3,median_model_revenue+employees,sector:Financials,17,"Tier 2 Scope 2 ESTIMATE (LSEG median-model style), NOT a disclosure -- see pipeline/tier2_estimation/estimate_tier2.py. Peer group: sector = 'Financials' (17 Tier 1 peers with a real Scope 2 value, floor=5). Revenue-based: median peer Scope 2 tCO2e/$ revenue (1.98278e-07) x this company's revenue ($67,569,999,872) = 13,398 tCO2e. Employee-based: median peer Scope 2 tCO2e/employee (0.25868) x this company's employee count (46,200) = 11,951 tCO2e. Final estimate is the average of the available method(s): 12,674 tCO2e.",True,GOLDMAN SACHS,Financial Services,126853.0,45300.0,-23.0,78.0,-1.9,0.1,-1.0,0.1,-0.2,-0.7,5.6,-0.3,0.9,-6.3,0.9,Scarce human capital 131k scarce worker years,Taxes 57.8M days of primary education,https://uprightplatform.com/company/b27d9528-b2f0-4898-9199-7645f344bf58/Goldman%20Sachs/,False,,,
HAL,Halliburton,epa_ghgrp,,53415.0,,,,,,,"EPA GHGRP 2023 Direct Emitters, parent 'HALLIBURTON CO' (2 facilities). CDP search inconclusive; used EPA to save budget. Scope 1 only.",False,,,,,,,,,,False,,,,,True,False,True,,,,,,3330255.8,median_model_revenue+employees,sector:Energy,6,"Tier 2 Scope 2 ESTIMATE (LSEG median-model style), NOT a disclosure -- see pipeline/tier2_estimation/estimate_tier2.py. Peer group: sector = 'Energy' (6 Tier 1 peers with a real Scope 2 value, floor=5). Revenue-based: median peer Scope 2 tCO2e/$ revenue (1.7615e-05) x this company's revenue ($22,372,999,168) = 394,101 tCO2e. Employee-based: median peer Scope 2 tCO2e/employee (136.226) x this company's employee count (46,000) = 6,266,411 tCO2e. Final estimate is the average of the available method(s): 3,330,256 tCO2e.",True,HALLIBURTON,Energy and Environmental,21690.0,47885.0,-64.0,90.0,-27.0,2.7,-14.9,2.4,-5.0,-1.1,16.4,-3.2,0.3,-2.5,1.3,GHG emissions 7.74M tons of GHG emissions,Societal infrastructure 61.9M long-haul train rides,https://uprightplatform.com/company/58c6bc95-5608-45a7-9736-2218ea776c0b/Halliburton/,False,,,
HIG,Hartford (The),cdp_pdf,https://assets.thehartford.com/image/upload/cdp_project_submission.pdf,5981.0,10884.0,116.0,,,26535000000.0,new,,False,,,,,,,,,,False,,,,,False,False,False,,,,,,,,,,,True,HARTFORD FINANCIAL SERVICES,Insurance,26535.0,19100.0,-13.0,74.0,-3.7,0.2,-1.9,0.2,-0.7,-0.8,6.4,-0.6,1.7,-4.4,0.1,Scarce human capital 19.2k scarce worker years,Societal infrastructure 19.3M long-haul train rides,https://uprightplatform.com/company/1a94d3da-7a05-4d98-9a82-f4512be30e99/Hartford%20Financial%20Services/,False,,,
HAS,Hasbro,cdp_pdf,https://assets-us-01.kc-usercontent.com/500e0a65-283d-00ef-33b2-7f1f20488fe2/09948c70-9922-44ff-86fd-5347430a8abe/Hasbro%20CDP%202020.pdf,5963.0,6901.32,47.44,,,,old,,True,Targets set,1.5°C,2030.0,Targets set,2050.0,Targets set,2050.0,"Overall Net-Zero Target
Hasbro commits to reach net-zero greenhouse gas emissions across the value chain by 2050 from a 2020 base year.
Near-Term Targets
Hasbro commits to reduce absolute scope 1 and 2 GHG emissions 47.5% by 2030 from a 2020 base year. Hasbro also commits to reduce absolute scope 3 GHG emissions 42% within the same timeframe.
Long-Term Targets
Hasbro commits to reduce absolute scope 1, 2, and 3 GHG emissions 90% by 2050 from a 2020 base year.",2023-07-20 01:00:00,False,,,,,False,False,False,,,,,,,,,,,True,HASBRO,Consumer Product Manufacturing,4250.8,4985.0,13.0,56.0,-8.4,0.9,-3.6,0.8,-1.2,-1.3,8.5,-5.8,10.7,-2.2,0.2,GHG emissions 366k tons of GHG emissions,Meaning & joy 105M roller coaster rides,https://uprightplatform.com/company/0ea73391-a4b7-4c8c-b70e-7d443c5fee73/Hasbro/,False,,,
HCA,HCA Healthcare,sustainability_report,https://s23.q4cdn.com/949900249/files/doc_downloads/2022/10/Annual-Sustainability-Report-Final-2021-data-accessible.pdf,,,,,,,False,no_fields_extracted,False,,,,,,,,,,False,,,,,True,True,True,354752.0,median_model_revenue+employees,sector:Health Care,25,"Tier 2 Scope 1 ESTIMATE (LSEG median-model style), NOT a disclosure -- see pipeline/tier2_estimation/estimate_tier2.py. Peer group: sector = 'Health Care' (25 Tier 1 peers with a real Scope 1 value, floor=5). Revenue-based: median peer Scope 1 tCO2e/$ revenue (3.54491e-06) x this company's revenue ($78,012,997,632) = 276,549 tCO2e. Employee-based: median peer Scope 1 tCO2e/employee (1.88241) x this company's employee count (230,000) = 432,955 tCO2e. Final estimate is the average of the available method(s): 354,752 tCO2e.",349918.1,median_model_revenue+employees,sector:Health Care,18,"Tier 2 Scope 2 ESTIMATE (LSEG median-model style), NOT a disclosure -- see pipeline/tier2_estimation/estimate_tier2.py. Peer group: sector = 'Health Care' (18 Tier 1 peers with a real Scope 2 value, floor=5). Revenue-based: median peer Scope 2 tCO2e/$ revenue (3.19915e-06) x this company's revenue ($78,012,997,632) = 249,575 tCO2e. Employee-based: median peer Scope 2 tCO2e/employee (1.95766) x this company's employee count (230,000) = 450,261 tCO2e. Final estimate is the average of the available method(s): 349,918 tCO2e.",True,HCA HEALTHCARE,,59800.0,207000.0,61.0,11.0,-5.6,0.2,-2.1,,-1.0,-1.3,16.3,-4.2,22.6,-4.0,0.4,,,https://uprightplatform.com/company/cf7477de-3a1e-47fd-8f51-99ce4b72dc8a/HCA%20Healthcare/,False,,,
DOC,Healthpeak Properties,cdp_pdf,https://healthpeak.com/wp-content/uploads/2025/07/2024-CDP-Climate-Change-Questionnaire-2023-Reporting-Year.pdf,52564.0,197334.0,170778.0,,,,new,,True,Targets set,Well-below 2°C,2033.0,,,,,"Real estate investment trust Healthpeak Properties, Inc. commits to reduce absolute scope 1 and 2 GHG emissions 38% by 2033 from a 2018 base year. HCP also commits to reduce absolute scope 3 GHG emissions 19% by 2033 from a 2018 base year",2019-12-12 01:00:00,False,,,,,False,False,False,,,,,,,,,,,True,HEALTHPEAK PROPERTIES,Real Estate,2181.0,387.0,32.0,40.0,-8.0,0.3,-4.0,0.2,-1.0,-0.5,13.7,-0.7,3.9,-3.5,0.7,GHG emissions 211k tons of GHG emissions,Taxes 1.98M days of primary education,https://uprightplatform.com/company/6511fcdf-3443-42be-926e-6c3882a32921/Healthpeak%20Properties/,False,,,
HSIC,Henry Schein,sustainability_report,https://www.henryschein.com/us-en/images/corporate/2021ESGReportIndex.pdf,,,,,,,False,no_fields_extracted,True,Targets set,1.5°C,2030.0,Targets set,2050.0,Targets set,2050.0,"Overall Net-Zero Target: Henry Schein, Inc. commits to reach net-zero greenhouse gas emissions across the value chain by 2050. Near-Term Targets: Henry Schein, Inc. commits to reduce absolute scope 1 GHG emissions 42% by 2030 from 2022 base year. Henry Schein, Inc. also commits to increase active annual sourcing of renewable electricity from 0% in 2022 to 100% by 2030. Henry Schein Inc. further commits to reduce scope 3 GHG emissions 51.6% per million USD value added by 2030 from a 2022 base year. Long-Term Targets: Henry Schein, Inc. commits to reduce absolute scope 1 GHG emissions 90% by 2050 from a 2022 base year. Henry Schein, Inc. also commits to continue active annual sourcing of 100% renewable electricity through 2030. Henry Schein, Inc. further commits to reduce scope 3 GHG emissions 97% per million USD value added by 2050 from a 2022 base year.",2025-01-16 01:00:00,False,,,,,True,True,True,47639.1,median_model_revenue+employees,sector:Health Care,25,"Tier 2 Scope 1 ESTIMATE (LSEG median-model style), NOT a disclosure -- see pipeline/tier2_estimation/estimate_tier2.py. Peer group: sector = 'Health Care' (25 Tier 1 peers with a real Scope 1 value, floor=5). Revenue-based: median peer Scope 1 tCO2e/$ revenue (3.54491e-06) x this company's revenue ($13,601,999,872) = 48,218 tCO2e. Employee-based: median peer Scope 1 tCO2e/employee (1.88241) x this company's employee count (25,000) = 47,060 tCO2e. Final estimate is the average of the available method(s): 47,639 tCO2e.",46228.1,median_model_revenue+employees,sector:Health Care,18,"Tier 2 Scope 2 ESTIMATE (LSEG median-model style), NOT a disclosure -- see pipeline/tier2_estimation/estimate_tier2.py. Peer group: sector = 'Health Care' (18 Tier 1 peers with a real Scope 2 value, floor=5). Revenue-based: median peer Scope 2 tCO2e/$ revenue (3.19915e-06) x this company's revenue ($13,601,999,872) = 43,515 tCO2e. Employee-based: median peer Scope 2 tCO2e/employee (1.95766) x this company's employee count (25,000) = 48,941 tCO2e. Final estimate is the average of the available method(s): 46,228 tCO2e.",True,HENRY SCHEIN,Hospitals and Healthcare,12938.0,25000.0,43.0,28.0,-7.3,0.2,-3.4,0.1,-0.8,-0.3,9.7,-1.9,11.8,-3.1,0.3,GHG emissions 1.07M tons of GHG emissions,Physical diseases 111k life years,https://uprightplatform.com/company/c1224792-32c0-4fcd-8a7d-e639ad1fe7ca/Henry%20Schein/,False,,,
HSY,Hershey Company (The),sustainability_report,https://www.thehersheycompany.com/content/dam/hershey-corporate/documents/pdf/hershey-2024-consolidated-index-gri-ungprf-report.pdf,,,,,,,False,no_fields_extracted,False,,,,,,,,,,False,,,,,True,True,True,183208.3,median_model_revenue+employees,sub_industry:Packaged Foods & Meats,5,"Tier 2 Scope 1 ESTIMATE (LSEG median-model style), NOT a disclosure -- see pipeline/tier2_estimation/estimate_tier2.py. Peer group: sub_industry = 'Packaged Foods & Meats' (5 Tier 1 peers with a real Scope 1 value, floor=5). Revenue-based: median peer Scope 1 tCO2e/$ revenue (1.80644e-05) x this company's revenue ($12,163,911,680) = 219,734 tCO2e. Employee-based: median peer Scope 1 tCO2e/employee (8.35799) x this company's employee count (17,550) = 146,683 tCO2e. Final estimate is the average of the available method(s): 183,208 tCO2e.",38524.5,median_model_revenue+employees,sector:Consumer Staples,16,"Tier 2 Scope 2 ESTIMATE (LSEG median-model style), NOT a disclosure -- see pipeline/tier2_estimation/estimate_tier2.py. Peer group: sector = 'Consumer Staples' (16 Tier 1 peers with a real Scope 2 value, floor=5). Revenue-based: median peer Scope 2 tCO2e/$ revenue (2.81277e-06) x this company's revenue ($12,163,911,680) = 34,214 tCO2e. Employee-based: median peer Scope 2 tCO2e/employee (2.44072) x this company's employee count (17,550) = 42,835 tCO2e. Final estimate is the average of the available method(s): 38,524 tCO2e.",True,HERSHEY,Food and Beverage,11165.0,18540.0,-133.0,98.0,-15.5,0.4,-4.2,0.3,-2.4,-0.3,5.9,-13.1,6.7,-1.6,0.0,Physical diseases 111k life years,Taxes 6.47M days of primary education,https://uprightplatform.com/company/6660ca94-bf57-4c4a-a947-75e340dc467a/Hershey/,False,,,
HPE,Hewlett Packard Enterprise,none,,,,,,,,,no_public_report_found,True,Targets set,1.5°C,FY2030,Targets set,FY2040,Targets set,FY2040,Overall Net-Zero Target Hewlett Packard Enterprise commits to reach net-zero greenhouse gas emissions across the value chain by FY2040 from a FY2020 base year. Near-Term Targets Hewlett Packard Enterprise commits to reduce absolute scope 1 and 2 GHG emissions 70% by FY2030 from a FY2020 base year. Hewlett Packard Enterprise also commits to reduce absolute scope 3 GHG emissions 42% within the same timeframe. Long-Term Targets Hewlett Packard Enterprise commits to reduce absolute scope 1 and 2 emissions 90% by FY2040 from a FY2020 base year. Hewlett Packard Enterprise also commits to reduce absolute scope 3 emissions 90% within the same time frame.,2022-07-21 01:00:00,False,,,,,True,True,True,32917.2,median_model_revenue+employees,sector:Information Technology,37,"Tier 2 Scope 1 ESTIMATE (LSEG median-model style), NOT a disclosure -- see pipeline/tier2_estimation/estimate_tier2.py. Peer group: sector = 'Information Technology' (37 Tier 1 peers with a real Scope 1 value, floor=5). Revenue-based: median peer Scope 1 tCO2e/$ revenue (6.23987e-07) x this company's revenue ($41,870,999,552) = 26,127 tCO2e. Employee-based: median peer Scope 1 tCO2e/employee (0.592647) x this company's employee count (67,000) = 39,707 tCO2e. Final estimate is the average of the available method(s): 32,917 tCO2e.",97579.2,median_model_revenue+employees,sector:Information Technology,29,"Tier 2 Scope 2 ESTIMATE (LSEG median-model style), NOT a disclosure -- see pipeline/tier2_estimation/estimate_tier2.py. Peer group: sector = 'Information Technology' (29 Tier 1 peers with a real Scope 2 value, floor=5). Revenue-based: median peer Scope 2 tCO2e/$ revenue (2.34945e-06) x this company's revenue ($41,870,999,552) = 98,374 tCO2e. Employee-based: median peer Scope 2 tCO2e/employee (1.44455) x this company's employee count (67,000) = 96,785 tCO2e. Final estimate is the average of the available method(s): 97,579 tCO2e.",False,,,41871.0,67000,21.0,49.0,-7.6,0.45,-3.05,0.3,-0.8,-0.35,9.25,-1.4,0.9,-4.1,7.0,,,,True,"sub_industry:Technology Hardware, Storage & Peripherals",6,"PROXY ESTIMATE, not real Upright data -- see pipeline/upright/estimate_upright_gaps.py. Peer group: sub_industry = 'Technology Hardware, Storage & Peripherals' (6 real Upright-covered peers, floor=5). Each cents-per-dollar-of-revenue figure is the MEDIAN of that peer group's real Upright values for the same metric -- a crude industry-average proxy, not Upright's own company-specific modeling. Revenue/employee figures are this company's own real data (from yfinance), not estimated."
HLT,Hilton Worldwide,cdp_pdf,https://travelwithpurpose.hilton.com/wp-content/uploads/sites/4/2026/05/Hilton-Worldwide-Inc.-25-11-2025-CORPORATE-15-26.pdf,442406.0,2135416.0,2061608.0,12/31/2019,476036.0,11174000000.0,new,,False,,,,,,,,,,False,,,,,False,False,False,,,,,,,,,,,True,HILTON WORLDWIDE,"Leisure, Sports and Recreation",12039.0,182000.0,-61.0,89.0,-20.6,0.2,-8.9,,-2.8,-1.2,14.2,-6.4,4.1,-2.7,0.7,GHG emissions 2.56M tons of GHG emissions,Taxes 15.2M days of primary education,https://uprightplatform.com/company/6aa08d95-cfbd-43eb-8a63-3b4100fe85f1/Hilton%20Worldwide/,False,,,
HONA,Honeywell Aerospace,none,,,,,,,,,no_public_report_found,False,,,,,,,,,,False,,,,,True,True,True,49137.6,median_model_revenue+employees,sub_industry:Aerospace & Defense,9,"Tier 2 Scope 1 ESTIMATE (LSEG median-model style), NOT a disclosure -- see pipeline/tier2_estimation/estimate_tier2.py. Peer group: sub_industry = 'Aerospace & Defense' (9 Tier 1 peers with a real Scope 1 value, floor=5). Revenue-based: median peer Scope 1 tCO2e/$ revenue (3.63289e-06) x this company's revenue ($17,915,000,832) = 65,083 tCO2e. Employee-based: median peer Scope 1 tCO2e/employee (1.1064) x this company's employee count (30,000) = 33,192 tCO2e. Final estimate is the average of the available method(s): 49,138 tCO2e.",139584.2,median_model_revenue+employees,sector:Industrials,28,"Tier 2 Scope 2 ESTIMATE (LSEG median-model style), NOT a disclosure -- see pipeline/tier2_estimation/estimate_tier2.py. Peer group: sector = 'Industrials' (28 Tier 1 peers with a real Scope 2 value, floor=5). Revenue-based: median peer Scope 2 tCO2e/$ revenue (9.89188e-06) x this company's revenue ($17,915,000,832) = 177,213 tCO2e. Employee-based: median peer Scope 2 tCO2e/employee (3.39852) x this company's employee count (30,000) = 101,956 tCO2e. Final estimate is the average of the available method(s): 139,584 tCO2e.",False,,,17915.0,30000,-62.0,90.0,-13.2,0.9,-6.6,0.6,-2.1,-6.3,15.7,-8.0,1.7,-3.1,1.8,,,,True,sub_industry:Aerospace & Defense,11,"PROXY ESTIMATE, not real Upright data -- see pipeline/upright/estimate_upright_gaps.py. Peer group: sub_industry = 'Aerospace & Defense' (11 real Upright-covered peers, floor=5). Each cents-per-dollar-of-revenue figure is the MEDIAN of that peer group's real Upright values for the same metric -- a crude industry-average proxy, not Upright's own company-specific modeling. Revenue/employee figures are this company's own real data (from yfinance), not estimated."
HRL,Hormel Foods,cdp_pdf,https://www.hormelfoods.com/wp-content/uploads/2025_CDP-Corporate-Questionnaire-2025.pdf,527671.0,395278.0,27987.0,,,11920797.0,new,,True,Targets set,1.5°C,2030.0,,,,,Hormel Foods Corporation commits to reduce absolute scope 1 and 2 GHG emissions 50% by 2030 from a 2019 base year. Hormel Foods Corporation also commits to reduce absolute scope 3 GHG emissions 27.5% within the same timeframe.,2023-10-19 01:00:00,False,,,,,False,False,False,,,,,,,,,,,True,HORMEL FOODS,Food and Beverage,12058.59,20000.0,-32.0,81.0,-18.8,0.8,-7.2,0.6,-2.3,-0.4,7.2,-8.2,13.7,-1.4,0.3,Physical diseases 78.6k life years,Nutrition 6.10bn bananas,https://uprightplatform.com/company/72d34534-7157-4451-9a8d-dd0cd3510140/Hormel%20Foods/,False,,,
HST,Host Hotels & Resorts,sustainability_report,https://www.hosthotels.com/-/media/HostHotels/Files/DownloadLinksAssets/CR-Highlights/Host_Hotels_Resorts_Inc_2026_Corporate_Responsibility_Report.pdf,,,,,,,False,no_fields_extracted,True,Targets set,1.5°C,2030.0,,,,,"Near-Term Targets: Host Hotels & Resorts, Inc. commits to reduce absolute scope 1 and 2 GHG emissions 54% by 2030 from a 2019 base year.",2025-09-04 01:00:00,False,,,,,True,True,True,17471.1,median_model_revenue+employees,sector:Real Estate,8,"Tier 2 Scope 1 ESTIMATE (LSEG median-model style), NOT a disclosure -- see pipeline/tier2_estimation/estimate_tier2.py. Peer group: sector = 'Real Estate' (8 Tier 1 peers with a real Scope 1 value, floor=5). Revenue-based: median peer Scope 1 tCO2e/$ revenue (5.49255e-06) x this company's revenue ($6,233,999,872) = 34,241 tCO2e. Employee-based: median peer Scope 1 tCO2e/employee (4.331) x this company's employee count (162) = 702 tCO2e. Final estimate is the average of the available method(s): 17,471 tCO2e.",40387.5,median_model_revenue+employees,sector:Real Estate,7,"Tier 2 Scope 2 ESTIMATE (LSEG median-model style), NOT a disclosure -- see pipeline/tier2_estimation/estimate_tier2.py. Peer group: sector = 'Real Estate' (7 Tier 1 peers with a real Scope 2 value, floor=5). Revenue-based: median peer Scope 2 tCO2e/$ revenue (7.54576e-06) x this company's revenue ($6,233,999,872) = 47,040 tCO2e. Employee-based: median peer Scope 2 tCO2e/employee (208.239) x this company's employee count (162) = 33,735 tCO2e. Final estimate is the average of the available method(s): 40,388 tCO2e.",True,HOST HOTELS & RESORTS,Real Estate,5524.0,163.0,-50.0,87.0,-20.5,0.2,-8.8,,-2.7,-0.7,13.9,-2.6,3.6,-2.7,0.0,GHG emissions 1.17M tons of GHG emissions,Taxes 6.55M days of primary education,https://uprightplatform.com/company/9f0d6b15-f04d-4eb9-8662-f8a04bf55a0e/Host%20Hotels%20%26%20Resorts/,False,,,
HWM,Howmet Aerospace,epa_ghgrp,,124138.0,,,,,,,"EPA GHGRP 2023 Direct Emitters, parent 'HOWMET AEROSPACE INC' (3 facilities). CDP search inconclusive; used EPA to save budget. Scope 1 only.",False,,,,,,,,,,False,,,,,True,False,True,,,,,,88304.3,median_model_revenue+employees,sector:Industrials,28,"Tier 2 Scope 2 ESTIMATE (LSEG median-model style), NOT a disclosure -- see pipeline/tier2_estimation/estimate_tier2.py. Peer group: sector = 'Industrials' (28 Tier 1 peers with a real Scope 2 value, floor=5). Revenue-based: median peer Scope 2 tCO2e/$ revenue (9.89188e-06) x this company's revenue ($9,116,999,680) = 90,184 tCO2e. Employee-based: median peer Scope 2 tCO2e/employee (3.39852) x this company's employee count (25,430) = 86,424 tCO2e. Final estimate is the average of the available method(s): 88,304 tCO2e.",True,HOWMET AEROSPACE,,8252.0,23200.0,-109.0,96.0,-19.3,1.3,-10.8,0.9,-3.0,-2.2,10.9,-4.6,1.0,-1.7,0.1,,,https://uprightplatform.com/company/592f0c53-339d-4764-b198-baadb23f936b/Howmet%20Aerospace/,False,,,
HPQ,HP Inc.,cdp_pdf,https://h20195.www2.hp.com/v2/GetDocument.aspx?docname=c09119803,,,,,,,,"download_error: HTTPSConnectionPool(host='h20195.www2.hp.com', port=443): Max retries exceeded with url: /v2/GetDocument.aspx?docname=c09119803 (Caused by SSLError(SSLCertVerificationError(1, '[SSL: CERTIFICATE_VERIFY_FAILED] certificate verify failed: unable to get local issuer certificate (_ssl.c:1000)')))",True,Targets set,1.5°C,FY2030,Targets set,FY2040,Targets set,FY2040,"Overall Net-Zero Target: HP Inc. commits to reach net-zero greenhouse gas emissions across the value chain by FY2040. Near-Term Targets: HP Inc. commits to reduce absolute scope 1, 2 and 3 GHG emissions 50% by FY2030 from a FY2019 base year. Long-Term Targets: HP Inc. commits to reduce absolute scope 1, 2 and 3 GHG emissions 90% by FY2040 from a FY2019 base year.",2024-12-12 01:00:00,False,,,,,True,True,True,34756.0,median_model_revenue+employees,sector:Information Technology,37,"Tier 2 Scope 1 ESTIMATE (LSEG median-model style), NOT a disclosure -- see pipeline/tier2_estimation/estimate_tier2.py. Peer group: sector = 'Information Technology' (37 Tier 1 peers with a real Scope 1 value, floor=5). Revenue-based: median peer Scope 1 tCO2e/$ revenue (6.23987e-07) x this company's revenue ($59,162,001,408) = 36,916 tCO2e. Employee-based: median peer Scope 1 tCO2e/employee (0.592647) x this company's employee count (55,000) = 32,596 tCO2e. Final estimate is the average of the available method(s): 34,756 tCO2e.",109224.1,median_model_revenue+employees,sector:Information Technology,29,"Tier 2 Scope 2 ESTIMATE (LSEG median-model style), NOT a disclosure -- see pipeline/tier2_estimation/estimate_tier2.py. Peer group: sector = 'Information Technology' (29 Tier 1 peers with a real Scope 2 value, floor=5). Revenue-based: median peer Scope 2 tCO2e/$ revenue (2.34945e-06) x this company's revenue ($59,162,001,408) = 138,998 tCO2e. Employee-based: median peer Scope 2 tCO2e/employee (1.44455) x this company's employee count (55,000) = 79,450 tCO2e. Final estimate is the average of the available method(s): 109,224 tCO2e.",True,HP INC.,Computer Hardware,53559.0,58000.0,22.0,48.0,-7.9,0.7,-3.4,0.4,-0.9,-0.7,9.2,-2.6,1.7,-3.9,7.7,Scarce human capital 34.2k scarce worker years,Taxes 44.3M days of primary education,https://uprightplatform.com/company/811cacb6-0267-43d5-9c84-23409607a2b0/HP%20Inc./,False,,,
HUBB,Hubbell Incorporated,cdp_pdf,https://hubbellcdn.com/ohwassets/Hubbell/ESG/Documents/Hubbell-2025-CDP-Climate-Change-Disclosures.pdf,38382.46,87746.25,88293.86,12/31/2022,50740.11,5628500000.0,new,,False,,,,,,,,,,False,,,,,False,False,False,,,,,,,,,,,True,HUBBELL,,5372.9,18300.0,26.0,45.0,-10.4,1.7,-5.0,1.3,-1.4,-0.3,13.0,-1.0,1.4,-2.6,3.3,,,https://uprightplatform.com/company/c88a2cf4-c13b-4ae6-9400-8cd5b85be120/Hubbell/,False,,,
HUM,Humana,sustainability_report,https://assets.humana.com/is/content/humana/2025_Humana_Impact_Report_Appendixpdf,41913.0,56377.0,54678.0,,,,False,,True,Targets set,1.5°C,2029.0,,,,,"Headline target: Humana Inc.'s portfolio targets cover 30% of its total investment and lending by
assets under management as of 2022. As of that year, required activities made up 30% of Humana Inc.’s total investment and lending by assets under management while optional activities made up 6% and out of scope activities made up 64%.
https://files.sciencebasedtargets.org/production/files/Target-language-and-summary_Humana-Inc.pdf",2025-06-05 01:00:00,False,,,,,False,False,False,,,,,,,,,,,True,HUMANA,Insurance,117761.0,65680.0,33.0,38.0,-5.6,0.2,-2.5,0.2,-0.8,-1.1,9.0,-2.2,10.9,-4.6,0.1,Scarce human capital 87.8k scarce worker years,Physical diseases 817k life years,https://uprightplatform.com/company/2d84c046-a8c6-49f2-a398-24ff727ced28/Humana/,False,,,
HBAN,Huntington Bancshares,sustainability_report,http://carbonaccountingfinancials.com/files/institutions_downloads/2024HuntingtonClimateReport-121025.pdf,,,,,,,False,no_fields_extracted,False,,,,,,,,,,False,,,,,True,True,True,6445.8,median_model_revenue+employees,sector:Financials,21,"Tier 2 Scope 1 ESTIMATE (LSEG median-model style), NOT a disclosure -- see pipeline/tier2_estimation/estimate_tier2.py. Peer group: sector = 'Financials' (21 Tier 1 peers with a real Scope 1 value, floor=5). Revenue-based: median peer Scope 1 tCO2e/$ revenue (5.36817e-07) x this company's revenue ($9,176,999,936) = 4,926 tCO2e. Employee-based: median peer Scope 1 tCO2e/employee (0.312029) x this company's employee count (25,527) = 7,965 tCO2e. Final estimate is the average of the available method(s): 6,446 tCO2e.",4211.5,median_model_revenue+employees,sector:Financials,17,"Tier 2 Scope 2 ESTIMATE (LSEG median-model style), NOT a disclosure -- see pipeline/tier2_estimation/estimate_tier2.py. Peer group: sector = 'Financials' (17 Tier 1 peers with a real Scope 2 value, floor=5). Revenue-based: median peer Scope 2 tCO2e/$ revenue (1.98278e-07) x this company's revenue ($9,176,999,936) = 1,820 tCO2e. Employee-based: median peer Scope 2 tCO2e/employee (0.25868) x this company's employee count (25,527) = 6,603 tCO2e. Final estimate is the average of the available method(s): 4,211 tCO2e.",True,HUNTINGTON BANCSHARES,,7402.0,20166.0,12.0,57.0,-6.3,0.6,-3.2,0.4,-1.0,-0.5,12.3,-1.2,2.3,-6.0,0.7,,,https://uprightplatform.com/company/b6e06ec8-8aab-405d-87f5-4250885411be/Huntington%20Bancshares/,False,,,
HII,Huntington Ingalls Industries,epa_ghgrp,,49707.0,,,,,,,"EPA GHGRP 2023 Direct Emitters, parent 'HUNTINGTON INGALLS INDUSTRIES INC' (1 facility). CDP search inconclusive; used EPA. Scope 1 only.",False,,,,,,,,,,False,,,,,True,False,True,,,,,,141678.9,median_model_revenue+employees,sector:Industrials,28,"Tier 2 Scope 2 ESTIMATE (LSEG median-model style), NOT a disclosure -- see pipeline/tier2_estimation/estimate_tier2.py. Peer group: sector = 'Industrials' (28 Tier 1 peers with a real Scope 2 value, floor=5). Revenue-based: median peer Scope 2 tCO2e/$ revenue (9.89188e-06) x this company's revenue ($13,185,000,448) = 130,424 tCO2e. Employee-based: median peer Scope 2 tCO2e/employee (3.39852) x this company's employee count (45,000) = 152,933 tCO2e. Final estimate is the average of the available method(s): 141,679 tCO2e.",True,HUNTINGTON INGALLS INDUSTRIES,,11569.0,44000.0,-86.0,94.0,-13.9,1.2,-6.6,0.9,-2.0,-11.2,18.2,-13.1,1.7,-2.4,0.6,,,https://uprightplatform.com/company/31819b35-7ef3-41f6-8c21-94058476f3ad/Huntington%20Ingalls%20Industries/,False,,,
IBM,IBM,none,,,,,,,,,no_public_report_found,False,,,,,,,,,,False,,,,,True,True,True,99875.5,median_model_revenue+employees,sector:Information Technology,37,"Tier 2 Scope 1 ESTIMATE (LSEG median-model style), NOT a disclosure -- see pipeline/tier2_estimation/estimate_tier2.py. Peer group: sector = 'Information Technology' (37 Tier 1 peers with a real Scope 1 value, floor=5). Revenue-based: median peer Scope 1 tCO2e/$ revenue (6.23987e-07) x this company's revenue ($69,094,998,016) = 43,114 tCO2e. Employee-based: median peer Scope 1 tCO2e/employee (0.592647) x this company's employee count (264,300) = 156,637 tCO2e. Final estimate is the average of the available method(s): 99,876 tCO2e.",272064.6,median_model_revenue+employees,sector:Information Technology,29,"Tier 2 Scope 2 ESTIMATE (LSEG median-model style), NOT a disclosure -- see pipeline/tier2_estimation/estimate_tier2.py. Peer group: sector = 'Information Technology' (29 Tier 1 peers with a real Scope 2 value, floor=5). Revenue-based: median peer Scope 2 tCO2e/$ revenue (2.34945e-06) x this company's revenue ($69,094,998,016) = 162,335 tCO2e. Employee-based: median peer Scope 2 tCO2e/employee (1.44455) x this company's employee count (264,300) = 381,794 tCO2e. Final estimate is the average of the available method(s): 272,065 tCO2e.",True,IBM,,62753.0,293400.0,44.0,27.0,-3.7,0.4,-1.8,0.3,-0.4,-0.2,10.6,-0.6,0.9,-5.9,6.8,,,https://uprightplatform.com/company/4ac6bf8b-fe4a-4251-a42b-4ab510949ad9/IBM/,False,,,
IEX,IDEX Corporation,sustainability_report,https://www.idexcorp.com/wp-content/uploads/2024/03/IDEX-Corporation-2024-Sustainability-Disclosures-FINAL-3.21.24.pdf,,,,,,,False,no_fields_extracted,False,,,,,,,,,,False,,,,,True,True,True,18074.1,median_model_revenue+employees,sub_industry:Industrial Machinery & Supplies & Components,6,"Tier 2 Scope 1 ESTIMATE (LSEG median-model style), NOT a disclosure -- see pipeline/tier2_estimation/estimate_tier2.py. Peer group: sub_industry = 'Industrial Machinery & Supplies & Components' (6 Tier 1 peers with a real Scope 1 value, floor=5). Revenue-based: median peer Scope 1 tCO2e/$ revenue (5.37521e-06) x this company's revenue ($3,585,299,968) = 19,272 tCO2e. Employee-based: median peer Scope 1 tCO2e/employee (1.93983) x this company's employee count (8,700) = 16,877 tCO2e. Final estimate is the average of the available method(s): 18,074 tCO2e.",44311.2,median_model_revenue+employees,sub_industry:Industrial Machinery & Supplies & Components,5,"Tier 2 Scope 2 ESTIMATE (LSEG median-model style), NOT a disclosure -- see pipeline/tier2_estimation/estimate_tier2.py. Peer group: sub_industry = 'Industrial Machinery & Supplies & Components' (5 Tier 1 peers with a real Scope 2 value, floor=5). Revenue-based: median peer Scope 2 tCO2e/$ revenue (1.36744e-05) x this company's revenue ($3,585,299,968) = 49,027 tCO2e. Employee-based: median peer Scope 2 tCO2e/employee (4.55123) x this company's employee count (8,700) = 39,596 tCO2e. Final estimate is the average of the available method(s): 44,311 tCO2e.",True,IDEX,Industrial Manufacturing and Services,3273.9,9000.0,18.0,52.0,-13.2,2.0,-6.9,1.2,-2.2,-0.5,14.6,-1.6,3.8,-2.6,1.5,GHG emissions 542k tons of GHG emissions,Societal infrastructure 5.51M long-haul train rides,https://uprightplatform.com/company/5c03c6ae-64cd-41f0-b2e7-2e7589381f80/Idex/,False,,,
IDXX,Idexx Laboratories,sustainability_report,https://www.idexx.com/files/idexx-corporate-responsibility-report-2023.pdf,,,,,,,False,no_fields_extracted,False,,,,,,,,,,False,,,,,True,True,True,15794.6,median_model_revenue+employees,sub_industry:Health Care Equipment,6,"Tier 2 Scope 1 ESTIMATE (LSEG median-model style), NOT a disclosure -- see pipeline/tier2_estimation/estimate_tier2.py. Peer group: sub_industry = 'Health Care Equipment' (6 Tier 1 peers with a real Scope 1 value, floor=5). Revenue-based: median peer Scope 1 tCO2e/$ revenue (3.85286e-06) x this company's revenue ($4,553,223,168) = 17,543 tCO2e. Employee-based: median peer Scope 1 tCO2e/employee (1.27693) x this company's employee count (11,000) = 14,046 tCO2e. Final estimate is the average of the available method(s): 15,795 tCO2e.",14344.4,median_model_revenue+employees,sub_industry:Health Care Equipment,5,"Tier 2 Scope 2 ESTIMATE (LSEG median-model style), NOT a disclosure -- see pipeline/tier2_estimation/estimate_tier2.py. Peer group: sub_industry = 'Health Care Equipment' (5 Tier 1 peers with a real Scope 2 value, floor=5). Revenue-based: median peer Scope 2 tCO2e/$ revenue (3.17691e-06) x this company's revenue ($4,553,223,168) = 14,465 tCO2e. Employee-based: median peer Scope 2 tCO2e/employee (1.29306) x this company's employee count (11,000) = 14,224 tCO2e. Final estimate is the average of the available method(s): 14,344 tCO2e.",True,IDEXX LABORATORIES,Pharmaceuticals and Biotechnology,3660.95,11000.0,43.0,28.0,-7.1,0.7,-3.0,0.1,-0.6,-0.4,9.7,-2.2,8.9,-2.7,2.2,GHG emissions 264k tons of GHG emissions,Taxes 3.22M days of primary education,https://uprightplatform.com/company/ca069db4-398f-406f-91c0-27e5bbbf05df/Idexx%20Laboratories/,False,,,
ITW,Illinois Tool Works,epa_ghgrp,,35816.0,,,,,,,"EPA GHGRP 2023 Direct Emitters, parent 'ILLINOIS TOOL WORKS INC' (1 facility). CDP search inconclusive; used EPA. Scope 1 only.",False,,,,,,,,,,False,,,,,True,False,True,,,,,,210453.1,median_model_revenue+employees,sub_industry:Industrial Machinery & Supplies & Components,5,"Tier 2 Scope 2 ESTIMATE (LSEG median-model style), NOT a disclosure -- see pipeline/tier2_estimation/estimate_tier2.py. Peer group: sub_industry = 'Industrial Machinery & Supplies & Components' (5 Tier 1 peers with a real Scope 2 value, floor=5). Revenue-based: median peer Scope 2 tCO2e/$ revenue (1.36744e-05) x this company's revenue ($16,469,000,192) = 225,203 tCO2e. Employee-based: median peer Scope 2 tCO2e/employee (4.55123) x this company's employee count (43,000) = 195,703 tCO2e. Final estimate is the average of the available method(s): 210,453 tCO2e.",True,ILLINOIS TOOL WORKS,Industrial Manufacturing and Services,15949.0,44000.0,-18.0,76.0,-13.4,1.6,-6.8,1.0,-2.1,-0.3,10.4,-1.8,1.6,-2.0,1.2,GHG emissions 2.60M tons of GHG emissions,Taxes 11.1M days of primary education,https://uprightplatform.com/company/b7781942-486b-4655-9e9b-383b24f52c2c/Illinois%20Tool%20Works/,False,,,
INCY,Incyte,sustainability_report,https://cdn.incyte.com/Assets/INCY25_Global-Responsibility-Report_FINAL_ADA.pdf,,,,,,,False,no_fields_extracted,False,,,,,,,,,,False,,,,,True,True,True,12991.6,median_model_revenue+employees,sector:Health Care,25,"Tier 2 Scope 1 ESTIMATE (LSEG median-model style), NOT a disclosure -- see pipeline/tier2_estimation/estimate_tier2.py. Peer group: sector = 'Health Care' (25 Tier 1 peers with a real Scope 1 value, floor=5). Revenue-based: median peer Scope 1 tCO2e/$ revenue (3.54491e-06) x this company's revenue ($5,819,530,240) = 20,630 tCO2e. Employee-based: median peer Scope 1 tCO2e/employee (1.88241) x this company's employee count (2,844) = 5,354 tCO2e. Final estimate is the average of the available method(s): 12,992 tCO2e.",12092.6,median_model_revenue+employees,sector:Health Care,18,"Tier 2 Scope 2 ESTIMATE (LSEG median-model style), NOT a disclosure -- see pipeline/tier2_estimation/estimate_tier2.py. Peer group: sector = 'Health Care' (18 Tier 1 peers with a real Scope 2 value, floor=5). Revenue-based: median peer Scope 2 tCO2e/$ revenue (3.19915e-06) x this company's revenue ($5,819,530,240) = 18,618 tCO2e. Employee-based: median peer Scope 2 tCO2e/employee (1.95766) x this company's employee count (2,844) = 5,568 tCO2e. Final estimate is the average of the available method(s): 12,093 tCO2e.",True,INCYTE,,3695.6,2524.0,14.0,55.0,-10.2,0.2,-4.4,0.1,-2.0,-1.2,6.7,-7.8,20.0,-3.9,0.0,,,https://uprightplatform.com/company/e876ad82-a97e-4183-9241-96994b781522/Incyte/,False,,,
IR,Ingersoll Rand,none,,,,,,,,,no_public_report_found,True,Targets set,1.5°C,2034.0,Targets set,2050.0,Targets set,2050.0,Overall Net-Zero Target: Ingersoll Rand Inc. commits to reach net-zero greenhouse gas emissions across the value chain by 2050. Near-Term Targets: Ingersoll Rand Inc. commits to reduce absolute scope 1 and 2 GHG emissions 42% by 2030 from a 2020 base year. Ingersoll Rand Inc. also commits to reduce scope 3 GHG emissions from use of sold products 63.8% per USD value added by 2034 from a 2020 base year.  Long-Term Targets: Ingersoll Rand Inc. commits to reduce absolute scope 1 and 2 GHG emissions 90% by 2050 from a 2020 base year. Ingersoll Rand Inc. also commits to reduce scope 3 GHG emissions from use of sold products 97% per USD value added within the same timeframe. ,2024-12-12 01:00:00,False,,,,,True,True,True,41713.7,median_model_revenue+employees,sub_industry:Industrial Machinery & Supplies & Components,6,"Tier 2 Scope 1 ESTIMATE (LSEG median-model style), NOT a disclosure -- see pipeline/tier2_estimation/estimate_tier2.py. Peer group: sub_industry = 'Industrial Machinery & Supplies & Components' (6 Tier 1 peers with a real Scope 1 value, floor=5). Revenue-based: median peer Scope 1 tCO2e/$ revenue (5.37521e-06) x this company's revenue ($7,942,199,808) = 42,691 tCO2e. Employee-based: median peer Scope 1 tCO2e/employee (1.93983) x this company's employee count (21,000) = 40,736 tCO2e. Final estimate is the average of the available method(s): 41,714 tCO2e.",102090.2,median_model_revenue+employees,sub_industry:Industrial Machinery & Supplies & Components,5,"Tier 2 Scope 2 ESTIMATE (LSEG median-model style), NOT a disclosure -- see pipeline/tier2_estimation/estimate_tier2.py. Peer group: sub_industry = 'Industrial Machinery & Supplies & Components' (5 Tier 1 peers with a real Scope 2 value, floor=5). Revenue-based: median peer Scope 2 tCO2e/$ revenue (1.36744e-05) x this company's revenue ($7,942,199,808) = 108,605 tCO2e. Employee-based: median peer Scope 2 tCO2e/employee (4.55123) x this company's employee count (21,000) = 95,576 tCO2e. Final estimate is the average of the available method(s): 102,090 tCO2e.",True,INGERSOLL RAND,Construction and Building Materials,21321.9,44000.0,-15.0,75.0,-16.4,2.5,-8.9,1.6,-2.7,-0.3,14.7,-2.3,1.0,-2.1,0.1,GHG emissions 4.55M tons of GHG emissions,Societal infrastructure 40.5M long-haul train rides,https://uprightplatform.com/company/5745ef42-3dc2-4052-8f73-7974cad2d344/Ingersoll%20Rand/,False,,,
PODD,Insulet Corporation,sustainability_report,https://www.insulet.com/sites/insulet/files/2026-05/Insulet-2025-Sustainability-Report.pdf,,,,,,,False,no_fields_extracted,False,,,,,,,,,,False,,,,,True,True,True,9329.9,median_model_revenue+employees,sub_industry:Health Care Equipment,6,"Tier 2 Scope 1 ESTIMATE (LSEG median-model style), NOT a disclosure -- see pipeline/tier2_estimation/estimate_tier2.py. Peer group: sub_industry = 'Health Care Equipment' (6 Tier 1 peers with a real Scope 1 value, floor=5). Revenue-based: median peer Scope 1 tCO2e/$ revenue (3.85286e-06) x this company's revenue ($3,053,400,064) = 11,764 tCO2e. Employee-based: median peer Scope 1 tCO2e/employee (1.27693) x this company's employee count (5,400) = 6,895 tCO2e. Final estimate is the average of the available method(s): 9,330 tCO2e.",8341.5,median_model_revenue+employees,sub_industry:Health Care Equipment,5,"Tier 2 Scope 2 ESTIMATE (LSEG median-model style), NOT a disclosure -- see pipeline/tier2_estimation/estimate_tier2.py. Peer group: sub_industry = 'Health Care Equipment' (5 Tier 1 peers with a real Scope 2 value, floor=5). Revenue-based: median peer Scope 2 tCO2e/$ revenue (3.17691e-06) x this company's revenue ($3,053,400,064) = 9,700 tCO2e. Employee-based: median peer Scope 2 tCO2e/employee (1.29306) x this company's employee count (5,400) = 6,983 tCO2e. Final estimate is the average of the available method(s): 8,341 tCO2e.",True,INSULET,,2521.9,5400.0,75.0,3.0,-5.5,0.2,-2.3,,-1.1,-0.9,8.4,-3.6,46.3,-3.8,0.0,,,https://uprightplatform.com/company/bbbc16fd-4b96-458d-9aa2-f51d4dc31663/Insulet/,False,,,
INTC,Intel,epa_ghgrp,,790768.0,,,,,,,"EPA GHGRP 2023 Direct Emitters, parent 'INTEL CORP' (4 facilities). CDP search inconclusive; used EPA. Scope 1 only.",False,,,,,,,,,,False,,,,,True,False,True,,,,,,193298.7,median_model_revenue+employees,sub_industry:Semiconductors,5,"Tier 2 Scope 2 ESTIMATE (LSEG median-model style), NOT a disclosure -- see pipeline/tier2_estimation/estimate_tier2.py. Peer group: sub_industry = 'Semiconductors' (5 Tier 1 peers with a real Scope 2 value, floor=5). Revenue-based: median peer Scope 2 tCO2e/$ revenue (2.34945e-06) x this company's revenue ($57,031,999,488) = 133,994 tCO2e. Employee-based: median peer Scope 2 tCO2e/employee (2.96832) x this company's employee count (85,100) = 252,604 tCO2e. Final estimate is the average of the available method(s): 193,299 tCO2e.",True,INTEL,Computer Hardware,52853.0,85100.0,14.0,55.0,-7.4,0.3,-3.3,0.3,-1.0,-0.4,7.6,-1.1,0.8,-2.6,4.6,GHG emissions 4.14M tons of GHG emissions,Knowledge infrastructure 13.4M personal computers,https://uprightplatform.com/company/f5b17b4b-ef15-4bf5-876c-3b164f4fb53f/Intel/,False,,,
IBKR,Interactive Brokers,none,,,,,,,,,no_public_report_found,False,,,,,,,,,,False,,,,,True,True,True,2344.0,median_model_revenue+employees,sector:Financials,21,"Tier 2 Scope 1 ESTIMATE (LSEG median-model style), NOT a disclosure -- see pipeline/tier2_estimation/estimate_tier2.py. Peer group: sector = 'Financials' (21 Tier 1 peers with a real Scope 1 value, floor=5). Revenue-based: median peer Scope 1 tCO2e/$ revenue (5.36817e-07) x this company's revenue ($6,834,999,808) = 3,669 tCO2e. Employee-based: median peer Scope 1 tCO2e/employee (0.312029) x this company's employee count (3,265) = 1,019 tCO2e. Final estimate is the average of the available method(s): 2,344 tCO2e.",1099.9,median_model_revenue+employees,sector:Financials,17,"Tier 2 Scope 2 ESTIMATE (LSEG median-model style), NOT a disclosure -- see pipeline/tier2_estimation/estimate_tier2.py. Peer group: sector = 'Financials' (17 Tier 1 peers with a real Scope 2 value, floor=5). Revenue-based: median peer Scope 2 tCO2e/$ revenue (1.98278e-07) x this company's revenue ($6,834,999,808) = 1,355 tCO2e. Employee-based: median peer Scope 2 tCO2e/employee (0.25868) x this company's employee count (3,265) = 845 tCO2e. Final estimate is the average of the available method(s): 1,100 tCO2e.",True,INTERACTIVE BROKERS,,10424.0,3182.0,-20.0,77.0,-4.1,0.2,-3.2,0.1,-0.2,-1.2,6.2,-0.3,0.9,-6.3,2.6,,,https://uprightplatform.com/company/0ba16d15-b351-4b91-939f-08aed678370a/Interactive%20Brokers/,False,,,
ICE,Intercontinental Exchange,sustainability_report,https://www.ice.com/publicdocs/2023_Sustainability_Report.pdf,,,,,,,False,no_fields_extracted,False,,,,,,,,,,False,,,,,True,True,True,4819.1,median_model_revenue+employees,sector:Financials,21,"Tier 2 Scope 1 ESTIMATE (LSEG median-model style), NOT a disclosure -- see pipeline/tier2_estimation/estimate_tier2.py. Peer group: sector = 'Financials' (21 Tier 1 peers with a real Scope 1 value, floor=5). Revenue-based: median peer Scope 1 tCO2e/$ revenue (5.36817e-07) x this company's revenue ($10,558,000,128) = 5,668 tCO2e. Employee-based: median peer Scope 1 tCO2e/employee (0.312029) x this company's employee count (12,725) = 3,971 tCO2e. Final estimate is the average of the available method(s): 4,819 tCO2e.",2692.6,median_model_revenue+employees,sector:Financials,17,"Tier 2 Scope 2 ESTIMATE (LSEG median-model style), NOT a disclosure -- see pipeline/tier2_estimation/estimate_tier2.py. Peer group: sector = 'Financials' (17 Tier 1 peers with a real Scope 2 value, floor=5). Revenue-based: median peer Scope 2 tCO2e/$ revenue (1.98278e-07) x this company's revenue ($10,558,000,128) = 2,093 tCO2e. Employee-based: median peer Scope 2 tCO2e/employee (0.25868) x this company's employee count (12,725) = 3,292 tCO2e. Final estimate is the average of the available method(s): 2,693 tCO2e.",True,INTERCONTINENTAL EXCHANGE,Financial Services,11397.0,12806.0,-0.0,66.0,-2.3,0.2,-1.1,0.1,-0.3,-1.5,6.9,-0.4,0.7,-5.8,2.2,Scarce human capital 10.9k scarce worker years,Taxes 7.29M days of primary education,https://uprightplatform.com/company/8c27f753-7bf0-44fb-9d1b-ae1569a59c9b/Intercontinental%20Exchange/,False,,,
IFF,International Flavors & Fragrances,epa_ghgrp,,307088.216,,,,,,,"EPA GHGRP 2023 Direct Emitters, parent 'INTERNATIONAL FLAVORS & FRAGRANCES INC' (7 facilities). CDP search inconclusive; used EPA. Scope 1 only.",True,Targets set,1.5°C,2030.0,,,,,"International Flavors & Fragrances, Inc. commits to reduce absolute scope 1 and 2 GHG emissions 50% by 2030 from a 2021 base year.
International Flavors & Fragrances, Inc., also commits to reduce absolute scope 3 GHG emissions from purchased goods and services, fuel and energy related activities, upstream transportation and distribution, waste generated in operations, and processing of sold products 30% within the same timeframe.",2023-08-03 01:00:00,False,,,,,True,False,True,,,,,,1519868.6,median_model_revenue+employees,sector:Materials,9,"Tier 2 Scope 2 ESTIMATE (LSEG median-model style), NOT a disclosure -- see pipeline/tier2_estimation/estimate_tier2.py. Peer group: sector = 'Materials' (9 Tier 1 peers with a real Scope 2 value, floor=5). Revenue-based: median peer Scope 2 tCO2e/$ revenue (0.000101463) x this company's revenue ($10,780,999,680) = 1,093,875 tCO2e. Employee-based: median peer Scope 2 tCO2e/employee (90.5052) x this company's employee count (21,500) = 1,945,862 tCO2e. Final estimate is the average of the available method(s): 1,519,869 tCO2e.",True,INTERNATIONAL FLAVORS & FRAGRANCES,Consumer Product Manufacturing,11479.0,22400.0,-7.0,71.0,-12.9,1.4,-5.6,0.7,-2.4,-0.5,7.3,-4.3,9.9,-2.3,0.1,GHG emissions 1.55M tons of GHG emissions,Taxes 7.66M days of primary education,https://uprightplatform.com/company/cdc9d8e2-956f-4ac2-bfb4-940424d5c80a/International%20Flavors%20%26%20Fragrances/,False,,,
IP,International Paper,epa_ghgrp,,5404387.698,,,,,,,"EPA GHGRP 2023 Direct Emitters, parent 'INTERNATIONAL PAPER CO' (28 facilities). CDP search inconclusive; used EPA. Scope 1 only.",True,Targets set,Well-below 2°C,2030.0,,,,,"International Paper commits to reduce absolute scope 1, 2 and 3 GHG emissions 35% by 2030 from a 2019 base year. Within this target, International Paper commits to reduce absolute scope 1 and 2 GHG emissions 32.8%, * and to reduce absolute scope 3 GHG emissions 35.7% by 2030 from a 2019 base year. *The target boundary includes bioenergy emissions and removals from bioenergy feedstocks.",2021-11-11 01:00:00,True,28,electricity-generation,ESP;GBR;ITA;PRT;USA,84.3,True,False,True,,,,,,4060760.9,median_model_revenue+employees,sector:Materials,9,"Tier 2 Scope 2 ESTIMATE (LSEG median-model style), NOT a disclosure -- see pipeline/tier2_estimation/estimate_tier2.py. Peer group: sector = 'Materials' (9 Tier 1 peers with a real Scope 2 value, floor=5). Revenue-based: median peer Scope 2 tCO2e/$ revenue (0.000101463) x this company's revenue ($24,202,999,808) = 2,455,715 tCO2e. Employee-based: median peer Scope 2 tCO2e/employee (90.5052) x this company's employee count (62,602) = 5,665,807 tCO2e. Final estimate is the average of the available method(s): 4,060,761 tCO2e.",True,INTERNATIONAL PAPER,Industrial Manufacturing and Services,18619.0,37000.0,-52.0,88.0,-16.7,5.9,-7.6,3.6,-2.0,-1.3,6.7,-1.8,1.3,-1.7,0.1,GHG emissions 3.38M tons of GHG emissions,Taxes 12.3M days of primary education,https://uprightplatform.com/company/84a2be9d-e62d-4c64-afd5-8c64af696969/International%20Paper/,False,,,
INTU,Intuit,cdp_pdf,https://digitalasset.intuit.com/render/content/dam/intuit/ic/en_us/content/2025-CDP-Climate-Change-Response.pdf,4340.0,15874.0,0.0,07/31/2022,4680.0,16285000000.0,new,,True,Targets set,1.5°C,FY2030,Targets set,FY2040,Targets set,FY2040,Overall Net Zero target Intuit Inc. commits to reach net-zero greenhouse gas emissions across the value chain by FY2040. Near-Term Targets Intuit Inc. commits to reduce absolute scope 1 and 2 GHG emissions 42% by FY2030 from a FY2022 base year. Intuit Inc also commits that 80% of its suppliers by emissions covering purchased goods and services will have science-based targets by FY2027. Long-Term Targets Intuit Inc. commits to reduce absolute scope 1 and 2 GHG emissions 90% by FY2040 from a FY2022 base year. Intuit Inc also commits to reduce scope 3 GHG emissions 97% per million USD value added within the same timeframe.,2023-07-13 01:00:00,False,,,,,False,False,False,,,,,,,,,,,True,INTUIT,Computer Software,14368.0,18200.0,39.0,33.0,-2.3,0.1,-1.1,0.1,-0.2,-0.1,9.4,-0.3,0.3,-5.5,3.5,Scarce human capital 12.9k scarce worker years,Taxes 12.8M days of primary education,https://uprightplatform.com/company/31e12b09-7965-40a2-a108-eb916db3071e/Intuit/,False,,,
ISRG,Intuitive Surgical,cdp_pdf,https://www.intuitive.com/en-us/-/media/ISI/Intuitive/Pdf/Intuitive-Surgical-Inc-CDP-Corporate-Questionnaire-2025.pdf,7409.0,18578.0,18578.0,12/31/2021,7409.0,8352100000.0,new,,False,,,,,,,,,,False,,,,,False,False,False,,,,,,,,,,,False,,,11034.4,17021,55.0,16.0,-5.5,0.2,-2.3,0.1,-0.6,-0.5,9.7,-2.6,13.6,-3.1,0.6,,,,True,sub_industry:Health Care Equipment,13,"PROXY ESTIMATE, not real Upright data -- see pipeline/upright/estimate_upright_gaps.py. Peer group: sub_industry = 'Health Care Equipment' (13 real Upright-covered peers, floor=5). Each cents-per-dollar-of-revenue figure is the MEDIAN of that peer group's real Upright values for the same metric -- a crude industry-average proxy, not Upright's own company-specific modeling. Revenue/employee figures are this company's own real data (from yfinance), not estimated."
IVZ,Invesco,sustainability_report,https://www.invesco.com/content/dam/invesco/crr/en/pdfs/invesco-2022-corporate-responsibility-report.pdf,,,,,,,,download_error: 406 Client Error: Not Acceptable for url: https://www.invesco.com/content/dam/invesco/crr/en/pdfs/invesco-2022-corporate-responsibility-report.pdf,False,,,,,,,,,,True,1,electricity-generation,GBR,0.1,True,True,True,3008.0,median_model_revenue+employees,sector:Financials,21,"Tier 2 Scope 1 ESTIMATE (LSEG median-model style), NOT a disclosure -- see pipeline/tier2_estimation/estimate_tier2.py. Peer group: sector = 'Financials' (21 Tier 1 peers with a real Scope 1 value, floor=5). Revenue-based: median peer Scope 1 tCO2e/$ revenue (5.36817e-07) x this company's revenue ($6,902,499,840) = 3,705 tCO2e. Employee-based: median peer Scope 1 tCO2e/employee (0.312029) x this company's employee count (7,405) = 2,311 tCO2e. Final estimate is the average of the available method(s): 3,008 tCO2e.",1642.1,median_model_revenue+employees,sector:Financials,17,"Tier 2 Scope 2 ESTIMATE (LSEG median-model style), NOT a disclosure -- see pipeline/tier2_estimation/estimate_tier2.py. Peer group: sector = 'Financials' (17 Tier 1 peers with a real Scope 2 value, floor=5). Revenue-based: median peer Scope 2 tCO2e/$ revenue (1.98278e-07) x this company's revenue ($6,902,499,840) = 1,369 tCO2e. Employee-based: median peer Scope 2 tCO2e/employee (0.25868) x this company's employee count (7,405) = 1,916 tCO2e. Final estimate is the average of the available method(s): 1,642 tCO2e.",True,INVESCO,Financial Services,6377.1,7499.0,5.0,63.0,-2.6,0.4,-1.2,0.2,-0.4,-0.5,6.8,-0.5,1.2,-5.0,0.6,Scarce human capital 5.28k scarce worker years,Societal infrastructure 6.17M long-haul train rides,https://uprightplatform.com/company/34ebed8e-0bab-4881-afe8-75331e28ba4f/Invesco/,False,,,
INVH,Invitation Homes,none,,,,,,,,,no_public_report_found,False,,,,,,,,,,False,,,,,True,True,True,11556.9,median_model_revenue+employees,sector:Real Estate,8,"Tier 2 Scope 1 ESTIMATE (LSEG median-model style), NOT a disclosure -- see pipeline/tier2_estimation/estimate_tier2.py. Peer group: sector = 'Real Estate' (8 Tier 1 peers with a real Scope 1 value, floor=5). Revenue-based: median peer Scope 1 tCO2e/$ revenue (5.49255e-06) x this company's revenue ($2,848,004,096) = 15,643 tCO2e. Employee-based: median peer Scope 1 tCO2e/employee (4.331) x this company's employee count (1,725) = 7,471 tCO2e. Final estimate is the average of the available method(s): 11,557 tCO2e.",190351.4,median_model_revenue+employees,sector:Real Estate,7,"Tier 2 Scope 2 ESTIMATE (LSEG median-model style), NOT a disclosure -- see pipeline/tier2_estimation/estimate_tier2.py. Peer group: sector = 'Real Estate' (7 Tier 1 peers with a real Scope 2 value, floor=5). Revenue-based: median peer Scope 2 tCO2e/$ revenue (7.54576e-06) x this company's revenue ($2,848,004,096) = 21,490 tCO2e. Employee-based: median peer Scope 2 tCO2e/employee (208.239) x this company's employee count (1,725) = 359,212 tCO2e. Final estimate is the average of the available method(s): 190,351 tCO2e.",True,INVITATION HOMES,,2729.3,1725.0,69.0,5.0,-11.1,1.3,-5.9,0.9,-1.1,-0.3,46.2,-0.8,1.4,-3.1,0.0,,,https://uprightplatform.com/company/fd1073d9-65ae-46c0-a132-552e9deea474/Invitation%20Homes/,False,,,
IQV,IQVIA,sustainability_report,https://www.iqvia.com/-/media/iqvia/pdfs/about-us/esg/iqvia_-2024_ghg-emissions-assurance.pdf,,,,,,,False,no_fields_extracted,True,Targets set,1.5°C,2030.0,Targets set,2050.0,Targets set,2050.0,"Overall Net-Zero Target
IQVIA commits to reach net-zero greenhouse gas emissions across the value chain by
2050.
Near-Term Targets
IQVIA commits to reduce absolute scope 1 and 2 GHG emissions 55.1% by 2030 from a
2019 base year.* IQVIA also commits to reduce absolute scope 3 GHG emissions from
business travel 55% per FTE within the same timeframe. IQVIA further commits that 70%
of its suppliers by emissions, covering purchased goods and services, capital goods, and
upstream transport and distribution, will have science-based targets by 2027.
*The target boundary includes biogenic land-related emissions and removals from bioenergy feedstocks.
Long-Term Targets
IQVIA commits to reduce absolute scope 1,2 and 3 GHG emissions 90% by 2050 from a 2019 base year.*
*The target boundary includes biogenic land-related emissions and removals from bioenergy feedstocks.",2023-11-23 01:00:00,False,,,,,True,True,True,118575.0,median_model_revenue+employees,sector:Health Care,25,"Tier 2 Scope 1 ESTIMATE (LSEG median-model style), NOT a disclosure -- see pipeline/tier2_estimation/estimate_tier2.py. Peer group: sector = 'Health Care' (25 Tier 1 peers with a real Scope 1 value, floor=5). Revenue-based: median peer Scope 1 tCO2e/$ revenue (3.54491e-06) x this company's revenue ($16,983,000,064) = 60,203 tCO2e. Employee-based: median peer Scope 1 tCO2e/employee (1.88241) x this company's employee count (94,000) = 176,947 tCO2e. Final estimate is the average of the available method(s): 118,575 tCO2e.",119175.5,median_model_revenue+employees,sector:Health Care,18,"Tier 2 Scope 2 ESTIMATE (LSEG median-model style), NOT a disclosure -- see pipeline/tier2_estimation/estimate_tier2.py. Peer group: sector = 'Health Care' (18 Tier 1 peers with a real Scope 2 value, floor=5). Revenue-based: median peer Scope 2 tCO2e/$ revenue (3.19915e-06) x this company's revenue ($16,983,000,064) = 54,331 tCO2e. Employee-based: median peer Scope 2 tCO2e/employee (1.95766) x this company's employee count (94,000) = 184,020 tCO2e. Final estimate is the average of the available method(s): 119,175 tCO2e.",True,IQVIA,,15497.0,90000.0,62.0,10.0,-3.4,0.1,-1.2,0.1,-0.5,-0.9,14.6,-1.7,11.4,-5.7,5.2,,,https://uprightplatform.com/company/512d43f3-85d6-4b59-873f-ff2e9276bfe7/Iqvia/,False,,,
IRM,Iron Mountain,sustainability_report,https://s204.q4cdn.com/148941814/files/doc_downloads/sustan/2023-corporate-responsibility-report.pdf,,,,,,,False,no_fields_extracted,True,Targets set,1.5°C,2033.0,Targets set,2040.0,Targets set,2040.0,"Overall Net-Zero Target: Iron Mountain Incorporated commits to reach net-zero greenhouse gas emissions across the value chain by 2040. Near-Term Targets: Iron Mountain Incorporated commits to reduce absolute scope 1 and 2 GHG emissions 54.6% by 2033 from a 2022 base year.* Iron Mountain Incorporated commits that 84.2% of its suppliers by emissions covering purchased goods and services, capital goods, business travel, upstream transportation and distribution, will have science-based targets by 2028.* *The target boundary includes land-related emissions and removals from bioenergy feedstocks. Long-Term Targets: Iron Mountain Incorporated commits to reduce absolute scope 1 and 2 GHG emissions by 90% by 2040 from a 2022 base year.* Iron Mountain Incorporated also commits to reduce absolute scope 3 GHG emissions by 90% within the same timeframe.* *The target boundary includes land-related emissions and removals from bioenergy feedstocks.",2024-11-14 01:00:00,False,,,,,True,True,True,84434.3,median_model_revenue+employees,sector:Real Estate,8,"Tier 2 Scope 1 ESTIMATE (LSEG median-model style), NOT a disclosure -- see pipeline/tier2_estimation/estimate_tier2.py. Peer group: sector = 'Real Estate' (8 Tier 1 peers with a real Scope 1 value, floor=5). Revenue-based: median peer Scope 1 tCO2e/$ revenue (5.49255e-06) x this company's revenue ($7,562,470,912) = 41,537 tCO2e. Employee-based: median peer Scope 1 tCO2e/employee (4.331) x this company's employee count (29,400) = 127,331 tCO2e. Final estimate is the average of the available method(s): 84,434 tCO2e.",3089647.1,median_model_revenue+employees,sector:Real Estate,7,"Tier 2 Scope 2 ESTIMATE (LSEG median-model style), NOT a disclosure -- see pipeline/tier2_estimation/estimate_tier2.py. Peer group: sector = 'Real Estate' (7 Tier 1 peers with a real Scope 2 value, floor=5). Revenue-based: median peer Scope 2 tCO2e/$ revenue (7.54576e-06) x this company's revenue ($7,562,470,912) = 57,065 tCO2e. Employee-based: median peer Scope 2 tCO2e/employee (208.239) x this company's employee count (29,400) = 6,122,230 tCO2e. Final estimate is the average of the available method(s): 3,089,647 tCO2e.",True,IRON MOUNTAIN,Corporate Services,5988.46,27000.0,45.0,26.0,-6.9,2.0,-3.2,1.5,-0.8,-0.3,15.8,-0.8,1.1,-3.3,1.6,Scarce human capital 3.20k scarce worker years,Jobs 52.6k direct or indirect jobs,https://uprightplatform.com/company/71cd85f6-eb95-4f64-bd53-13503de00f48/Iron%20Mountain/,False,,,
JBHT,J.B. Hunt,sustainability_report,https://www.jbhunt.com/content/dam/jbhunt/company/esg/docs/2023-Sustainability-Data-Supplement.pdf,1739774.0,23095.0,,,,,,"Manually verified from p.14 data table (2023 column, confirmed by header order 2023/2022/2021); parser missed it because the label carries an attached footnote digit (""Direct (Scope 1)5"") and this report uses current-year-first ordering, opposite of other companies seen -- not safely generalizable without risking wrong-year picks elsewhere, left as manual entry.",False,,,,,,,,,,False,,,,,False,False,False,,,,,,,,,,,True,J. B. HUNT,Transportation,11999.1,33646.0,-37.0,83.0,-22.5,1.5,-11.1,1.3,-5.1,-0.6,17.4,-2.1,0.8,-2.4,0.4,GHG emissions 3.20M tons of GHG emissions,Societal infrastructure 29.3M long-haul train rides,https://uprightplatform.com/company/09493926-ccfe-4187-8966-658e1556e954/J.%20B.%20Hunt/,False,,,
JBL,Jabil,sustainability_report,https://jabil.com/dam/jcr:33d1968c-f744-413b-a5d7-717f3235da03/Jabil_FY25%20Sustainability%20Fact%20Sheet.pdf,,,,,,,False,no_fields_extracted,True,Commitment removed,,,,,Commitment removed,,,2022-10-20 01:00:00,False,,,,,True,True,True,50483.5,median_model_revenue+employees,sector:Information Technology,37,"Tier 2 Scope 1 ESTIMATE (LSEG median-model style), NOT a disclosure -- see pipeline/tier2_estimation/estimate_tier2.py. Peer group: sector = 'Information Technology' (37 Tier 1 peers with a real Scope 1 value, floor=5). Revenue-based: median peer Scope 1 tCO2e/$ revenue (6.23987e-07) x this company's revenue ($33,589,999,616) = 20,960 tCO2e. Employee-based: median peer Scope 1 tCO2e/employee (0.592647) x this company's employee count (135,000) = 80,007 tCO2e. Final estimate is the average of the available method(s): 50,484 tCO2e.",136966.0,median_model_revenue+employees,sector:Information Technology,29,"Tier 2 Scope 2 ESTIMATE (LSEG median-model style), NOT a disclosure -- see pipeline/tier2_estimation/estimate_tier2.py. Peer group: sector = 'Information Technology' (29 Tier 1 peers with a real Scope 2 value, floor=5). Revenue-based: median peer Scope 2 tCO2e/$ revenue (2.34945e-06) x this company's revenue ($33,589,999,616) = 78,918 tCO2e. Employee-based: median peer Scope 2 tCO2e/employee (1.44455) x this company's employee count (135,000) = 195,014 tCO2e. Final estimate is the average of the available method(s): 136,966 tCO2e.",True,JABIL,,28883.0,236000.0,24.0,47.0,-8.2,0.9,-3.9,0.5,-1.1,-0.2,10.4,-0.9,0.7,-2.8,3.8,,,https://uprightplatform.com/company/d9a57b6a-de46-4e58-bb9e-4d241e23a567/Jabil/,False,,,
JKHY,Jack Henry & Associates,none,,,,,,,,,no_public_report_found,False,,,,,,,,,,False,,,,,True,True,True,1821.8,median_model_revenue+employees,sector:Financials,21,"Tier 2 Scope 1 ESTIMATE (LSEG median-model style), NOT a disclosure -- see pipeline/tier2_estimation/estimate_tier2.py. Peer group: sector = 'Financials' (21 Tier 1 peers with a real Scope 1 value, floor=5). Revenue-based: median peer Scope 1 tCO2e/$ revenue (5.36817e-07) x this company's revenue ($2,544,338,944) = 1,366 tCO2e. Employee-based: median peer Scope 1 tCO2e/employee (0.312029) x this company's employee count (7,300) = 2,278 tCO2e. Final estimate is the average of the available method(s): 1,822 tCO2e.",1196.4,median_model_revenue+employees,sector:Financials,17,"Tier 2 Scope 2 ESTIMATE (LSEG median-model style), NOT a disclosure -- see pipeline/tier2_estimation/estimate_tier2.py. Peer group: sector = 'Financials' (17 Tier 1 peers with a real Scope 2 value, floor=5). Revenue-based: median peer Scope 2 tCO2e/$ revenue (1.98278e-07) x this company's revenue ($2,544,338,944) = 504 tCO2e. Employee-based: median peer Scope 2 tCO2e/employee (0.25868) x this company's employee count (7,300) = 1,888 tCO2e. Final estimate is the average of the available method(s): 1,196 tCO2e.",True,JACK HENRY & ASSOCIATES,,2464.53,7120.0,32.0,40.0,-3.2,0.1,-1.7,0.1,-0.3,-0.3,12.8,-0.3,0.7,-6.0,0.9,,,https://uprightplatform.com/company/7e3a668f-0373-4d9b-8b9b-d43417c6bd7d/Jack%20Henry%20%26%20Associates/,False,,,
J,Jacobs Solutions,sustainability_report,https://s205.q4cdn.com/384284279/files/doc_downloads/Annual-ESG-Disclosures/fy23-esg-disclosures-update_final.pdf,,,,,,,False,no_fields_extracted,False,,,,,,,,,,False,,,,,True,True,True,145719.3,median_model_revenue+employees,sector:Industrials,40,"Tier 2 Scope 1 ESTIMATE (LSEG median-model style), NOT a disclosure -- see pipeline/tier2_estimation/estimate_tier2.py. Peer group: sector = 'Industrials' (40 Tier 1 peers with a real Scope 1 value, floor=5). Revenue-based: median peer Scope 1 tCO2e/$ revenue (6.94524e-06) x this company's revenue ($14,219,215,872) = 98,756 tCO2e. Employee-based: median peer Scope 1 tCO2e/employee (4.09963) x this company's employee count (47,000) = 192,683 tCO2e. Final estimate is the average of the available method(s): 145,719 tCO2e.",150192.5,median_model_revenue+employees,sector:Industrials,28,"Tier 2 Scope 2 ESTIMATE (LSEG median-model style), NOT a disclosure -- see pipeline/tier2_estimation/estimate_tier2.py. Peer group: sector = 'Industrials' (28 Tier 1 peers with a real Scope 2 value, floor=5). Revenue-based: median peer Scope 2 tCO2e/$ revenue (9.89188e-06) x this company's revenue ($14,219,215,872) = 140,655 tCO2e. Employee-based: median peer Scope 2 tCO2e/employee (3.39852) x this company's employee count (47,000) = 159,730 tCO2e. Final estimate is the average of the available method(s): 150,193 tCO2e.",False,,,14219.2,47000,-0.5,66.0,-12.4,1.6,-6.45,1.0,-2.0,-0.4,13.8,-1.75,1.6,-2.3,0.7,,,,True,sector:Industrials,78,"PROXY ESTIMATE, not real Upright data -- see pipeline/upright/estimate_upright_gaps.py. Peer group: sector = 'Industrials' (78 real Upright-covered peers, floor=5). Each cents-per-dollar-of-revenue figure is the MEDIAN of that peer group's real Upright values for the same metric -- a crude industry-average proxy, not Upright's own company-specific modeling. Revenue/employee figures are this company's own real data (from yfinance), not estimated."
JNJ,Johnson & Johnson,cdp_pdf,https://healthforhumanityreport.jnj.com/2024/_assets/downloads/jnj-2024-cdp-climate-change.pdf,,,,,,,,not_a_pdf,True,Targets set,1.5°C,2030.0,,,Commitment removed,,"Johnson & Johnson commits to reduce absolute scope 1 and 2 GHG emissions
44% by 2030 from a 2021 base year.* Johnson & Johnson also commits that 80%
of its suppliers by emissions covering purchased goods and services and
upstream transportation and distribution, will have science-based targets by 2028.
* The target boundary includes biogenic land-related emissions and removals from
bioenergy feedstocks.",2024-04-04 01:00:00,False,,,,,True,True,True,480846.5,median_model_revenue+employees,sub_industry:Pharmaceuticals,6,"Tier 2 Scope 1 ESTIMATE (LSEG median-model style), NOT a disclosure -- see pipeline/tier2_estimation/estimate_tier2.py. Peer group: sub_industry = 'Pharmaceuticals' (6 Tier 1 peers with a real Scope 1 value, floor=5). Revenue-based: median peer Scope 1 tCO2e/$ revenue (3.87393e-06) x this company's revenue ($97,929,003,008) = 379,370 tCO2e. Employee-based: median peer Scope 1 tCO2e/employee (4.21363) x this company's employee count (138,200) = 582,323 tCO2e. Final estimate is the average of the available method(s): 480,847 tCO2e.",291918.8,median_model_revenue+employees,sector:Health Care,18,"Tier 2 Scope 2 ESTIMATE (LSEG median-model style), NOT a disclosure -- see pipeline/tier2_estimation/estimate_tier2.py. Peer group: sector = 'Health Care' (18 Tier 1 peers with a real Scope 2 value, floor=5). Revenue-based: median peer Scope 2 tCO2e/$ revenue (3.19915e-06) x this company's revenue ($97,929,003,008) = 313,289 tCO2e. Employee-based: median peer Scope 2 tCO2e/employee (1.95766) x this company's employee count (138,200) = 270,548 tCO2e. Final estimate is the average of the available method(s): 291,919 tCO2e.",True,JOHNSON & JOHNSON,,88821.0,138100.0,45.0,26.0,-7.6,0.2,-3.2,0.1,-1.4,-1.0,8.1,-5.5,24.2,-3.7,0.0,,,https://uprightplatform.com/company/0cc307c7-c0e9-4a62-bf82-80b181ca9c7d/Johnson%20%26%20Johnson/,False,,,
JCI,Johnson Controls,cdp_pdf,https://www.johnsoncontrols.com/-/media/project/jci-global/johnson-controls/us-region/united-states-johnson-controls/corporate-sustainability/reporting-and-policies/2025/johnson-controls-international-plc-2024-cdp-disclosure.pdf,451311.0,212918.0,300725.0,09/30/2017,682761.0,26793000000.0,new,,True,Targets set,1.5°C,2030.0,,,,,Johnson Controls International plc commits to reduce absolute scope 1 and 2 GHG emissions 55% by 2030 from a 2017 base year*. Johnson Controls International plc also commits to reduce absolute scope 3 GHG emissions from the use of sold products 16% by 2030 from a 2017 base year. *The target boundary includes biogenic emissions and removals from bioenergy feedstocks,2021-03-25 01:00:00,False,,,,,False,False,False,,,,,,,,,,,True,JOHNSON CONTROLS,Industrial Manufacturing and Services,22952.0,94000.0,66.0,7.0,-6.4,5.1,-3.4,4.0,-0.9,-0.3,19.9,-0.6,2.5,-2.1,0.1,GHG emissions 1.89M tons of GHG emissions,Societal infrastructure 65.4M long-haul train rides,https://uprightplatform.com/company/7a35a742-38f7-4ff7-9035-b6e7acda009c/Johnson%20Controls/,False,,,
JPM,JPMorgan Chase,sustainability_report,https://www.jpmorganchase.com/content/dam/jpmorganchase/documents/2024-operational-ghg-emissions-and-electric-power-use.pdf,100024.0,773852.0,6806.0,,,,,"Manually verified: Scope1 100,024 + Scope2(market) 6,806 = 106,830, matches document own combined Scope1+2(market) total exactly. Parser missed it due to mixed table layouts (unit-inline vs paired-year-no-unit) in the same doc, not safely generalizable.",False,,,,,,,,,,False,,,,,False,False,False,,,,,,,,,,,True,JPMORGAN CHASE,Banks,,,-5.0,,,,,,,,,,,,,Scarce human capital 268k scarce worker years,Societal infrastructure 253M long-haul train rides,https://uprightplatform.com/company/ff302c8b-a4be-41ac-8380-1f08da896f27/JPMorgan%20Chase/,False,,,
KVUE,Kenvue,cdp_pdf,https://www.kenvue.com/cdp-corporate-questionnaire-2025,73841.0,158307.0,136832.0,12/31/2020,73841.0,15455000000.0,new,,True,Targets set,1.5°C,2030.0,,,Commitment removed,,"Kenvue commits to reduce absolute scope 1 and 2 GHG emissions 42% by 2030 from a 2020 base year.*
Kenvue also commits that 75% of its suppliers by emissions covering purchased goods and services and upstream transportation and distribution, will have science-based targets by 2028.
(*The target boundary includes land-related emissions and removals from bioenergy feedstocks.)",2024-05-02 01:00:00,False,,,,,False,False,False,,,,,,,,,,,True,KENVUE,,15459.0,22000.0,19.0,51.0,-10.5,0.7,-4.7,0.3,-1.8,-0.9,7.6,-5.3,16.2,-3.3,0.0,,,https://uprightplatform.com/company/4996031f-b033-4f49-93a7-51814c7aa8f0/Kenvue/,False,,,
KDP,Keurig Dr Pepper,cdp_pdf,https://www.keurigdrpepper.com/wp-content/uploads/2025/06/2024-cdp-climate-submission-fy-2023-reporting.pdf,286787.0,174778.0,36721.0,,,14814000000.0,new,,True,Targets set,1.5°C,2030.0,,,,,"Energy & Industry:
Keurig Dr Pepper commits to reduce absolute scope 1 and 2 GHG emissions 50.4% by 2030
from a 2018 base year. Keurig Dr Pepper also commits to reduce absolute scope 3 GHG
emissions from purchased goods and services, fuel and energy related activities, upstream
transportation and distribution, and use of sold products 25% by 2030 from a 2022 base year.
FLAG:
Keurig Dr Pepper commits to reduce absolute scope 3 FLAG GHG emissions 30.3% by 2030
from a 2022 base year.* Keurig Dr Pepper also commits to no deforestation across its primary
deforestation-linked commodities, with a target date of December 31, 2025.
*The target includes FLAG emissions and removals.",2025-03-20 01:00:00,False,,,,,False,False,False,,,,,,,,,,,True,KEURIG DR PEPPER,Food and Beverage,15759.0,29400.0,-149.0,99.0,-14.9,0.3,-5.7,0.2,-2.9,-0.2,5.5,-8.7,4.5,-1.9,0.0,Physical diseases 103k life years,Taxes 9.56M days of primary education,https://uprightplatform.com/company/12232400-ec36-4c04-9bfb-c667f1a60047/Keurig%20Dr%20Pepper/,False,,,
KEY,KeyCorp,sustainability_report,https://www.key.com/content/dam/kco/documents/about/esg-reports/2024-keycorp-cr-report-planet.pdf,,,,,,,,"download_error: HTTPSConnectionPool(host='www.key.com', port=443): Read timed out. (read timeout=30)",False,,,,,,,,,,False,,,,,True,True,True,4707.6,median_model_revenue+employees,sector:Financials,21,"Tier 2 Scope 1 ESTIMATE (LSEG median-model style), NOT a disclosure -- see pipeline/tier2_estimation/estimate_tier2.py. Peer group: sector = 'Financials' (21 Tier 1 peers with a real Scope 1 value, floor=5). Revenue-based: median peer Scope 1 tCO2e/$ revenue (5.36817e-07) x this company's revenue ($7,370,999,808) = 3,957 tCO2e. Employee-based: median peer Scope 1 tCO2e/employee (0.312029) x this company's employee count (17,493) = 5,458 tCO2e. Final estimate is the average of the available method(s): 4,708 tCO2e.",2993.3,median_model_revenue+employees,sector:Financials,17,"Tier 2 Scope 2 ESTIMATE (LSEG median-model style), NOT a disclosure -- see pipeline/tier2_estimation/estimate_tier2.py. Peer group: sector = 'Financials' (17 Tier 1 peers with a real Scope 2 value, floor=5). Revenue-based: median peer Scope 2 tCO2e/$ revenue (1.98278e-07) x this company's revenue ($7,370,999,808) = 1,462 tCO2e. Employee-based: median peer Scope 2 tCO2e/employee (0.25868) x this company's employee count (17,493) = 4,525 tCO2e. Final estimate is the average of the available method(s): 2,993 tCO2e.",True,KEYCORP,,5133.0,16989.0,20.0,50.0,-2.2,0.1,-1.2,0.1,-0.3,-0.4,7.8,-0.4,1.0,-5.6,1.8,,,https://uprightplatform.com/company/a57b8824-1f67-4454-8c6d-bfa23c95413b/KeyCorp/,False,,,
KEYS,Keysight Technologies,sustainability_report,https://www.keysight.com/us/en/assets/3126-1338/corporate-reports/2025-Corporate-Social-Responsibility-Data-Report.pdf,,,,,,,False,no_fields_extracted,True,Targets set,1.5°C,FY2030,,,,,"Keysight Technologies commits to reduce absolute scope 1 and 2 GHG emissions
42% by FY2030 from a FY2021 base year. Keysight Technologies also commits
that 73% of its customers by emissions covering use of sold products, will have
science-based targets by FY2028.",2023-11-09 01:00:00,False,,,,,True,True,True,6972.5,median_model_revenue+employees,sector:Information Technology,37,"Tier 2 Scope 1 ESTIMATE (LSEG median-model style), NOT a disclosure -- see pipeline/tier2_estimation/estimate_tier2.py. Peer group: sector = 'Information Technology' (37 Tier 1 peers with a real Scope 1 value, floor=5). Revenue-based: median peer Scope 1 tCO2e/$ revenue (6.23987e-07) x this company's revenue ($6,582,000,128) = 4,107 tCO2e. Employee-based: median peer Scope 1 tCO2e/employee (0.592647) x this company's employee count (16,600) = 9,838 tCO2e. Final estimate is the average of the available method(s): 6,973 tCO2e.",19721.8,median_model_revenue+employees,sector:Information Technology,29,"Tier 2 Scope 2 ESTIMATE (LSEG median-model style), NOT a disclosure -- see pipeline/tier2_estimation/estimate_tier2.py. Peer group: sector = 'Information Technology' (29 Tier 1 peers with a real Scope 2 value, floor=5). Revenue-based: median peer Scope 2 tCO2e/$ revenue (2.34945e-06) x this company's revenue ($6,582,000,128) = 15,464 tCO2e. Employee-based: median peer Scope 2 tCO2e/employee (1.44455) x this company's employee count (16,600) = 23,979 tCO2e. Final estimate is the average of the available method(s): 19,722 tCO2e.",True,KEYSIGHT TECHNOLOGIES,Industrial Manufacturing and Services,4979.0,15500.0,31.0,40.0,-5.6,0.8,-2.6,0.5,-0.6,-1.1,11.9,-2.5,1.4,-5.0,6.6,Scarce human capital 4.12k scarce worker years,Taxes 5.24M days of primary education,https://uprightplatform.com/company/ffe88211-1845-432a-9c5b-9b886f888aa4/Keysight%20Technologies/,False,,,
KMB,Kimberly-Clark,epa_ghgrp,,1030421.0,,,,,,,"EPA GHGRP 2023 Direct Emitters, parent 'KIMBERLY-CLARK CORP' (8 facilities). CDP search inconclusive; used EPA. Scope 1 only.",True,Targets set,Well-below 2°C,2030.0,,,,,Kimberly-Clark Corporation commits to reduce absolute scope 1 and 2 GHG emissions 50% by 2030 from a 2015 base year. Kimberly-Clark Corporation also commits to reduce absolute scope 3 GHG emissions from purchased goods and services and end of life treatment of sold products 20% by 2030 from a 2015 base year. *The target boundary includes biogenic emissions and removals from bioenergy feedstocks.,2020-06-25 01:00:00,True,3,electricity-generation,USA,100.0,True,False,True,,,,,,67253.6,median_model_revenue+employees,sector:Consumer Staples,16,"Tier 2 Scope 2 ESTIMATE (LSEG median-model style), NOT a disclosure -- see pipeline/tier2_estimation/estimate_tier2.py. Peer group: sector = 'Consumer Staples' (16 Tier 1 peers with a real Scope 2 value, floor=5). Revenue-based: median peer Scope 2 tCO2e/$ revenue (2.81277e-06) x this company's revenue ($16,581,999,616) = 46,641 tCO2e. Employee-based: median peer Scope 2 tCO2e/employee (2.44072) x this company's employee count (36,000) = 87,866 tCO2e. Final estimate is the average of the available method(s): 67,254 tCO2e.",True,KIMBERLY-CLARK,,20058.0,38000.0,-29.0,80.0,-16.6,2.6,-7.9,1.5,-1.9,-1.4,7.7,-2.1,6.7,-1.8,0.0,,,https://uprightplatform.com/company/5759edd8-6ac5-4f3c-b634-829b37d527c2/Kimberly-Clark/,False,,,
KIM,Kimco Realty,sustainability_report,https://s1.q4cdn.com/944058265/files/doc_news/2024/Jun/06-27-24-kim-2023-cr-report.pdf,,,,,,,False,no_fields_extracted,True,Targets set,Well-below 2°C,2030.0,,,,,"This target was approved using a streamlined target validation route exclusive to small and medium-sized enterprises (SMEs). https://sciencebasedtargets.org/faqs-for-smes/
Kimco Realty Corporation commits to reduce absolute scope 1 and scope 2 GHG emissions 30% by 2030 from a 2018 base year, and to measure and reduce its scope 3 emissions.",2021-02-25 01:00:00,False,,,,,True,True,True,7544.0,median_model_revenue+employees,sector:Real Estate,8,"Tier 2 Scope 1 ESTIMATE (LSEG median-model style), NOT a disclosure -- see pipeline/tier2_estimation/estimate_tier2.py. Peer group: sector = 'Real Estate' (8 Tier 1 peers with a real Scope 1 value, floor=5). Revenue-based: median peer Scope 1 tCO2e/$ revenue (5.49255e-06) x this company's revenue ($2,187,133,952) = 12,013 tCO2e. Employee-based: median peer Scope 1 tCO2e/employee (4.331) x this company's employee count (710) = 3,075 tCO2e. Final estimate is the average of the available method(s): 7,544 tCO2e.",82176.7,median_model_revenue+employees,sector:Real Estate,7,"Tier 2 Scope 2 ESTIMATE (LSEG median-model style), NOT a disclosure -- see pipeline/tier2_estimation/estimate_tier2.py. Peer group: sector = 'Real Estate' (7 Tier 1 peers with a real Scope 2 value, floor=5). Revenue-based: median peer Scope 2 tCO2e/$ revenue (7.54576e-06) x this company's revenue ($2,187,133,952) = 16,504 tCO2e. Employee-based: median peer Scope 2 tCO2e/employee (208.239) x this company's employee count (710) = 147,850 tCO2e. Final estimate is the average of the available method(s): 82,177 tCO2e.",True,KIMCO REALTY,Real Estate,2123.06,717.0,0.0,66.0,-7.4,0.4,-3.5,0.3,-1.2,-0.2,10.0,-0.5,0.9,-3.4,0.1,GHG emissions 176k tons of GHG emissions,Taxes 1.59M days of primary education,https://uprightplatform.com/company/59b8c35c-e971-453b-997d-546d364c8af9/Kimco%20Realty/,False,,,
KMI,Kinder Morgan,cdp_pdf,https://www.kindermorgan.com/WWWKM/media/Safety-Environmental/documents/2025-CDP-Climate-Response.pdf,15400000.0,3000000.0,3200000.0,,,15100000000.0,new,,False,,,,,,,,,,False,,,,,False,False,False,,,,,,,,,,,True,KINDER MORGAN,Energy and Environmental,16937.0,11028.0,-73.0,91.0,-31.6,1.1,-17.8,0.8,-5.5,-1.0,20.5,-3.7,0.7,-2.4,0.0,GHG emissions 7.25M tons of GHG emissions,Societal infrastructure 71.8M long-haul train rides,https://uprightplatform.com/company/ccdf9f73-7d70-4385-8553-9a5d4b8df641/Kinder%20Morgan/,False,,,
KKR,KKR & Co.,sustainability_report,https://www.kkr.com/content/dam/kkr/sustainability/pdf/2025-corporate-sustainability-disclosures.pdf,,,,,,,False,no_fields_extracted,False,,,,,,,,,,True,34,electricity-generation,BGR;BRA;CAN;COL;ESP;GBR;GLP;IND;MEX;MTQ;MUS;REU;SEN;SRB;TGO;TTO;USA,33.2,True,True,True,7720.6,median_model_revenue+employees,sector:Financials,21,"Tier 2 Scope 1 ESTIMATE (LSEG median-model style), NOT a disclosure -- see pipeline/tier2_estimation/estimate_tier2.py. Peer group: sector = 'Financials' (21 Tier 1 peers with a real Scope 1 value, floor=5). Revenue-based: median peer Scope 1 tCO2e/$ revenue (5.36817e-07) x this company's revenue ($25,833,117,696) = 13,868 tCO2e. Employee-based: median peer Scope 1 tCO2e/employee (0.312029) x this company's employee count (5,043) = 1,574 tCO2e. Final estimate is the average of the available method(s): 7,721 tCO2e.",3213.3,median_model_revenue+employees,sector:Financials,17,"Tier 2 Scope 2 ESTIMATE (LSEG median-model style), NOT a disclosure -- see pipeline/tier2_estimation/estimate_tier2.py. Peer group: sector = 'Financials' (17 Tier 1 peers with a real Scope 2 value, floor=5). Revenue-based: median peer Scope 2 tCO2e/$ revenue (1.98278e-07) x this company's revenue ($25,833,117,696) = 5,122 tCO2e. Employee-based: median peer Scope 2 tCO2e/employee (0.25868) x this company's employee count (5,043) = 1,305 tCO2e. Final estimate is the average of the available method(s): 3,213 tCO2e.",False,,,25833.1,5043,5.0,63.0,-2.3,0.2,-1.2,0.2,-0.3,-0.4,6.8,-0.4,1.0,-6.3,1.6,,,,True,sub_industry:Asset Management & Custody Banks,11,"PROXY ESTIMATE, not real Upright data -- see pipeline/upright/estimate_upright_gaps.py. Peer group: sub_industry = 'Asset Management & Custody Banks' (11 real Upright-covered peers, floor=5). Each cents-per-dollar-of-revenue figure is the MEDIAN of that peer group's real Upright values for the same metric -- a crude industry-average proxy, not Upright's own company-specific modeling. Revenue/employee figures are this company's own real data (from yfinance), not estimated."
KLAC,KLA Corporation,cdp_pdf,https://www.kla.com/wp-content/uploads/KLA-2025-CDP-Report.pdf,4698.0,69057.0,43623.0,12/31/2021,4698.0,10846957000.0,new,,True,Targets set,1.5°C,2030.0,,,,,"KLA Corporation commits to reduce absolute scope 1 and 2 GHG emissions 50% by 2030 from a 2021 base year. KLA Corporation also commits to reduce scope 3 GHG emissions from use of sold products 52% per billion transistors inspected, measured, or processed within the same timeframe.",2024-08-15 01:00:00,False,,,,,False,False,False,,,,,,,,,,,True,KLA,Computer Hardware,10499.19,15000.0,31.0,41.0,-6.3,0.3,-2.5,0.2,-0.8,-0.1,9.3,-0.6,0.6,-3.2,4.5,Scarce human capital 5.48k scarce worker years,Taxes 9.19M days of primary education,https://uprightplatform.com/company/fb1b6822-f2dc-4356-af3d-7e1df1775b1c/KLA/,False,,,
KHC,Kraft Heinz,sustainability_report,https://www.kraftheinzcompany.com/sustainability/pdf/KraftHeinz-2024-ESG-Report.pdf,,,,,,,False,no_fields_extracted,True,Targets set,1.5°C,2030.0,Targets set,2050.0,Targets set,2050.0,"Overall net-zero target:
The Kraft Heinz Company commits to reach net-zero greenhouse gas emissions across the value chain by 2050.
Near-term targets:
Energy & Industry: The Kraft Heinz Company commits to reduce absolute scope 1 and 2 emissions 50% by 2030 from a 2021 base year.* The Kraft Heinz Company also commits to reduce absolute scope 3 GHG emissions 50% within the same timeframe.
*The target boundary includes land-related emissions and removals from bioenergy feedstocks.
FLAG: The Kraft Heinz Company commits to reduce absolute scope 3 FLAG GHG emissions 30.3% by 2030 from a 2021 base year.* The Kraft Heinz Company also commits to no deforestation across its primary deforestation-linked commodities, with a target date of December 31, 2025.
*The target includes FLAG emissions and removals.
Long-term targets:
Energy & Industry: The Kraft Heinz Company commits to reduce absolute scope 1, 2 and 3 GHG emissions 90% by 2050 from a 2021 base year.*
*The target boundary includes land-related emissions and removals from bioenergy feedstocks.
FLAG: The Kraft Heinz Company commits to reduce absolute scope 3 FLAG GHG emissions 72% by 2050 from a 2021 base year.*
*The target includes FLAG emissions and removals.",2025-05-15 01:00:00,False,,,,,True,True,True,371166.8,median_model_revenue+employees,sub_industry:Packaged Foods & Meats,5,"Tier 2 Scope 1 ESTIMATE (LSEG median-model style), NOT a disclosure -- see pipeline/tier2_estimation/estimate_tier2.py. Peer group: sub_industry = 'Packaged Foods & Meats' (5 Tier 1 peers with a real Scope 1 value, floor=5). Revenue-based: median peer Scope 1 tCO2e/$ revenue (1.80644e-05) x this company's revenue ($24,899,999,744) = 449,804 tCO2e. Employee-based: median peer Scope 1 tCO2e/employee (8.35799) x this company's employee count (35,000) = 292,530 tCO2e. Final estimate is the average of the available method(s): 371,167 tCO2e.",77731.6,median_model_revenue+employees,sector:Consumer Staples,16,"Tier 2 Scope 2 ESTIMATE (LSEG median-model style), NOT a disclosure -- see pipeline/tier2_estimation/estimate_tier2.py. Peer group: sector = 'Consumer Staples' (16 Tier 1 peers with a real Scope 2 value, floor=5). Revenue-based: median peer Scope 2 tCO2e/$ revenue (2.81277e-06) x this company's revenue ($24,899,999,744) = 70,038 tCO2e. Employee-based: median peer Scope 2 tCO2e/employee (2.44072) x this company's employee count (35,000) = 85,425 tCO2e. Final estimate is the average of the available method(s): 77,732 tCO2e.",True,KRAFT HEINZ,Food and Beverage,26640.0,3600.0,-49.0,87.0,-15.6,0.7,-5.6,0.6,-2.7,-0.3,7.0,-7.7,9.2,-1.4,0.0,Physical diseases 163k life years,Nutrition 6.80bn bananas,https://uprightplatform.com/company/27573c84-743d-43f7-9299-d95ee7f097d7/Kraft%20Heinz/,False,,,
KR,Kroger,sustainability_report,https://www.thekrogerco.com/wp-content/uploads/2025/10/Kroger-Co-2025-Summary-Performance-Tables.pdf,,,,,,,False,no_fields_extracted,True,Commitment removed,,,,,,,,2022-06-30 01:00:00,False,,,,,True,True,True,2308158.8,median_model_revenue+employees,sector:Consumer Staples,24,"Tier 2 Scope 1 ESTIMATE (LSEG median-model style), NOT a disclosure -- see pipeline/tier2_estimation/estimate_tier2.py. Peer group: sector = 'Consumer Staples' (24 Tier 1 peers with a real Scope 1 value, floor=5). Revenue-based: median peer Scope 1 tCO2e/$ revenue (1.05335e-05) x this company's revenue ($149,326,004,224) = 1,572,926 tCO2e. Employee-based: median peer Scope 1 tCO2e/employee (7.60848) x this company's employee count (400,000) = 3,043,391 tCO2e. Final estimate is the average of the available method(s): 2,308,159 tCO2e.",698153.9,median_model_revenue+employees,sector:Consumer Staples,16,"Tier 2 Scope 2 ESTIMATE (LSEG median-model style), NOT a disclosure -- see pipeline/tier2_estimation/estimate_tier2.py. Peer group: sector = 'Consumer Staples' (16 Tier 1 peers with a real Scope 2 value, floor=5). Revenue-based: median peer Scope 2 tCO2e/$ revenue (2.81277e-06) x this company's revenue ($149,326,004,224) = 420,019 tCO2e. Employee-based: median peer Scope 2 tCO2e/employee (2.44072) x this company's employee count (400,000) = 976,288 tCO2e. Final estimate is the average of the available method(s): 698,154 tCO2e.",True,KROGER,Retail,147225.0,409000.0,-24.0,79.0,-14.9,0.9,-7.0,0.6,-2.2,-0.6,14.4,-6.9,5.3,-4.0,0.7,GHG emissions 24.8M tons of GHG emissions,Taxes 150M days of primary education,https://uprightplatform.com/company/78452f07-a1e1-470d-a1db-b4b60ea2d3c8/Kroger/,False,,,
LMT,Lockheed Martin,epa_ghgrp,,95794.13399999999,,,,,,,"EPA GHGRP 2023 Direct Emitters, matched via parent company 'LOCKHEED MARTIN CORP' (2 facilities). Scope 1 (direct/on-site) only -- GHGRP does not cover Scope 2.",False,,,,,,,,,,False,,,,,True,False,True,,,,,,589915.3,median_model_revenue+employees,sector:Industrials,28,"Tier 2 Scope 2 ESTIMATE (LSEG median-model style), NOT a disclosure -- see pipeline/tier2_estimation/estimate_tier2.py. Peer group: sector = 'Industrials' (28 Tier 1 peers with a real Scope 2 value, floor=5). Revenue-based: median peer Scope 2 tCO2e/$ revenue (9.89188e-06) x this company's revenue ($77,013,999,616) = 761,813 tCO2e. Employee-based: median peer Scope 2 tCO2e/employee (3.39852) x this company's employee count (123,000) = 418,018 tCO2e. Final estimate is the average of the available method(s): 589,915 tCO2e.",True,LOCKHEED MARTIN,,71043.0,121000.0,-102.0,96.0,-14.0,0.4,-6.5,0.3,-2.2,-12.7,17.3,-13.2,1.7,-3.3,2.0,,,https://uprightplatform.com/company/a4f64e04-c99d-4598-bd4a-4d56851293eb/Lockheed%20Martin/,False,,,
L,Loews Corporation,epa_ghgrp,,1937140.4660000002,,,,,,,"EPA GHGRP 2023 Direct Emitters, matched via parent company 'LOEWS CORP' (41 facilities). Scope 1 (direct/on-site) only -- GHGRP does not cover Scope 2.",False,,,,,,,,,,False,,,,,True,False,True,,,,,,3547.7,median_model_revenue+employees,sector:Financials,17,"Tier 2 Scope 2 ESTIMATE (LSEG median-model style), NOT a disclosure -- see pipeline/tier2_estimation/estimate_tier2.py. Peer group: sector = 'Financials' (17 Tier 1 peers with a real Scope 2 value, floor=5). Revenue-based: median peer Scope 2 tCO2e/$ revenue (1.98278e-07) x this company's revenue ($18,694,000,640) = 3,707 tCO2e. Employee-based: median peer Scope 2 tCO2e/employee (0.25868) x this company's employee count (13,100) = 3,389 tCO2e. Final estimate is the average of the available method(s): 3,548 tCO2e.",True,LOEWS,,17510.0,13000.0,-13.0,74.0,-7.4,0.2,-4.0,0.1,-1.1,-1.0,10.6,-0.7,1.2,-4.5,0.1,,,https://uprightplatform.com/company/8f3eb6c4-a83c-4166-b8a8-04aad0aa45f2/Loews/,False,,,
MPC,Marathon Petroleum,epa_ghgrp,,28964593.374,,,,,,,"EPA GHGRP 2023 Direct Emitters, matched via parent company 'MARATHON PETROLEUM CORP' (26 facilities). Scope 1 (direct/on-site) only -- GHGRP does not cover Scope 2.",False,,,,,,,,,,True,4,electricity-generation,USA,87.5,True,False,True,,,,,,2617734.9,median_model_revenue+employees,sector:Energy,6,"Tier 2 Scope 2 ESTIMATE (LSEG median-model style), NOT a disclosure -- see pipeline/tier2_estimation/estimate_tier2.py. Peer group: sector = 'Energy' (6 Tier 1 peers with a real Scope 2 value, floor=5). Revenue-based: median peer Scope 2 tCO2e/$ revenue (1.7615e-05) x this company's revenue ($154,145,996,800) = 2,715,283 tCO2e. Employee-based: median peer Scope 2 tCO2e/employee (136.226) x this company's employee count (18,500) = 2,520,187 tCO2e. Final estimate is the average of the available method(s): 2,617,735 tCO2e.",True,MARATHON PETROLEUM,Energy and Environmental,140412.0,18300.0,-104.0,96.0,-31.4,1.5,-17.0,1.1,-6.0,-1.3,18.0,-6.4,0.7,-2.2,0.1,GHG emissions 57.4M tons of GHG emissions,Societal infrastructure 494M long-haul train rides,https://uprightplatform.com/company/12adabe6-714a-4572-9ea5-02b1e8870d6e/Marathon%20Petroleum/,False,,,
MLM,Martin Marietta Materials,epa_ghgrp,,3999044.162,,,,,,,"EPA GHGRP 2023 Direct Emitters, matched via parent company 'MARTIN MARIETTA MATERIALS INC' (4 facilities). Scope 1 (direct/on-site) only -- GHGRP does not cover Scope 2.",True,Targets set,1.5°C,2035.0,,,,,"Near-Term Targets:
Martin Marietta Materials, Inc. commits to reduce absolute scope 1 and 2 GHG emissions 63.0% by 2035 from a 2023 base year.* Martin Marietta Materials, Inc. also commits to reduce absolute scope 3 GHG emissions from purchased goods and services, fuel- and energy-related activities and upstream transportation and distribution 37.5% within the same timeframe.

*The target boundary includes land-related emissions and removals from biogenic feedstocks.",2026-03-12 01:00:00,False,,,,,True,False,True,,,,,,773718.1,median_model_revenue+employees,sector:Materials,9,"Tier 2 Scope 2 ESTIMATE (LSEG median-model style), NOT a disclosure -- see pipeline/tier2_estimation/estimate_tier2.py. Peer group: sector = 'Materials' (9 Tier 1 peers with a real Scope 2 value, floor=5). Revenue-based: median peer Scope 2 tCO2e/$ revenue (0.000101463) x this company's revenue ($6,688,000,000) = 678,586 tCO2e. Employee-based: median peer Scope 2 tCO2e/employee (90.5052) x this company's employee count (9,600) = 868,850 tCO2e. Final estimate is the average of the available method(s): 773,718 tCO2e.",True,MARTIN MARIETTA MATERIALS,,6684.0,9600.0,-64.0,90.0,-22.2,1.6,-11.2,1.0,-3.3,-0.9,13.7,-2.4,1.1,-1.5,0.1,,,https://uprightplatform.com/company/2be6bade-4483-4823-ac33-8102fefa0034/Martin%20Marietta%20Materials/,False,,,
LHX,L3Harris,cdp_pdf,https://www.l3harris.com/sites/default/files/2025-04/2024-CDP-Corporate-Questionnaire_0.pdf,49788.0,180668.0,93061.0,12/31/2019,109574.0,19400000.0,new,,False,,,,,,,,,,False,,,,,False,False,False,,,,,,,,,,,True,L3HARRIS TECHNOLOGIES,,19400.0,50000.0,-35.0,83.0,-10.0,0.4,-5.0,0.2,-1.4,-7.1,16.7,-8.4,1.8,-3.6,2.8,,,https://uprightplatform.com/company/ffbe04ed-1d4e-4a05-b80a-b159c839151e/L3Harris%20Technologies/,False,,,
LH,Labcorp,sustainability_report,https://www.labcorp.com/content/dam/labcorp/files/about/2001700-0326-1_BRO_Corporate%20responsibility%20report%202025_FINAL.pdf,,,,,,,False,no_fields_extracted,True,Targets set,1.5°C,2030.0,,,,,"Labcorp commits to reduce absolute scope 1 and 2 GHG emissions 42% by 2030 from a 2020 base year. Labcorp also commits to reduce absolute scope 3 GHG emissions from purchased goods and services, upstream transportation and distribution and downstream transportation and distribution 25% within the same timeframe.",2023-08-24 01:00:00,False,,,,,True,True,True,92256.9,median_model_revenue+employees,sector:Health Care,25,"Tier 2 Scope 1 ESTIMATE (LSEG median-model style), NOT a disclosure -- see pipeline/tier2_estimation/estimate_tier2.py. Peer group: sector = 'Health Care' (25 Tier 1 peers with a real Scope 1 value, floor=5). Revenue-based: median peer Scope 1 tCO2e/$ revenue (3.54491e-06) x this company's revenue ($14,348,000,256) = 50,862 tCO2e. Employee-based: median peer Scope 1 tCO2e/employee (1.88241) x this company's employee count (71,000) = 133,651 tCO2e. Final estimate is the average of the available method(s): 92,257 tCO2e.",92447.5,median_model_revenue+employees,sector:Health Care,18,"Tier 2 Scope 2 ESTIMATE (LSEG median-model style), NOT a disclosure -- see pipeline/tier2_estimation/estimate_tier2.py. Peer group: sector = 'Health Care' (18 Tier 1 peers with a real Scope 2 value, floor=5). Revenue-based: median peer Scope 2 tCO2e/$ revenue (3.19915e-06) x this company's revenue ($14,348,000,256) = 45,901 tCO2e. Employee-based: median peer Scope 2 tCO2e/employee (1.95766) x this company's employee count (71,000) = 138,994 tCO2e. Final estimate is the average of the available method(s): 92,448 tCO2e.",True,LABCORP,Hospitals and Healthcare,13765.3,70000.0,63.0,10.0,-5.3,0.1,-1.9,0.0,-0.8,-1.2,14.0,-1.1,12.5,-4.2,5.2,Scarce human capital 9.46k scarce worker years,Physical diseases 124k life years,https://uprightplatform.com/company/90d88dfa-bdb5-4290-8365-e3cf59f99459/LabCorp/,False,,,
LRCX,Lam Research,sustainability_report,https://www.lamresearch.com/wp-content/uploads/2025/07/Lam-Research-2024-Impact-Frameworks.pdf,91681.0,128580.0,50832.0,,,,new,,True,Targets set,1.5°C,2034.0,,,,,Near-Term Targets: Lam Research Corporation commits to reduce absolute scope 1 and 2 GHG emissions 46.2% by 2030 from a 2019 base year. Lam Research Corporation also commits to reduce scope 3 GHG emissions from use of sold products 63.8% per USD value added by 2034 from a 2022 base year.,2025-06-05 01:00:00,False,,,,,False,False,False,,,,,,,,,,,True,LAM RESEARCH,Computer Hardware,17400.0,19000.0,13.0,56.0,-6.2,0.3,-2.6,0.3,-1.2,-0.1,8.0,-0.5,0.4,-2.3,1.8,GHG emissions 1.07M tons of GHG emissions,Taxes 12.2M days of primary education,https://uprightplatform.com/company/4db669f1-6ccd-446b-bcc2-8249df8ac08d/Lam%20Research/,False,,,
LVS,Las Vegas Sands,sustainability_report,https://www.sands.com/content/uploads/2026/04/Sands-2025-ESG-Report.pdf,,,,,,,new,no_fields_extracted,True,Targets set,1.5°C,2030.0,,,,,"Near-Term Targets: Las Vegas Sands Corp commits to reduce absolute scope 1 and 2 GHG emissions 60.2% by 2030 from a 2018 base year. Las Vegas Sands Corp also commits that 72.85% of its suppliers by emissions, covering purchased goods and services and capital goods, will have science-based targets by 2030.",2025-07-24 01:00:00,False,,,,,True,True,True,51308.0,median_model_revenue+employees,sector:Consumer Discretionary,21,"Tier 2 Scope 1 ESTIMATE (LSEG median-model style), NOT a disclosure -- see pipeline/tier2_estimation/estimate_tier2.py. Peer group: sector = 'Consumer Discretionary' (21 Tier 1 peers with a real Scope 1 value, floor=5). Revenue-based: median peer Scope 1 tCO2e/$ revenue (3.71647e-06) x this company's revenue ($13,719,000,064) = 50,986 tCO2e. Employee-based: median peer Scope 1 tCO2e/employee (1.25926) x this company's employee count (41,000) = 51,630 tCO2e. Final estimate is the average of the available method(s): 51,308 tCO2e.",82310.6,median_model_revenue+employees,sector:Consumer Discretionary,18,"Tier 2 Scope 2 ESTIMATE (LSEG median-model style), NOT a disclosure -- see pipeline/tier2_estimation/estimate_tier2.py. Peer group: sector = 'Consumer Discretionary' (18 Tier 1 peers with a real Scope 2 value, floor=5). Revenue-based: median peer Scope 2 tCO2e/$ revenue (6.64506e-06) x this company's revenue ($13,719,000,064) = 91,164 tCO2e. Employee-based: median peer Scope 2 tCO2e/employee (1.79165) x this company's employee count (41,000) = 73,458 tCO2e. Final estimate is the average of the available method(s): 82,311 tCO2e.",True,LAS VEGAS SANDS,"Leisure, Sports and Recreation",13017.0,39900.0,-139.0,98.0,-12.9,0.1,-5.1,0.1,-1.9,-3.4,11.2,-23.0,5.9,-2.3,0.2,Physical diseases 86.9k life years,Taxes 14.1M days of primary education,https://uprightplatform.com/company/4d029716-dd40-4dbc-bb71-ce2c86acb763/Las%20Vegas%20Sands/,False,,,
LDOS,Leidos,cdp_pdf,https://www.leidos.com/sites/leidos/files/2022-12/Leidos-CDP-Climate-Change-Questionnaire.pdf,37243.0,86657.0,83937.0,,,,old,,False,,,,,,,,,,False,,,,,False,False,False,,,,,,,,,,,True,LEIDOS,,15438.0,47000.0,2.0,65.0,-7.9,0.4,-3.9,0.3,-1.2,-3.9,14.6,-4.5,3.3,-4.5,3.1,,,https://uprightplatform.com/company/bdcec06d-aa17-4db7-ae61-3f73ad3f6126/Leidos/,False,,,
LEN,Lennar,none,,,,,,,,,no_public_report_found,False,,,,,,,,,,False,,,,,True,True,True,68724.0,median_model_revenue+employees,sector:Consumer Discretionary,21,"Tier 2 Scope 1 ESTIMATE (LSEG median-model style), NOT a disclosure -- see pipeline/tier2_estimation/estimate_tier2.py. Peer group: sector = 'Consumer Discretionary' (21 Tier 1 peers with a real Scope 1 value, floor=5). Revenue-based: median peer Scope 1 tCO2e/$ revenue (3.71647e-06) x this company's revenue ($32,737,234,944) = 121,667 tCO2e. Employee-based: median peer Scope 1 tCO2e/employee (1.25926) x this company's employee count (12,532) = 15,781 tCO2e. Final estimate is the average of the available method(s): 68,724 tCO2e.",119997.0,median_model_revenue+employees,sector:Consumer Discretionary,18,"Tier 2 Scope 2 ESTIMATE (LSEG median-model style), NOT a disclosure -- see pipeline/tier2_estimation/estimate_tier2.py. Peer group: sector = 'Consumer Discretionary' (18 Tier 1 peers with a real Scope 2 value, floor=5). Revenue-based: median peer Scope 2 tCO2e/$ revenue (6.64506e-06) x this company's revenue ($32,737,234,944) = 217,541 tCO2e. Employee-based: median peer Scope 2 tCO2e/employee (1.79165) x this company's employee count (12,532) = 22,453 tCO2e. Final estimate is the average of the available method(s): 119,997 tCO2e.",True,LENNAR,,35442.0,13265.0,16.0,53.0,-13.1,0.5,-7.9,0.3,-1.3,-0.7,19.2,-1.1,1.7,-3.2,0.0,,,https://uprightplatform.com/company/84fffc07-c43d-426f-8560-00482ed457ed/Lennar/,False,,,
LII,Lennox International,sustainability_report,https://www.lennox.com/dA/eeb983e368/fileAsset/2023%20Lennox%20Sustainability%20Report.pdf,,,,,,,False,no_fields_extracted,True,Targets set,Well-below 2°C,2034.0,,,,,Lennox International Inc. commits to reduce absolute scope 1 and 2 GHG emissions 37.5% by 2034 from a 2019 base year. Lennox International Inc. also commits to reduce scope 3 GHG emissions 30% per product sold by 2034 from a 2019 base year,2022-01-06 01:00:00,False,,,,,True,True,True,29481.5,median_model_revenue+employees,sector:Industrials,40,"Tier 2 Scope 1 ESTIMATE (LSEG median-model style), NOT a disclosure -- see pipeline/tier2_estimation/estimate_tier2.py. Peer group: sector = 'Industrials' (40 Tier 1 peers with a real Scope 1 value, floor=5). Revenue-based: median peer Scope 1 tCO2e/$ revenue (6.94524e-06) x this company's revenue ($5,302,199,808) = 36,825 tCO2e. Employee-based: median peer Scope 1 tCO2e/employee (4.09963) x this company's employee count (5,400) = 22,138 tCO2e. Final estimate is the average of the available method(s): 29,482 tCO2e.",35400.3,median_model_revenue+employees,sector:Industrials,28,"Tier 2 Scope 2 ESTIMATE (LSEG median-model style), NOT a disclosure -- see pipeline/tier2_estimation/estimate_tier2.py. Peer group: sector = 'Industrials' (28 Tier 1 peers with a real Scope 2 value, floor=5). Revenue-based: median peer Scope 2 tCO2e/$ revenue (9.89188e-06) x this company's revenue ($5,302,199,808) = 52,449 tCO2e. Employee-based: median peer Scope 2 tCO2e/employee (3.39852) x this company's employee count (5,400) = 18,352 tCO2e. Final estimate is the average of the available method(s): 35,400 tCO2e.",True,LENNOX,,5195.3,14200.0,11.0,58.0,-14.1,1.9,-7.6,1.3,-2.5,-0.2,17.7,-2.1,0.7,-2.0,0.3,,,https://uprightplatform.com/company/bd8cea0e-76b8-480c-933e-4200a0f9b3ff/Lennox/,False,,,
LLY,Lilly (Eli),cdp_pdf,https://assets.ctfassets.net/1o78rkhl3da6/73jxNnAGnflGGc1Uw0Nnk5/a4b09421604d9296b0cc8d83c1f452b9/Lilly_CDP_Climate_Change_Questionnaire_2023.pdf,171000.0,415000.0,374000.0,,,,old,,False,,,,,,,,,,False,,,,,False,False,False,,,,,,,,,,,True,ELI LILLY,Pharmaceuticals and Biotechnology,45043.0,47000.0,45.0,26.0,-8.8,0.2,-3.7,0.1,-1.8,-1.3,6.8,-5.0,27.9,-4.0,0.0,Physical diseases 177k life years,Physical diseases 904k life years,https://uprightplatform.com/company/926e79ad-81e3-453c-821b-072045d235f1/Eli%20Lilly/,False,,,
LYV,Live Nation Entertainment,none,,,,,,,,,no_public_report_found,False,,,,,,,,,,False,,,,,True,True,True,18494.8,median_model_revenue+employees,sector:Communication Services,6,"Tier 2 Scope 1 ESTIMATE (LSEG median-model style), NOT a disclosure -- see pipeline/tier2_estimation/estimate_tier2.py. Peer group: sector = 'Communication Services' (6 Tier 1 peers with a real Scope 1 value, floor=5). Revenue-based: median peer Scope 1 tCO2e/$ revenue (6.73153e-07) x this company's revenue ($26,272,534,528) = 17,685 tCO2e. Employee-based: median peer Scope 1 tCO2e/employee (1.09064) x this company's employee count (17,700) = 19,304 tCO2e. Final estimate is the average of the available method(s): 18,495 tCO2e.",102305.6,median_model_revenue+employees,sector:Communication Services,6,"Tier 2 Scope 2 ESTIMATE (LSEG median-model style), NOT a disclosure -- see pipeline/tier2_estimation/estimate_tier2.py. Peer group: sector = 'Communication Services' (6 Tier 1 peers with a real Scope 2 value, floor=5). Revenue-based: median peer Scope 2 tCO2e/$ revenue (5.2889e-06) x this company's revenue ($26,272,534,528) = 138,953 tCO2e. Employee-based: median peer Scope 2 tCO2e/employee (3.70951) x this company's employee count (17,700) = 65,658 tCO2e. Final estimate is the average of the available method(s): 102,306 tCO2e.",True,LIVE NATION ENTERTAINMENT,,23156.0,16200.0,55.0,17.0,-4.4,0.2,-1.7,0.1,-0.3,-0.3,13.3,-1.7,8.8,-3.8,0.4,,,https://uprightplatform.com/company/a1c65c7d-22da-4fd8-8afe-265f739e4db5/Live%20Nation%20Entertainment/,False,,,
LOW,Lowe's,cdp_pdf,https://corporate.lowes.com/sites/lowes-corp/files/2025-05/Lowe's%202024%20CDP%20Submission.pdf,413268.0,867575.0,784972.0,,,86377000000.0,new,,False,,,,,,,,,,False,,,,,False,False,False,,,,,,,,,,,True,LOWE'S,Retail,83674.0,161000.0,-44.0,86.0,-15.7,1.1,-8.2,0.8,-2.2,-0.3,12.9,-2.4,1.0,-3.5,0.1,GHG emissions 16.4M tons of GHG emissions,Taxes 75.1M days of primary education,https://uprightplatform.com/company/7f570a31-ad07-41a2-98c6-e1ca76df38be/Lowe's/,False,,,
LULU,Lululemon Athletica,cdp_pdf,https://corporate.lululemon.com/~/media/Files/L/Lululemon/our-impact/reporting-and-disclosure/lululemon-cdp-cc-2023.pdf,3164.0,24923.0,27.0,,,,old,,False,,,,,,,,,,False,,,,,False,False,False,,,,,,,,,,,True,LULULEMON ATHLETICA,,11102.6,38000.0,-35.0,82.0,-16.6,0.7,-6.1,0.5,-1.9,-2.0,9.1,-1.2,5.8,-1.7,0.3,,,https://uprightplatform.com/company/c4e34466-0200-41a1-a950-caf6ee673868/Lululemon%20Athletica/,False,,,
LITE,Lumentum,cdp_pdf,https://www.lumentum.com/sites/default/files/2026-01/cdp-2025-corporate-questionnaire.pdf,8683.0,67523.0,30598.0,,,1358100000.0,new,,True,Targets set,1.5°C,FY2030,Targets set,FY2050,Targets set,FY2050,Overall Net-Zero Target: Lumentum commits to reach net-zero greenhouse gas emissions across the value chain by 2050. Near-Term Targets: Lumentum commits to reduce absolute scope 1 and 2 GHG emissions 90% by FY2030 from a FY2022 base year. Lumentum also commits to reduce scope 3 GHG emissions from fuel- and energy-related activities and use of sold products 52% per data capacity delivered (Gbps) of sold cloud and networking products within the same timeframe. Lumentum further commits that 30% of its suppliers by emissions covering purchased goods and services will have science-based targets by FY2028. Lumentum finally commits that 25% of its customers by emissions covering use of sold products will have science-based targets by FY2028. Long-Term Targets: Lumentum commits to maintain a minimum of 90% absolute scope 1 and 2 GHG emissions from FY2030 through FY2050 from a FY2022 base year. Lumentum also commits to reduce absolute scope 3 GHG emissions 90% by FY2050 from a FY2022 base year.,2025-01-23 01:00:00,False,,,,,False,False,False,,,,,,,,,,,True,LUMENTUM,,2105.2,10562.0,27.0,44.0,-7.1,0.4,-2.7,0.3,-0.8,-0.2,12.3,-2.8,2.0,-4.6,5.3,,,https://uprightplatform.com/company/8bfcc011-9fd6-4be7-bc67-5335575ef0d7/Lumentum/,False,,,
LYB,LyondellBasell,cdp_pdf,https://www.lyondellbasell.com/globalassets/lyb/sustainability/reporting/reports/report-docs/2025-cdp-corporate-questionnaire.pdf,15000000.0,7200000.0,7100000.0,12/31/2020,15600000.0,40302000000.0,new,,False,,,,,,,,,,False,,,,,False,False,False,,,,,,,,,,,True,LYONDELLBASELL INDUSTRIES,Chemicals,40734.0,18970.0,-132.0,98.0,-20.9,0.7,-10.9,0.5,-3.6,-0.8,9.5,-4.4,1.6,-2.2,0.4,GHG emissions 10.7M tons of GHG emissions,Societal infrastructure 42.9M long-haul train rides,https://uprightplatform.com/company/2c6e53da-9b61-47e5-96c4-6aceeb2688ef/LyondellBasell%20Industries/,False,,,
MTB,M&T Bank,none,,,,,,,,,no_public_report_found,False,,,,,,,,,,False,,,,,True,True,True,5916.3,median_model_revenue+employees,sector:Financials,21,"Tier 2 Scope 1 ESTIMATE (LSEG median-model style), NOT a disclosure -- see pipeline/tier2_estimation/estimate_tier2.py. Peer group: sector = 'Financials' (21 Tier 1 peers with a real Scope 1 value, floor=5). Revenue-based: median peer Scope 1 tCO2e/$ revenue (5.36817e-07) x this company's revenue ($9,450,999,808) = 5,073 tCO2e. Employee-based: median peer Scope 1 tCO2e/employee (0.312029) x this company's employee count (21,662) = 6,759 tCO2e. Final estimate is the average of the available method(s): 5,916 tCO2e.",3738.7,median_model_revenue+employees,sector:Financials,17,"Tier 2 Scope 2 ESTIMATE (LSEG median-model style), NOT a disclosure -- see pipeline/tier2_estimation/estimate_tier2.py. Peer group: sector = 'Financials' (17 Tier 1 peers with a real Scope 2 value, floor=5). Revenue-based: median peer Scope 2 tCO2e/$ revenue (1.98278e-07) x this company's revenue ($9,450,999,808) = 1,874 tCO2e. Employee-based: median peer Scope 2 tCO2e/employee (0.25868) x this company's employee count (21,662) = 5,604 tCO2e. Final estimate is the average of the available method(s): 3,739 tCO2e.",True,M&T BANK,Banks,9690.0,22590.0,20.0,50.0,-3.3,0.1,-1.9,0.1,-0.4,-0.4,10.5,-0.5,1.0,-5.3,0.3,Scarce human capital 8.47k scarce worker years,Societal infrastructure 15.8M long-haul train rides,https://uprightplatform.com/company/06986cf6-1870-437d-a49d-7230571387c9/M%26T%20Bank/,False,,,
MAR,Marriott International,cdp_pdf,http://serve360.marriott.com/wp-content/uploads/2026/03/marriott-2025-CDP-response.pdf,1273630.0,5370293.0,5364156.0,12/31/2019,1313062.0,25100000000.0,new,,True,Targets set,1.5°C,2030.0,Targets set,2050.0,Targets set,2050.0,"Overall Net-Zero Target: Marriott International, Inc. commits to reach net-zero greenhouse gas emissions across the value chain by 2050. Near-Term Targets: Marriott International commits to reduce absolute scope 1 and 2 GHG emissions 46.2% by 2030 from a 2019 base year.* Marriott International also commits to reduce absolute scope 3 GHG emissions from fuel and energy-related activities, waste generated in operations, employee commuting, and franchises 27.5% within the same timeframe.* Marriott International commits that 22% of its suppliers by emissions covering purchased goods and services, capital goods, and upstream transportation and distribution will have science-based targets by 2028.
*The target boundary includes land-related emissions and removals from bioenergy feedstocks. Long-Term Targets: Marriott International commits to reduce absolute scope 1 and 2 GHG emissions 90% by 2050 from a 2019 base year.* Marriott International commits to reduce absolute scope 3 GHG emissions 90% within the same timeframe.*
*The target boundary includes land-related emissions and removals from bioenergy feedstocks.",2024-04-25 01:00:00,False,,,,,False,False,False,,,,,,,,,,,True,MARRIOTT,"Leisure, Sports and Recreation",25100.0,148000.0,-31.0,81.0,-19.5,0.2,-8.6,,-2.7,-0.8,14.2,-2.5,3.4,-2.8,1.7,GHG emissions 5.16M tons of GHG emissions,Taxes 31.1M days of primary education,https://uprightplatform.com/company/83d79e51-1234-4827-a0cf-8b0dd752f22e/Marriott/,False,,,
MRSH,Marsh McLennan,sustainability_report,https://www.corporate.marsh.com/assets/v3/esg-report-2023/6014128-MM-Marsh-McLennan-ESG-report_V19.pdf,,,,,,,False,no_fields_extracted,True,Targets set,1.5°C,2030.0,Targets set,2050.0,Targets set,2050.0,"Overall Net-Zero Target: Marsh McLennan commits to reach net-zero greenhouse gas emissions across the value chain by 2050. Near-Term Targets: Marsh McLennan commits to reduce absolute scope 1 and 2 GHG emissions 50% by 2030 from a 2019 base year. Marsh McLennan also commits to reduce scope 3 GHG emissions from purchased goods and services, capital goods, and business travel 55% per million USD of operating profit within the same timeframe. Long-Term Targets: Marsh McLennan commits to reduce absolute scope 1 and 2 GHG emissions 90% by 2050 from a 2019 base year. Marsh McLennan also commits to reduce scope 3 GHG emissions from purchased goods and services, capital goods, upstream transportation and distribution, business travel, and employee commuting 97% per million USD of operating profit within the same timeframe.",2024-08-01 01:00:00,False,,,,,True,True,True,22322.6,median_model_revenue+employees,sector:Financials,21,"Tier 2 Scope 1 ESTIMATE (LSEG median-model style), NOT a disclosure -- see pipeline/tier2_estimation/estimate_tier2.py. Peer group: sector = 'Financials' (21 Tier 1 peers with a real Scope 1 value, floor=5). Revenue-based: median peer Scope 1 tCO2e/$ revenue (5.36817e-07) x this company's revenue ($27,946,999,808) = 15,002 tCO2e. Employee-based: median peer Scope 1 tCO2e/employee (0.312029) x this company's employee count (95,000) = 29,643 tCO2e. Final estimate is the average of the available method(s): 22,323 tCO2e.",15058.0,median_model_revenue+employees,sector:Financials,17,"Tier 2 Scope 2 ESTIMATE (LSEG median-model style), NOT a disclosure -- see pipeline/tier2_estimation/estimate_tier2.py. Peer group: sector = 'Financials' (17 Tier 1 peers with a real Scope 2 value, floor=5). Revenue-based: median peer Scope 2 tCO2e/$ revenue (1.98278e-07) x this company's revenue ($27,946,999,808) = 5,541 tCO2e. Employee-based: median peer Scope 2 tCO2e/employee (0.25868) x this company's employee count (95,000) = 24,575 tCO2e. Final estimate is the average of the available method(s): 15,058 tCO2e.",True,MARSH & MCLENNAN COMPANIES,,24458.0,90000.0,15.0,54.0,-1.9,0.2,-0.9,0.1,-0.3,-0.7,6.1,-0.3,1.1,-5.7,2.8,,,https://uprightplatform.com/company/b77eaa35-fca2-4fa9-b9c4-0af0ff7f10cb/Marsh%20%26%20McLennan%20Companies/,False,,,
MRVL,Marvell Technology,cdp_pdf,https://www.marvell.com/content/dam/marvell/en/company/assets/marvell-2024-cdp-disclosure.pdf,4433.0,28721.0,22203.0,01/31/2022,4320.0,5507700000.0,new,,True,Targets set,1.5°C,FY2030,,,Commitment removed,,Marvell Technology Inc. commits to reduce absolute scope 1 and 2 GHG emissions by 50% by FY2030 from a FY2022 base year. Marvell Technology Inc. also commits to reduce scope 3 GHG emissions from use of sold products by 55% per petabyte per second within the same timeframe.,2024-03-14 01:00:00,False,,,,,False,False,False,,,,,,,,,,,True,MARVELL TECHNOLOGY,,8194.6,7480.0,16.0,53.0,-7.1,0.3,-3.0,0.2,-1.0,-0.3,8.0,-1.2,0.6,-2.7,4.5,,,https://uprightplatform.com/company/12f88f89-be87-4847-9e49-78c79daed893/Marvell%20Technology/,False,,,
MAS,Masco,sustainability_report,https://masco.com/wp-content/uploads/2025/07/Collateral_ESG_Report_2024.pdf,,,,,,,False,no_fields_extracted,False,,,,,,,,,,False,,,,,True,True,True,63358.0,median_model_revenue+employees,sector:Industrials,40,"Tier 2 Scope 1 ESTIMATE (LSEG median-model style), NOT a disclosure -- see pipeline/tier2_estimation/estimate_tier2.py. Peer group: sector = 'Industrials' (40 Tier 1 peers with a real Scope 1 value, floor=5). Revenue-based: median peer Scope 1 tCO2e/$ revenue (6.94524e-06) x this company's revenue ($7,619,999,744) = 52,923 tCO2e. Employee-based: median peer Scope 1 tCO2e/employee (4.09963) x this company's employee count (18,000) = 73,793 tCO2e. Final estimate is the average of the available method(s): 63,358 tCO2e.",68274.7,median_model_revenue+employees,sector:Industrials,28,"Tier 2 Scope 2 ESTIMATE (LSEG median-model style), NOT a disclosure -- see pipeline/tier2_estimation/estimate_tier2.py. Peer group: sector = 'Industrials' (28 Tier 1 peers with a real Scope 2 value, floor=5). Revenue-based: median peer Scope 2 tCO2e/$ revenue (9.89188e-06) x this company's revenue ($7,619,999,744) = 75,376 tCO2e. Employee-based: median peer Scope 2 tCO2e/employee (3.39852) x this company's employee count (18,000) = 61,173 tCO2e. Final estimate is the average of the available method(s): 68,275 tCO2e.",True,MASCO,,7562.0,18000.0,5.0,63.0,-11.1,1.5,-5.9,0.8,-1.5,-0.3,12.8,-1.8,1.3,-1.6,0.0,,,https://uprightplatform.com/company/97058e21-ea16-470c-a0d1-853e5b93f04c/Masco/,False,,,
MA,Mastercard,sustainability_report,https://s25.q4cdn.com/479285134/files/doc_downloads/2026/07/Mastercard-2025-Impact-Report.pdf,,,,,,,False,no_fields_extracted,True,Targets set,1.5°C,2030.0,,,,,"Near-Term Targets:
Mastercard commits to reduce absolute scope 1, 2 and 3 GHG emissions 60.2% by 2030 from a 2016 base year. Within this target, Mastercard commits to reduce scope 1 and 2 GHG emissions 90.0% and scope 3 GHG emissions 59.0% within the same timeframe.",2026-09-10 01:00:00,False,,,,,True,True,True,15625.9,median_model_revenue+employees,sector:Financials,21,"Tier 2 Scope 1 ESTIMATE (LSEG median-model style), NOT a disclosure -- see pipeline/tier2_estimation/estimate_tier2.py. Peer group: sector = 'Financials' (21 Tier 1 peers with a real Scope 1 value, floor=5). Revenue-based: median peer Scope 1 tCO2e/$ revenue (5.36817e-07) x this company's revenue ($35,083,001,856) = 18,833 tCO2e. Employee-based: median peer Scope 1 tCO2e/employee (0.312029) x this company's employee count (39,800) = 12,419 tCO2e. Final estimate is the average of the available method(s): 15,626 tCO2e.",8625.8,median_model_revenue+employees,sector:Financials,17,"Tier 2 Scope 2 ESTIMATE (LSEG median-model style), NOT a disclosure -- see pipeline/tier2_estimation/estimate_tier2.py. Peer group: sector = 'Financials' (17 Tier 1 peers with a real Scope 2 value, floor=5). Revenue-based: median peer Scope 2 tCO2e/$ revenue (1.98278e-07) x this company's revenue ($35,083,001,856) = 6,956 tCO2e. Employee-based: median peer Scope 2 tCO2e/employee (0.25868) x this company's employee count (39,800) = 10,295 tCO2e. Final estimate is the average of the available method(s): 8,626 tCO2e.",True,MASTERCARD,Financial Services,28167.0,33400.0,23.0,47.0,-2.5,0.1,-1.3,0.1,-0.2,-0.2,9.7,-0.3,0.5,-5.8,1.3,Scarce human capital 26.8k scarce worker years,Taxes 20.2M days of primary education,https://uprightplatform.com/company/d3d6cfd5-eccf-4bb5-af7d-d4b627e77d54/Mastercard/,False,,,
MRK,Merck & Co.,epa_ghgrp,,365529.704,,,,,,,"EPA GHGRP 2023 Direct Emitters, matched via parent company 'MERCK & CO INC' (3 facilities). Scope 1 (direct/on-site) only -- GHGRP does not cover Scope 2.",False,,,,,,,,,,True,2,electricity-generation,USA,100.0,True,False,True,,,,,,177936.5,median_model_revenue+employees,sector:Health Care,18,"Tier 2 Scope 2 ESTIMATE (LSEG median-model style), NOT a disclosure -- see pipeline/tier2_estimation/estimate_tier2.py. Peer group: sector = 'Health Care' (18 Tier 1 peers with a real Scope 2 value, floor=5). Revenue-based: median peer Scope 2 tCO2e/$ revenue (3.19915e-06) x this company's revenue ($66,568,998,912) = 212,964 tCO2e. Employee-based: median peer Scope 2 tCO2e/employee (1.95766) x this company's employee count (73,000) = 142,909 tCO2e. Final estimate is the average of the available method(s): 177,937 tCO2e.",True,MERCK & CO,Pharmaceuticals and Biotechnology,65011.0,72000.0,58.0,14.0,-9.5,0.3,-3.9,0.1,-1.8,-1.1,7.1,-6.1,41.2,-4.1,0.3,Physical diseases 316k life years,Physical diseases 2.05M life years,https://uprightplatform.com/company/e5d1f66c-f4bd-4b01-aff9-923df382e45e/Merck%20%26%20Co/,False,,,
MGM,MGM Resorts,epa_ghgrp,,110103.336,,,,,,,"EPA GHGRP 2023 Direct Emitters, matched via parent company 'MGM RESORTS INTERNATIONAL' (1 facilities). Scope 1 (direct/on-site) only -- GHGRP does not cover Scope 2.",True,Targets set,1.5°C,2030.0,,,,,"MGM Resorts International commits to reduce absolute scope 1 and 2 GHG emissions 50% by 2030 from a 2019 base year. MGM also commits to reduce absolute scope 3 GHG emissions from purchased goods and services, fuel-and energy-related activities, waste generated in operations, and employee commuting 30% within the same timeframe.",2023-05-04 01:00:00,False,,,,,True,False,True,,,,,,112762.5,median_model_revenue+employees,sector:Consumer Discretionary,18,"Tier 2 Scope 2 ESTIMATE (LSEG median-model style), NOT a disclosure -- see pipeline/tier2_estimation/estimate_tier2.py. Peer group: sector = 'Consumer Discretionary' (18 Tier 1 peers with a real Scope 2 value, floor=5). Revenue-based: median peer Scope 2 tCO2e/$ revenue (6.64506e-06) x this company's revenue ($17,761,441,792) = 118,026 tCO2e. Employee-based: median peer Scope 2 tCO2e/employee (1.79165) x this company's employee count (60,000) = 107,499 tCO2e. Final estimate is the average of the available method(s): 112,762 tCO2e.",True,MGM RESORTS,"Leisure, Sports and Recreation",17241.0,45000.0,-83.0,93.0,-19.2,0.3,-7.7,0.2,-3.0,-2.1,14.3,-18.8,8.3,-2.6,0.5,Physical diseases 154k life years,Taxes 22.9M days of primary education,https://uprightplatform.com/company/48cb56ee-603b-4216-8c39-232ed5da760e/MGM%20Resorts/,False,,,
MCHP,Microchip Technology,epa_ghgrp,,472938.201976,,,,,,,"EPA GHGRP 2023 Direct Emitters, matched via parent company 'MICROCHIP TECHNOLOGY INC' (3 facilities). Scope 1 (direct/on-site) only -- GHGRP does not cover Scope 2.",False,,,,,,,,,,False,,,,,True,False,True,,,,,,32583.7,median_model_revenue+employees,sub_industry:Semiconductors,5,"Tier 2 Scope 2 ESTIMATE (LSEG median-model style), NOT a disclosure -- see pipeline/tier2_estimation/estimate_tier2.py. Peer group: sub_industry = 'Semiconductors' (5 Tier 1 peers with a real Scope 2 value, floor=5). Revenue-based: median peer Scope 2 tCO2e/$ revenue (2.34945e-06) x this company's revenue ($5,122,299,904) = 12,035 tCO2e. Employee-based: median peer Scope 2 tCO2e/employee (2.96832) x this company's employee count (17,900) = 53,133 tCO2e. Final estimate is the average of the available method(s): 32,584 tCO2e.",True,MICROCHIP TECHNOLOGY,,7634.4,19400.0,16.0,53.0,-7.7,0.6,-3.4,0.4,-1.1,-0.3,9.1,-1.2,1.8,-2.1,2.0,,,https://uprightplatform.com/company/84344e3b-70bf-4665-a849-09cd9a630fc9/Microchip%20Technology/,False,,,
MU,Micron Technology,epa_ghgrp,,303884.3484487,,,,,,,"EPA GHGRP 2023 Direct Emitters, matched via parent company 'MICRON TECHNOLOGY INC' (2 facilities). Scope 1 (direct/on-site) only -- GHGRP does not cover Scope 2.",False,,,,,,,,,,False,,,,,True,False,True,,,,,,184707.4,median_model_revenue+employees,sub_industry:Semiconductors,5,"Tier 2 Scope 2 ESTIMATE (LSEG median-model style), NOT a disclosure -- see pipeline/tier2_estimation/estimate_tier2.py. Peer group: sub_industry = 'Semiconductors' (5 Tier 1 peers with a real Scope 2 value, floor=5). Revenue-based: median peer Scope 2 tCO2e/$ revenue (2.34945e-06) x this company's revenue ($90,273,996,800) = 212,094 tCO2e. Employee-based: median peer Scope 2 tCO2e/employee (2.96832) x this company's employee count (53,000) = 157,321 tCO2e. Final estimate is the average of the available method(s): 184,707 tCO2e.",True,MICRON TECHNOLOGY,Computer Hardware,25111.0,43000.0,5.0,63.0,-7.8,0.2,-3.3,0.2,-1.0,-0.3,7.0,-0.9,0.7,-2.4,4.0,GHG emissions 2.00M tons of GHG emissions,Taxes 17.0M days of primary education,https://uprightplatform.com/company/d70049ed-f886-4b6c-a2e2-ff8cb5360e9f/Micron%20Technology/,False,,,
TAP,Molson Coors Beverage Company,epa_ghgrp,,414577.044,,,,,,,"EPA GHGRP 2023 Direct Emitters, matched via parent company 'MOLSON COORS BEVERAGE CO' (6 facilities). Scope 1 (direct/on-site) only -- GHGRP does not cover Scope 2.",False,,,,,,,,,,False,,,,,True,False,True,,,,,,35357.5,median_model_revenue+employees,sector:Consumer Staples,16,"Tier 2 Scope 2 ESTIMATE (LSEG median-model style), NOT a disclosure -- see pipeline/tier2_estimation/estimate_tier2.py. Peer group: sector = 'Consumer Staples' (16 Tier 1 peers with a real Scope 2 value, floor=5). Revenue-based: median peer Scope 2 tCO2e/$ revenue (2.81277e-06) x this company's revenue ($11,083,499,520) = 31,175 tCO2e. Employee-based: median peer Scope 2 tCO2e/employee (2.44072) x this company's employee count (16,200) = 39,540 tCO2e. Final estimate is the average of the available method(s): 35,357 tCO2e.",True,MOLSON COORS BEVERAGE,Food and Beverage,11140.8,16200.0,-210.0,100.0,-11.4,0.3,-4.0,0.2,-2.8,-0.4,9.7,-52.6,11.3,-1.8,0.0,Physical diseases 262k life years,Taxes 13.9M days of primary education,https://uprightplatform.com/company/f7ce21cc-bd5a-40f4-901b-43a5e1a3e627/Molson%20Coors%20Beverage/,False,,,
NEM,Newmont,epa_ghgrp,,1474699.396,,,,,,,"EPA GHGRP 2023 Direct Emitters, matched via parent company 'NEWMONT CORP' (3 facilities). Scope 1 (direct/on-site) only -- GHGRP does not cover Scope 2.",True,Targets set,Well-below 2°C,2030.0,,,,,Newmont commits to reduce absolute scope 1 and 2 GHG emissions 32% by 2030 from a 2018 base year. Newmont also commits to reduce scope 1 and 2 GHG emissions 32% per Gold Equivalent Ounce (GEO) within the same timeframe. Newmont commits to reduce absolute scope 3 GHG emissions 30% by 2030 from a 2019 base year.,2022-10-27 01:00:00,True,3,electricity-generation,DOM;USA,39.0,True,False,True,,,,,,2099122.2,median_model_revenue+employees,sector:Materials,9,"Tier 2 Scope 2 ESTIMATE (LSEG median-model style), NOT a disclosure -- see pipeline/tier2_estimation/estimate_tier2.py. Peer group: sector = 'Materials' (9 Tier 1 peers with a real Scope 2 value, floor=5). Revenue-based: median peer Scope 2 tCO2e/$ revenue (0.000101463) x this company's revenue ($25,767,000,064) = 2,614,403 tCO2e. Employee-based: median peer Scope 2 tCO2e/employee (90.5052) x this company's employee count (17,500) = 1,583,841 tCO2e. Final estimate is the average of the available method(s): 2,099,122 tCO2e.",True,NEWMONT CORPORATION,Mining and Metals,,,-101.0,,,,,,,,,,,,,GHG emissions 2.59M tons of GHG emissions,Taxes 12.2M days of primary education,https://uprightplatform.com/company/f305d20a-cdaf-4f9c-ace3-c8334fc57faf/Newmont%20Corporation/,False,,,
NI,NiSource,epa_ghgrp,,4456754.266,,,,,,,"EPA GHGRP 2023 Direct Emitters, matched via parent company 'NISOURCE INC' (3 facilities). Scope 1 (direct/on-site) only -- GHGRP does not cover Scope 2.",False,,,,,,,,,,True,4,electricity-generation,USA,100.0,True,False,True,,,,,,86236.6,median_model_revenue+employees,sector:Utilities,10,"Tier 2 Scope 2 ESTIMATE (LSEG median-model style), NOT a disclosure -- see pipeline/tier2_estimation/estimate_tier2.py. Peer group: sector = 'Utilities' (10 Tier 1 peers with a real Scope 2 value, floor=5). Revenue-based: median peer Scope 2 tCO2e/$ revenue (9.6601e-06) x this company's revenue ($6,881,500,160) = 66,476 tCO2e. Employee-based: median peer Scope 2 tCO2e/employee (13.8233) x this company's employee count (7,668) = 105,997 tCO2e. Final estimate is the average of the available method(s): 86,237 tCO2e.",True,NISOURCE,,6642.2,7687.0,-21.0,77.0,-29.6,4.1,-16.0,3.5,-4.6,-2.0,26.1,-2.6,0.4,-3.2,0.3,,,https://uprightplatform.com/company/343ba411-e4e3-4adc-8344-11746eb4a3db/NiSource/,False,,,
NOC,Northrop Grumman,epa_ghgrp,,110192.27799999999,,,,,,,"EPA GHGRP 2023 Direct Emitters, matched via parent company 'NORTHROP GRUMMAN CORP' (3 facilities). Scope 1 (direct/on-site) only -- GHGRP does not cover Scope 2.",False,,,,,,,,,,False,,,,,True,False,True,,,,,,373570.8,median_model_revenue+employees,sector:Industrials,28,"Tier 2 Scope 2 ESTIMATE (LSEG median-model style), NOT a disclosure -- see pipeline/tier2_estimation/estimate_tier2.py. Peer group: sector = 'Industrials' (28 Tier 1 peers with a real Scope 2 value, floor=5). Revenue-based: median peer Scope 2 tCO2e/$ revenue (9.89188e-06) x this company's revenue ($42,892,001,280) = 424,282 tCO2e. Employee-based: median peer Scope 2 tCO2e/employee (3.39852) x this company's employee count (95,000) = 322,859 tCO2e. Final estimate is the average of the available method(s): 373,571 tCO2e.",True,NORTHROP GRUMMAN,,41033.0,97000.0,-81.0,93.0,-11.9,0.4,-5.1,0.2,-1.8,-11.4,16.8,-12.0,1.5,-3.9,3.0,,,https://uprightplatform.com/company/33f91076-a3cc-4ebb-a3a7-c5130b35a81c/Northrop%20Grumman/,False,,,
NRG,NRG Energy,epa_ghgrp,,22878264.123999998,,,,,,,"EPA GHGRP 2023 Direct Emitters, matched via parent company 'NRG ENERGY INC' (16 facilities). Scope 1 (direct/on-site) only -- GHGRP does not cover Scope 2.",True,Targets set,1.5°C,2025.0,,,Commitment removed,,"NRG Energy commits to reduce absolute scope 1, 2 and scope 3 business travel GHG emissions 50% by 2025 and 100% by 2050 from a 2014 base year.",2021-03-11 01:00:00,True,30,electricity-generation,AUS;HND;TWN;USA,72.7,True,False,True,,,,,,275434.0,median_model_revenue+employees,sector:Utilities,10,"Tier 2 Scope 2 ESTIMATE (LSEG median-model style), NOT a disclosure -- see pipeline/tier2_estimation/estimate_tier2.py. Peer group: sector = 'Utilities' (10 Tier 1 peers with a real Scope 2 value, floor=5). Revenue-based: median peer Scope 2 tCO2e/$ revenue (9.6601e-06) x this company's revenue ($33,124,999,168) = 319,991 tCO2e. Employee-based: median peer Scope 2 tCO2e/employee (13.8233) x this company's employee count (16,702) = 230,877 tCO2e. Final estimate is the average of the available method(s): 275,434 tCO2e.",True,NRG ENERGY,,30713.0,16702.0,1.0,66.0,-25.3,7.2,-15.3,5.8,-3.5,-1.1,23.9,-2.5,0.6,-3.9,1.2,,,https://uprightplatform.com/company/a518e14f-86eb-4be0-a6a5-31721d47d555/NRG%20Energy/,False,,,
NUE,Nucor,epa_ghgrp,,5761770.626,,,,,,,"EPA GHGRP 2023 Direct Emitters, matched via parent company 'NUCOR CORP' (26 facilities). Scope 1 (direct/on-site) only -- GHGRP does not cover Scope 2.",False,,,,,,,,,,False,,,,,True,False,True,,,,,,3324798.2,median_model_revenue+employees,sector:Materials,9,"Tier 2 Scope 2 ESTIMATE (LSEG median-model style), NOT a disclosure -- see pipeline/tier2_estimation/estimate_tier2.py. Peer group: sector = 'Materials' (9 Tier 1 peers with a real Scope 2 value, floor=5). Revenue-based: median peer Scope 2 tCO2e/$ revenue (0.000101463) x this company's revenue ($36,101,001,216) = 3,662,925 tCO2e. Employee-based: median peer Scope 2 tCO2e/employee (90.5052) x this company's employee count (33,000) = 2,986,672 tCO2e. Final estimate is the average of the available method(s): 3,324,798 tCO2e.",True,NUCOR,,30734.0,32700.0,-72.0,91.0,-17.5,1.0,-9.3,0.7,-2.1,-1.6,11.3,-2.6,1.1,-1.9,0.2,,,https://uprightplatform.com/company/c183e2da-bb36-480d-991f-e07d13d48a7c/Nucor/,False,,,
OXY,Occidental Petroleum,epa_ghgrp,,8112721.41,,,,,,,"EPA GHGRP 2023 Direct Emitters, matched via parent company 'OCCIDENTAL PETROLEUM CORP' (36 facilities). Scope 1 (direct/on-site) only -- GHGRP does not cover Scope 2.",False,,,,,,,,,,True,6,electricity-generation,USA,85.8,True,False,True,,,,,,919922.6,median_model_revenue+employees,sector:Energy,6,"Tier 2 Scope 2 ESTIMATE (LSEG median-model style), NOT a disclosure -- see pipeline/tier2_estimation/estimate_tier2.py. Peer group: sector = 'Energy' (6 Tier 1 peers with a real Scope 2 value, floor=5). Revenue-based: median peer Scope 2 tCO2e/$ revenue (1.7615e-05) x this company's revenue ($23,925,999,616) = 421,457 tCO2e. Employee-based: median peer Scope 2 tCO2e/employee (136.226) x this company's employee count (10,412) = 1,418,389 tCO2e. Final estimate is the average of the available method(s): 919,923 tCO2e.",True,OCCIDENTAL PETROLEUM,,26880.0,12570.0,-134.0,98.0,-30.0,1.0,-16.6,0.7,-5.3,-2.8,15.1,-4.4,0.6,-2.0,0.1,,,https://uprightplatform.com/company/9bb7a50d-12bd-4d48-bc04-8bc4e9285821/Occidental%20Petroleum/,False,,,
OKE,Oneok,epa_ghgrp,,3005177.0679999995,,,,,,,"EPA GHGRP 2023 Direct Emitters, matched via parent company 'ONEOK INC' (32 facilities). Scope 1 (direct/on-site) only -- GHGRP does not cover Scope 2.",False,,,,,,,,,,True,1,electricity-generation,USA,100.0,True,False,True,,,,,,777600.0,median_model_revenue+employees,sector:Energy,6,"Tier 2 Scope 2 ESTIMATE (LSEG median-model style), NOT a disclosure -- see pipeline/tier2_estimation/estimate_tier2.py. Peer group: sector = 'Energy' (6 Tier 1 peers with a real Scope 2 value, floor=5). Revenue-based: median peer Scope 2 tCO2e/$ revenue (1.7615e-05) x this company's revenue ($39,366,000,640) = 693,432 tCO2e. Employee-based: median peer Scope 2 tCO2e/employee (136.226) x this company's employee count (6,326) = 861,768 tCO2e. Final estimate is the average of the available method(s): 777,600 tCO2e.",True,ONEOK,Energy and Environmental,21698.0,5177.0,-76.0,92.0,-30.6,1.3,-17.2,1.0,-5.1,-3.5,20.1,-3.4,0.3,-2.8,1.3,GHG emissions 8.96M tons of GHG emissions,Societal infrastructure 80.9M long-haul train rides,https://uprightplatform.com/company/7a0a6b9d-e028-4f8a-8701-52831c2080b2/Oneok/,False,,,
MKC,McCormick & Company,cdp_pdf,https://www.mccormickcorporation.com/responsibility/-/media/caa540e768264e89aa63d6e439e26a3f.ashx,36927.0,40487.0,41497.0,,,,old,,True,Targets set,1.5°C,FY2030,Targets set,FY2050,Targets set,FY2050,"Overall Net-Zero Target
McCormick & Company commits to reach net-zero greenhouse gas emissions across the
value chain by FY2050.
Near-Term Targets
McCormick & Company commits to reduce absolute scope 1 and 2 GHG emissions 42% by
FY2030 from a FY2020 base year. McCormick & Company also commits to reduce absolute
scope 3 GHG emissions from purchased goods and services 42% within the same timeframe.
Long-Term Targets
McCormick & Company commits to reduce absolute scope 1 and 2 GHG emissions 90% by
FY2050 from a FY2020 base year. McCormick & Company also commits to reduce absolute
scope 3 GHG emissions from purchased goods and services, capital goods, fuel and energy
related activities, upstream transportation and distribution, waste generated in operations,
business travel, and employee commuting 90% within the same timeframe.",2023-11-23 01:00:00,False,,,,,False,False,False,,,,,,,,,,,True,MCCORMICK,Food and Beverage,6662.2,13800.0,14.0,55.0,-12.5,0.5,-4.8,0.3,-2.7,-0.2,6.8,-4.6,14.7,-1.5,0.0,GHG emissions 764k tons of GHG emissions,Nutrition 3.05bn bananas,https://uprightplatform.com/company/d44f2083-866a-49bb-9b3a-d50f69b0d68c/McCormick/,False,,,
MCD,McDonald's,cdp_pdf,https://corporate.mcdonalds.com/content/dam/sites/corp/nfl/pdf/McDonalds_CDP_Climate_2022.pdf,113991.0,521720.0,469236.0,,,,old,,True,Targets set,1.5°C,2030.0,Targets set,2050.0,Targets set,2050.0,"Overall Net-Zero Target
McDonald’s Corporation commits to reach net-zero GHG emissions across the value chain
by 2050.
Near-Term Targets
Energy and industrial: McDonald’s Corporation commits to reduce absolute scope 1 and 2
GHG emissions 50.4% by 2030 from a 2018 base year. McDonald’s Corporation also commits
to reduce absolute scope 3 energy and industrial GHG emissions from purchased goods and
services, fuel and energy related activities, upstream transportation and distribution, waste
generated in operations, end-of-life treatment of sold products, and franchises 50.4% within
the same timeframe.
FLAG: McDonald’s Corporation commits to reduce absolute scope 3 FLAG GHG emissions 16%
by 2030 from a 2018 base year.* McDonald’s Corporation also commits to maintain no
deforestation across its primary deforestation-linked commodities.
Long-Term Targets
Energy and industrial: McDonald’s Corporation commits to reduce absolute scope 1, 2, and
energy and industrial scope 3 GHG emissions 90% by 2050 from a 2018 base year.
FLAG: McDonald’s Corporation also commits to reduce absolute scope 3 GHG emissions 72%
by 2050 from a 2018 base year.*
*Target includes FLAG emissions and removals.",2023-12-07 01:00:00,False,,,,,False,False,False,,,,,,,,,,,True,MCDONALD'S,Food and Beverage,25493.7,150000.0,-94.0,95.0,-18.4,0.6,-6.8,0.5,-2.9,-0.5,9.1,-12.2,7.3,-1.8,0.0,Physical diseases 241k life years,Jobs 147k direct or indirect jobs,https://uprightplatform.com/company/2b7dc0c1-0ee8-49eb-854b-307553618c52/McDonald's/,False,,,
MCK,McKesson Corporation,none,,,,,,,,,no_public_report_found,True,Targets set,1.5°C,FY2032,,,,,McKesson commits to reduce absolute scope 1 and 2 GHG emissions 50.4% by FY2032 from a FY2020 base year. McKesson commits that 70% of its suppliers by spend covering purchased goods and services will have science_x0002_based targets by FY2027,2023-01-19 01:00:00,False,,,,,True,True,True,767602.5,median_model_revenue+employees,sector:Health Care,25,"Tier 2 Scope 1 ESTIMATE (LSEG median-model style), NOT a disclosure -- see pipeline/tier2_estimation/estimate_tier2.py. Peer group: sector = 'Health Care' (25 Tier 1 peers with a real Scope 1 value, floor=5). Revenue-based: median peer Scope 1 tCO2e/$ revenue (3.54491e-06) x this company's revenue ($410,983,006,208) = 1,456,897 tCO2e. Employee-based: median peer Scope 1 tCO2e/employee (1.88241) x this company's employee count (41,600) = 78,308 tCO2e. Final estimate is the average of the available method(s): 767,603 tCO2e.",698116.9,median_model_revenue+employees,sector:Health Care,18,"Tier 2 Scope 2 ESTIMATE (LSEG median-model style), NOT a disclosure -- see pipeline/tier2_estimation/estimate_tier2.py. Peer group: sector = 'Health Care' (18 Tier 1 peers with a real Scope 2 value, floor=5). Revenue-based: median peer Scope 2 tCO2e/$ revenue (3.19915e-06) x this company's revenue ($410,983,006,208) = 1,314,795 tCO2e. Employee-based: median peer Scope 2 tCO2e/employee (1.95766) x this company's employee count (41,600) = 81,439 tCO2e. Final estimate is the average of the available method(s): 698,117 tCO2e.",True,MCKESSON,,308951.0,43000.0,51.0,20.0,-5.5,0.2,-2.5,0.1,-0.9,-0.6,10.4,-2.2,15.7,-5.3,1.8,,,https://uprightplatform.com/company/32643ff7-5d79-44c6-9a70-d6bdc5495746/McKesson/,False,,,
MDT,Medtronic,none,,,,,,,,,no_public_report_found,True,Targets set,1.5°C,FY2034,,,Commitment removed,,"Near-Term Targets: Medtronic PLC commits to reduce absolute scope 1 and 2 GHG emissions 52% by FY2030 from a FY2020 base year. Medtronic PLC also commits to increase active annual sourcing of renewable electricity from 1.29% in FY2020 to 100% by FY2030. Medtronic PLC further commits that 75% of its suppliers by emissions covering purchased goods and services and capital goods will have science-based targets by FY2030. Finally, Medtronic PLC commits to reduce absolute scope 3 GHG emissions from upstream transportation and distribution, business travel and end-of-life treatment of sold products 37.5% by FY2034 from a FY2024 base year.",2025-07-24 01:00:00,False,,,,,True,True,True,132976.3,median_model_revenue+employees,sub_industry:Health Care Equipment,6,"Tier 2 Scope 1 ESTIMATE (LSEG median-model style), NOT a disclosure -- see pipeline/tier2_estimation/estimate_tier2.py. Peer group: sub_industry = 'Health Care Equipment' (6 Tier 1 peers with a real Scope 1 value, floor=5). Revenue-based: median peer Scope 1 tCO2e/$ revenue (3.85286e-06) x this company's revenue ($37,541,998,592) = 144,644 tCO2e. Employee-based: median peer Scope 1 tCO2e/employee (1.27693) x this company's employee count (95,000) = 121,309 tCO2e. Final estimate is the average of the available method(s): 132,976 tCO2e.",121054.3,median_model_revenue+employees,sub_industry:Health Care Equipment,5,"Tier 2 Scope 2 ESTIMATE (LSEG median-model style), NOT a disclosure -- see pipeline/tier2_estimation/estimate_tier2.py. Peer group: sub_industry = 'Health Care Equipment' (5 Tier 1 peers with a real Scope 2 value, floor=5). Revenue-based: median peer Scope 2 tCO2e/$ revenue (3.17691e-06) x this company's revenue ($37,541,998,592) = 119,268 tCO2e. Employee-based: median peer Scope 2 tCO2e/employee (1.29306) x this company's employee count (95,000) = 122,841 tCO2e. Final estimate is the average of the available method(s): 121,054 tCO2e.",True,MEDTRONIC,Hospitals and Healthcare,33537.0,95000.0,55.0,16.0,-4.8,0.2,-2.0,0.1,-0.6,-0.5,9.9,-2.6,15.2,-3.6,0.4,Scarce human capital 20.1k scarce worker years,Physical diseases 326k life years,https://uprightplatform.com/company/edd67dea-77b6-4cdf-a2c5-d1e4cde536d4/Medtronic/,False,,,
META,Meta Platforms,cdp_pdf,https://sustainability.atmeta.com/wp-content/uploads/2024/02/2023_Meta_CDP_Climate-Change-Survey.pdf,66934.0,3921611.0,273.0,,,,old,,True,Targets set,1.5°C,2031.0,,,Commitment removed,,"Meta commits to reduce absolute scope 1 and 2 GHG emissions 42% by
2031 from a 2021 base year. Meta also commits to continue annually
sourcing 100% renewable electricity through 2030. Meta further commits
that 76% of its suppliers by emissions covering purchased goods and
services and capital goods, will have science-based targets by 2026.",2024-02-29 01:00:00,False,,,,,False,False,False,,,,,,,,,,,False,,,228247.0,75472,37.5,34.5,-4.15,0.2,-2.1500000000000004,0.1,-0.35,-0.3,11.25,-4.0,4.449999999999999,-4.45,5.5,,,,True,sector:Communication Services,20,"PROXY ESTIMATE, not real Upright data -- see pipeline/upright/estimate_upright_gaps.py. Peer group: sector = 'Communication Services' (20 real Upright-covered peers, floor=5). Each cents-per-dollar-of-revenue figure is the MEDIAN of that peer group's real Upright values for the same metric -- a crude industry-average proxy, not Upright's own company-specific modeling. Revenue/employee figures are this company's own real data (from yfinance), not estimated."
MET,MetLife,cdp_pdf,https://sustainabilityreport.metlife.com/content/dam/metlifecom/us/sustainability/Sustainability-2024/sustainability-evergreen-microsite/pdf/MetLife-2023-CDP-Climate-Change-Report.pdf,12464.0,47108.0,7667.0,,,,old,,True,Committed,,,,,,,,2016-04-20 01:00:00,False,,,,,False,False,False,,,,,,,,,,,True,METLIFE,Insurance,70986.0,45000.0,20.0,50.0,-1.5,0.1,-0.7,0.1,-0.2,-1.3,7.1,-0.4,3.0,-4.9,0.1,Scarce human capital 57.6k scarce worker years,Societal infrastructure 63.0M long-haul train rides,https://uprightplatform.com/company/283328d5-6c84-4d45-85ab-a763d9078d85/MetLife/,False,,,
MTD,Mettler Toledo,sustainability_report,https://www.mt.com/dam/sustainability/crr-2026/METTLER_TOLEDO_Corporate_Responsibility_Report_2026.pdf,,,,,,,False,no_fields_extracted,False,,,,,,,,,,False,,,,,True,True,True,22951.1,median_model_revenue+employees,sector:Health Care,25,"Tier 2 Scope 1 ESTIMATE (LSEG median-model style), NOT a disclosure -- see pipeline/tier2_estimation/estimate_tier2.py. Peer group: sector = 'Health Care' (25 Tier 1 peers with a real Scope 1 value, floor=5). Revenue-based: median peer Scope 1 tCO2e/$ revenue (3.54491e-06) x this company's revenue ($4,133,874,944) = 14,654 tCO2e. Employee-based: median peer Scope 1 tCO2e/employee (1.88241) x this company's employee count (16,600) = 31,248 tCO2e. Final estimate is the average of the available method(s): 22,951 tCO2e.",22861.0,median_model_revenue+employees,sector:Health Care,18,"Tier 2 Scope 2 ESTIMATE (LSEG median-model style), NOT a disclosure -- see pipeline/tier2_estimation/estimate_tier2.py. Peer group: sector = 'Health Care' (18 Tier 1 peers with a real Scope 2 value, floor=5). Revenue-based: median peer Scope 2 tCO2e/$ revenue (3.19915e-06) x this company's revenue ($4,133,874,944) = 13,225 tCO2e. Employee-based: median peer Scope 2 tCO2e/employee (1.95766) x this company's employee count (16,600) = 32,497 tCO2e. Final estimate is the average of the available method(s): 22,861 tCO2e.",True,METTLER-TOLEDO,Industrial Manufacturing and Services,3788.31,17300.0,25.0,46.0,-9.0,0.7,-4.1,0.4,-1.2,-0.2,10.5,-1.0,2.5,-3.3,4.3,GHG emissions 376k tons of GHG emissions,Taxes 3.41M days of primary education,https://uprightplatform.com/company/3d5ef53e-acd2-4fff-bc4f-2e53b93ab072/Mettler-Toledo/,False,,,
MSFT,Microsoft,cdp_pdf,https://cdn-dynmedia-1.microsoft.com/is/content/microsoftcorp/microsoft/msc/documents/presentations/CSR/Microsoft-2025-CDP-response.pdf,143510.0,9955368.0,259090.0,06/30/2020,118100.0,245122000000.0,new,,True,Targets set,1.5°C,2030.0,,,Commitment removed,,American multinational technology company Microsoft commits to continue annually source 100% renewable electricity through 2030. Microsoft also commits to reduce scope 3 GHG emissions intensity per unit of revenue 30% by 2030 from a 2017 base year and to avoid growth in absolute scope 3 emissions.,2020-01-01 01:00:00,True,1,electricity-generation,IRL,,False,False,False,,,,,,,,,,,True,MICROSOFT,Computer Software,245122.0,221000.0,35.0,37.0,-3.7,0.3,-1.7,0.2,-0.3,-0.3,10.9,-1.9,2.3,-6.0,4.7,Scarce human capital 239k scarce worker years,Taxes 274M days of primary education,https://uprightplatform.com/company/7f880866-d248-44aa-beac-dd2256fe8b8c/Microsoft/,False,,,
MAA,Mid-America Apartment Communities,sustainability_report,http://s1.q4cdn.com/498755859/files/doc_downloads/sustainability/2024/MAA-CSR2024-Final.pdf,,,,,,,False,no_fields_extracted,False,,,,,,,,,,False,,,,,True,True,True,11522.3,median_model_revenue+employees,sector:Real Estate,8,"Tier 2 Scope 1 ESTIMATE (LSEG median-model style), NOT a disclosure -- see pipeline/tier2_estimation/estimate_tier2.py. Peer group: sector = 'Real Estate' (8 Tier 1 peers with a real Scope 1 value, floor=5). Revenue-based: median peer Scope 1 tCO2e/$ revenue (5.49255e-06) x this company's revenue ($2,218,780,928) = 12,187 tCO2e. Employee-based: median peer Scope 1 tCO2e/employee (4.331) x this company's employee count (2,507) = 10,858 tCO2e. Final estimate is the average of the available method(s): 11,522 tCO2e.",269398.9,median_model_revenue+employees,sector:Real Estate,7,"Tier 2 Scope 2 ESTIMATE (LSEG median-model style), NOT a disclosure -- see pipeline/tier2_estimation/estimate_tier2.py. Peer group: sector = 'Real Estate' (7 Tier 1 peers with a real Scope 2 value, floor=5). Revenue-based: median peer Scope 2 tCO2e/$ revenue (7.54576e-06) x this company's revenue ($2,218,780,928) = 16,742 tCO2e. Employee-based: median peer Scope 2 tCO2e/employee (208.239) x this company's employee count (2,507) = 522,055 tCO2e. Final estimate is the average of the available method(s): 269,399 tCO2e.",True,MID-AMERICA APARTMENT COMMUNITIES,,2163.06,2532.0,8.0,61.0,-11.4,0.4,-6.3,0.3,-1.2,-0.4,15.7,-1.4,2.2,-3.6,0.0,,,https://uprightplatform.com/company/b245f18c-86ce-428c-84bf-737aee3bf4b8/Mid-America%20Apartment%20Communities/,False,,,
MRNA,Moderna,sustainability_report,https://assets.modernatx.com/m/5cc10007e5a806e6/original/Moderna_ESG_2022.pdf,,,,,,,False,no_fields_extracted,True,Targets set,1.5°C,2030.0,Targets set,2045.0,Targets set,2045.0,"Overall Net-Zero Target: Moderna, Inc. commits to reach net-zero greenhouse gas emissions across the value chain by 2045. Near-Term Targets: Moderna, Inc. commits to reduce absolute scope 1 and 2 GHG emissions 90% by 2030 from a 2021 base year. Moderna, Inc. commits that 85% of its suppliers by emissions covering purchased goods and services, capital goods and upstream transportation and distribution, will have science-based targets by 2028. Long-Term Targets: Moderna, Inc. commits to maintain a minimum of 90% absolute scopes 1 and 2 GHG emissions from 2030 through 2045 from a 2021 base year. Moderna, Inc. also commits to reduce absolute scope 3 GHG emissions emissions 90% by 2045 from a 2021 base year. ",2025-01-09 01:00:00,False,,,,,True,True,True,8372.7,median_model_revenue+employees,sector:Health Care,25,"Tier 2 Scope 1 ESTIMATE (LSEG median-model style), NOT a disclosure -- see pipeline/tier2_estimation/estimate_tier2.py. Peer group: sector = 'Health Care' (25 Tier 1 peers with a real Scope 1 value, floor=5). Revenue-based: median peer Scope 1 tCO2e/$ revenue (3.54491e-06) x this company's revenue ($2,228,000,000) = 7,898 tCO2e. Employee-based: median peer Scope 1 tCO2e/employee (1.88241) x this company's employee count (4,700) = 8,847 tCO2e. Final estimate is the average of the available method(s): 8,373 tCO2e.",8164.3,median_model_revenue+employees,sector:Health Care,18,"Tier 2 Scope 2 ESTIMATE (LSEG median-model style), NOT a disclosure -- see pipeline/tier2_estimation/estimate_tier2.py. Peer group: sector = 'Health Care' (18 Tier 1 peers with a real Scope 2 value, floor=5). Revenue-based: median peer Scope 2 tCO2e/$ revenue (3.19915e-06) x this company's revenue ($2,228,000,000) = 7,128 tCO2e. Employee-based: median peer Scope 2 tCO2e/employee (1.95766) x this company's employee count (4,700) = 9,201 tCO2e. Final estimate is the average of the available method(s): 8,164 tCO2e.",True,MODERNA,Pharmaceuticals and Biotechnology,5153.0,5800.0,83.0,1.0,-6.6,0.2,-2.5,,-1.3,-1.3,9.0,-3.1,74.2,-3.5,1.1,Scarce human capital 2.99k scarce worker years,Physical diseases 302k life years,https://uprightplatform.com/company/2d7c9b12-d093-4626-ba77-973053339a5e/Moderna/,False,,,
MDLZ,Mondelez International,none,,,,,,,,,no_public_report_found,True,Targets set,1.5°C,2030.0,Targets set,2050.0,Targets set,2050.0,"Net-Zero Target
Mondelez International Inc commits to reach net-zero greenhouse gas emissions across the value chain by 2050.
Near-Term Targets
Energy & Industry:
Mondelez International Inc commits to reduce absolute scope 1 and 2 GHG emissions 50.4% by 2030 from a 2018
base year.* Mondelez International Inc also commits to reduce absolute scope 3 GHG emissions 30% within the
same timeframe.
*The target boundary includes biogenic land-related emissions and removals from bioenergy feedstocks.
FLAG:
Mondelez International Inc commits to reduce absolute scope 3 FLAG GHG emissions 36.4% by 2030 from a 2018
base year.* Mondelez International Inc commits to no deforestation across its primary deforestation-linked
commodities with a target date of December 31st 2025
*The target includes FLAG emissions and removals.
Long-term targets
Energy & Industry:
Mondelez International Inc commits to reduce absolute scope 1 and 2 GHG emissions 90% by 2050 from a 2018
base year.* Mondelez International Inc also commits to reduce absolute scope 3 GHG emissions 90% within the
same timeframe.
*The target boundary includes biogenic land-related emissions and removals from bioenergy feedstocks.
FLAG:
Mondelez International Inc commits to reduce absolute scope 3 FLAG GHG emissions 72% by 2050 from a 2018 base
year.*
*The target includes FLAG emissions and removals.",2024-04-11 01:00:00,False,,,,,True,True,True,738641.4,median_model_revenue+employees,sub_industry:Packaged Foods & Meats,5,"Tier 2 Scope 1 ESTIMATE (LSEG median-model style), NOT a disclosure -- see pipeline/tier2_estimation/estimate_tier2.py. Peer group: sub_industry = 'Packaged Foods & Meats' (5 Tier 1 peers with a real Scope 1 value, floor=5). Revenue-based: median peer Scope 1 tCO2e/$ revenue (1.80644e-05) x this company's revenue ($39,674,998,784) = 716,705 tCO2e. Employee-based: median peer Scope 1 tCO2e/employee (8.35799) x this company's employee count (91,000) = 760,577 tCO2e. Final estimate is the average of the available method(s): 738,641 tCO2e.",166851.1,median_model_revenue+employees,sector:Consumer Staples,16,"Tier 2 Scope 2 ESTIMATE (LSEG median-model style), NOT a disclosure -- see pipeline/tier2_estimation/estimate_tier2.py. Peer group: sector = 'Consumer Staples' (16 Tier 1 peers with a real Scope 2 value, floor=5). Revenue-based: median peer Scope 2 tCO2e/$ revenue (2.81277e-06) x this company's revenue ($39,674,998,784) = 111,597 tCO2e. Employee-based: median peer Scope 2 tCO2e/employee (2.44072) x this company's employee count (91,000) = 222,106 tCO2e. Final estimate is the average of the available method(s): 166,851 tCO2e.",True,MONDELEZ,Food and Beverage,36441.0,90000.0,-131.0,98.0,-17.1,0.4,-4.5,0.3,-2.6,-0.3,6.7,-12.3,6.5,-1.6,0.0,Physical diseases 348k life years,Taxes 23.0M days of primary education,https://uprightplatform.com/company/731a2224-3710-4eef-9625-1e57f4f69172/Mondelez/,False,,,
MPWR,Monolithic Power Systems,cdp_pdf,https://media.monolithicpower.com/mps_cms_document/m/p/mps_2023_climate_report.pdf,38.0,25698.0,25567.0,,,,old,,False,,,,,,,,,,False,,,,,False,False,False,,,,,,,,,,,True,MONOLITHIC POWER SYSTEMS,,1821.07,4017.0,-28.0,80.0,-10.1,0.4,-4.5,0.3,-1.4,-0.4,8.6,-1.6,0.9,-3.0,1.8,,,https://uprightplatform.com/company/c30f420c-a75b-4b71-9936-cca32d36711f/Monolithic%20Power%20Systems/,False,,,
MNST,Monster Beverage,cdp_pdf,https://www.monsterbevcorp.com/media/Monster_Beverage_Corporation-2024_CDP_Questionnaire.pdf,10647.0,8025.0,10019.0,12/31/2023,15232.0,7140027000.0,new,,True,Commitment removed,,,,,,,,2024-01-18 01:00:00,False,,,,,False,False,False,,,,,,,,,,,True,MONSTER BEVERAGE,,7140.0,6003.0,-382.0,100.0,-15.7,0.2,-6.3,0.1,-3.0,-0.1,5.7,-23.2,2.5,-2.0,0.0,,,https://uprightplatform.com/company/7439e959-6f29-46d2-95c2-d41f0c33b07b/Monster%20Beverage/,False,,,
MCO,Moody's Corporation,cdp_pdf,https://www.moodys.com/web/en/us/site-assets/cdp-report.pdf,1744.0,14035.0,13591.0,12/31/2019,1744.0,7088000000.0,new,,True,Targets set,1.5°C,2030.0,Targets set,2040.0,Targets set,2040.0,"Overall Net-Zero Target Moody’s Corporation commits to reach net-zero greenhouse gas emissions across the value chain by 2040 from a 2019 base year. Near-Term Targets Moody's Corporation commits to reduce absolute scope 1 and 2 emissions 50% by 2030 from a 2019 base year. Moody's Corporation also commits to reduce absolute scope 3 GHG emissions from fuel and energy related activities, business travel, and employee commuting 15% by 2025 from a 2019 base year. Moody's Corporation further commits that 60% of its suppliers by spend covering purchased goods and services, and capital goods will have science-based targets by 2025. Long-Term Targets Moody's Corporation commits to reduce absolute scope 1, 2, and 3 emissions 90% by 2040 from a 2019 base year.",2022-05-12 01:00:00,False,,,,,False,False,False,,,,,,,,,,,True,MOODY'S,Financial Services,5916.0,15913.0,29.0,42.0,-3.5,0.4,-1.8,0.2,-0.5,-0.6,8.4,-1.2,1.4,-5.4,5.2,Scarce human capital 5.28k scarce worker years,Taxes 3.89M days of primary education,https://uprightplatform.com/company/897349b3-a402-4509-bf93-60f827af6d98/Moody's/,False,,,
MS,Morgan Stanley,sustainability_report,https://www.morganstanley.com/content/dam/msdotcom/en/assets/pdfs/Morgan_Stanley_2023_ESG_Report.pdf,,,,,,,False,no_fields_extracted,False,,,,,,,,,,True,1,electricity-generation,USA,100.0,True,True,True,33838.9,median_model_revenue+employees,sector:Financials,21,"Tier 2 Scope 1 ESTIMATE (LSEG median-model style), NOT a disclosure -- see pipeline/tier2_estimation/estimate_tier2.py. Peer group: sector = 'Financials' (21 Tier 1 peers with a real Scope 1 value, floor=5). Revenue-based: median peer Scope 1 tCO2e/$ revenue (5.36817e-07) x this company's revenue ($77,827,997,696) = 41,779 tCO2e. Employee-based: median peer Scope 1 tCO2e/employee (0.312029) x this company's employee count (83,000) = 25,898 tCO2e. Final estimate is the average of the available method(s): 33,839 tCO2e.",18451.0,median_model_revenue+employees,sector:Financials,17,"Tier 2 Scope 2 ESTIMATE (LSEG median-model style), NOT a disclosure -- see pipeline/tier2_estimation/estimate_tier2.py. Peer group: sector = 'Financials' (17 Tier 1 peers with a real Scope 2 value, floor=5). Revenue-based: median peer Scope 2 tCO2e/$ revenue (1.98278e-07) x this company's revenue ($77,827,997,696) = 15,432 tCO2e. Employee-based: median peer Scope 2 tCO2e/employee (0.25868) x this company's employee count (83,000) = 21,470 tCO2e. Final estimate is the average of the available method(s): 18,451 tCO2e.",True,MORGAN STANLEY,Financial Services,107285.0,80000.0,-5.0,69.0,-2.1,0.1,-1.1,0.1,-0.3,-0.4,5.2,-0.3,0.8,-6.3,2.6,Scarce human capital 112k scarce worker years,Taxes 45.8M days of primary education,https://uprightplatform.com/company/17ea051d-d7ce-49bf-a840-9d1bc9406a48/Morgan%20Stanley/,False,,,
MOS,Mosaic Company (The),cdp_pdf,https://mosaicco.com/fileLibrary/publicFiles/0-mosaic-2023-response.pdf,3192707.0,1196633.0,1290002.0,,,,old,,False,,,,,,,,,,False,,,,,False,False,False,,,,,,,,,,,True,THE MOSAIC COMPANY,Chemicals,11253.4,10454.0,-32.0,81.0,-23.6,1.6,-10.7,1.3,-4.1,-0.6,8.1,-3.0,12.4,-2.0,0.0,GHG emissions 2.89M tons of GHG emissions,Nutrition 5.55bn bananas,https://uprightplatform.com/company/585f495a-8a3d-475e-9d2b-c839f771de15/The%20Mosaic%20Company/,False,,,
MSI,Motorola Solutions,none,,,,,,,,,no_public_report_found,False,,,,,,,,,,False,,,,,True,True,True,10633.3,median_model_revenue+employees,sector:Information Technology,37,"Tier 2 Scope 1 ESTIMATE (LSEG median-model style), NOT a disclosure -- see pipeline/tier2_estimation/estimate_tier2.py. Peer group: sector = 'Information Technology' (37 Tier 1 peers with a real Scope 1 value, floor=5). Revenue-based: median peer Scope 1 tCO2e/$ revenue (6.23987e-07) x this company's revenue ($12,236,999,680) = 7,636 tCO2e. Employee-based: median peer Scope 1 tCO2e/employee (0.592647) x this company's employee count (23,000) = 13,631 tCO2e. Final estimate is the average of the available method(s): 10,633 tCO2e.",30987.4,median_model_revenue+employees,sector:Information Technology,29,"Tier 2 Scope 2 ESTIMATE (LSEG median-model style), NOT a disclosure -- see pipeline/tier2_estimation/estimate_tier2.py. Peer group: sector = 'Information Technology' (29 Tier 1 peers with a real Scope 2 value, floor=5). Revenue-based: median peer Scope 2 tCO2e/$ revenue (2.34945e-06) x this company's revenue ($12,236,999,680) = 28,750 tCO2e. Employee-based: median peer Scope 2 tCO2e/employee (1.44455) x this company's employee count (23,000) = 33,225 tCO2e. Final estimate is the average of the available method(s): 30,987 tCO2e.",True,MOTOROLA SOLUTIONS,Telecommunications,11094.0,21000.0,51.0,20.0,-6.7,0.4,-3.4,0.2,-0.8,-0.3,16.8,-1.6,2.2,-4.0,6.7,Scarce human capital 7.38k scarce worker years,Taxes 11.9M days of primary education,https://uprightplatform.com/company/8dde8efc-26fc-4934-a3e1-169c0a5eb8f1/Motorola%20Solutions/,False,,,
MSCI,MSCI,cdp_pdf,https://www.msci.com/downloads/web/msci-com/discover-msci/corporate-responsbility/sustainability-reports-and-policies/msci-2025-cdp-corporate-questionnaire-2025.pdf,543.18,7140.02,97.08,12/31/2019,272.0,2856128000.0,new,,True,Targets set,1.5°C,2030.0,Targets set,2040.0,Targets set,2040.0,"Overall Net-Zero Target MSCI commits to reach net-zero GHG emissions across the value chain by 2040 from a 2019 base year. Near-Term Targets MSCI commits to reduce absolute scope 1 and 2 GHG emissions 80% by 2030 from a 2019 base year. MSCI also commits to reduce absolute scope 3 GHG emissions 50% by 2030 from a 2019 base year. Long-Term Targets MSCI commits to reduce absolute scope 1, 2 and 3 GHG emissions 90% by 2040 from a 2019 base year.",2022-12-08 01:00:00,False,,,,,False,False,False,,,,,,,,,,,True,MSCI,Corporate Services,2986.72,6208.0,28.0,43.0,-1.5,0.1,-0.7,0.1,-0.2,-0.1,6.8,-0.3,0.5,-6.3,4.1,Scarce human capital 3.10k scarce worker years,Taxes 1.98M days of primary education,https://uprightplatform.com/company/ccaf6862-0f0f-4a12-8575-997642608c71/MSCI/,False,,,
NDAQ,"Nasdaq, Inc.",none,,,,,,,,,no_public_report_found,True,Targets set,1.5°C,2032.0,Targets set,2050.0,Targets set,2050.0,"Overall Net-Zero Target: Nasdaq, Inc. commits to reach net-zero greenhouse gas emissions across the value chain by 2050.  Near-Term Targets: Nasdaq, Inc. commits to reduce absolute scope 1 and 2 GHG emissions 90% by 2032 from a 2023 base year. Nasdaq, Inc. also commits to increase active annual sourcing of renewable electricity from 97% in 2023 to 100% by 2030. Nasdaq, Inc. further commits to reduce absolute scope 3 GHG emissions 50% by 2032 from a 2023 base year. Nasdaq, Inc. finally commits that 70% of its suppliers by spend, covering purchased goods and services and capital goods, will have science-based targets by 2029.  Long-Term Targets: Nasdaq, Inc. commits to maintain a minimum 90% absolute scope 1 and 2 GHG emissions reduction from 2032 through 2050 from a 2023 base year. Nasdaq, Inc. also commits to reduce absolute scope 3 GHG emissions 95% within the same timeframe.",2025-10-30 01:00:00,False,,,,,True,True,True,3009.3,median_model_revenue+employees,sector:Financials,21,"Tier 2 Scope 1 ESTIMATE (LSEG median-model style), NOT a disclosure -- see pipeline/tier2_estimation/estimate_tier2.py. Peer group: sector = 'Financials' (21 Tier 1 peers with a real Scope 1 value, floor=5). Revenue-based: median peer Scope 1 tCO2e/$ revenue (5.36817e-07) x this company's revenue ($5,614,000,128) = 3,014 tCO2e. Employee-based: median peer Scope 1 tCO2e/employee (0.312029) x this company's employee count (9,630) = 3,005 tCO2e. Final estimate is the average of the available method(s): 3,009 tCO2e.",1802.1,median_model_revenue+employees,sector:Financials,17,"Tier 2 Scope 2 ESTIMATE (LSEG median-model style), NOT a disclosure -- see pipeline/tier2_estimation/estimate_tier2.py. Peer group: sector = 'Financials' (17 Tier 1 peers with a real Scope 2 value, floor=5). Revenue-based: median peer Scope 2 tCO2e/$ revenue (1.98278e-07) x this company's revenue ($5,614,000,128) = 1,113 tCO2e. Employee-based: median peer Scope 2 tCO2e/employee (0.25868) x this company's employee count (9,630) = 2,491 tCO2e. Final estimate is the average of the available method(s): 1,802 tCO2e.",True,NASDAQ,Financial Services,6564.0,9492.0,23.0,48.0,-1.6,0.1,-0.7,0.1,-0.2,-0.6,6.0,-0.3,1.1,-6.2,3.9,Scarce human capital 6.70k scarce worker years,Taxes 3.59M days of primary education,https://uprightplatform.com/company/ad8d405a-80cc-41b2-b6c1-e3f9a3c279cd/Nasdaq/,False,,,
NTAP,NetApp,sustainability_report,https://webobjects2.cdw.com/is/content/CDW/cdw/on-domain-cdw/brands/netapp/netapp-2024-esg-impact-report.pdf?ci=2676,,,,,,,False,no_fields_extracted,True,Targets set,1.5°C,FY2030,,,,,"Near-Term Targets: NetApp, Inc. commits to reduce absolute scope 1 and 2 GHG emissions 50.8% by FY2030 from a FY2020 base year. NetApp, Inc. also commits to reduce scope 3 GHG emissions from use of sold products 51.6% per effective petabytes shipped by FY2030 from a FY2023 base year.",2025-01-16 01:00:00,False,,,,,True,True,True,5772.9,median_model_revenue+employees,sector:Information Technology,37,"Tier 2 Scope 1 ESTIMATE (LSEG median-model style), NOT a disclosure -- see pipeline/tier2_estimation/estimate_tier2.py. Peer group: sector = 'Information Technology' (37 Tier 1 peers with a real Scope 1 value, floor=5). Revenue-based: median peer Scope 1 tCO2e/$ revenue (6.23987e-07) x this company's revenue ($7,391,000,064) = 4,612 tCO2e. Employee-based: median peer Scope 1 tCO2e/employee (0.592647) x this company's employee count (11,700) = 6,934 tCO2e. Final estimate is the average of the available method(s): 5,773 tCO2e.",17133.0,median_model_revenue+employees,sector:Information Technology,29,"Tier 2 Scope 2 ESTIMATE (LSEG median-model style), NOT a disclosure -- see pipeline/tier2_estimation/estimate_tier2.py. Peer group: sector = 'Information Technology' (29 Tier 1 peers with a real Scope 2 value, floor=5). Revenue-based: median peer Scope 2 tCO2e/$ revenue (2.34945e-06) x this company's revenue ($7,391,000,064) = 17,365 tCO2e. Employee-based: median peer Scope 2 tCO2e/employee (1.44455) x this company's employee count (11,700) = 16,901 tCO2e. Final estimate is the average of the available method(s): 17,133 tCO2e.",True,NETAPP,,6362.0,11700.0,39.0,32.0,-3.8,0.4,-1.9,0.3,-0.4,-0.3,10.5,-1.0,0.9,-5.9,6.4,,,https://uprightplatform.com/company/4189f3fd-2697-49b1-afdf-c4e046f3d7ba/NetApp/,False,,,
NFLX,Netflix,none,,,,,,,,,no_public_report_found,True,Targets set,1.5°C,2030.0,,,Commitment removed,,Netflix commits to reduce absolute scope 1 and 2 GHG emissions 46.2% by 2030 from a 2019 base year. Netflix also commits to reduce scope 3 GHG emissions 55% per million USD of value added within the same timeframe.,2023-03-30 01:00:00,False,,,,,True,True,True,25005.6,median_model_revenue+employees,sector:Communication Services,6,"Tier 2 Scope 1 ESTIMATE (LSEG median-model style), NOT a disclosure -- see pipeline/tier2_estimation/estimate_tier2.py. Peer group: sector = 'Communication Services' (6 Tier 1 peers with a real Scope 1 value, floor=5). Revenue-based: median peer Scope 1 tCO2e/$ revenue (6.73153e-07) x this company's revenue ($48,370,765,824) = 32,561 tCO2e. Employee-based: median peer Scope 1 tCO2e/employee (1.09064) x this company's employee count (16,000) = 17,450 tCO2e. Final estimate is the average of the available method(s): 25,006 tCO2e.",157590.2,median_model_revenue+employees,sector:Communication Services,6,"Tier 2 Scope 2 ESTIMATE (LSEG median-model style), NOT a disclosure -- see pipeline/tier2_estimation/estimate_tier2.py. Peer group: sector = 'Communication Services' (6 Tier 1 peers with a real Scope 2 value, floor=5). Revenue-based: median peer Scope 2 tCO2e/$ revenue (5.2889e-06) x this company's revenue ($48,370,765,824) = 255,828 tCO2e. Employee-based: median peer Scope 2 tCO2e/employee (3.70951) x this company's employee count (16,000) = 59,352 tCO2e. Final estimate is the average of the available method(s): 157,590 tCO2e.",True,NETFLIX,Media,45183.04,16000.0,4.0,64.0,-4.6,0.3,-2.2,0.2,-0.6,-0.2,9.2,-6.6,4.8,-3.4,1.0,Scarce human capital 25.2k scarce worker years,Taxes 38.9M days of primary education,https://uprightplatform.com/company/774d99c3-fa3e-4cda-99e7-faa8ec9bccc9/Netflix/,False,,,
NWSA,News Corp (Class A),none,,,,,,,,,no_public_report_found,False,,,,,,,,,,False,,,,,True,True,True,14872.0,median_model_revenue+employees,sector:Communication Services,6,"Tier 2 Scope 1 ESTIMATE (LSEG median-model style), NOT a disclosure -- see pipeline/tier2_estimation/estimate_tier2.py. Peer group: sector = 'Communication Services' (6 Tier 1 peers with a real Scope 1 value, floor=5). Revenue-based: median peer Scope 1 tCO2e/$ revenue (6.73153e-07) x this company's revenue ($9,027,999,744) = 6,077 tCO2e. Employee-based: median peer Scope 1 tCO2e/employee (1.09064) x this company's employee count (21,700) = 23,667 tCO2e. Final estimate is the average of the available method(s): 14,872 tCO2e.",64122.3,median_model_revenue+employees,sector:Communication Services,6,"Tier 2 Scope 2 ESTIMATE (LSEG median-model style), NOT a disclosure -- see pipeline/tier2_estimation/estimate_tier2.py. Peer group: sector = 'Communication Services' (6 Tier 1 peers with a real Scope 2 value, floor=5). Revenue-based: median peer Scope 2 tCO2e/$ revenue (5.2889e-06) x this company's revenue ($9,027,999,744) = 47,748 tCO2e. Employee-based: median peer Scope 2 tCO2e/employee (3.70951) x this company's employee count (21,700) = 80,496 tCO2e. Final estimate is the average of the available method(s): 64,122 tCO2e.",True,NEWS,Media,9941.0,22300.0,50.0,21.0,-2.9,0.2,-1.3,0.1,-0.3,-0.2,11.8,-3.5,3.5,-4.0,5.8,Scarce human capital 6.42k scarce worker years,Taxes 10.0M days of primary education,https://uprightplatform.com/company/2d10dc0b-c031-459c-86f6-75694a67d574/News/,False,,,
NWS,News Corp (Class B),none,,,,,,,,,no_public_report_found,False,,,,,,,,,,False,,,,,True,True,True,14872.0,median_model_revenue+employees,sector:Communication Services,6,"Tier 2 Scope 1 ESTIMATE (LSEG median-model style), NOT a disclosure -- see pipeline/tier2_estimation/estimate_tier2.py. Peer group: sector = 'Communication Services' (6 Tier 1 peers with a real Scope 1 value, floor=5). Revenue-based: median peer Scope 1 tCO2e/$ revenue (6.73153e-07) x this company's revenue ($9,027,999,744) = 6,077 tCO2e. Employee-based: median peer Scope 1 tCO2e/employee (1.09064) x this company's employee count (21,700) = 23,667 tCO2e. Final estimate is the average of the available method(s): 14,872 tCO2e.",64122.3,median_model_revenue+employees,sector:Communication Services,6,"Tier 2 Scope 2 ESTIMATE (LSEG median-model style), NOT a disclosure -- see pipeline/tier2_estimation/estimate_tier2.py. Peer group: sector = 'Communication Services' (6 Tier 1 peers with a real Scope 2 value, floor=5). Revenue-based: median peer Scope 2 tCO2e/$ revenue (5.2889e-06) x this company's revenue ($9,027,999,744) = 47,748 tCO2e. Employee-based: median peer Scope 2 tCO2e/employee (3.70951) x this company's employee count (21,700) = 80,496 tCO2e. Final estimate is the average of the available method(s): 64,122 tCO2e.",True,NEWS,Media,9941.0,22300.0,50.0,21.0,-2.9,0.2,-1.3,0.1,-0.3,-0.2,11.8,-3.5,3.5,-4.0,5.8,Scarce human capital 6.42k scarce worker years,Taxes 10.0M days of primary education,https://uprightplatform.com/company/2d10dc0b-c031-459c-86f6-75694a67d574/News/,False,,,
NKE,"Nike, Inc.",sustainability_report,"https://media.about.nike.com/files/460d3198-9609-4f5b-b18c-d4e7aa570bff/FY24_NIKE,-Inc.-Sustainability-Data.pdf",57390,211322,12120,,,,False,"Manually entered (not parser-automated): NIKE's FY24 Sustainability Data report uses a facility-type breakdown (Air MI/Distribution Centers/HQs/Retail/Corporate Jets/HQ Fleet) rather than a single labelled Scope 1/2 row, not a generalizable layout. Cross-verified across three independent tables in the document: (1) explicit 'FY24 Emissions Summary Scope 1, 2, and 3' table states Scope 1=57,390, Scope 2 market-based=12,120; (2) 'Energy and Emissions by Business Function' table's NIKE, Inc. total row matches both figures exactly; (3) 'Fuel Consumption and Scope 1 Emissions' table's NIKE, Inc. row also shows 57,390 (also independently matches a by-gas breakdown total). Scope 2 location-based (211,322) is the document's own stated NIKE, Inc. total in the 'Electricity Consumption and Scope 2 Emissions' table, which also matches summing the four facility rows (26,273+59,563+42,199+83,287=211,322) independently.",True,Targets set,1.5°C,2030.0,,,,,"American multinational corporation NIKE, Inc. sets a target to reduce absolute scope 1 and 2 GHG emissions 65% by 2030 from a 2015 base year. NIKE, Inc. also sets a target to reduce absolute scope 3 GHG emissions 30% within the same timefram",2019-09-19 01:00:00,False,,,,,False,False,False,,,,,,,,,,,True,NIKE,Consumer Product Manufacturing,46513.0,77800.0,-22.0,68.0,-14.3,0.9,-7.5,0.6,-1.6,-1.6,8.8,-2.1,9.1,-1.3,0.1,GHG emissions 8.76M tons of GHG emissions,Physical diseases 204k life years,https://uprightplatform.com/company/53a9f70a-8e65-430e-bd73-356caeb57fc7/Nike/,False,,,
NDSN,Nordson Corporation,none,,,,,,,,,no_public_report_found,False,,,,,,,,,,False,,,,,True,True,True,15961.8,median_model_revenue+employees,sub_industry:Industrial Machinery & Supplies & Components,6,"Tier 2 Scope 1 ESTIMATE (LSEG median-model style), NOT a disclosure -- see pipeline/tier2_estimation/estimate_tier2.py. Peer group: sub_industry = 'Industrial Machinery & Supplies & Components' (6 Tier 1 peers with a real Scope 1 value, floor=5). Revenue-based: median peer Scope 1 tCO2e/$ revenue (5.37521e-06) x this company's revenue ($2,979,794,944) = 16,017 tCO2e. Employee-based: median peer Scope 1 tCO2e/employee (1.93983) x this company's employee count (8,200) = 15,907 tCO2e. Final estimate is the average of the available method(s): 15,962 tCO2e.",39033.5,median_model_revenue+employees,sub_industry:Industrial Machinery & Supplies & Components,5,"Tier 2 Scope 2 ESTIMATE (LSEG median-model style), NOT a disclosure -- see pipeline/tier2_estimation/estimate_tier2.py. Peer group: sub_industry = 'Industrial Machinery & Supplies & Components' (5 Tier 1 peers with a real Scope 2 value, floor=5). Revenue-based: median peer Scope 2 tCO2e/$ revenue (1.36744e-05) x this company's revenue ($2,979,794,944) = 40,747 tCO2e. Employee-based: median peer Scope 2 tCO2e/employee (4.55123) x this company's employee count (8,200) = 37,320 tCO2e. Final estimate is the average of the available method(s): 39,033 tCO2e.",True,NORDSON,Industrial Manufacturing and Services,2651.35,7900.0,-5.0,70.0,-11.7,2.0,-5.7,1.0,-1.9,-0.3,10.6,-1.8,1.6,-2.2,0.9,GHG emissions 362k tons of GHG emissions,Taxes 2.03M days of primary education,https://uprightplatform.com/company/c96518d3-3a8f-417e-b1a5-213ffb35dda9/Nordson/,False,,,
NSC,Norfolk Southern,cdp_pdf,https://www.norfolksouthern.com/content/dam/nscorp/pdf/NS%202023%20CDP%20Report.pdf,4127658.0,150491.0,152460.0,,,,old,,True,Targets set,Well-below 2°C,2034.0,,,,,Norfolk Southern commits to reduce scope 1 and 2 GHG emissions 42% per million gross ton-miles (MGTM) by 2034 from a 2019 base year*. *The target boundary includes biogenic emissions and removals from bioenergy feedstocks.,2021-07-29 01:00:00,False,,,,,False,False,False,,,,,,,,,,,True,NORFOLK SOUTHERN RAILWAY,Transportation,12230.0,20300.0,-29.0,80.0,-27.4,5.3,-14.3,4.5,-5.6,-1.3,20.5,-3.3,1.0,-2.9,0.3,GHG emissions 4.19M tons of GHG emissions,Societal infrastructure 37.4M long-haul train rides,https://uprightplatform.com/company/64a4b7d8-0b79-4382-92bb-397f6182e72e/Norfolk%20Southern%20Railway/,False,,,
NTRS,Northern Trust,none,,,,,,,,,no_public_report_found,True,Committed,,,,,Committed,,,2022-09-15 01:00:00,False,,,,,True,True,True,6120.6,median_model_revenue+employees,sector:Financials,21,"Tier 2 Scope 1 ESTIMATE (LSEG median-model style), NOT a disclosure -- see pipeline/tier2_estimation/estimate_tier2.py. Peer group: sector = 'Financials' (21 Tier 1 peers with a real Scope 1 value, floor=5). Revenue-based: median peer Scope 1 tCO2e/$ revenue (5.36817e-07) x this company's revenue ($9,085,500,416) = 4,877 tCO2e. Employee-based: median peer Scope 1 tCO2e/employee (0.312029) x this company's employee count (23,600) = 7,364 tCO2e. Final estimate is the average of the available method(s): 6,121 tCO2e.",3953.2,median_model_revenue+employees,sector:Financials,17,"Tier 2 Scope 2 ESTIMATE (LSEG median-model style), NOT a disclosure -- see pipeline/tier2_estimation/estimate_tier2.py. Peer group: sector = 'Financials' (17 Tier 1 peers with a real Scope 2 value, floor=5). Revenue-based: median peer Scope 2 tCO2e/$ revenue (1.98278e-07) x this company's revenue ($9,085,500,416) = 1,801 tCO2e. Employee-based: median peer Scope 2 tCO2e/employee (0.25868) x this company's employee count (23,600) = 6,105 tCO2e. Final estimate is the average of the available method(s): 3,953 tCO2e.",True,NORTHERN,Financial Services,13919.8,23400.0,7.0,62.0,-2.3,0.2,-1.2,0.1,-0.3,-0.5,6.5,-0.4,0.9,-6.4,2.8,Scarce human capital 14.5k scarce worker years,Taxes 7.01M days of primary education,https://uprightplatform.com/company/5c4b2806-91ae-4cd2-ae37-2fee909c743c/Northern/,False,,,
NCLH,Norwegian Cruise Line Holdings,sustainability_report,https://www.ncl.com/sites/default/files/2023_NCLH_Sail_and_Sustain_Report-compressed.pdf,,,,,,,False,no_fields_extracted,False,,,,,,,,,,False,,,,,True,True,True,46887.6,median_model_revenue+employees,sector:Consumer Discretionary,21,"Tier 2 Scope 1 ESTIMATE (LSEG median-model style), NOT a disclosure -- see pipeline/tier2_estimation/estimate_tier2.py. Peer group: sector = 'Consumer Discretionary' (21 Tier 1 peers with a real Scope 1 value, floor=5). Revenue-based: median peer Scope 1 tCO2e/$ revenue (3.71647e-06) x this company's revenue ($10,154,306,560) = 37,738 tCO2e. Employee-based: median peer Scope 1 tCO2e/employee (1.25926) x this company's employee count (44,500) = 56,037 tCO2e. Final estimate is the average of the available method(s): 46,888 tCO2e.",73602.2,median_model_revenue+employees,sector:Consumer Discretionary,18,"Tier 2 Scope 2 ESTIMATE (LSEG median-model style), NOT a disclosure -- see pipeline/tier2_estimation/estimate_tier2.py. Peer group: sector = 'Consumer Discretionary' (18 Tier 1 peers with a real Scope 2 value, floor=5). Revenue-based: median peer Scope 2 tCO2e/$ revenue (6.64506e-06) x this company's revenue ($10,154,306,560) = 67,476 tCO2e. Employee-based: median peer Scope 2 tCO2e/employee (1.79165) x this company's employee count (44,500) = 79,728 tCO2e. Final estimate is the average of the available method(s): 73,602 tCO2e.",True,NORWEGIAN CRUISE LINE,"Leisure, Sports and Recreation",9560.99,36500.0,-54.0,88.0,-17.5,1.5,-9.1,1.0,-3.4,-0.7,10.6,-5.1,4.6,-2.8,0.3,GHG emissions 2.08M tons of GHG emissions,Taxes 9.40M days of primary education,https://uprightplatform.com/company/9ce776cd-81eb-48a0-9b8c-b1cf06f3c5f1/Norwegian%20Cruise%20Line/,False,,,
NVDA,Nvidia,cdp_pdf,https://www.nvidia.com/content/dam/en-zz/Solutions/csr/NVIDIA_Corporation_CDP_Climate_Change_Questionnaire_2023.pdf,12346.0,142909.0,60671.0,,,,old,,True,Targets set,1.5°C,FY2030,,,,,Near-Term Targets: NVIDIA commits to reduce absolute scope 1 and 2 GHG emissions 50% by FY2030 from a FY2023 base year. NVIDIA also commits to reduce scope 3 GHG emissions from use of sold products 75% per PetaFLOP within the same timeframe.,2025-07-10 01:00:00,False,,,,,False,False,False,,,,,,,,,,,True,NVIDIA,Computer Software,130497.0,36000.0,14.0,55.0,-7.0,0.4,-3.1,0.3,-0.9,-0.4,8.2,-1.6,1.2,-3.9,5.2,Scarce human capital 84.5k scarce worker years,Taxes 109M days of primary education,https://uprightplatform.com/company/51da69d1-738a-4304-8a11-102f4e2c3b21/Nvidia/,False,,,
NVR,"NVR, Inc.",none,,,,,,,,,no_public_report_found,False,,,,,,,,,,False,,,,,True,True,True,21864.0,median_model_revenue+employees,sector:Consumer Discretionary,21,"Tier 2 Scope 1 ESTIMATE (LSEG median-model style), NOT a disclosure -- see pipeline/tier2_estimation/estimate_tier2.py. Peer group: sector = 'Consumer Discretionary' (21 Tier 1 peers with a real Scope 1 value, floor=5). Revenue-based: median peer Scope 1 tCO2e/$ revenue (3.71647e-06) x this company's revenue ($9,631,335,424) = 35,795 tCO2e. Employee-based: median peer Scope 1 tCO2e/employee (1.25926) x this company's employee count (6,300) = 7,933 tCO2e. Final estimate is the average of the available method(s): 21,864 tCO2e.",37644.1,median_model_revenue+employees,sector:Consumer Discretionary,18,"Tier 2 Scope 2 ESTIMATE (LSEG median-model style), NOT a disclosure -- see pipeline/tier2_estimation/estimate_tier2.py. Peer group: sector = 'Consumer Discretionary' (18 Tier 1 peers with a real Scope 2 value, floor=5). Revenue-based: median peer Scope 2 tCO2e/$ revenue (6.64506e-06) x this company's revenue ($9,631,335,424) = 64,001 tCO2e. Employee-based: median peer Scope 2 tCO2e/employee (1.79165) x this company's employee count (6,300) = 11,287 tCO2e. Final estimate is the average of the available method(s): 37,644 tCO2e.",True,NVR,,10723.04,7000.0,36.0,36.0,-19.8,0.6,-11.6,0.4,-2.3,-0.6,35.7,-1.7,2.0,-2.6,0.0,,,https://uprightplatform.com/company/539f9601-385f-4eba-b1db-144b79478fbd/NVR/,False,,,
NXPI,NXP Semiconductors,sustainability_report,https://www.nxp.com/docs/en/supporting-information/Corporate-Sustainability-Report-2025.pdf,,,,,,,False,no_fields_extracted,True,Targets set,1.5°C,2030.0,,,,,NXP Semiconductors commits to reduce absolute scope 1 and 2 GHG emissions 55% by 2030 from a 2021 base year. NXP Semiconductors also commits to reduce absolute scope 3 GHG emissions 35% by 2033 from a 2022 base year.,2024-07-25 01:00:00,False,,,,,True,True,True,37961.1,median_model_revenue+employees,sub_industry:Semiconductors,13,"Tier 2 Scope 1 ESTIMATE (LSEG median-model style), NOT a disclosure -- see pipeline/tier2_estimation/estimate_tier2.py. Peer group: sub_industry = 'Semiconductors' (13 Tier 1 peers with a real Scope 1 value, floor=5). Revenue-based: median peer Scope 1 tCO2e/$ revenue (2.16397e-06) x this company's revenue ($13,185,000,448) = 28,532 tCO2e. Employee-based: median peer Scope 1 tCO2e/employee (1.47316) x this company's employee count (32,169) = 47,390 tCO2e. Final estimate is the average of the available method(s): 37,961 tCO2e.",63232.6,median_model_revenue+employees,sub_industry:Semiconductors,5,"Tier 2 Scope 2 ESTIMATE (LSEG median-model style), NOT a disclosure -- see pipeline/tier2_estimation/estimate_tier2.py. Peer group: sub_industry = 'Semiconductors' (5 Tier 1 peers with a real Scope 2 value, floor=5). Revenue-based: median peer Scope 2 tCO2e/$ revenue (2.34945e-06) x this company's revenue ($13,185,000,448) = 30,977 tCO2e. Employee-based: median peer Scope 2 tCO2e/employee (2.96832) x this company's employee count (32,169) = 95,488 tCO2e. Final estimate is the average of the available method(s): 63,233 tCO2e.",True,NXP SEMICONDUCTORS,Computer Hardware,13276.0,33100.0,10.0,59.0,-10.0,1.3,-4.7,0.9,-1.8,-0.3,10.2,-2.1,1.7,-3.2,4.1,GHG emissions 1.49M tons of GHG emissions,Taxes 10.1M days of primary education,https://uprightplatform.com/company/e9c606be-00ed-456a-966b-bcdba0bfb97d/NXP%20Semiconductors/,False,,,
ORLY,O'Reilly Automotive,none,,,,,,,,,no_public_report_found,False,,,,,,,,,,False,,,,,True,True,True,94844.6,median_model_revenue+employees,sector:Consumer Discretionary,21,"Tier 2 Scope 1 ESTIMATE (LSEG median-model style), NOT a disclosure -- see pipeline/tier2_estimation/estimate_tier2.py. Peer group: sector = 'Consumer Discretionary' (21 Tier 1 peers with a real Scope 1 value, floor=5). Revenue-based: median peer Scope 1 tCO2e/$ revenue (3.71647e-06) x this company's revenue ($18,572,562,432) = 69,024 tCO2e. Employee-based: median peer Scope 1 tCO2e/employee (1.25926) x this company's employee count (95,822) = 120,665 tCO2e. Final estimate is the average of the available method(s): 94,845 tCO2e.",147547.7,median_model_revenue+employees,sector:Consumer Discretionary,18,"Tier 2 Scope 2 ESTIMATE (LSEG median-model style), NOT a disclosure -- see pipeline/tier2_estimation/estimate_tier2.py. Peer group: sector = 'Consumer Discretionary' (18 Tier 1 peers with a real Scope 2 value, floor=5). Revenue-based: median peer Scope 2 tCO2e/$ revenue (6.64506e-06) x this company's revenue ($18,572,562,432) = 123,416 tCO2e. Employee-based: median peer Scope 2 tCO2e/employee (1.79165) x this company's employee count (95,822) = 171,680 tCO2e. Final estimate is the average of the available method(s): 147,548 tCO2e.",True,O'REILLY AUTOMOTIVE,,17781.99,78258.0,-12.0,73.0,-12.8,2.5,-6.7,0.9,-2.6,-0.2,11.6,-2.1,0.7,-2.8,1.1,,,https://uprightplatform.com/company/fefebc9e-5a6d-413e-82d3-ce4c084d91c1/O'Reilly%20Automotive/,False,,,
ODFL,Old Dominion,sustainability_report,https://d1io3yog0oux5.cloudfront.net/_76a618a359278fc569741fd58cb55174/odfl/db/515/4099/pdf/ODFL_2022_ESG+Report.pdf,,,,,,,False,no_fields_extracted,False,,,,,,,,,,False,,,,,True,True,True,60806.3,median_model_revenue+employees,sector:Industrials,40,"Tier 2 Scope 1 ESTIMATE (LSEG median-model style), NOT a disclosure -- see pipeline/tier2_estimation/estimate_tier2.py. Peer group: sector = 'Industrials' (40 Tier 1 peers with a real Scope 1 value, floor=5). Revenue-based: median peer Scope 1 tCO2e/$ revenue (6.94524e-06) x this company's revenue ($5,602,506,752) = 38,911 tCO2e. Employee-based: median peer Scope 1 tCO2e/employee (4.09963) x this company's employee count (20,173) = 82,702 tCO2e. Final estimate is the average of the available method(s): 60,806 tCO2e.",61988.8,median_model_revenue+employees,sector:Industrials,28,"Tier 2 Scope 2 ESTIMATE (LSEG median-model style), NOT a disclosure -- see pipeline/tier2_estimation/estimate_tier2.py. Peer group: sector = 'Industrials' (28 Tier 1 peers with a real Scope 2 value, floor=5). Revenue-based: median peer Scope 2 tCO2e/$ revenue (9.89188e-06) x this company's revenue ($5,602,506,752) = 55,419 tCO2e. Employee-based: median peer Scope 2 tCO2e/employee (3.39852) x this company's employee count (20,173) = 68,558 tCO2e. Final estimate is the average of the available method(s): 61,989 tCO2e.",True,OLD DOMINION FREIGHT LINE,,5638.62,21895.0,-87.0,94.0,-29.8,0.2,-13.7,0.2,-8.4,-0.5,17.5,-1.7,0.2,-1.4,0.0,,,https://uprightplatform.com/company/a97bfca1-d2e8-4236-bcde-89a1f13104de/Old%20Dominion%20Freight%20Line/,False,,,
OMC,Omnicom Group,none,,,,,,,,,no_public_report_found,True,Targets set,1.5°C,2030.0,,,,,"Omnicom Group commits to reduce absolute scope 1, 2, and 3 GHG
emissions 46.2% by 2030 from a 2019 base year.",2023-06-15 01:00:00,False,,,,,True,True,True,72967.8,median_model_revenue+employees,sector:Communication Services,6,"Tier 2 Scope 1 ESTIMATE (LSEG median-model style), NOT a disclosure -- see pipeline/tier2_estimation/estimate_tier2.py. Peer group: sector = 'Communication Services' (6 Tier 1 peers with a real Scope 1 value, floor=5). Revenue-based: median peer Scope 1 tCO2e/$ revenue (6.73153e-07) x this company's revenue ($22,371,299,328) = 15,059 tCO2e. Employee-based: median peer Scope 1 tCO2e/employee (1.09064) x this company's employee count (120,000) = 130,876 tCO2e. Final estimate is the average of the available method(s): 72,968 tCO2e.",281730.6,median_model_revenue+employees,sector:Communication Services,6,"Tier 2 Scope 2 ESTIMATE (LSEG median-model style), NOT a disclosure -- see pipeline/tier2_estimation/estimate_tier2.py. Peer group: sector = 'Communication Services' (6 Tier 1 peers with a real Scope 2 value, floor=5). Revenue-based: median peer Scope 2 tCO2e/$ revenue (5.2889e-06) x this company's revenue ($22,371,299,328) = 118,320 tCO2e. Employee-based: median peer Scope 2 tCO2e/employee (3.70951) x this company's employee count (120,000) = 445,142 tCO2e. Final estimate is the average of the available method(s): 281,731 tCO2e.",True,OMNICOM,Media,15910.8,74900.0,15.0,54.0,-4.1,0.1,-2.2,0.1,-0.3,-0.3,9.3,-2.2,2.0,-5.4,2.6,Scarce human capital 13.5k scarce worker years,Taxes 13.9M days of primary education,https://uprightplatform.com/company/4fe490db-b7be-4f5f-876f-a44239b20304/Omnicom/,False,,,
ON,ON Semiconductor,cdp_pdf,https://www.onsemi.com/site/pdf/CDP_Climate_Change_Disclosure.pdf,,,,,,,False,no_fields_extracted,False,,,,,,,,,,False,,,,,True,True,True,23352.7,median_model_revenue+employees,sub_industry:Semiconductors,13,"Tier 2 Scope 1 ESTIMATE (LSEG median-model style), NOT a disclosure -- see pipeline/tier2_estimation/estimate_tier2.py. Peer group: sub_industry = 'Semiconductors' (13 Tier 1 peers with a real Scope 1 value, floor=5). Revenue-based: median peer Scope 1 tCO2e/$ revenue (2.16397e-06) x this company's revenue ($6,197,799,936) = 13,412 tCO2e. Employee-based: median peer Scope 1 tCO2e/employee (1.47316) x this company's employee count (22,600) = 33,294 tCO2e. Final estimate is the average of the available method(s): 23,353 tCO2e.",40822.7,median_model_revenue+employees,sub_industry:Semiconductors,5,"Tier 2 Scope 2 ESTIMATE (LSEG median-model style), NOT a disclosure -- see pipeline/tier2_estimation/estimate_tier2.py. Peer group: sub_industry = 'Semiconductors' (5 Tier 1 peers with a real Scope 2 value, floor=5). Revenue-based: median peer Scope 2 tCO2e/$ revenue (2.34945e-06) x this company's revenue ($6,197,799,936) = 14,561 tCO2e. Employee-based: median peer Scope 2 tCO2e/employee (2.96832) x this company's employee count (22,600) = 67,084 tCO2e. Final estimate is the average of the available method(s): 40,823 tCO2e.",True,ON SEMICONDUCTOR,Computer Hardware,6398.8,26400.0,12.0,57.0,-7.7,0.8,-3.4,0.5,-1.0,-0.3,9.3,-1.2,1.0,-3.0,2.8,GHG emissions 516k tons of GHG emissions,Taxes 5.16M days of primary education,https://uprightplatform.com/company/4f44c6e6-ac68-40d1-ac2c-5d1d22932f7d/On%20Semiconductor/,False,,,
ORCL,Oracle Corporation,cdp_pdf,https://www.oracle.com/a/ocom/docs/cdp-climate-change-questionnaire.pdf,29930.0,1234873.0,271188.0,12/31/2020,15272.0,57399000000.0,new,,False,,,,,,,,,,False,,,,,False,False,False,,,,,,,,,,,False,,,71776.0,141000,40.5,31.0,-4.6,0.4,-2.05,0.3,-0.55,-0.2,12.0,-0.8,1.0,-5.5,4.65,,,,True,sub_industry:Application Software,12,"PROXY ESTIMATE, not real Upright data -- see pipeline/upright/estimate_upright_gaps.py. Peer group: sub_industry = 'Application Software' (12 real Upright-covered peers, floor=5). Each cents-per-dollar-of-revenue figure is the MEDIAN of that peer group's real Upright values for the same metric -- a crude industry-average proxy, not Upright's own company-specific modeling. Revenue/employee figures are this company's own real data (from yfinance), not estimated."
OTIS,Otis Worldwide,sustainability_report,https://s203.q4cdn.com/227649559/files/doc_downloads/resources/Otis-ESG-Report-2023.pdf,,,,,,,False,no_fields_extracted,True,Targets set,1.5°C,2033.0,,,,,"Otis Worldwide Corp commits to reduce absolute scope 1 and 2 GHG emissions 55% by 2033 from a 2021 base year.* Otis Worldwide Corp also commits to reduce absolute scope 3 GHG emissions from purchased goods and services, business travel, and use of sold products 33% within the same timeframe.
*The target boundary includes biogenic land-related emissions and removals from bioenergy feedstocks.",2024-05-16 01:00:00,False,,,,,True,True,True,109908.7,median_model_revenue+employees,sub_industry:Industrial Machinery & Supplies & Components,6,"Tier 2 Scope 1 ESTIMATE (LSEG median-model style), NOT a disclosure -- see pipeline/tier2_estimation/estimate_tier2.py. Peer group: sub_industry = 'Industrial Machinery & Supplies & Components' (6 Tier 1 peers with a real Scope 1 value, floor=5). Revenue-based: median peer Scope 1 tCO2e/$ revenue (5.37521e-06) x this company's revenue ($14,910,999,552) = 80,150 tCO2e. Employee-based: median peer Scope 1 tCO2e/employee (1.93983) x this company's employee count (72,000) = 139,668 tCO2e. Final estimate is the average of the available method(s): 109,909 tCO2e.",265793.6,median_model_revenue+employees,sub_industry:Industrial Machinery & Supplies & Components,5,"Tier 2 Scope 2 ESTIMATE (LSEG median-model style), NOT a disclosure -- see pipeline/tier2_estimation/estimate_tier2.py. Peer group: sub_industry = 'Industrial Machinery & Supplies & Components' (5 Tier 1 peers with a real Scope 2 value, floor=5). Revenue-based: median peer Scope 2 tCO2e/$ revenue (1.36744e-05) x this company's revenue ($14,910,999,552) = 203,899 tCO2e. Employee-based: median peer Scope 2 tCO2e/employee (4.55123) x this company's employee count (72,000) = 327,689 tCO2e. Final estimate is the average of the available method(s): 265,794 tCO2e.",True,OTIS WORLDWIDE,Industrial Manufacturing and Services,14181.0,72000.0,36.0,36.0,-7.5,3.6,-3.7,2.4,-0.8,-0.4,11.4,-1.2,1.5,-1.6,0.0,GHG emissions 1.26M tons of GHG emissions,Taxes 10.8M days of primary education,https://uprightplatform.com/company/d27f7c9f-31ac-4d9e-a451-09c4cea6f347/Otis%20Worldwide/,False,,,
PCAR,Paccar,cdp_pdf,https://s202.q4cdn.com/173635405/files/doc_downloads/ESG/2024/tcfd-cdp-climate-report-feb-2024.pdf,121140.0,149503.0,164645.0,,,,old,,True,Targets set,Well-below 2°C,2030.0,,,,,PACCAR Inc commits to reduce absolute scope 1 and 2 GHG emissions 35% by 2030 from a 2018 base year. PACCAR Inc commits to reduce scope 3 GHG emissions from use of sold products 25% per vkm by 2030 from a 2018 base year.,2021-05-06 01:00:00,False,,,,,False,False,False,,,,,,,,,,,True,PACCAR,Automotive,33664.0,25900.0,-61.0,89.0,-29.4,2.1,-15.8,1.5,-6.6,-0.5,20.5,-8.7,2.6,-2.2,0.1,GHG emissions 12.8M tons of GHG emissions,Societal infrastructure 123M long-haul train rides,https://uprightplatform.com/company/8ef69b70-0caf-4ee4-934c-2543d1215308/Paccar/,False,,,
PKG,Packaging Corporation of America,sustainability_report,https://www.packagingcorp.com/filebin/pdf/ResponsibilityReports/PCA_2024_Responsibility_Report_TCFD_Index.pdf,,,,,,,False,no_fields_extracted,False,,,,,,,,,,True,6,electricity-generation,USA,100.0,True,True,True,2227500.3,median_model_revenue+employees,sector:Materials,19,"Tier 2 Scope 1 ESTIMATE (LSEG median-model style), NOT a disclosure -- see pipeline/tier2_estimation/estimate_tier2.py. Peer group: sector = 'Materials' (19 Tier 1 peers with a real Scope 1 value, floor=5). Revenue-based: median peer Scope 1 tCO2e/$ revenue (0.000159601) x this company's revenue ($9,534,600,192) = 1,521,736 tCO2e. Employee-based: median peer Scope 1 tCO2e/employee (174.599) x this company's employee count (16,800) = 2,933,265 tCO2e. Final estimate is the average of the available method(s): 2,227,500 tCO2e.",1243949.4,median_model_revenue+employees,sector:Materials,9,"Tier 2 Scope 2 ESTIMATE (LSEG median-model style), NOT a disclosure -- see pipeline/tier2_estimation/estimate_tier2.py. Peer group: sector = 'Materials' (9 Tier 1 peers with a real Scope 2 value, floor=5). Revenue-based: median peer Scope 2 tCO2e/$ revenue (0.000101463) x this company's revenue ($9,534,600,192) = 967,411 tCO2e. Employee-based: median peer Scope 2 tCO2e/employee (90.5052) x this company's employee count (16,800) = 1,520,487 tCO2e. Final estimate is the average of the available method(s): 1,243,949 tCO2e.",True,PACKAGING CORPORATION OF AMERICA,,8640.8,15400.0,-48.0,87.0,-17.3,4.9,-8.2,2.8,-2.1,-1.0,8.1,-1.7,1.7,-1.8,0.2,,,https://uprightplatform.com/company/a146d203-d87c-4700-953e-34c135ae8785/Packaging%20Corporation%20Of%20America/,False,,,
PLTR,Palantir Technologies,sustainability_report,https://www.palantir.com/assets/xrfr7uokpv1b/H5tHWWq0298OBDCgRmKv1/b9528d25f643e8698323881c3e045b3a/2025.06.16_-_Palantir_UK_-_2025_Carbon_Reduction_Plan_Signed.pdf,,,,,,,False,no_fields_extracted,True,Commitment removed,,,,,,,,2021-10-14 01:00:00,False,,,,,True,True,True,1208.8,median_model_revenue+employees,sub_industry:Application Software,7,"Tier 2 Scope 1 ESTIMATE (LSEG median-model style), NOT a disclosure -- see pipeline/tier2_estimation/estimate_tier2.py. Peer group: sub_industry = 'Application Software' (7 Tier 1 peers with a real Scope 1 value, floor=5). Revenue-based: median peer Scope 1 tCO2e/$ revenue (2.60656e-07) x this company's revenue ($6,155,940,864) = 1,605 tCO2e. Employee-based: median peer Scope 1 tCO2e/employee (0.18472) x this company's employee count (4,401) = 813 tCO2e. Final estimate is the average of the available method(s): 1,209 tCO2e.",4411.1,median_model_revenue+employees,sub_industry:Application Software,7,"Tier 2 Scope 2 ESTIMATE (LSEG median-model style), NOT a disclosure -- see pipeline/tier2_estimation/estimate_tier2.py. Peer group: sub_industry = 'Application Software' (7 Tier 1 peers with a real Scope 2 value, floor=5). Revenue-based: median peer Scope 2 tCO2e/$ revenue (9.10231e-07) x this company's revenue ($6,155,940,864) = 5,603 tCO2e. Employee-based: median peer Scope 2 tCO2e/employee (0.731378) x this company's employee count (4,401) = 3,219 tCO2e. Final estimate is the average of the available method(s): 4,411 tCO2e.",True,PALANTIR TECHNOLOGIES,,2478.98,4001.0,18.0,52.0,-5.9,0.4,-2.5,0.3,-0.8,-3.6,16.8,-4.5,3.0,-6.4,4.8,,,https://uprightplatform.com/company/5fe3946e-1141-462a-9382-64984fa15c5e/Palantir%20Technologies/,False,,,
PANW,Palo Alto Networks,cdp_pdf,https://corporate.justcapital.com/uploads/PANW/2023%20CDP%20Climate%20Disclosure-FINAL-public%20v1.0.pdf,2020.0,11073.0,13385.0,,,,old,,True,Targets set,1.5°C,FY2027,Targets set,FY2040,Targets set,FY2040,"Overall Net-Zero Target: Palo Alto Networks commits to reach net-zero greenhouse gas emissions across the value chain by FY2040. Near-Term Targets: Palo Alto Networks commits to reduce absolute scope 1 and 2 GHG emissions 35% by FY2027 from a FY2021 base year. Palo Alto Networks also commits to reduce scope 3 emissions from use of sold products 40% per million USD value added within the same timeframe. Palo Alto Networks finally commits that 65% of its suppliers by emissions covering purchased goods and services, will have science-based targets by FY2027. Long-Term Targets: Palo Alto Networks commits to reduce absolute scope 1 and 2 GHG emissions 90% by FY2040 from a FY2021 base year. Palo Alto Networks also commits to reduce absolute scope 3 GHG emissions 90% within the same timeframe.",2024-09-19 01:00:00,False,,,,,False,False,False,,,,,,,,,,,True,PALO ALTO NETWORKS,,9221.5,16068.0,51.0,20.0,-4.1,0.3,-1.8,0.2,-0.5,-0.3,15.5,-0.8,1.7,-7.2,7.7,,,https://uprightplatform.com/company/688040e8-bd13-480a-82a0-89a820acfa38/Palo%20Alto%20Networks/,False,,,
PSKY,Paramount Skydance Corporation,none,,,,,,,,,no_public_report_found,False,,,,,,,,,,False,,,,,True,True,True,19395.3,median_model_revenue+employees,sector:Communication Services,6,"Tier 2 Scope 1 ESTIMATE (LSEG median-model style), NOT a disclosure -- see pipeline/tier2_estimation/estimate_tier2.py. Peer group: sector = 'Communication Services' (6 Tier 1 peers with a real Scope 1 value, floor=5). Revenue-based: median peer Scope 1 tCO2e/$ revenue (6.73153e-07) x this company's revenue ($29,109,999,616) = 19,595 tCO2e. Employee-based: median peer Scope 1 tCO2e/employee (1.09064) x this company's employee count (17,600) = 19,195 tCO2e. Final estimate is the average of the available method(s): 19,395 tCO2e.",109623.7,median_model_revenue+employees,sector:Communication Services,6,"Tier 2 Scope 2 ESTIMATE (LSEG median-model style), NOT a disclosure -- see pipeline/tier2_estimation/estimate_tier2.py. Peer group: sector = 'Communication Services' (6 Tier 1 peers with a real Scope 2 value, floor=5). Revenue-based: median peer Scope 2 tCO2e/$ revenue (5.2889e-06) x this company's revenue ($29,109,999,616) = 153,960 tCO2e. Employee-based: median peer Scope 2 tCO2e/employee (3.70951) x this company's employee count (17,600) = 65,287 tCO2e. Final estimate is the average of the available method(s): 109,624 tCO2e.",False,,,29110.0,17600,37.5,34.5,-4.15,0.2,-2.1500000000000004,0.1,-0.35,-0.3,11.25,-4.0,4.449999999999999,-4.45,5.5,,,,True,sector:Communication Services,20,"PROXY ESTIMATE, not real Upright data -- see pipeline/upright/estimate_upright_gaps.py. Peer group: sector = 'Communication Services' (20 real Upright-covered peers, floor=5). Each cents-per-dollar-of-revenue figure is the MEDIAN of that peer group's real Upright values for the same metric -- a crude industry-average proxy, not Upright's own company-specific modeling. Revenue/employee figures are this company's own real data (from yfinance), not estimated."
PH,Parker Hannifin,cdp_pdf,https://www.parker.com/content/dam/parker/na/united-states/sustainability/Parker-Hannifin%20Corporation%20CDP%20Climate%20Change%20Questionnaire%202023.pdf,173066.0,,522886.0,,,,old,,True,Targets set,1.5°C,FY2030,,,,,"Near-Term Targets: Parker Hannifin Corporation commits to reduce absolute scope 1 and 2 GHG emissions 46.2% by FY2030 from a FY2019 base year. Parker Hannifin Corporation commits that 76% of its suppliers by emissions covering purchased goods and services, will have science-based targets by FY2030.",2025-09-04 01:00:00,False,,,,,False,False,False,,,,,,,,,,,True,PARKER HANNIFIN,Industrial Manufacturing and Services,20461.42,57950.0,-2.0,68.0,-11.0,1.5,-5.8,0.8,-1.9,-0.3,11.4,-1.3,0.9,-2.3,0.7,GHG emissions 2.86M tons of GHG emissions,Taxes 15.1M days of primary education,https://uprightplatform.com/company/7ba00b8e-d681-47ab-8189-a1a8ddb8018e/Parker%20Hannifin/,False,,,
PAYX,Paychex,cdp_pdf,https://www.paychex.com/sites/default/files/2025-11/2025-cdp-corporate-questionnaire-response.pdf,,4431.248,4501.358,,,5571700000.0,new,,False,,,,,,,,,,False,,,,,True,True,False,49856.1,median_model_revenue+employees,sector:Industrials,40,"Tier 2 Scope 1 ESTIMATE (LSEG median-model style), NOT a disclosure -- see pipeline/tier2_estimation/estimate_tier2.py. Peer group: sector = 'Industrials' (40 Tier 1 peers with a real Scope 1 value, floor=5). Revenue-based: median peer Scope 1 tCO2e/$ revenue (6.94524e-06) x this company's revenue ($3,968,000,000) = 27,559 tCO2e. Employee-based: median peer Scope 1 tCO2e/employee (4.09963) x this company's employee count (17,600) = 72,154 tCO2e. Final estimate is the average of the available method(s): 49,856 tCO2e.",,,,,,True,PAYCHEX,Financial Services,5571.7,19000.0,35.0,36.0,-2.7,0.2,-1.4,0.1,-0.3,-0.3,10.4,-0.8,1.6,-5.5,2.0,Scarce human capital 4.99k scarce worker years,Taxes 4.71M days of primary education,https://uprightplatform.com/company/17e8111b-8852-48e7-afef-548847fd3125/Paychex/,False,,,
PYPL,PayPal,cdp_pdf,https://s205.q4cdn.com/210152132/files/doc_downloads/global-impact/2025/2025-PayPal-CDP-Response-Final.pdf,,79000.0,8800.0,,,31797000000.0,new,,True,Targets set,1.5°C,2025.0,,,,,"PayPal Holdings, Inc. commits to reduce absolute scope 1 and 2 GHG emissions 25% by 2025 from a 2019 base year. PayPal Holdings, Inc. commits to reduce the absolute scope 3 GHG emissions from fuel and energy-related activities 25% over the same timeframe. PayPal Holdings Inc. also commits that 75% of its suppliers by spend covering purchased goods and services, capital goods, business travel, upstream transportation and distribution will have science-based targets by 2025.",2021-04-08 01:00:00,False,,,,,True,True,False,12873.4,median_model_revenue+employees,sector:Financials,21,"Tier 2 Scope 1 ESTIMATE (LSEG median-model style), NOT a disclosure -- see pipeline/tier2_estimation/estimate_tier2.py. Peer group: sector = 'Financials' (21 Tier 1 peers with a real Scope 1 value, floor=5). Revenue-based: median peer Scope 1 tCO2e/$ revenue (5.36817e-07) x this company's revenue ($34,127,998,976) = 18,320 tCO2e. Employee-based: median peer Scope 1 tCO2e/employee (0.312029) x this company's employee count (23,800) = 7,426 tCO2e. Final estimate is the average of the available method(s): 12,873 tCO2e.",,,,,,True,PAYPAL,Financial Services,31797.0,23800.0,21.0,49.0,-2.9,0.1,-1.4,0.1,-0.2,-0.2,10.1,-0.2,0.2,-5.1,0.3,Scarce human capital 26.4k scarce worker years,Taxes 22.0M days of primary education,https://uprightplatform.com/company/5be971e4-3572-4f7f-b2ea-20aae3f44e16/PayPal/,False,,,
PNR,Pentair,sustainability_report,https://flowandfiltrationsolutions.pentair.com/content/dam/extranet/enterprise/digital/enterprise-pages/pentair-sustainability-report-2025.pdf,,,,,,,False,no_fields_extracted,False,,,,,,,,,,False,,,,,True,True,True,19511.4,median_model_revenue+employees,sub_industry:Industrial Machinery & Supplies & Components,6,"Tier 2 Scope 1 ESTIMATE (LSEG median-model style), NOT a disclosure -- see pipeline/tier2_estimation/estimate_tier2.py. Peer group: sub_industry = 'Industrial Machinery & Supplies & Components' (6 Tier 1 peers with a real Scope 1 value, floor=5). Revenue-based: median peer Scope 1 tCO2e/$ revenue (5.37521e-06) x this company's revenue ($4,011,800,064) = 21,564 tCO2e. Employee-based: median peer Scope 1 tCO2e/employee (1.93983) x this company's employee count (9,000) = 17,458 tCO2e. Final estimate is the average of the available method(s): 19,511 tCO2e.",47910.0,median_model_revenue+employees,sub_industry:Industrial Machinery & Supplies & Components,5,"Tier 2 Scope 2 ESTIMATE (LSEG median-model style), NOT a disclosure -- see pipeline/tier2_estimation/estimate_tier2.py. Peer group: sub_industry = 'Industrial Machinery & Supplies & Components' (5 Tier 1 peers with a real Scope 2 value, floor=5). Revenue-based: median peer Scope 2 tCO2e/$ revenue (1.36744e-05) x this company's revenue ($4,011,800,064) = 54,859 tCO2e. Employee-based: median peer Scope 2 tCO2e/employee (4.55123) x this company's employee count (9,000) = 40,961 tCO2e. Final estimate is the average of the available method(s): 47,910 tCO2e.",True,PENTAIR,Industrial Manufacturing and Services,4093.1,9750.0,30.0,42.0,-10.3,2.6,-5.5,0.9,-1.7,-0.3,14.4,-1.3,3.0,-2.2,0.0,GHG emissions 540k tons of GHG emissions,Societal infrastructure 7.38M long-haul train rides,https://uprightplatform.com/company/81e38bda-b127-4edc-85c7-e0e2d7e2880d/Pentair/,False,,,
PEP,PepsiCo,epa_ghgrp,,317942.602,,,,,,,EPA GHGRP Scope 1-only direct/on-site emissions; Scope 2 not covered,True,Targets set,1.5°C,2030.0,Targets set,2050.0,Targets set,2050.0,"Overall net-zero target:
PepsiCo, Inc. commits to reach net-zero greenhouse gas emissions across the value chain by 2050.
Near-term targets:
Energy & Industry: PepsiCo, Inc. commits to reduce absolute scope 1 and 2 GHG emissions 50% by 2030 from a 2022 base year.* PepsiCo,
Inc. also commits to reduce absolute scope 3 GHG emissions rom purchased goods and services, fuel and energy related activities, business
travel, downstream transportation and distribution and franchises 42% within the same timeframe.
*The target boundary includes land-related emissions and removals from bioenergy feedstocks.
FLAG: PepsiCo, Inc. commits to reduce absolute scope 3 FLAG GHG emissions 30.3% by 2030 from a 2022 base year.** PepsiCo, Inc. also
commits to no deforestation across its primary deforestation-linked commodities, with a target date of December 31, 2025.
**The target includes FLAG emissions and removals.
Long-term targets:
Energy & Industry: PepsiCo, Inc. commits to reduce absolute scope 1 and 2 GHG emissions 90% by 2050 from a 2022 base year.* PepsiCo,
Inc. also commits to reduce absolute scope 3 GHG emissions 90% within the same timeframe.
*The target boundary includes land-related emissions and removals from bioenergy feedstocks.
FLAG: PepsiCo, Inc. commits to reduce absolute scope 3 FLAG GHG emissions 72% by 2050 from a 2022 base year.**
**The target includes FLAG emissions and removals.",2025-05-29 01:00:00,False,,,,,True,False,True,,,,,,509714.5,median_model_revenue+employees,sector:Consumer Staples,16,"Tier 2 Scope 2 ESTIMATE (LSEG median-model style), NOT a disclosure -- see pipeline/tier2_estimation/estimate_tier2.py. Peer group: sector = 'Consumer Staples' (16 Tier 1 peers with a real Scope 2 value, floor=5). Revenue-based: median peer Scope 2 tCO2e/$ revenue (2.81277e-06) x this company's revenue ($96,904,003,584) = 272,569 tCO2e. Employee-based: median peer Scope 2 tCO2e/employee (2.44072) x this company's employee count (306,000) = 746,861 tCO2e. Final estimate is the average of the available method(s): 509,715 tCO2e.",True,PEPSICO,Food and Beverage,91854.0,318000.0,-110.0,96.0,-15.4,0.4,-4.8,0.3,-2.5,-0.2,6.6,-11.1,6.5,-1.6,0.1,Physical diseases 792k life years,Taxes 56.3M days of primary education,https://uprightplatform.com/company/640d09ec-d35b-4560-b3df-59896905e599/PepsiCo/,False,,,
PFE,Pfizer,epa_ghgrp,,225796.40999999997,,,,,,,EPA GHGRP Scope 1-only direct/on-site emissions; Scope 2 not covered,True,Targets set,1.5°C,2030.0,,,Commitment removed,,"Pfizer Inc. commits to reduce absolute scope 1 and 2 GHG emissions 46% by 2030 from a 2019 base year. Pfizer Inc. commits to increase annual sourcing of renewable electricity from 9% in 2019 to 100% by 2030. Pfizer Inc. commits to reduce absolute scope 3 emissions 25% from business travel by 2025 from a 2019 base year. Pfizer Inc. commits to reduce absolute scope 3 emissions 10% from upstream transportation and distribution by 2025 from a 2019 base year. Pfizer Inc. also commits that 64% of its suppliers by spend covering purchased goods & services, will have science-based targets by 2025. *The target boundary includes biogenic emissions and removals from bioenergy feedstocks.",2022-06-02 01:00:00,True,1,electricity-generation,USA,100.0,True,False,True,,,,,,175298.6,median_model_revenue+employees,sector:Health Care,18,"Tier 2 Scope 2 ESTIMATE (LSEG median-model style), NOT a disclosure -- see pipeline/tier2_estimation/estimate_tier2.py. Peer group: sector = 'Health Care' (18 Tier 1 peers with a real Scope 2 value, floor=5). Revenue-based: median peer Scope 2 tCO2e/$ revenue (3.19915e-06) x this company's revenue ($63,695,998,976) = 203,773 tCO2e. Employee-based: median peer Scope 2 tCO2e/employee (1.95766) x this company's employee count (75,000) = 146,824 tCO2e. Final estimate is the average of the available method(s): 175,299 tCO2e.",True,PFIZER,Pharmaceuticals and Biotechnology,62580.0,75000.0,60.0,12.0,-8.8,0.2,-3.6,0.1,-1.8,-1.2,7.3,-5.6,40.8,-3.9,0.2,Physical diseases 284k life years,Physical diseases 2.22M life years,https://uprightplatform.com/company/f50c4614-23dd-483b-9017-752a82e67179/Pfizer/,False,,,
PCG,PG&E Corporation,epa_ghgrp,,340079.538,,,,,,,EPA GHGRP Scope 1-only direct/on-site emissions; Scope 2 not covered,True,Commitment removed,,,,,,,,2022-08-04 01:00:00,True,3,electricity-generation,USA,100.0,True,False,True,,,,,,325301.4,median_model_revenue+employees,sector:Utilities,10,"Tier 2 Scope 2 ESTIMATE (LSEG median-model style), NOT a disclosure -- see pipeline/tier2_estimation/estimate_tier2.py. Peer group: sector = 'Utilities' (10 Tier 1 peers with a real Scope 2 value, floor=5). Revenue-based: median peer Scope 2 tCO2e/$ revenue (9.6601e-06) x this company's revenue ($25,837,000,704) = 249,588 tCO2e. Employee-based: median peer Scope 2 tCO2e/employee (13.8233) x this company's employee count (29,010) = 401,015 tCO2e. Final estimate is the average of the available method(s): 325,301 tCO2e.",False,,,25837.0,29010,0.0,66.5,-26.15,6.45,-14.95,5.5,-3.75,-1.25,25.2,-2.6,0.45,-3.3499999999999996,0.55,,,,True,sub_industry:Multi-Utilities,10,"PROXY ESTIMATE, not real Upright data -- see pipeline/upright/estimate_upright_gaps.py. Peer group: sub_industry = 'Multi-Utilities' (10 real Upright-covered peers, floor=5). Each cents-per-dollar-of-revenue figure is the MEDIAN of that peer group's real Upright values for the same metric -- a crude industry-average proxy, not Upright's own company-specific modeling. Revenue/employee figures are this company's own real data (from yfinance), not estimated."
PM,Philip Morris International,cdp_pdf,https://www.pmi.com/content/dam/pmicom/global/docs/sustainability-cdp-submissions/Philip%20Morris%20International%20CDP%20Disclosure%202025.pdf,285071.33,384000.33,62802.17,,,37878000000.0,new,,True,Targets set,1.5°C,2030.0,Targets set,2040.0,Targets set,2040.0,"Overall Net-Zero Target:
Philip Morris International Inc. commits to reach net-zero greenhouse gas emissions across the value chain by 2040.

Near-Term Targets:
Energy and Industry:
Philip Morris International commits to reduce absolute scope 1 and 2 GHG emissions 50% by 2030 from a 2019 base year.* Philip Morris International also commits to reduce absolute scope 3 GHG emissions from purchased goods and services, fuel- and energy-related activities, upstream transportation and distribution, waste generated in operations and business travel 27.5% within the same timeframe. Philip Morris International further commits that 15% of its suppliers by spend covering purchased goods and services will have science-based targets by 2025.

FLAG:
Philip Morris International commits to reduce absolute scope 3 FLAG GHG emissions 33.3% by 2030 from a 2019 base year.** Philip Morris International commits to no deforestation across its primary deforestation-linked commodities, with a target date of December 31, 2025.

Long-Term Targets:
Energy and Industry:
Philip Morris International commits to reduce absolute scope 1 and 2 GHG emissions 90% by 2040 from a 2019 base year.* Philip Morris International also commits to reduce absolute scope 3 GHG emissions 90% within the same timeframe.*

FLAG:
Philip Morris International commits to reduce absolute scope 3 FLAG GHG emissions 72% by 2040 from a 2019 base year.**

*The target boundary includes land-related emissions and removals from biogenic feedstocks. **The target includes FLAG emissions and removals.",2026-01-08 01:00:00,False,,,,,False,False,False,,,,,,,,,,,True,PHILIP MORRIS,,37878.0,82700.0,-690.0,100.0,-10.2,0.0,-1.6,,-3.5,-8.5,17.2,-145.8,3.8,-1.9,0.0,,,https://uprightplatform.com/company/7d72f592-582d-432e-af2d-f4e859f8ed6f/Philip%20Morris/,False,,,
PSX,Phillips 66,epa_ghgrp,,31454319.53000001,,,,,,,EPA GHGRP Scope 1-only direct/on-site emissions; Scope 2 not covered,False,,,,,,,,,,True,6,electricity-generation,USA,75.0,True,False,True,,,,,,2198437.2,median_model_revenue+employees,sector:Energy,6,"Tier 2 Scope 2 ESTIMATE (LSEG median-model style), NOT a disclosure -- see pipeline/tier2_estimation/estimate_tier2.py. Peer group: sector = 'Energy' (6 Tier 1 peers with a real Scope 2 value, floor=5). Revenue-based: median peer Scope 2 tCO2e/$ revenue (1.7615e-05) x this company's revenue ($152,167,006,208) = 2,680,423 tCO2e. Employee-based: median peer Scope 2 tCO2e/employee (136.226) x this company's employee count (12,600) = 1,716,452 tCO2e. Final estimate is the average of the available method(s): 2,198,437 tCO2e.",True,PHILLIPS 66,Energy and Environmental,145496.0,14000.0,-83.0,93.0,-27.2,1.7,-15.1,1.1,-4.9,-0.9,17.0,-4.6,0.8,-3.1,0.1,GHG emissions 52.6M tons of GHG emissions,Societal infrastructure 407M long-haul train rides,https://uprightplatform.com/company/abfe467a-546a-4c51-b9ef-02cb426ec2f9/Phillips%2066/,False,,,
PNW,Pinnacle West Capital,epa_ghgrp,,13239664.866,,,,,,,EPA GHGRP Scope 1-only direct/on-site emissions; Scope 2 not covered,False,,,,,,,,,,True,10,electricity-generation,USA,86.3,True,False,True,,,,,,72513.4,median_model_revenue+employees,sector:Utilities,10,"Tier 2 Scope 2 ESTIMATE (LSEG median-model style), NOT a disclosure -- see pipeline/tier2_estimation/estimate_tier2.py. Peer group: sector = 'Utilities' (10 Tier 1 peers with a real Scope 2 value, floor=5). Revenue-based: median peer Scope 2 tCO2e/$ revenue (9.6601e-06) x this company's revenue ($5,554,253,824) = 53,655 tCO2e. Employee-based: median peer Scope 2 tCO2e/employee (13.8233) x this company's employee count (6,610) = 91,372 tCO2e. Final estimate is the average of the available method(s): 72,513 tCO2e.",True,PINNACLE WEST CAPITAL,,4695.99,6133.0,-27.0,80.0,-29.1,8.2,-16.6,6.1,-4.5,-1.8,19.3,-2.9,0.6,-3.2,0.9,,,https://uprightplatform.com/company/e15ea77b-c5a1-445d-9e48-220e5de04535/Pinnacle%20West%20Capital/,False,,,
PNC,PNC Financial Services,cdp_pdf,https://www.pnc.com/content/dam/es/pnc-com/pdf/aboutpnc/CorporateResponsibilityReports/PNC_CDP_Response_2024.pdf,,,,,,,,"download_error: HTTPSConnectionPool(host='www.pnc.com', port=443): Read timed out. (read timeout=30)",False,,,,,,,,,,False,,,,,True,True,True,15218.1,median_model_revenue+employees,sector:Financials,21,"Tier 2 Scope 1 ESTIMATE (LSEG median-model style), NOT a disclosure -- see pipeline/tier2_estimation/estimate_tier2.py. Peer group: sector = 'Financials' (21 Tier 1 peers with a real Scope 1 value, floor=5). Revenue-based: median peer Scope 1 tCO2e/$ revenue (5.36817e-07) x this company's revenue ($24,319,000,576) = 13,055 tCO2e. Employee-based: median peer Scope 1 tCO2e/employee (0.312029) x this company's employee count (55,704) = 17,381 tCO2e. Final estimate is the average of the available method(s): 15,218 tCO2e.",9615.7,median_model_revenue+employees,sector:Financials,17,"Tier 2 Scope 2 ESTIMATE (LSEG median-model style), NOT a disclosure -- see pipeline/tier2_estimation/estimate_tier2.py. Peer group: sector = 'Financials' (17 Tier 1 peers with a real Scope 2 value, floor=5). Revenue-based: median peer Scope 2 tCO2e/$ revenue (1.98278e-07) x this company's revenue ($24,319,000,576) = 4,822 tCO2e. Employee-based: median peer Scope 2 tCO2e/employee (0.25868) x this company's employee count (55,704) = 14,410 tCO2e. Final estimate is the average of the available method(s): 9,616 tCO2e.",True,PNC FINANCIAL SERVICES,Financial Services,34440.0,53175.0,19.0,51.0,-2.5,0.1,-1.3,0.1,-0.3,-0.2,8.4,-0.5,1.2,-5.7,1.3,Scarce human capital 32.1k scarce worker years,Societal infrastructure 33.9M long-haul train rides,https://uprightplatform.com/company/20457afe-951f-48de-a5be-a0d6c73f80ad/PNC%20Financial%20Services/,False,,,
PPG,PPG Industries,epa_ghgrp,,198602.998,,,,,,,EPA GHGRP Scope 1-only direct/on-site emissions; Scope 2 not covered,True,Targets set,1.5°C,2030.0,,,,,"""PPG Industries commits to reduce absolute scope 1 and 2 GHG emissions
50% by 2030 from a 2019 base year. PPG Industries also commits to
reduce absolute scope 3 GHG emissions from purchased goods and
services, processing of sold products, and end-of-life treatment of sold
products 30% within the same timeframe.""",2023-05-25 01:00:00,False,,,,,True,False,True,,,,,,2801552.2,median_model_revenue+employees,sector:Materials,9,"Tier 2 Scope 2 ESTIMATE (LSEG median-model style), NOT a disclosure -- see pipeline/tier2_estimation/estimate_tier2.py. Peer group: sector = 'Materials' (9 Tier 1 peers with a real Scope 2 value, floor=5). Revenue-based: median peer Scope 2 tCO2e/$ revenue (0.000101463) x this company's revenue ($16,421,000,192) = 1,666,128 tCO2e. Employee-based: median peer Scope 2 tCO2e/employee (90.5052) x this company's employee count (43,500) = 3,936,976 tCO2e. Final estimate is the average of the available method(s): 2,801,552 tCO2e.",True,PPG INDUSTRIES,Chemicals,17723.0,46000.0,-62.0,90.0,-19.3,2.3,-11.2,1.4,-3.3,-0.6,10.4,-4.0,3.0,-2.3,0.4,GHG emissions 4.74M tons of GHG emissions,Societal infrastructure 20.3M long-haul train rides,https://uprightplatform.com/company/10fd1ecc-0cf7-4f13-89e1-7e0a2e4d3189/PPG%20Industries/,False,,,
PPL,PPL Corporation,epa_ghgrp,,26771409.22,,,,,,,EPA GHGRP Scope 1-only direct/on-site emissions; Scope 2 not covered,False,,,,,,,,,,True,13,electricity-generation,USA,64.5,True,False,True,,,,,,90636.6,median_model_revenue+employees,sector:Utilities,10,"Tier 2 Scope 2 ESTIMATE (LSEG median-model style), NOT a disclosure -- see pipeline/tier2_estimation/estimate_tier2.py. Peer group: sector = 'Utilities' (10 Tier 1 peers with a real Scope 2 value, floor=5). Revenue-based: median peer Scope 2 tCO2e/$ revenue (9.6601e-06) x this company's revenue ($9,397,999,616) = 90,786 tCO2e. Employee-based: median peer Scope 2 tCO2e/employee (13.8233) x this company's employee count (6,546) = 90,488 tCO2e. Final estimate is the average of the available method(s): 90,637 tCO2e.",True,PPL,,9042.0,6546.0,11.0,58.0,-24.1,6.2,-14.7,5.1,-3.0,-1.0,27.3,-2.3,0.5,-3.5,0.7,,,https://uprightplatform.com/company/70b016ea-701f-4605-8529-af06e3d0dd40/PPL/,False,,,
PFG,Principal Financial Group,sustainability_report,https://brandassets.principal.com/m/578f3c503d494ecf/original/2023-Sustainability-Report.pdf,,,,,,,False,no_fields_extracted,True,Commitment removed,,,,,,,,2015-06-01 01:00:00,False,,,,,True,True,True,7285.7,median_model_revenue+employees,sector:Financials,21,"Tier 2 Scope 1 ESTIMATE (LSEG median-model style), NOT a disclosure -- see pipeline/tier2_estimation/estimate_tier2.py. Peer group: sector = 'Financials' (21 Tier 1 peers with a real Scope 1 value, floor=5). Revenue-based: median peer Scope 1 tCO2e/$ revenue (5.36817e-07) x this company's revenue ($15,693,200,384) = 8,424 tCO2e. Employee-based: median peer Scope 1 tCO2e/employee (0.312029) x this company's employee count (19,700) = 6,147 tCO2e. Final estimate is the average of the available method(s): 7,286 tCO2e.",4103.8,median_model_revenue+employees,sector:Financials,17,"Tier 2 Scope 2 ESTIMATE (LSEG median-model style), NOT a disclosure -- see pipeline/tier2_estimation/estimate_tier2.py. Peer group: sector = 'Financials' (17 Tier 1 peers with a real Scope 2 value, floor=5). Revenue-based: median peer Scope 2 tCO2e/$ revenue (1.98278e-07) x this company's revenue ($15,693,200,384) = 3,112 tCO2e. Employee-based: median peer Scope 2 tCO2e/employee (0.25868) x this company's employee count (19,700) = 5,096 tCO2e. Final estimate is the average of the available method(s): 4,104 tCO2e.",True,PRINCIPAL FINANCIAL,Financial Services,15461.8,19700.0,29.0,42.0,-2.2,0.1,-1.2,0.1,-0.3,-0.8,8.8,-0.6,2.1,-5.4,1.8,Scarce human capital 13.8k scarce worker years,Societal infrastructure 19.6M long-haul train rides,https://uprightplatform.com/company/0e99f4c5-13e1-497f-8289-1f8c477fb736/Principal%20Financial/,False,,,
PG,Procter & Gamble,epa_ghgrp,,1676103.744,,,,,,,EPA GHGRP Scope 1-only direct/on-site emissions; Scope 2 not covered,True,Targets set,1.5°C,FY2030,,,Commitment removed,,"P&G commits to reduce absolute scope 1 and 2 GHG emissions 63% by FY2030 from a FY2015 base year. P&G commits to increase active annual sourcing of renewable electricity from 21% in FY2015 to 100% by FY2030.
P&G also commits to reduce scope 3 GHG emissions from purchased goods and services 40% per unit of production by FY2030 from a FY2020 base year.
P&G commits to reduce scope 3 GHG emissions from upstream transportation and distribution 50% per tonne-kilometer over the same timeframe",2023-11-09 01:00:00,True,3,electricity-generation,USA,100.0,True,False,True,,,,,,249317.9,median_model_revenue+employees,sector:Consumer Staples,16,"Tier 2 Scope 2 ESTIMATE (LSEG median-model style), NOT a disclosure -- see pipeline/tier2_estimation/estimate_tier2.py. Peer group: sector = 'Consumer Staples' (16 Tier 1 peers with a real Scope 2 value, floor=5). Revenue-based: median peer Scope 2 tCO2e/$ revenue (2.81277e-06) x this company's revenue ($87,031,996,416) = 244,801 tCO2e. Employee-based: median peer Scope 2 tCO2e/employee (2.44072) x this company's employee count (104,000) = 253,835 tCO2e. Final estimate is the average of the available method(s): 249,318 tCO2e.",True,PROCTER & GAMBLE,Consumer Product Manufacturing,84039.0,109000.0,-21.0,77.0,-13.9,1.7,-6.6,0.6,-2.3,-0.5,7.2,-3.2,7.4,-2.3,0.1,GHG emissions 13.3M tons of GHG emissions,Physical diseases 346k life years,https://uprightplatform.com/company/e9d6e413-4f70-4b0d-8882-28a8d71eaf9d/Procter%20%26%20Gamble/,False,,,
PGR,Progressive Corporation,sustainability_report,https://s202.q4cdn.com/605347829/files/doc_downloads/2024/10/progressive_2023corporatesustainabilityreport_a.pdf,,,,,,,False,no_fields_extracted,False,,,,,,,,,,False,,,,,True,True,True,35359.5,median_model_revenue+employees,sector:Financials,21,"Tier 2 Scope 1 ESTIMATE (LSEG median-model style), NOT a disclosure -- see pipeline/tier2_estimation/estimate_tier2.py. Peer group: sector = 'Financials' (21 Tier 1 peers with a real Scope 1 value, floor=5). Revenue-based: median peer Scope 1 tCO2e/$ revenue (5.36817e-07) x this company's revenue ($91,019,001,856) = 48,861 tCO2e. Employee-based: median peer Scope 1 tCO2e/employee (0.312029) x this company's employee count (70,053) = 21,859 tCO2e. Final estimate is the average of the available method(s): 35,360 tCO2e.",18084.2,median_model_revenue+employees,sector:Financials,17,"Tier 2 Scope 2 ESTIMATE (LSEG median-model style), NOT a disclosure -- see pipeline/tier2_estimation/estimate_tier2.py. Peer group: sector = 'Financials' (17 Tier 1 peers with a real Scope 2 value, floor=5). Revenue-based: median peer Scope 2 tCO2e/$ revenue (1.98278e-07) x this company's revenue ($91,019,001,856) = 18,047 tCO2e. Employee-based: median peer Scope 2 tCO2e/employee (0.25868) x this company's employee count (70,053) = 18,121 tCO2e. Final estimate is the average of the available method(s): 18,084 tCO2e.",True,PROGRESSIVE,Insurance,75372.0,66300.0,-64.0,90.0,-9.1,0.8,-4.5,0.6,-1.9,-1.1,7.3,-2.4,1.9,-3.9,0.0,GHG emissions 8.20M tons of GHG emissions,Societal infrastructure 69.1M long-haul train rides,https://uprightplatform.com/company/87272392-b279-4c12-a789-4c006014132f/Progressive/,False,,,
PLD,Prologis,cdp_pdf,https://prologis.getbynder.com/m/e6c514f5f0efa6b/original/Prologis-Climate-Change-2021.pdf,2472.0,3343.0,539.0,,,,old,,True,Targets set,1.5°C,2030.0,Targets set,2040.0,Targets set,2040.0,"Overall Net-Zero Target: Prologis Inc. commits to reach net-zero GHG emissions across the value chain by 2040
Near-Term Targets: Prologis, Inc. commits to reduce absolute scope 1 and 2 GHG emissions 90.0% by 2030 from a 2019 base year*. Prologis, Inc. also commits to reduce absolute scope 3 GHG emissions 27.5% within the same timeframe*.
*The target boundary includes land-related emissions and removals from bioenergy feedstocks.
Long-Term Targets: Prologis, Inc. commits to maintain at least 90.0% absolute reduction of absolute scope 1 and 2 GHG emissions from 2030 through 2040 relative to a 2019 base year*. Prologis, Inc. also commits to reduce absolute scope 3 GHG emissions 90.0% within the same timeframe*. *The target boundary includes land-related emissions and removals from bioenergy feedstocks.",2024-04-25 01:00:00,False,,,,,False,False,False,,,,,,,,,,,True,PROLOGIS,Real Estate,8201.61,2703.0,5.0,63.0,-8.6,1.2,-4.1,0.9,-1.4,-0.3,11.2,-0.9,0.8,-2.9,0.2,GHG emissions 800k tons of GHG emissions,Taxes 8.28M days of primary education,https://uprightplatform.com/company/e3d46eb5-3cec-482b-9024-6e55950393df/Prologis/,False,,,
PRU,Prudential Financial,cdp_pdf,https://s204.q4cdn.com/830623074/files/doc_financials/2022/ar/2023-prudential-financial-cdp-climate-change-questionnaire_public.pdf,,,,,,,,download_error: 403 Client Error: Forbidden for url: https://s204.q4cdn.com/830623074/files/doc_financials/2022/ar/2023-prudential-financial-cdp-climate-change-questionnaire_public.pdf,False,,,,,,,,,,False,,,,,True,True,True,23217.9,median_model_revenue+employees,sector:Financials,21,"Tier 2 Scope 1 ESTIMATE (LSEG median-model style), NOT a disclosure -- see pipeline/tier2_estimation/estimate_tier2.py. Peer group: sector = 'Financials' (21 Tier 1 peers with a real Scope 1 value, floor=5). Revenue-based: median peer Scope 1 tCO2e/$ revenue (5.36817e-07) x this company's revenue ($65,223,999,488) = 35,013 tCO2e. Employee-based: median peer Scope 1 tCO2e/employee (0.312029) x this company's employee count (36,607) = 11,422 tCO2e. Final estimate is the average of the available method(s): 23,218 tCO2e.",11201.0,median_model_revenue+employees,sector:Financials,17,"Tier 2 Scope 2 ESTIMATE (LSEG median-model style), NOT a disclosure -- see pipeline/tier2_estimation/estimate_tier2.py. Peer group: sector = 'Financials' (17 Tier 1 peers with a real Scope 2 value, floor=5). Revenue-based: median peer Scope 2 tCO2e/$ revenue (1.98278e-07) x this company's revenue ($65,223,999,488) = 12,932 tCO2e. Employee-based: median peer Scope 2 tCO2e/employee (0.25868) x this company's employee count (36,607) = 9,470 tCO2e. Final estimate is the average of the available method(s): 11,201 tCO2e.",True,PRUDENTIAL FINANCIAL,Insurance,70405.0,38196.0,13.0,56.0,-1.5,0.2,-0.7,0.1,-0.2,-1.0,6.4,-0.4,2.2,-5.3,0.7,Scarce human capital 61.4k scarce worker years,Societal infrastructure 64.0M long-haul train rides,https://uprightplatform.com/company/12faac26-5992-400d-838b-03e671613945/Prudential%20Financial/,False,,,
PEG,Public Service Enterprise Group,epa_ghgrp,,146.3,,,,,,,EPA GHGRP Scope 1-only direct/on-site emissions; Scope 2 not covered,False,,,,,,,,,,True,2,electricity-generation,USA,85.9,True,False,True,,,,,,151741.3,median_model_revenue+employees,sector:Utilities,10,"Tier 2 Scope 2 ESTIMATE (LSEG median-model style), NOT a disclosure -- see pipeline/tier2_estimation/estimate_tier2.py. Peer group: sector = 'Utilities' (10 Tier 1 peers with a real Scope 2 value, floor=5). Revenue-based: median peer Scope 2 tCO2e/$ revenue (9.6601e-06) x this company's revenue ($12,542,999,552) = 121,167 tCO2e. Employee-based: median peer Scope 2 tCO2e/employee (13.8233) x this company's employee count (13,189) = 182,316 tCO2e. Final estimate is the average of the available method(s): 151,741 tCO2e.",True,PUBLIC SERVICE,Energy and Environmental,10430.0,13047.0,20.0,50.0,-24.0,7.0,-12.8,6.0,-3.7,-1.4,32.4,-2.5,0.4,-4.3,0.3,GHG emissions 3.20M tons of GHG emissions,Societal infrastructure 66.2M long-haul train rides,https://uprightplatform.com/company/602f6505-8eb4-4add-9565-5b3f2cb9218f/Public%20Service/,False,,,
PTC,PTC Inc.,sustainability_report,https://ptc-p-001.sitecorecontenthub.cloud/api/public/content/PTC-Impact-Report-2023?v=3eacd641,,,,,,,False,no_fields_extracted,True,Targets set,1.5°C,FY2030,Targets set,FY2050,Targets set,FY2050,Overall Net-Zero Target: PTC Inc. commits to reach net-zero greenhouse gas emissions across the value chain by FY2050. Near-Term Targets: PTC commits to reduce absolute scope 1 and 2 GHG emissions 50% by FY2030 from a FY2022 base year. PTC also commits to reduce absolute scope 3 GHG emissions from purchased goods and services 25% within the same timeframe.   Long-Term Targets: PTC also commits to reduce absolute scope 1 and 2 GHG emissions 90% by FY2050 from a FY2022 base year.  PTC also commits to reduce absolute scope 3 GHG emissions 90%  within the same timeframe.,2024-09-12 01:00:00,False,,,,,True,True,True,1031.5,median_model_revenue+employees,sub_industry:Application Software,7,"Tier 2 Scope 1 ESTIMATE (LSEG median-model style), NOT a disclosure -- see pipeline/tier2_estimation/estimate_tier2.py. Peer group: sub_industry = 'Application Software' (7 Tier 1 peers with a real Scope 1 value, floor=5). Revenue-based: median peer Scope 1 tCO2e/$ revenue (2.60656e-07) x this company's revenue ($2,953,971,968) = 770 tCO2e. Employee-based: median peer Scope 1 tCO2e/employee (0.18472) x this company's employee count (7,000) = 1,293 tCO2e. Final estimate is the average of the available method(s): 1,032 tCO2e.",3904.2,median_model_revenue+employees,sub_industry:Application Software,7,"Tier 2 Scope 2 ESTIMATE (LSEG median-model style), NOT a disclosure -- see pipeline/tier2_estimation/estimate_tier2.py. Peer group: sub_industry = 'Application Software' (7 Tier 1 peers with a real Scope 2 value, floor=5). Revenue-based: median peer Scope 2 tCO2e/$ revenue (9.10231e-07) x this company's revenue ($2,953,971,968) = 2,689 tCO2e. Employee-based: median peer Scope 2 tCO2e/employee (0.731378) x this company's employee count (7,000) = 5,120 tCO2e. Final estimate is the average of the available method(s): 3,904 tCO2e.",True,PTC,,2097.1,7501.0,34.0,38.0,-5.2,0.3,-2.4,0.2,-0.6,-0.3,12.4,-1.5,1.3,-5.8,5.2,,,https://uprightplatform.com/company/40879f56-33a7-46ed-b07f-e34c799ced10/PTC/,False,,,
PSA,Public Storage,sustainability_report,https://s1.q4cdn.com/588671402/files/doc_downloads/2025/06/2025-Sustainability-Report-Public-Storage.pdf,,,,,,,False,no_fields_extracted,False,,,,,,,,,,False,,,,,True,True,True,25980.4,median_model_revenue+employees,sector:Real Estate,8,"Tier 2 Scope 1 ESTIMATE (LSEG median-model style), NOT a disclosure -- see pipeline/tier2_estimation/estimate_tier2.py. Peer group: sector = 'Real Estate' (8 Tier 1 peers with a real Scope 1 value, floor=5). Revenue-based: median peer Scope 1 tCO2e/$ revenue (5.49255e-06) x this company's revenue ($4,910,444,032) = 26,971 tCO2e. Employee-based: median peer Scope 1 tCO2e/employee (4.331) x this company's employee count (5,770) = 24,990 tCO2e. Final estimate is the average of the available method(s): 25,980 tCO2e.",619296.3,median_model_revenue+employees,sector:Real Estate,7,"Tier 2 Scope 2 ESTIMATE (LSEG median-model style), NOT a disclosure -- see pipeline/tier2_estimation/estimate_tier2.py. Peer group: sector = 'Real Estate' (7 Tier 1 peers with a real Scope 2 value, floor=5). Revenue-based: median peer Scope 2 tCO2e/$ revenue (7.54576e-06) x this company's revenue ($4,910,444,032) = 37,053 tCO2e. Employee-based: median peer Scope 2 tCO2e/employee (208.239) x this company's employee count (5,770) = 1,201,540 tCO2e. Final estimate is the average of the available method(s): 619,296 tCO2e.",True,PUBLIC STORAGE,,4785.75,5380.0,12.0,57.0,-8.2,1.0,-4.0,0.7,-1.0,-0.3,12.2,-1.0,0.6,-3.1,0.4,,,https://uprightplatform.com/company/8dc294cd-ede4-4489-86eb-4ba0f98964ba/Public%20Storage/,False,,,
PHM,PulteGroup,sustainability_report,https://s204.q4cdn.com/680895981/files/doc_downloads/2024/2024_Sustainability_Report-FINAL.pdf,,,,,,,False,no_fields_extracted,False,,,,,,,,,,False,,,,,True,True,True,34584.6,median_model_revenue+employees,sector:Consumer Discretionary,21,"Tier 2 Scope 1 ESTIMATE (LSEG median-model style), NOT a disclosure -- see pipeline/tier2_estimation/estimate_tier2.py. Peer group: sector = 'Consumer Discretionary' (21 Tier 1 peers with a real Scope 1 value, floor=5). Revenue-based: median peer Scope 1 tCO2e/$ revenue (3.71647e-06) x this company's revenue ($16,407,075,840) = 60,976 tCO2e. Employee-based: median peer Scope 1 tCO2e/employee (1.25926) x this company's employee count (6,506) = 8,193 tCO2e. Final estimate is the average of the available method(s): 34,585 tCO2e.",60341.3,median_model_revenue+employees,sector:Consumer Discretionary,18,"Tier 2 Scope 2 ESTIMATE (LSEG median-model style), NOT a disclosure -- see pipeline/tier2_estimation/estimate_tier2.py. Peer group: sector = 'Consumer Discretionary' (18 Tier 1 peers with a real Scope 2 value, floor=5). Revenue-based: median peer Scope 2 tCO2e/$ revenue (6.64506e-06) x this company's revenue ($16,407,075,840) = 109,026 tCO2e. Employee-based: median peer Scope 2 tCO2e/employee (1.79165) x this company's employee count (6,506) = 11,656 tCO2e. Final estimate is the average of the available method(s): 60,341 tCO2e.",True,PULTEGROUP,Construction and Building Materials,17947.0,6506.0,12.0,57.0,-16.5,0.5,-10.0,0.3,-1.9,-0.6,21.6,-1.5,2.0,-2.7,0.0,GHG emissions 4.31M tons of GHG emissions,Societal infrastructure 67.3M long-haul train rides,https://uprightplatform.com/company/9b086eb3-5795-4162-a2fb-d69e8cf813de/PulteGroup/,False,,,
PWR,Quanta Services,sustainability_report,https://investors.quantaservices.com/_assets/_6ace16eea66ede551a7ae3abb19fb65e/quantaservices/db/989/10363/pdf/2023-Quanta-Sustainability-Report.pdf,,,,,,,False,no_fields_extracted,False,,,,,,,,,,False,,,,,True,True,True,256729.2,median_model_revenue+employees,sector:Industrials,40,"Tier 2 Scope 1 ESTIMATE (LSEG median-model style), NOT a disclosure -- see pipeline/tier2_estimation/estimate_tier2.py. Peer group: sector = 'Industrials' (40 Tier 1 peers with a real Scope 1 value, floor=5). Revenue-based: median peer Scope 1 tCO2e/$ revenue (6.94524e-06) x this company's revenue ($32,905,140,224) = 228,534 tCO2e. Employee-based: median peer Scope 1 tCO2e/employee (4.09963) x this company's employee count (69,500) = 284,924 tCO2e. Final estimate is the average of the available method(s): 256,729 tCO2e.",280845.3,median_model_revenue+employees,sector:Industrials,28,"Tier 2 Scope 2 ESTIMATE (LSEG median-model style), NOT a disclosure -- see pipeline/tier2_estimation/estimate_tier2.py. Peer group: sector = 'Industrials' (28 Tier 1 peers with a real Scope 2 value, floor=5). Revenue-based: median peer Scope 2 tCO2e/$ revenue (9.89188e-06) x this company's revenue ($32,905,140,224) = 325,494 tCO2e. Employee-based: median peer Scope 2 tCO2e/employee (3.39852) x this company's employee count (69,500) = 236,197 tCO2e. Final estimate is the average of the available method(s): 280,845 tCO2e.",True,QUANTA SERVICES,Construction and Building Materials,23673.0,58400.0,38.0,34.0,-16.8,8.0,-9.7,5.9,-2.2,-0.8,24.2,-1.7,0.9,-2.4,1.6,GHG emissions 5.51M tons of GHG emissions,Societal infrastructure 112M long-haul train rides,https://uprightplatform.com/company/928c5e78-d306-4962-9d54-5933405022b1/Quanta%20Services/,False,,,
QCOM,Qualcomm,epa_ghgrp,,48566.816,,,,,,,EPA GHGRP Scope 1-only direct/on-site emissions; Scope 2 not covered,True,Targets set,1.5°C,FY2030,Targets set,FY2040,Targets set,FY2040,"Overall Net Zero target
Qualcomm Incorporated commits to reach net-zero greenhouse gas emissions across the
value chain by FY2040.
Near-Term Targets
Qualcomm Incorporated commits to reduce absolute scope 1 and 2 GHG emissions 50% by FY2030 from a FY2020 base year. Qualcomm Incorporated also commits to reduce absolute scope 3 GHG emissions 25% within the same timeframe.
Long-Term Target
Qualcomm Incorporated commits to reduce absolute scope 1, 2 and 3 GHG emissions 90%
by FY2040 from a FY2020 base year.",2023-10-05 01:00:00,False,,,,,True,False,True,,,,,,128945.1,median_model_revenue+employees,sub_industry:Semiconductors,5,"Tier 2 Scope 2 ESTIMATE (LSEG median-model style), NOT a disclosure -- see pipeline/tier2_estimation/estimate_tier2.py. Peer group: sub_industry = 'Semiconductors' (5 Tier 1 peers with a real Scope 2 value, floor=5). Revenue-based: median peer Scope 2 tCO2e/$ revenue (2.34945e-06) x this company's revenue ($44,068,999,168) = 103,538 tCO2e. Employee-based: median peer Scope 2 tCO2e/employee (2.96832) x this company's employee count (52,000) = 154,352 tCO2e. Final estimate is the average of the available method(s): 128,945 tCO2e.",True,QUALCOMM,Media,44867.0,52000.0,21.0,50.0,-6.5,0.4,-2.9,0.3,-0.8,-0.4,9.4,-2.3,1.3,-4.3,5.9,Scarce human capital 31.6k scarce worker years,Taxes 39.4M days of primary education,https://uprightplatform.com/company/3ddd740a-c6d1-4f91-800a-1e78297b443f/Qualcomm/,False,,,
DGX,Quest Diagnostics,cdp_pdf,https://www.questdiagnostics.com/content/dam/corporate/documents/Quest_Diagnostics_Incorporated_-_CDP_Climate_Change_Questionnaire_2023.pdf,288624.0,104080.0,94474.0,,,,old,,False,,,,,,,,,,False,,,,,False,False,False,,,,,,,,,,,True,QUEST DIAGNOSTICS,Hospitals and Healthcare,9287.0,57000.0,62.0,10.0,-3.8,0.1,-1.3,0.0,-0.5,-0.9,13.7,-1.9,12.5,-5.2,4.9,Scarce human capital 7.99k scarce worker years,Physical diseases 73.3k life years,https://uprightplatform.com/company/b4d283be-3c3c-4c77-9a1a-b470ec7fa463/Quest%20Diagnostics/,False,,,
Q,Qnity Electronics,none,,,,,,,,,no_public_report_found,False,,,,,,,,,,False,,,,,True,True,True,4588.7,median_model_revenue+employees,sector:Information Technology,37,"Tier 2 Scope 1 ESTIMATE (LSEG median-model style), NOT a disclosure -- see pipeline/tier2_estimation/estimate_tier2.py. Peer group: sector = 'Information Technology' (37 Tier 1 peers with a real Scope 1 value, floor=5). Revenue-based: median peer Scope 1 tCO2e/$ revenue (6.23987e-07) x this company's revenue ($5,209,999,872) = 3,251 tCO2e. Employee-based: median peer Scope 1 tCO2e/employee (0.592647) x this company's employee count (10,000) = 5,926 tCO2e. Final estimate is the average of the available method(s): 4,589 tCO2e.",13343.1,median_model_revenue+employees,sector:Information Technology,29,"Tier 2 Scope 2 ESTIMATE (LSEG median-model style), NOT a disclosure -- see pipeline/tier2_estimation/estimate_tier2.py. Peer group: sector = 'Information Technology' (29 Tier 1 peers with a real Scope 2 value, floor=5). Revenue-based: median peer Scope 2 tCO2e/$ revenue (2.34945e-06) x this company's revenue ($5,209,999,872) = 12,241 tCO2e. Employee-based: median peer Scope 2 tCO2e/employee (1.44455) x this company's employee count (10,000) = 14,445 tCO2e. Final estimate is the average of the available method(s): 13,343 tCO2e.",False,,,5210.0,10000,27.0,44.0,-6.5,0.4,-2.8,0.3,-0.8,-0.3,10.5,-1.2,1.2,-4.4,4.7,,,,True,sector:Information Technology,65,"PROXY ESTIMATE, not real Upright data -- see pipeline/upright/estimate_upright_gaps.py. Peer group: sector = 'Information Technology' (65 real Upright-covered peers, floor=5). Each cents-per-dollar-of-revenue figure is the MEDIAN of that peer group's real Upright values for the same metric -- a crude industry-average proxy, not Upright's own company-specific modeling. Revenue/employee figures are this company's own real data (from yfinance), not estimated."
RTX,RTX Corporation,epa_ghgrp,,154646.258,,,,,,,"EPA GHGRP 2023 Direct Emitters, matched via parent company 'RTX CORP' (3 facilities). Scope 1 (direct/on-site) only -- GHGRP does not cover Scope 2.",False,,,,,,,,,,False,,,,,True,False,True,,,,,,768311.8,median_model_revenue+employees,sector:Industrials,28,"Tier 2 Scope 2 ESTIMATE (LSEG median-model style), NOT a disclosure -- see pipeline/tier2_estimation/estimate_tier2.py. Peer group: sector = 'Industrials' (28 Tier 1 peers with a real Scope 2 value, floor=5). Revenue-based: median peer Scope 2 tCO2e/$ revenue (9.89188e-06) x this company's revenue ($93,499,998,208) = 924,890 tCO2e. Employee-based: median peer Scope 2 tCO2e/employee (3.39852) x this company's employee count (180,000) = 611,733 tCO2e. Final estimate is the average of the available method(s): 768,312 tCO2e.",True,RTX,,87.44,316.0,56.0,16.0,-3.5,0.5,-1.7,0.3,-0.5,-0.2,11.1,-1.9,1.7,-4.6,9.9,,,https://uprightplatform.com/company/c8f6a89a-ec48-44bd-a3e0-d7743802693a/Rtx/,False,,,
RSG,Republic Services,epa_ghgrp,,10721712.294000002,,,,,,,"EPA GHGRP 2023 Direct Emitters, matched via parent company 'REPUBLIC SERVICES INC' (177 facilities). Scope 1 (direct/on-site) only -- GHGRP does not cover Scope 2.",True,Targets set,Well-below 2°C,2030.0,,,,,"Solid waste collection, transfer, disposal, recycling, and energy services provider Republic Services, commits to reduce absolute total Scope 1 and 2 GHG emissions 35% by 2030 from a 2017 baseline year*. *The target boundary includes biogenic emissions from biogenic feedstocks",2019-09-23 01:00:00,False,,,,,True,False,True,,,,,,154910.7,median_model_revenue+employees,sector:Industrials,28,"Tier 2 Scope 2 ESTIMATE (LSEG median-model style), NOT a disclosure -- see pipeline/tier2_estimation/estimate_tier2.py. Peer group: sector = 'Industrials' (28 Tier 1 peers with a real Scope 2 value, floor=5). Revenue-based: median peer Scope 2 tCO2e/$ revenue (9.89188e-06) x this company's revenue ($16,890,999,808) = 167,084 tCO2e. Employee-based: median peer Scope 2 tCO2e/employee (3.39852) x this company's employee count (42,000) = 142,738 tCO2e. Final estimate is the average of the available method(s): 154,911 tCO2e.",True,REPUBLIC SERVICES,Energy and Environmental,15245.1,42000.0,55.0,17.0,-9.9,7.8,-5.3,0.7,-2.4,-0.2,15.4,-0.8,3.6,-1.5,0.7,GHG emissions 1.95M tons of GHG emissions,Societal infrastructure 28.6M long-haul train rides,https://uprightplatform.com/company/1c0290f4-1efa-404a-b69c-070f3be4b021/Republic%20Services/,False,,,
RL,Ralph Lauren Corporation,cdp_pdf,https://corporate.ralphlauren.com/on/demandware.static/-/Sites-RalphLauren_Corporate-Library/default/dw024e8938/documents/2023_reports_and_policies/CDP-ClimateChange2023.pdf,16248.0,60808.0,62381.0,,,,old,,True,Targets set,1.5°C,FY2030,,,Commitment removed,,"Ralph Lauren commits to reduce absolute scope 1, 2, and 3 GHG emissions 30% by FY 2030 from a FY 2020 base year. Ralph Lauren commits to increase annual sourcing of renewable electricity from 2% in FY 2020 to 100% by FY 2025.",2020-12-03 01:00:00,False,,,,,False,False,False,,,,,,,,,,,True,RALPH LAUREN,Consumer Product Manufacturing,7833.1,15000.0,-40.0,84.0,-14.8,1.4,-6.2,0.9,-1.7,-1.4,8.9,-1.6,3.7,-1.7,0.0,GHG emissions 1.16M tons of GHG emissions,Jobs 43.2k direct or indirect jobs,https://uprightplatform.com/company/6610d979-4465-449b-ba8f-a8be97491b88/Ralph%20Lauren/,False,,,
RJF,Raymond James Financial,sustainability_report,https://www.responsibilityreports.com/HostedData/ResponsibilityReportArchive/r/NYSE_RJF_2022.pdf,,,,,,,False,no_fields_extracted,False,,,,,,,,,,False,,,,,True,True,True,7132.8,median_model_revenue+employees,sector:Financials,21,"Tier 2 Scope 1 ESTIMATE (LSEG median-model style), NOT a disclosure -- see pipeline/tier2_estimation/estimate_tier2.py. Peer group: sector = 'Financials' (21 Tier 1 peers with a real Scope 1 value, floor=5). Revenue-based: median peer Scope 1 tCO2e/$ revenue (5.36817e-07) x this company's revenue ($15,239,999,488) = 8,181 tCO2e. Employee-based: median peer Scope 1 tCO2e/employee (0.312029) x this company's employee count (19,500) = 6,085 tCO2e. Final estimate is the average of the available method(s): 7,133 tCO2e.",4033.0,median_model_revenue+employees,sector:Financials,17,"Tier 2 Scope 2 ESTIMATE (LSEG median-model style), NOT a disclosure -- see pipeline/tier2_estimation/estimate_tier2.py. Peer group: sector = 'Financials' (17 Tier 1 peers with a real Scope 2 value, floor=5). Revenue-based: median peer Scope 2 tCO2e/$ revenue (1.98278e-07) x this company's revenue ($15,239,999,488) = 3,022 tCO2e. Employee-based: median peer Scope 2 tCO2e/employee (0.25868) x this company's employee count (19,500) = 5,044 tCO2e. Final estimate is the average of the available method(s): 4,033 tCO2e.",True,RAYMOND JAMES FINANCIAL,Financial Services,16053.0,19000.0,8.0,61.0,-1.8,0.1,-0.9,0.1,-0.2,-0.6,5.6,-0.2,0.7,-6.6,3.6,Scarce human capital 17.5k scarce worker years,Distributing knowledge 853 days of BBC news,https://uprightplatform.com/company/67b2a6cf-0e90-43f2-ab56-5b493589529f/Raymond%20James%20Financial/,False,,,
RDDT,Reddit,none,,,,,,,,,no_public_report_found,False,,,,,,,,,,False,,,,,True,True,True,2328.6,median_model_revenue+employees,sector:Communication Services,6,"Tier 2 Scope 1 ESTIMATE (LSEG median-model style), NOT a disclosure -- see pipeline/tier2_estimation/estimate_tier2.py. Peer group: sector = 'Communication Services' (6 Tier 1 peers with a real Scope 1 value, floor=5). Revenue-based: median peer Scope 1 tCO2e/$ revenue (6.73153e-07) x this company's revenue ($2,778,833,920) = 1,871 tCO2e. Employee-based: median peer Scope 1 tCO2e/employee (1.09064) x this company's employee count (2,555) = 2,787 tCO2e. Final estimate is the average of the available method(s): 2,329 tCO2e.",12087.4,median_model_revenue+employees,sector:Communication Services,6,"Tier 2 Scope 2 ESTIMATE (LSEG median-model style), NOT a disclosure -- see pipeline/tier2_estimation/estimate_tier2.py. Peer group: sector = 'Communication Services' (6 Tier 1 peers with a real Scope 2 value, floor=5). Revenue-based: median peer Scope 2 tCO2e/$ revenue (5.2889e-06) x this company's revenue ($2,778,833,920) = 14,697 tCO2e. Employee-based: median peer Scope 2 tCO2e/employee (3.70951) x this company's employee count (2,555) = 9,478 tCO2e. Final estimate is the average of the available method(s): 12,087 tCO2e.",False,,,2778.8,2555,37.5,34.5,-4.15,0.2,-2.1500000000000004,0.1,-0.35,-0.3,11.25,-4.0,4.449999999999999,-4.45,5.5,,,,True,sector:Communication Services,20,"PROXY ESTIMATE, not real Upright data -- see pipeline/upright/estimate_upright_gaps.py. Peer group: sector = 'Communication Services' (20 real Upright-covered peers, floor=5). Each cents-per-dollar-of-revenue figure is the MEDIAN of that peer group's real Upright values for the same metric -- a crude industry-average proxy, not Upright's own company-specific modeling. Revenue/employee figures are this company's own real data (from yfinance), not estimated."
O,Realty Income,sustainability_report,https://www.realtyincome.com/sites/realty-income/files/realty-income/sustainability/sustainability-report/realty-income-corporation-2023-sustainability-report.pdf,,,,,,,False,no_fields_extracted,False,,,,,,,,,,False,,,,,True,True,True,17835.6,median_model_revenue+employees,sector:Real Estate,8,"Tier 2 Scope 1 ESTIMATE (LSEG median-model style), NOT a disclosure -- see pipeline/tier2_estimation/estimate_tier2.py. Peer group: sector = 'Real Estate' (8 Tier 1 peers with a real Scope 1 value, floor=5). Revenue-based: median peer Scope 1 tCO2e/$ revenue (5.49255e-06) x this company's revenue ($6,065,508,864) = 33,315 tCO2e. Employee-based: median peer Scope 1 tCO2e/employee (4.331) x this company's employee count (544) = 2,356 tCO2e. Final estimate is the average of the available method(s): 17,836 tCO2e.",79525.5,median_model_revenue+employees,sector:Real Estate,7,"Tier 2 Scope 2 ESTIMATE (LSEG median-model style), NOT a disclosure -- see pipeline/tier2_estimation/estimate_tier2.py. Peer group: sector = 'Real Estate' (7 Tier 1 peers with a real Scope 2 value, floor=5). Revenue-based: median peer Scope 2 tCO2e/$ revenue (7.54576e-06) x this company's revenue ($6,065,508,864) = 45,769 tCO2e. Employee-based: median peer Scope 2 tCO2e/employee (208.239) x this company's employee count (544) = 113,282 tCO2e. Final estimate is the average of the available method(s): 79,525 tCO2e.",False,,,6065.5,544,15.0,54.5,-8.95,0.6,-4.15,0.4,-1.2,-0.3,13.9,-1.05,1.45,-3.1500000000000004,0.3,,,,True,sector:Real Estate,28,"PROXY ESTIMATE, not real Upright data -- see pipeline/upright/estimate_upright_gaps.py. Peer group: sector = 'Real Estate' (28 real Upright-covered peers, floor=5). Each cents-per-dollar-of-revenue figure is the MEDIAN of that peer group's real Upright values for the same metric -- a crude industry-average proxy, not Upright's own company-specific modeling. Revenue/employee figures are this company's own real data (from yfinance), not estimated."
REG,Regency Centers,sustainability_report,https://stregcorpweb.blob.core.windows.net/sitefinityfiles/docs/default-source/corporate-responsibility/regency-centers-2023-corporate-responsibility-report.pdf,,,,,,,False,no_fields_extracted,True,Targets set,Well-below 2°C,2030.0,,,,,"This target was approved using a streamlined target validation route exclusive to small and medium-sized enterprises (SMEs). https://sciencebasedtargets.org/faqs-for-smes/ Regency Centers Corporation commits to reduce scope 1 and scope 2 GHG emissions 28% by 2030 from a 2019 base year, and to measure and reduce its scope 3 emissions.",2022-04-28 01:00:00,False,,,,,True,True,True,5718.2,median_model_revenue+employees,sector:Real Estate,8,"Tier 2 Scope 1 ESTIMATE (LSEG median-model style), NOT a disclosure -- see pipeline/tier2_estimation/estimate_tier2.py. Peer group: sector = 'Real Estate' (8 Tier 1 peers with a real Scope 1 value, floor=5). Revenue-based: median peer Scope 1 tCO2e/$ revenue (5.49255e-06) x this company's revenue ($1,685,532,032) = 9,258 tCO2e. Employee-based: median peer Scope 1 tCO2e/employee (4.331) x this company's employee count (503) = 2,178 tCO2e. Final estimate is the average of the available method(s): 5,718 tCO2e.",58731.4,median_model_revenue+employees,sector:Real Estate,7,"Tier 2 Scope 2 ESTIMATE (LSEG median-model style), NOT a disclosure -- see pipeline/tier2_estimation/estimate_tier2.py. Peer group: sector = 'Real Estate' (7 Tier 1 peers with a real Scope 2 value, floor=5). Revenue-based: median peer Scope 2 tCO2e/$ revenue (7.54576e-06) x this company's revenue ($1,685,532,032) = 12,719 tCO2e. Employee-based: median peer Scope 2 tCO2e/employee (208.239) x this company's employee count (503) = 104,744 tCO2e. Final estimate is the average of the available method(s): 58,731 tCO2e.",True,REGENCY CENTERS,Real Estate,1553.52,507.0,-2.0,68.0,-8.1,0.2,-3.5,0.1,-1.4,-0.2,10.8,-0.4,0.3,-2.8,0.0,GHG emissions 129k tons of GHG emissions,Taxes 1.55M days of primary education,https://uprightplatform.com/company/deaffe7f-4f13-44b0-9001-a6914e21cea7/Regency%20Centers/,False,,,
REGN,Regeneron Pharmaceuticals,cdp_pdf,https://www.regeneron.com/downloads/2025-cdp-climate-change-water-security.pdf,80250.631,56937.424,40391.544,,,14202000000.0,new,,False,,,,,,,,,,False,,,,,False,False,False,,,,,,,,,,,True,REGENERON PHARMACEUTICALS,Pharmaceuticals and Biotechnology,14342.9,15410.0,22.0,49.0,-11.3,0.2,-5.0,0.1,-2.2,-1.3,7.1,-5.2,20.8,-4.2,0.0,Physical diseases 59.5k life years,Physical diseases 215k life years,https://uprightplatform.com/company/cfeb2e13-a397-4794-8ce5-35a822be3d5b/Regeneron%20Pharmaceuticals/,False,,,
RF,Regions Financial Corporation,none,,,,,,,,,no_public_report_found,False,,,,,,,,,,False,,,,,True,True,True,5063.5,median_model_revenue+employees,sector:Financials,21,"Tier 2 Scope 1 ESTIMATE (LSEG median-model style), NOT a disclosure -- see pipeline/tier2_estimation/estimate_tier2.py. Peer group: sector = 'Financials' (21 Tier 1 peers with a real Scope 1 value, floor=5). Revenue-based: median peer Scope 1 tCO2e/$ revenue (5.36817e-07) x this company's revenue ($7,238,000,128) = 3,885 tCO2e. Employee-based: median peer Scope 1 tCO2e/employee (0.312029) x this company's employee count (20,003) = 6,242 tCO2e. Final estimate is the average of the available method(s): 5,063 tCO2e.",3304.8,median_model_revenue+employees,sector:Financials,17,"Tier 2 Scope 2 ESTIMATE (LSEG median-model style), NOT a disclosure -- see pipeline/tier2_estimation/estimate_tier2.py. Peer group: sector = 'Financials' (17 Tier 1 peers with a real Scope 2 value, floor=5). Revenue-based: median peer Scope 2 tCO2e/$ revenue (1.98278e-07) x this company's revenue ($7,238,000,128) = 1,435 tCO2e. Employee-based: median peer Scope 2 tCO2e/employee (0.25868) x this company's employee count (20,003) = 5,174 tCO2e. Final estimate is the average of the available method(s): 3,305 tCO2e.",True,REGIONS FINANCIAL,Banks,7294.0,19642.0,18.0,52.0,-3.0,0.1,-1.6,0.1,-0.4,-0.3,9.3,-0.3,0.6,-5.0,0.4,Scarce human capital 6.01k scarce worker years,Societal infrastructure 10.0M long-haul train rides,https://uprightplatform.com/company/598133e3-c05d-4278-a188-1553600d4142/Regions%20Financial/,False,,,
RMD,ResMed,sustainability_report,https://document.resmed.com/documents/global/ResMed_Sustainability_report.pdf,,,,,,,False,no_fields_extracted,True,Commitment removed,,,,,Commitment removed,,,2023-02-23 01:00:00,False,,,,,True,True,True,18150.3,median_model_revenue+employees,sub_industry:Health Care Equipment,6,"Tier 2 Scope 1 ESTIMATE (LSEG median-model style), NOT a disclosure -- see pipeline/tier2_estimation/estimate_tier2.py. Peer group: sub_industry = 'Health Care Equipment' (6 Tier 1 peers with a real Scope 1 value, floor=5). Revenue-based: median peer Scope 1 tCO2e/$ revenue (3.85286e-06) x this company's revenue ($5,653,443,072) = 21,782 tCO2e. Employee-based: median peer Scope 1 tCO2e/employee (1.27693) x this company's employee count (11,370) = 14,519 tCO2e. Final estimate is the average of the available method(s): 18,150 tCO2e.",16331.3,median_model_revenue+employees,sub_industry:Health Care Equipment,5,"Tier 2 Scope 2 ESTIMATE (LSEG median-model style), NOT a disclosure -- see pipeline/tier2_estimation/estimate_tier2.py. Peer group: sub_industry = 'Health Care Equipment' (5 Tier 1 peers with a real Scope 2 value, floor=5). Revenue-based: median peer Scope 2 tCO2e/$ revenue (3.17691e-06) x this company's revenue ($5,653,443,072) = 17,960 tCO2e. Employee-based: median peer Scope 2 tCO2e/employee (1.29306) x this company's employee count (11,370) = 14,702 tCO2e. Final estimate is the average of the available method(s): 16,331 tCO2e.",True,RESMED,,5398.12,10600.0,70.0,4.0,-2.4,0.0,-1.3,,-0.2,-0.1,9.2,-0.3,7.0,-2.8,2.8,,,https://uprightplatform.com/company/f20b15a5-9450-4a3f-b3ee-ee157a072f51/Resmed/,False,,,
RVTY,Revvity,sustainability_report,https://resources.revvity.com/pdfs/2024-impact-report.pdf,,,,,,,False,no_fields_extracted,True,Commitment removed,,,,,,,,2023-09-28 01:00:00,False,,,,,True,True,True,12632.5,median_model_revenue+employees,sub_industry:Health Care Equipment,6,"Tier 2 Scope 1 ESTIMATE (LSEG median-model style), NOT a disclosure -- see pipeline/tier2_estimation/estimate_tier2.py. Peer group: sub_industry = 'Health Care Equipment' (6 Tier 1 peers with a real Scope 1 value, floor=5). Revenue-based: median peer Scope 1 tCO2e/$ revenue (3.85286e-06) x this company's revenue ($2,911,811,072) = 11,219 tCO2e. Employee-based: median peer Scope 1 tCO2e/employee (1.27693) x this company's employee count (11,000) = 14,046 tCO2e. Final estimate is the average of the available method(s): 12,633 tCO2e.",11737.1,median_model_revenue+employees,sub_industry:Health Care Equipment,5,"Tier 2 Scope 2 ESTIMATE (LSEG median-model style), NOT a disclosure -- see pipeline/tier2_estimation/estimate_tier2.py. Peer group: sub_industry = 'Health Care Equipment' (5 Tier 1 peers with a real Scope 2 value, floor=5). Revenue-based: median peer Scope 2 tCO2e/$ revenue (3.17691e-06) x this company's revenue ($2,911,811,072) = 9,251 tCO2e. Employee-based: median peer Scope 2 tCO2e/employee (1.29306) x this company's employee count (11,000) = 14,224 tCO2e. Final estimate is the average of the available method(s): 11,737 tCO2e.",False,,,2911.8,11000,55.0,16.0,-5.5,0.2,-2.3,0.1,-0.6,-0.5,9.7,-2.6,13.6,-3.1,0.6,,,,True,sub_industry:Health Care Equipment,13,"PROXY ESTIMATE, not real Upright data -- see pipeline/upright/estimate_upright_gaps.py. Peer group: sub_industry = 'Health Care Equipment' (13 real Upright-covered peers, floor=5). Each cents-per-dollar-of-revenue figure is the MEDIAN of that peer group's real Upright values for the same metric -- a crude industry-average proxy, not Upright's own company-specific modeling. Revenue/employee figures are this company's own real data (from yfinance), not estimated."
HOOD,Robinhood Markets,sustainability_report,https://esg.robinhood.com/static-files/af585da2-bc3b-4b0b-879e-2420b77f61c0,,,,,,,,"download_error: HTTPSConnectionPool(host='esg.robinhood.com', port=443): Read timed out. (read timeout=30)",False,,,,,,,,,,False,,,,,True,True,True,1776.2,median_model_revenue+employees,sector:Financials,21,"Tier 2 Scope 1 ESTIMATE (LSEG median-model style), NOT a disclosure -- see pipeline/tier2_estimation/estimate_tier2.py. Peer group: sector = 'Financials' (21 Tier 1 peers with a real Scope 1 value, floor=5). Revenue-based: median peer Scope 1 tCO2e/$ revenue (5.36817e-07) x this company's revenue ($4,931,999,744) = 2,648 tCO2e. Employee-based: median peer Scope 1 tCO2e/employee (0.312029) x this company's employee count (2,900) = 905 tCO2e. Final estimate is the average of the available method(s): 1,776 tCO2e.",864.0,median_model_revenue+employees,sector:Financials,17,"Tier 2 Scope 2 ESTIMATE (LSEG median-model style), NOT a disclosure -- see pipeline/tier2_estimation/estimate_tier2.py. Peer group: sector = 'Financials' (17 Tier 1 peers with a real Scope 2 value, floor=5). Revenue-based: median peer Scope 2 tCO2e/$ revenue (1.98278e-07) x this company's revenue ($4,931,999,744) = 978 tCO2e. Employee-based: median peer Scope 2 tCO2e/employee (0.25868) x this company's employee count (2,900) = 750 tCO2e. Final estimate is the average of the available method(s): 864 tCO2e.",True,ROBINHOOD,,3260.0,2300.0,-39.0,84.0,-3.6,0.1,-2.5,0.1,-0.4,-1.0,7.0,-0.2,0.3,-6.2,0.5,,,https://uprightplatform.com/company/9c7210f6-f880-4c44-815b-662c7c26f4e3/Robinhood/,False,,,
ROK,Rockwell Automation,none,,,,,,,,,no_public_report_found,True,Targets set,1.5°C,FY2033,Targets set,FY2050,Targets set,FY2050,"Overall Net-Zero Target:
Rockwell Automation Inc. commits to achieve net-zero greenhouse gas emissions across the value chain by FY2050.

Near-Term Targets:
Rockwell Automation Inc. commits to reduce absolute scope 1 and 2 GHG emissions 54.6% by FY2033 from a FY2024 base year. Rockwell Automation Inc. also commits to reduce absolute scope 3 GHG emissions 32.5% within the same timeframe.

Long-Term Targets:
Rockwell Automation Inc. commits to reduce absolute scope 1 and 2 GHG emissions 90.0% by FY2050 from a FY2024 base year. Rockwell Automation Inc. also commits to reduce absolute scope 3 GHG emissions 90.0% within the same timeframe.",2026-05-14 01:00:00,False,,,,,True,True,True,84455.0,median_model_revenue+employees,sector:Industrials,40,"Tier 2 Scope 1 ESTIMATE (LSEG median-model style), NOT a disclosure -- see pipeline/tier2_estimation/estimate_tier2.py. Peer group: sector = 'Industrials' (40 Tier 1 peers with a real Scope 1 value, floor=5). Revenue-based: median peer Scope 1 tCO2e/$ revenue (6.94524e-06) x this company's revenue ($8,972,999,680) = 62,320 tCO2e. Employee-based: median peer Scope 1 tCO2e/employee (4.09963) x this company's employee count (26,000) = 106,590 tCO2e. Final estimate is the average of the available method(s): 84,455 tCO2e.",88560.6,median_model_revenue+employees,sector:Industrials,28,"Tier 2 Scope 2 ESTIMATE (LSEG median-model style), NOT a disclosure -- see pipeline/tier2_estimation/estimate_tier2.py. Peer group: sector = 'Industrials' (28 Tier 1 peers with a real Scope 2 value, floor=5). Revenue-based: median peer Scope 2 tCO2e/$ revenue (9.89188e-06) x this company's revenue ($8,972,999,680) = 88,760 tCO2e. Employee-based: median peer Scope 2 tCO2e/employee (3.39852) x this company's employee count (26,000) = 88,361 tCO2e. Final estimate is the average of the available method(s): 88,561 tCO2e.",True,ROCKWELL AUTOMATION,Electronics,8566.0,26000.0,29.0,42.0,-7.4,1.6,-3.5,1.2,-1.1,-0.2,12.2,-0.9,1.2,-4.4,3.2,Scarce human capital 6.16k scarce worker years,Taxes 8.20M days of primary education,https://uprightplatform.com/company/083ee122-8aa0-4888-b0bc-76caba256085/Rockwell%20Automation/,False,,,
ROL,"Rollins, Inc.",sustainability_report,https://d1io3yog0oux5.cloudfront.net/_edc1cdab95ef3efeadac34f126875d40/rollins/db/856/7655/pdf/Rollins+(1).pdf,,,,,,,False,no_fields_extracted,False,,,,,,,,,,False,,,,,True,True,True,58722.6,median_model_revenue+employees,sector:Industrials,40,"Tier 2 Scope 1 ESTIMATE (LSEG median-model style), NOT a disclosure -- see pipeline/tier2_estimation/estimate_tier2.py. Peer group: sector = 'Industrials' (40 Tier 1 peers with a real Scope 1 value, floor=5). Revenue-based: median peer Scope 1 tCO2e/$ revenue (6.94524e-06) x this company's revenue ($3,924,018,944) = 27,253 tCO2e. Employee-based: median peer Scope 1 tCO2e/employee (4.09963) x this company's employee count (22,000) = 90,192 tCO2e. Final estimate is the average of the available method(s): 58,723 tCO2e.",56791.7,median_model_revenue+employees,sector:Industrials,28,"Tier 2 Scope 2 ESTIMATE (LSEG median-model style), NOT a disclosure -- see pipeline/tier2_estimation/estimate_tier2.py. Peer group: sector = 'Industrials' (28 Tier 1 peers with a real Scope 2 value, floor=5). Revenue-based: median peer Scope 2 tCO2e/$ revenue (9.89188e-06) x this company's revenue ($3,924,018,944) = 38,816 tCO2e. Employee-based: median peer Scope 2 tCO2e/employee (3.39852) x this company's employee count (22,000) = 74,767 tCO2e. Final estimate is the average of the available method(s): 56,792 tCO2e.",True,ROLLINS,,2695.82,17515.0,12.0,57.0,-15.8,0.1,-5.4,0.1,-4.1,-0.3,19.5,-2.0,3.0,-1.7,0.0,,,https://uprightplatform.com/company/4925dd20-f272-4461-87eb-7355a9f10b8b/Rollins/,False,,,
ROP,Roper Technologies,none,,,,,,,,,no_public_report_found,True,Commitment removed,,,,,,,,2024-05-02 01:00:00,False,,,,,True,True,True,8332.1,median_model_revenue+employees,sector:Information Technology,37,"Tier 2 Scope 1 ESTIMATE (LSEG median-model style), NOT a disclosure -- see pipeline/tier2_estimation/estimate_tier2.py. Peer group: sector = 'Information Technology' (37 Tier 1 peers with a real Scope 1 value, floor=5). Revenue-based: median peer Scope 1 tCO2e/$ revenue (6.23987e-07) x this company's revenue ($8,280,300,032) = 5,167 tCO2e. Employee-based: median peer Scope 1 tCO2e/employee (0.592647) x this company's employee count (19,400) = 11,497 tCO2e. Final estimate is the average of the available method(s): 8,332 tCO2e.",23739.2,median_model_revenue+employees,sector:Information Technology,29,"Tier 2 Scope 2 ESTIMATE (LSEG median-model style), NOT a disclosure -- see pipeline/tier2_estimation/estimate_tier2.py. Peer group: sector = 'Information Technology' (29 Tier 1 peers with a real Scope 2 value, floor=5). Revenue-based: median peer Scope 2 tCO2e/$ revenue (2.34945e-06) x this company's revenue ($8,280,300,032) = 19,454 tCO2e. Employee-based: median peer Scope 2 tCO2e/employee (1.44455) x this company's employee count (19,400) = 28,024 tCO2e. Final estimate is the average of the available method(s): 23,739 tCO2e.",True,ROPER TECHNOLOGIES,,7468.1,18200.0,38.0,34.0,-5.7,0.4,-2.8,0.2,-0.7,-0.4,11.4,-0.8,2.9,-4.4,3.4,,,https://uprightplatform.com/company/1d87813c-3a35-4b18-8c97-7f1ec51caee3/Roper%20Technologies/,False,,,
ROST,Ross Stores,none,,,,,,,,,no_public_report_found,False,,,,,,,,,,False,,,,,True,True,True,115437.6,median_model_revenue+employees,sector:Consumer Discretionary,21,"Tier 2 Scope 1 ESTIMATE (LSEG median-model style), NOT a disclosure -- see pipeline/tier2_estimation/estimate_tier2.py. Peer group: sector = 'Consumer Discretionary' (21 Tier 1 peers with a real Scope 1 value, floor=5). Revenue-based: median peer Scope 1 tCO2e/$ revenue (3.71647e-06) x this company's revenue ($24,511,797,248) = 91,097 tCO2e. Employee-based: median peer Scope 1 tCO2e/employee (1.25926) x this company's employee count (111,000) = 139,778 tCO2e. Final estimate is the average of the available method(s): 115,438 tCO2e.",180877.8,median_model_revenue+employees,sector:Consumer Discretionary,18,"Tier 2 Scope 2 ESTIMATE (LSEG median-model style), NOT a disclosure -- see pipeline/tier2_estimation/estimate_tier2.py. Peer group: sector = 'Consumer Discretionary' (18 Tier 1 peers with a real Scope 2 value, floor=5). Revenue-based: median peer Scope 2 tCO2e/$ revenue (6.64506e-06) x this company's revenue ($24,511,797,248) = 162,882 tCO2e. Employee-based: median peer Scope 2 tCO2e/employee (1.79165) x this company's employee count (111,000) = 198,873 tCO2e. Final estimate is the average of the available method(s): 180,878 tCO2e.",True,ROSS STORES,,21129.0,107000.0,-42.0,85.0,-15.5,0.9,-7.4,0.6,-2.1,-1.0,12.3,-2.4,2.4,-3.5,0.2,,,https://uprightplatform.com/company/34ed4c64-86d3-412b-8cb6-4d7857cedf83/Ross%20Stores/,False,,,
RCL,Royal Caribbean Group,none,,,,,,,,,no_public_report_found,False,,,,,,,,,,False,,,,,True,True,True,102684.1,median_model_revenue+employees,sector:Consumer Discretionary,21,"Tier 2 Scope 1 ESTIMATE (LSEG median-model style), NOT a disclosure -- see pipeline/tier2_estimation/estimate_tier2.py. Peer group: sector = 'Consumer Discretionary' (21 Tier 1 peers with a real Scope 1 value, floor=5). Revenue-based: median peer Scope 1 tCO2e/$ revenue (3.71647e-06) x this company's revenue ($18,681,999,360) = 69,431 tCO2e. Employee-based: median peer Scope 1 tCO2e/employee (1.25926) x this company's employee count (107,950) = 135,937 tCO2e. Final estimate is the average of the available method(s): 102,684 tCO2e.",158775.9,median_model_revenue+employees,sector:Consumer Discretionary,18,"Tier 2 Scope 2 ESTIMATE (LSEG median-model style), NOT a disclosure -- see pipeline/tier2_estimation/estimate_tier2.py. Peer group: sector = 'Consumer Discretionary' (18 Tier 1 peers with a real Scope 2 value, floor=5). Revenue-based: median peer Scope 2 tCO2e/$ revenue (6.64506e-06) x this company's revenue ($18,681,999,360) = 124,143 tCO2e. Employee-based: median peer Scope 2 tCO2e/employee (1.79165) x this company's employee count (107,950) = 193,409 tCO2e. Final estimate is the average of the available method(s): 158,776 tCO2e.",True,ROYAL CARIBBEAN CRUISES,"Leisure, Sports and Recreation",13900.0,105950.0,-36.0,83.0,-17.5,1.5,-9.2,1.0,-3.3,-0.5,10.9,-3.7,5.5,-2.9,0.1,GHG emissions 3.07M tons of GHG emissions,Taxes 13.5M days of primary education,https://uprightplatform.com/company/36b39a17-8866-4f46-9888-8628a9ed6d88/Royal%20Caribbean%20Cruises/,False,,,
SPGI,S&P Global,sustainability_report,https://www.spglobal.com/content/dam/spglobal/corporate/en/documents/organization/who-we-are/sp-global-impact-report-2024.pdf,,,,,,,False,no_fields_extracted,True,Targets set,1.5°C,2025.0,Targets set,2040.0,Targets set,2040.0,"Overall Net-Zero Target: S&P Global Inc. commits to reach net-zero greenhouse gas emissions across the value chain by 2040. Near-Term Targets: S&P Global Inc. commits to reduce absolute scope 1 and 2 GHG emissions 25.2% by 2025 from a 2019 base year, equivalent to a 25% reduction per square foot. S&P Global Inc. also commits to reduce absolute scope 3 GHG emissions from business travel 25% within the same timeframe. S&P Global Inc. further commits that 81% of its suppliers by spend covering purchased goods & services and capital goods will have science-based targets by 2025. Long-Term Targets: S&P Global Inc. commits to reduce absolute scope 1, 2, and 3 emissions 90% by 2040 from a 2019 base year.",2024-11-28 01:00:00,False,,,,,True,True,True,11269.9,median_model_revenue+employees,sector:Financials,21,"Tier 2 Scope 1 ESTIMATE (LSEG median-model style), NOT a disclosure -- see pipeline/tier2_estimation/estimate_tier2.py. Peer group: sector = 'Financials' (21 Tier 1 peers with a real Scope 1 value, floor=5). Revenue-based: median peer Scope 1 tCO2e/$ revenue (5.36817e-07) x this company's revenue ($16,122,000,384) = 8,655 tCO2e. Employee-based: median peer Scope 1 tCO2e/employee (0.312029) x this company's employee count (44,500) = 13,885 tCO2e. Final estimate is the average of the available method(s): 11,270 tCO2e.",7354.0,median_model_revenue+employees,sector:Financials,17,"Tier 2 Scope 2 ESTIMATE (LSEG median-model style), NOT a disclosure -- see pipeline/tier2_estimation/estimate_tier2.py. Peer group: sector = 'Financials' (17 Tier 1 peers with a real Scope 2 value, floor=5). Revenue-based: median peer Scope 2 tCO2e/$ revenue (1.98278e-07) x this company's revenue ($16,122,000,384) = 3,197 tCO2e. Employee-based: median peer Scope 2 tCO2e/employee (0.25868) x this company's employee count (44,500) = 11,511 tCO2e. Final estimate is the average of the available method(s): 7,354 tCO2e.",True,S&P GLOBAL,Corporate Services,15336.0,42350.0,23.0,48.0,-4.1,0.3,-2.0,0.2,-0.7,-0.5,9.7,-1.7,1.5,-5.6,4.0,Scarce human capital 14.2k scarce worker years,Distributing knowledge 896 days of BBC news,https://uprightplatform.com/company/6ef5e338-379b-4cbf-9fd2-55c887cb6e8d/S%26P%20Global/,False,,,
CRM,Salesforce,sustainability_report,https://www.salesforce.com/en-us/wp-content/uploads/sites/4/documents/white-papers/fy25-schedules-of-environmental-and-employee-metrics.pdf,6000,293000,78000,,,,False,"Manually entered (not parser-automated): report uses a multi-row table with the column header (""Fiscal year ended January 31, Target / 2025 / 2024 / 2019 (Base Year)"") rendered AFTER the data rows in PDF text-extraction order, and each metric row only has 3 values (2025, 2024, 2019 Base Year -- no Target column value), all in THOUSANDS of metric tons CO2e. Cross-verified via the document's own internal consistency: FY2025 Scope 1 (6) + Scope 2 location-based/LBM (293) + Scope 3 LBM (1,155) = 1,454 thousand tCO2e, matching the document's own stated ""Total absolute emissions"" row for FY2025 (1,454) exactly. Scope 2 market-based/MBM figure (78) cross-checked against a second, independent table in the same document (""Scope 1 & 2 MBM reduction by fiscal 2031"") which repeats the identical Scope 1 value (6) alongside Scope 2 MBM = 78, both matching externally-reported FY2025 figures. All values converted from thousands to raw tCO2e (x1000).",False,,,,,,,,,,False,,,,,False,False,False,,,,,,,,,,,True,SALESFORCE,Computer Software,37895.0,83334.0,35.0,37.0,-5.5,0.4,-2.8,0.3,-0.7,-0.4,13.3,-1.4,2.4,-6.1,4.6,Scarce human capital 38.1k scarce worker years,Taxes 43.9M days of primary education,https://uprightplatform.com/company/71233f77-d7e1-4403-94ac-2bf4ab356b86/Salesforce/,False,,,
SNDK,Sandisk,none,,,,,,,,,no_public_report_found,True,Committed,,,,,Committed,,,2026-01-08 01:00:00,False,,,,,True,True,True,9606.4,median_model_revenue+employees,sector:Information Technology,37,"Tier 2 Scope 1 ESTIMATE (LSEG median-model style), NOT a disclosure -- see pipeline/tier2_estimation/estimate_tier2.py. Peer group: sector = 'Information Technology' (37 Tier 1 peers with a real Scope 1 value, floor=5). Revenue-based: median peer Scope 1 tCO2e/$ revenue (6.23987e-07) x this company's revenue ($20,248,000,512) = 12,634 tCO2e. Employee-based: median peer Scope 1 tCO2e/employee (0.592647) x this company's employee count (11,100) = 6,578 tCO2e. Final estimate is the average of the available method(s): 9,606 tCO2e.",31803.1,median_model_revenue+employees,sector:Information Technology,29,"Tier 2 Scope 2 ESTIMATE (LSEG median-model style), NOT a disclosure -- see pipeline/tier2_estimation/estimate_tier2.py. Peer group: sector = 'Information Technology' (29 Tier 1 peers with a real Scope 2 value, floor=5). Revenue-based: median peer Scope 2 tCO2e/$ revenue (2.34945e-06) x this company's revenue ($20,248,000,512) = 47,572 tCO2e. Employee-based: median peer Scope 2 tCO2e/employee (1.44455) x this company's employee count (11,100) = 16,034 tCO2e. Final estimate is the average of the available method(s): 31,803 tCO2e.",False,,,20248.0,11100,21.0,49.0,-7.6,0.45,-3.05,0.3,-0.8,-0.35,9.25,-1.4,0.9,-4.1,7.0,,,,True,"sub_industry:Technology Hardware, Storage & Peripherals",6,"PROXY ESTIMATE, not real Upright data -- see pipeline/upright/estimate_upright_gaps.py. Peer group: sub_industry = 'Technology Hardware, Storage & Peripherals' (6 real Upright-covered peers, floor=5). Each cents-per-dollar-of-revenue figure is the MEDIAN of that peer group's real Upright values for the same metric -- a crude industry-average proxy, not Upright's own company-specific modeling. Revenue/employee figures are this company's own real data (from yfinance), not estimated."
SWKS,Skyworks Solutions,epa_ghgrp,,24116.71997,,,,,,,"EPA GHGRP 2023 Direct Emitters, matched via parent company 'SKYWORKS SOLUTIONS INC' (1 facilities). Scope 1 (direct/on-site) only -- GHGRP does not cover Scope 2.",False,,,,,,,,,,False,,,,,True,False,True,,,,,,19557.0,median_model_revenue+employees,sub_industry:Semiconductors,5,"Tier 2 Scope 2 ESTIMATE (LSEG median-model style), NOT a disclosure -- see pipeline/tier2_estimation/estimate_tier2.py. Peer group: sub_industry = 'Semiconductors' (5 Tier 1 peers with a real Scope 2 value, floor=5). Revenue-based: median peer Scope 2 tCO2e/$ revenue (2.34945e-06) x this company's revenue ($4,014,099,968) = 9,431 tCO2e. Employee-based: median peer Scope 2 tCO2e/employee (2.96832) x this company's employee count (10,000) = 29,683 tCO2e. Final estimate is the average of the available method(s): 19,557 tCO2e.",True,SKYWORKS SOLUTIONS,,4053.8,10000.0,22.0,48.0,-8.0,0.4,-3.4,0.2,-1.1,-0.2,9.5,-1.2,0.5,-3.3,6.0,,,https://uprightplatform.com/company/e967cc20-744f-4c8f-950b-edf3bc167442/Skyworks%20Solutions/,False,,,
SO,Southern Company,epa_ghgrp,,83794610.56400003,,,,,,,"EPA GHGRP 2023 Direct Emitters, matched via parent company 'THE SOUTHERN CO' (48 facilities). Scope 1 (direct/on-site) only -- GHGRP does not cover Scope 2.",False,,,,,,,,,,True,38,electricity-generation,USA,89.1,True,False,True,,,,,,349674.0,median_model_revenue+employees,sector:Utilities,10,"Tier 2 Scope 2 ESTIMATE (LSEG median-model style), NOT a disclosure -- see pipeline/tier2_estimation/estimate_tier2.py. Peer group: sector = 'Utilities' (10 Tier 1 peers with a real Scope 2 value, floor=5). Revenue-based: median peer Scope 2 tCO2e/$ revenue (9.6601e-06) x this company's revenue ($30,179,000,320) = 291,532 tCO2e. Employee-based: median peer Scope 2 tCO2e/employee (13.8233) x this company's employee count (29,502) = 407,816 tCO2e. Final estimate is the average of the available method(s): 349,674 tCO2e.",False,,,30179.0,29502,16.5,53.0,-23.75,7.699999999999999,-13.35,6.5,-3.45,-1.2,26.55,-2.25,0.5,-3.55,0.7,,,,True,sub_industry:Electric Utilities,14,"PROXY ESTIMATE, not real Upright data -- see pipeline/upright/estimate_upright_gaps.py. Peer group: sub_industry = 'Electric Utilities' (14 real Upright-covered peers, floor=5). Each cents-per-dollar-of-revenue figure is the MEDIAN of that peer group's real Upright values for the same metric -- a crude industry-average proxy, not Upright's own company-specific modeling. Revenue/employee figures are this company's own real data (from yfinance), not estimated."
STLD,Steel Dynamics,epa_ghgrp,,2569896.58,,,,,,,"EPA GHGRP 2023 Direct Emitters, matched via parent company 'STEEL DYNAMICS INC' (11 facilities). Scope 1 (direct/on-site) only -- GHGRP does not cover Scope 2.",False,,,,,,,,,,False,,,,,True,False,True,,,,,,1693597.9,median_model_revenue+employees,sector:Materials,9,"Tier 2 Scope 2 ESTIMATE (LSEG median-model style), NOT a disclosure -- see pipeline/tier2_estimation/estimate_tier2.py. Peer group: sector = 'Materials' (9 Tier 1 peers with a real Scope 2 value, floor=5). Revenue-based: median peer Scope 2 tCO2e/$ revenue (0.000101463) x this company's revenue ($20,538,677,248) = 2,083,921 tCO2e. Employee-based: median peer Scope 2 tCO2e/employee (90.5052) x this company's employee count (14,400) = 1,303,275 tCO2e. Final estimate is the average of the available method(s): 1,693,598 tCO2e.",True,STEEL DYNAMICS,,17540.0,14400.0,-26.0,79.0,-18.0,4.1,-10.0,1.8,-2.5,-1.5,13.6,-2.7,1.0,-1.6,0.1,,,https://uprightplatform.com/company/f6267096-3ae3-4de0-b999-342271192b20/Steel%20Dynamics/,False,,,
TRGP,Targa Resources,epa_ghgrp,,4304820.654815542,,,,,,,"EPA GHGRP 2023 Direct Emitters, matched via parent company 'TARGA RESOURCES CORP' (37 facilities). Scope 1 (direct/on-site) only -- GHGRP does not cover Scope 2.",False,,,,,,,,,,False,,,,,True,False,True,,,,,,390614.8,median_model_revenue+employees,sector:Energy,6,"Tier 2 Scope 2 ESTIMATE (LSEG median-model style), NOT a disclosure -- see pipeline/tier2_estimation/estimate_tier2.py. Peer group: sector = 'Energy' (6 Tier 1 peers with a real Scope 2 value, floor=5). Revenue-based: median peer Scope 2 tCO2e/$ revenue (1.7615e-05) x this company's revenue ($16,741,499,904) = 294,902 tCO2e. Employee-based: median peer Scope 2 tCO2e/employee (136.226) x this company's employee count (3,570) = 486,328 tCO2e. Final estimate is the average of the available method(s): 390,615 tCO2e.",True,TARGA RESOURCES,,17078.7,3370.0,-70.0,91.0,-31.7,1.0,-17.6,0.7,-5.3,-1.2,20.9,-3.3,0.8,-2.4,0.1,,,https://uprightplatform.com/company/689b8a05-6512-4a43-8a05-fa1ef1f8dd61/Targa%20Resources/,False,,,
TSLA,"Tesla, Inc.",epa_ghgrp,,80515.196,,,,,,,"EPA GHGRP 2023 Direct Emitters, matched via parent company 'TESLA INC' (2 facilities). Scope 1 (direct/on-site) only -- GHGRP does not cover Scope 2.",True,Commitment removed,,,,,,,,2021-10-26 01:00:00,False,,,,,True,False,True,,,,,,465021.2,median_model_revenue+employees,sector:Consumer Discretionary,18,"Tier 2 Scope 2 ESTIMATE (LSEG median-model style), NOT a disclosure -- see pipeline/tier2_estimation/estimate_tier2.py. Peer group: sector = 'Consumer Discretionary' (18 Tier 1 peers with a real Scope 2 value, floor=5). Revenue-based: median peer Scope 2 tCO2e/$ revenue (6.64506e-06) x this company's revenue ($103,619,002,368) = 688,555 tCO2e. Employee-based: median peer Scope 2 tCO2e/employee (1.79165) x this company's employee count (134,785) = 241,488 tCO2e. Final estimate is the average of the available method(s): 465,021 tCO2e.",True,TESLA,Automotive,94827.0,134785.0,54.0,17.0,-11.1,8.9,-4.7,6.6,-2.2,-0.4,24.1,-2.2,3.0,-2.9,0.4,GHG emissions 10.9M tons of GHG emissions,Societal infrastructure 392M long-haul train rides,https://uprightplatform.com/company/cac88d31-47c6-4728-9fd4-c2a726ddea39/Tesla/,False,,,
TXN,Texas Instruments,epa_ghgrp,,1057774.335383,,,,,,,"EPA GHGRP 2023 Direct Emitters, matched via parent company 'TEXAS INSTRUMENTS INC' (5 facilities). Scope 1 (direct/on-site) only -- GHGRP does not cover Scope 2.",True,Targets set,1.5°C,2030.0,,,,,"Near-Term Targets:
Texas Instruments  commits to reduce absolute scope 1 and 2 GHG emissions 42.0% by 2030 from a 2023 base year. Texas Instruments  also commits to reduce absolute scope 3 GHG emissions from purchased goods and services, capital goods and fuel- and energy-related activities 25.0% within the same timeframe.",2026-04-30 01:00:00,False,,,,,True,False,True,,,,,,71829.1,median_model_revenue+employees,sub_industry:Semiconductors,5,"Tier 2 Scope 2 ESTIMATE (LSEG median-model style), NOT a disclosure -- see pipeline/tier2_estimation/estimate_tier2.py. Peer group: sub_industry = 'Semiconductors' (5 Tier 1 peers with a real Scope 2 value, floor=5). Revenue-based: median peer Scope 2 tCO2e/$ revenue (2.34945e-06) x this company's revenue ($19,452,999,680) = 45,704 tCO2e. Employee-based: median peer Scope 2 tCO2e/employee (2.96832) x this company's employee count (33,000) = 97,954 tCO2e. Final estimate is the average of the available method(s): 71,829 tCO2e.",True,TEXAS INSTRUMENTS,Computer Hardware,16675.0,34000.0,16.0,54.0,-7.1,0.7,-3.1,0.6,-1.0,-0.2,8.9,-1.0,0.4,-2.6,2.9,GHG emissions 1.24M tons of GHG emissions,Taxes 12.2M days of primary education,https://uprightplatform.com/company/09305768-bbaf-4812-bd48-2b27310dcaff/Texas%20Instruments/,False,,,
TXT,Textron,epa_ghgrp,,55579.572,,,,,,,"EPA GHGRP 2023 Direct Emitters, matched via parent company 'TEXTRON INC' (2 facilities). Scope 1 (direct/on-site) only -- GHGRP does not cover Scope 2.",False,,,,,,,,,,False,,,,,True,False,True,,,,,,133442.7,median_model_revenue+employees,sector:Industrials,28,"Tier 2 Scope 2 ESTIMATE (LSEG median-model style), NOT a disclosure -- see pipeline/tier2_estimation/estimate_tier2.py. Peer group: sector = 'Industrials' (28 Tier 1 peers with a real Scope 2 value, floor=5). Revenue-based: median peer Scope 2 tCO2e/$ revenue (9.89188e-06) x this company's revenue ($15,299,000,320) = 151,336 tCO2e. Employee-based: median peer Scope 2 tCO2e/employee (3.39852) x this company's employee count (34,000) = 115,550 tCO2e. Final estimate is the average of the available method(s): 133,443 tCO2e.",True,TEXTRON,,13683.0,35000.0,-62.0,90.0,-17.3,1.6,-9.2,1.1,-3.2,-5.0,14.4,-7.2,2.9,-2.4,0.8,,,https://uprightplatform.com/company/cd0f08f5-4846-4107-a74b-493037537842/Textron/,False,,,
TMO,Thermo Fisher Scientific,epa_ghgrp,,28392.342,,,,,,,"EPA GHGRP 2023 Direct Emitters, matched via parent company 'THERMO FISHER SCIENTIFIC INC' (1 facilities). Scope 1 (direct/on-site) only -- GHGRP does not cover Scope 2.",True,Targets set,1.5°C,2030.0,Targets set,2050.0,Targets set,2050.0,"Overall Net-Zero Target Thermo Fisher Scientific Inc. commits to reach net-zero greenhouse gas emissions across the value chain by 2050 from a 2018 base year. Near-Term Targets Thermo Fisher Scientific commits to reduce absolute scope 1 and 2 GHG emissions 50.4% by 2030 from a 2018 base year. Thermo Fisher also commits that 90% of its suppliers by spend covering purchased goods and services, capital goods, and upstream transportation and distribution will have science-based targets by 2027. Long-Term Targets Thermo Fisher commits to reduce absolute scope 1 and 2 GHG emissions 90% by 2050 from a 2018 base year. Thermo Fisher also commits to reduce absolute scope 3 GHG emissions 90% by 2050 from a 2021 base year.",2023-04-13 01:00:00,False,,,,,True,False,True,,,,,,196471.4,median_model_revenue+employees,sector:Health Care,18,"Tier 2 Scope 2 ESTIMATE (LSEG median-model style), NOT a disclosure -- see pipeline/tier2_estimation/estimate_tier2.py. Peer group: sector = 'Health Care' (18 Tier 1 peers with a real Scope 2 value, floor=5). Revenue-based: median peer Scope 2 tCO2e/$ revenue (3.19915e-06) x this company's revenue ($46,336,000,000) = 148,236 tCO2e. Employee-based: median peer Scope 2 tCO2e/employee (1.95766) x this company's employee count (125,000) = 244,707 tCO2e. Final estimate is the average of the available method(s): 196,471 tCO2e.",True,THERMO FISHER SCIENTIFIC,Hospitals and Healthcare,42879.0,125000.0,49.0,22.0,-7.4,0.2,-3.3,0.1,-0.9,-0.7,12.0,-1.5,11.3,-4.0,3.3,Scarce human capital 28.5k scarce worker years,Physical diseases 328k life years,https://uprightplatform.com/company/7c214549-9d26-4848-8a3b-9f894757142e/Thermo%20Fisher%20Scientific/,False,,,
TSN,Tyson Foods,epa_ghgrp,,1874907.4860000003,,,,,,,"EPA GHGRP 2023 Direct Emitters, matched via parent company 'TYSON FOODS INC' (34 facilities). Scope 1 (direct/on-site) only -- GHGRP does not cover Scope 2.",True,Targets set,2°C,2030.0,,,,,"Tyson Foods, Inc. commits to reduce absolute Scope 1 and 2 GHG emissions 30% by 2030 from a 2016 base‐year. Tyson Foods, Inc. also commits to reduce Scope 3 GHG emissions from production of poultry, pork and beef (covering 80% of their scope 3 inventory) 30% per ton of finished meat by 2030 from a 2016 base‐year.",2018-09-26 01:00:00,False,,,,,True,False,True,,,,,,240635.1,median_model_revenue+employees,sector:Consumer Staples,16,"Tier 2 Scope 2 ESTIMATE (LSEG median-model style), NOT a disclosure -- see pipeline/tier2_estimation/estimate_tier2.py. Peer group: sector = 'Consumer Staples' (16 Tier 1 peers with a real Scope 2 value, floor=5). Revenue-based: median peer Scope 2 tCO2e/$ revenue (2.81277e-06) x this company's revenue ($55,694,000,128) = 156,654 tCO2e. Employee-based: median peer Scope 2 tCO2e/employee (2.44072) x this company's employee count (133,000) = 324,616 tCO2e. Final estimate is the average of the available method(s): 240,635 tCO2e.",True,TYSON FOODS,Food and Beverage,53309.0,139000.0,-70.0,91.0,-25.9,0.4,-10.8,0.3,-3.1,-0.4,6.3,-11.4,16.1,-1.2,0.0,Physical diseases 489k life years,Nutrition 35.2bn bananas,https://uprightplatform.com/company/376411c8-193f-4425-8c82-4d669c156e26/Tyson%20Foods/,False,,,
SBAC,SBA Communications,none,,,,,,,,,no_public_report_found,True,Targets set,1.5°C,FY2033,,,,,"Near-Term Targets:
SBA Communications Corporation commits to reduce absolute scope 1 and 2 GHG emissions 54.6% by FY2033 from a FY2023 base year.
SBA Communications Corporation also commits to reduce absolute scope 3 GHG emissions from purchased goods and services, fuel and energy related activities and downstream leased assets 32.5% within the same timeframe.",2025-08-28 01:00:00,False,,,,,True,True,True,11876.7,median_model_revenue+employees,sector:Real Estate,8,"Tier 2 Scope 1 ESTIMATE (LSEG median-model style), NOT a disclosure -- see pipeline/tier2_estimation/estimate_tier2.py. Peer group: sector = 'Real Estate' (8 Tier 1 peers with a real Scope 1 value, floor=5). Revenue-based: median peer Scope 1 tCO2e/$ revenue (5.49255e-06) x this company's revenue ($2,870,621,952) = 15,767 tCO2e. Employee-based: median peer Scope 1 tCO2e/employee (4.331) x this company's employee count (1,844) = 7,986 tCO2e. Final estimate is the average of the available method(s): 11,877 tCO2e.",202827.0,median_model_revenue+employees,sector:Real Estate,7,"Tier 2 Scope 2 ESTIMATE (LSEG median-model style), NOT a disclosure -- see pipeline/tier2_estimation/estimate_tier2.py. Peer group: sector = 'Real Estate' (7 Tier 1 peers with a real Scope 2 value, floor=5). Revenue-based: median peer Scope 2 tCO2e/$ revenue (7.54576e-06) x this company's revenue ($2,870,621,952) = 21,661 tCO2e. Employee-based: median peer Scope 2 tCO2e/employee (208.239) x this company's employee count (1,844) = 383,993 tCO2e. Final estimate is the average of the available method(s): 202,827 tCO2e.",True,SBA COMMUNICATIONS,Real Estate,2724.52,1720.0,43.0,28.0,-5.9,0.6,-2.9,0.3,-0.6,-0.3,10.6,-3.6,5.7,-3.9,7.4,Scarce human capital 1.75k scarce worker years,Taxes 2.83M days of primary education,https://uprightplatform.com/company/d009ca1d-2b41-445f-ae45-f3bbde03df80/Sba%20Communications/,False,,,
SLB,Schlumberger,cdp_pdf,https://www.slb.com/-/media/files/sustainability/2024/cdp-climate-change-2024.ashx,1368937.0,0.0,375019.0,12/31/2019,1667956.0,33140000000.0,new,,False,,,,,,,,,,False,,,,,False,False,False,,,,,,,,,,,True,SCHLUMBERGER,Energy and Environmental,35709.0,109000.0,-41.0,85.0,-19.2,1.4,-10.1,0.9,-3.7,-0.6,13.4,-2.2,0.4,-3.0,2.5,GHG emissions 8.61M tons of GHG emissions,Societal infrastructure 62.9M long-haul train rides,https://uprightplatform.com/company/d6371d0b-d0b6-42aa-ada4-f0b0557687fd/Schlumberger/,False,,,
STX,Seagate Technology,cdp_pdf,https://www.seagate.com/content/dam/seagate/assets/global-citizenship/environmental/files/seagate-cdp-climatec-2023.pdf,326718.0,721566.0,288613.0,,,,old,,True,Targets set,1.5°C,FY2030,,,,,"Near-Term Targets:
Seagate Technology commits to reduce absolute scope 1 and 2 GHG emissions 56.0% by FY2030 from a FY2022 base year. Seagate Technology also commits to reduce scope 3 GHG emissions 52.0% per Total Exabytes Shipped within the same timeframe.",2026-08-20 01:00:00,False,,,,,False,False,False,,,,,,,,,,,True,SEAGATE TECHNOLOGY,Computer Hardware,10058.0,30000.0,-0.0,66.0,-7.8,0.2,-3.4,0.2,-1.0,-0.3,7.6,-0.9,0.9,-2.9,3.1,GHG emissions 831k tons of GHG emissions,Taxes 7.87M days of primary education,https://uprightplatform.com/company/f09e43ec-5d2c-45fb-836a-8f56e8d7c502/Seagate%20Technology/,False,,,
SRE,Sempra,sustainability_report,https://www.sempra.com/sites/default/files/2023-05/Sempra-Sustainability-Report-Full-2021.pdf,,,,,,,,download_error: 403 Client Error: Forbidden for url: https://www.sempra.com/sites/default/files/2023-05/Sempra-Sustainability-Report-Full-2021.pdf,False,,,,,,,,,,True,5,electricity-generation,MEX;USA,92.5,True,True,True,25727564.5,median_model_revenue+employees,sub_industry:Multi-Utilities,11,"Tier 2 Scope 1 ESTIMATE (LSEG median-model style), NOT a disclosure -- see pipeline/tier2_estimation/estimate_tier2.py. Peer group: sub_industry = 'Multi-Utilities' (11 Tier 1 peers with a real Scope 1 value, floor=5). Revenue-based: median peer Scope 1 tCO2e/$ revenue (0.00151254) x this company's revenue ($13,552,000,000) = 20,497,951 tCO2e. Employee-based: median peer Scope 1 tCO2e/employee (1942.35) x this company's employee count (15,938) = 30,957,178 tCO2e. Final estimate is the average of the available method(s): 25,727,565 tCO2e.",175614.9,median_model_revenue+employees,sector:Utilities,10,"Tier 2 Scope 2 ESTIMATE (LSEG median-model style), NOT a disclosure -- see pipeline/tier2_estimation/estimate_tier2.py. Peer group: sector = 'Utilities' (10 Tier 1 peers with a real Scope 2 value, floor=5). Revenue-based: median peer Scope 2 tCO2e/$ revenue (9.6601e-06) x this company's revenue ($13,552,000,000) = 130,914 tCO2e. Employee-based: median peer Scope 2 tCO2e/employee (13.8233) x this company's employee count (15,938) = 220,316 tCO2e. Final estimate is the average of the available method(s): 175,615 tCO2e.",True,SEMPRA ENERGY,Energy and Environmental,13711.0,16773.0,5.0,63.0,-21.0,5.1,-11.1,4.0,-3.2,-1.0,22.2,-1.7,0.4,-3.3,0.6,GHG emissions 3.67M tons of GHG emissions,Societal infrastructure 59.0M long-haul train rides,https://uprightplatform.com/company/d045cc2c-a7cb-41ba-968b-0ccd9a153cf9/Sempra%20Energy/,False,,,
NOW,ServiceNow,cdp_pdf,https://www.servicenow.com/content/dam/servicenow-assets/public/en-us/doc-type/other-document/servicenow-cdp-climate-change-questionnaire-2023-submission.pdf,2270.0,41979.0,635.0,,,,old,,True,Targets set,1.5°C,2026.0,,,,,"ServiceNow Inc. commits to reduce absolute scope 1 and 2 GHG emissions 70% by 2026 from a 2019 base year. ServiceNow Inc. also commits to reduce scope 3 GHG emissions from business travel and employee commuting 40% per unit of value added within the same timeframe. ServiceNow Inc. further commits that 65% of its suppliers by spend covering purchased goods and services and capital goods, will have science_x0002_based targets by 2026.",2021-12-16 01:00:00,False,,,,,False,False,False,,,,,,,,,,,True,SERVICENOW,,13278.0,29187.0,51.0,20.0,-2.9,0.4,-1.4,0.3,-0.3,-0.2,10.1,-0.7,0.7,-4.9,6.4,,,https://uprightplatform.com/company/02ea1d53-d965-4a81-b34a-2cca97e42e3b/ServiceNow/,False,,,
SHW,Sherwin-Williams,cdp_pdf,https://corporate.sherwin-williams.com/content/dam/sherwin/corp/corp-aem-sherwin/sustainability/sustainability-reports/2022/cover-pages-tables-icons/CDP%20Climate%202023.pdf.coredownload.pdf,394124.0,280152.0,,,,,old,,False,,,,,,,,,,False,,,,,False,False,False,,,,,,,,,,,True,SHERWIN-WILLIAMS,,23099.0,63890.0,-75.0,92.0,-17.9,2.7,-10.8,1.6,-2.8,-0.6,8.2,-2.5,2.3,-2.1,0.1,,,https://uprightplatform.com/company/cec41e72-5fc2-430c-85e3-a72b5bee22a9/Sherwin-Williams/,False,,,
SPG,Simon Property Group,sustainability_report,https://www.responsibilityreports.com/HostedData/ResponsibilityReportArchive/s/NYSE_SPG_2022.pdf,,,,,,,False,no_fields_extracted,True,Targets set,1.5°C,2035.0,,,,,Simon Property Group commits to reduce absolute scope 1 and 2 GHG emissions 68% by 2035 from a 2019 base year. Simon Property Group also commits to reduce absolute scope 3 GHG emission from downstream leased assets 21% by 2035 from a 2018 base year.,2020-10-08 01:00:00,False,,,,,True,True,True,25774.2,median_model_revenue+employees,sector:Real Estate,8,"Tier 2 Scope 1 ESTIMATE (LSEG median-model style), NOT a disclosure -- see pipeline/tier2_estimation/estimate_tier2.py. Peer group: sector = 'Real Estate' (8 Tier 1 peers with a real Scope 1 value, floor=5). Revenue-based: median peer Scope 1 tCO2e/$ revenue (5.49255e-06) x this company's revenue ($6,940,724,224) = 38,122 tCO2e. Employee-based: median peer Scope 1 tCO2e/employee (4.331) x this company's employee count (3,100) = 13,426 tCO2e. Final estimate is the average of the available method(s): 25,774 tCO2e.",348957.1,median_model_revenue+employees,sector:Real Estate,7,"Tier 2 Scope 2 ESTIMATE (LSEG median-model style), NOT a disclosure -- see pipeline/tier2_estimation/estimate_tier2.py. Peer group: sector = 'Real Estate' (7 Tier 1 peers with a real Scope 2 value, floor=5). Revenue-based: median peer Scope 2 tCO2e/$ revenue (7.54576e-06) x this company's revenue ($6,940,724,224) = 52,373 tCO2e. Employee-based: median peer Scope 2 tCO2e/employee (208.239) x this company's employee count (3,100) = 645,541 tCO2e. Final estimate is the average of the available method(s): 348,957 tCO2e.",True,SIMON PROPERTY,Real Estate,6364.5,2400.0,6.0,62.0,-10.5,0.4,-5.5,0.3,-2.1,-0.2,14.6,-1.4,1.1,-3.1,0.2,GHG emissions 833k tons of GHG emissions,Jobs 44.7k direct or indirect jobs,https://uprightplatform.com/company/8aa6a9a2-657e-4674-95a3-d7854ed7329f/Simon%20Property/,False,,,
SJM,J.M. Smucker Company (The),sustainability_report,https://www.jmsmucker.com/assets/jmsmucker/news-stories/corporate-publications/2025-corporate-impact-report.pdf,165414,176567,629,12/31/2019,171356,,False,"Manually entered (not parser-automated): figures are in an assurance-letter ""Exhibit A"" schedule (page 19) with bare ""Scope 1 Emissions""/""Scope 2 Location Based Method""/""Scope 2 Market Based Method"" row labels, no unit suffix on the label itself (unit stated once in the table header, ""Amounts in Metric Tonnes CO2e""), current-year-first (2024 then 2019). Cross-verified via the document's own internal consistency: 165,414 + 176,567 = 341,981, matching the stated ""Total Scope 1 and Scope 2 LBM GHG Emissions"" row exactly; 165,414 + 629 = 166,043, matching the stated ""Total Scope 1 and Scope 2 MBM GHG Emissions"" row exactly. Base year (2019, as amended): Scope 1 = 171,356.",False,,,,,,,,,,False,,,,,False,False,False,,,,,,,,,,,True,J.M. SMUCKER,Food and Beverage,8529.2,8000.0,-29.0,80.0,-15.4,1.4,-5.1,1.0,-2.3,-0.2,8.5,-5.3,7.2,-1.3,0.0,GHG emissions 1.05M tons of GHG emissions,Jobs 48.1k direct or indirect jobs,https://uprightplatform.com/company/c9379651-dc8e-4a48-943e-2421da3c8a41/J.M.%20Smucker/,False,,,
SW,Smurfit Westrock,sustainability_report,https://www.smurfitwestrock.com/-/m/files/publications---global/sr-2025-downloads/smurfit_westrock_sustainability_report_2025.pdf?rev=6007465af80e4591b94f6df090645845,,,,,,,False,no_fields_extracted,False,,,,,,,,,,True,21,electricity-generation,AUT;BRA;COL;ESP;FRA;GBR;ITA;USA,100.0,True,True,True,10880594.1,median_model_revenue+employees,sector:Materials,19,"Tier 2 Scope 1 ESTIMATE (LSEG median-model style), NOT a disclosure -- see pipeline/tier2_estimation/estimate_tier2.py. Peer group: sector = 'Materials' (19 Tier 1 peers with a real Scope 1 value, floor=5). Revenue-based: median peer Scope 1 tCO2e/$ revenue (0.000159601) x this company's revenue ($31,325,999,104) = 4,999,674 tCO2e. Employee-based: median peer Scope 1 tCO2e/employee (174.599) x this company's employee count (96,000) = 16,761,515 tCO2e. Final estimate is the average of the available method(s): 10,880,594 tCO2e.",5933468.6,median_model_revenue+employees,sector:Materials,9,"Tier 2 Scope 2 ESTIMATE (LSEG median-model style), NOT a disclosure -- see pipeline/tier2_estimation/estimate_tier2.py. Peer group: sector = 'Materials' (9 Tier 1 peers with a real Scope 2 value, floor=5). Revenue-based: median peer Scope 2 tCO2e/$ revenue (0.000101463) x this company's revenue ($31,325,999,104) = 3,178,437 tCO2e. Employee-based: median peer Scope 2 tCO2e/employee (90.5052) x this company's employee count (96,000) = 8,688,500 tCO2e. Final estimate is the average of the available method(s): 5,933,469 tCO2e.",False,,,31326.0,96000,-57.5,88.0,-19.6,1.6,-10.5,1.0,-2.8,-0.7,9.5,-3.0,2.3,-2.0,0.2,,,,True,sector:Materials,24,"PROXY ESTIMATE, not real Upright data -- see pipeline/upright/estimate_upright_gaps.py. Peer group: sector = 'Materials' (24 real Upright-covered peers, floor=5). Each cents-per-dollar-of-revenue figure is the MEDIAN of that peer group's real Upright values for the same metric -- a crude industry-average proxy, not Upright's own company-specific modeling. Revenue/employee figures are this company's own real data (from yfinance), not estimated."
SNA,Snap-on,sustainability_report,https://www.snapon.com/Snap-on-Files/Investors/SASB-Index/SASB-Standards-Index_2025_Final.pdf,,,,,,,False,no_fields_extracted,False,,,,,,,,,,False,,,,,True,True,True,26785.7,median_model_revenue+employees,sub_industry:Industrial Machinery & Supplies & Components,6,"Tier 2 Scope 1 ESTIMATE (LSEG median-model style), NOT a disclosure -- see pipeline/tier2_estimation/estimate_tier2.py. Peer group: sub_industry = 'Industrial Machinery & Supplies & Components' (6 Tier 1 peers with a real Scope 1 value, floor=5). Revenue-based: median peer Scope 1 tCO2e/$ revenue (5.37521e-06) x this company's revenue ($5,274,899,968) = 28,354 tCO2e. Employee-based: median peer Scope 1 tCO2e/employee (1.93983) x this company's employee count (13,000) = 25,218 tCO2e. Final estimate is the average of the available method(s): 26,786 tCO2e.",65648.5,median_model_revenue+employees,sub_industry:Industrial Machinery & Supplies & Components,5,"Tier 2 Scope 2 ESTIMATE (LSEG median-model style), NOT a disclosure -- see pipeline/tier2_estimation/estimate_tier2.py. Peer group: sub_industry = 'Industrial Machinery & Supplies & Components' (5 Tier 1 peers with a real Scope 2 value, floor=5). Revenue-based: median peer Scope 2 tCO2e/$ revenue (1.36744e-05) x this company's revenue ($5,274,899,968) = 72,131 tCO2e. Employee-based: median peer Scope 2 tCO2e/employee (4.55123) x this company's employee count (13,000) = 59,166 tCO2e. Final estimate is the average of the available method(s): 65,648 tCO2e.",True,SNAP-ON,,5070.9,13000.0,-25.0,79.0,-11.8,1.5,-5.8,0.9,-2.1,-1.6,12.8,-3.8,1.1,-2.4,0.2,,,https://uprightplatform.com/company/042eac02-1d99-4d6f-beae-e42e18d6380e/Snap-on/,False,,,
SOLV,Solventum,none,,,,,,,,,no_public_report_found,True,Committed,,,,,Committed,,,2025-03-13 01:00:00,False,,,,,True,True,True,34102.9,median_model_revenue+employees,sector:Health Care,25,"Tier 2 Scope 1 ESTIMATE (LSEG median-model style), NOT a disclosure -- see pipeline/tier2_estimation/estimate_tier2.py. Peer group: sector = 'Health Care' (25 Tier 1 peers with a real Scope 1 value, floor=5). Revenue-based: median peer Scope 1 tCO2e/$ revenue (3.54491e-06) x this company's revenue ($8,310,000,128) = 29,458 tCO2e. Employee-based: median peer Scope 1 tCO2e/employee (1.88241) x this company's employee count (20,584) = 38,748 tCO2e. Final estimate is the average of the available method(s): 34,103 tCO2e.",33440.7,median_model_revenue+employees,sector:Health Care,18,"Tier 2 Scope 2 ESTIMATE (LSEG median-model style), NOT a disclosure -- see pipeline/tier2_estimation/estimate_tier2.py. Peer group: sector = 'Health Care' (18 Tier 1 peers with a real Scope 2 value, floor=5). Revenue-based: median peer Scope 2 tCO2e/$ revenue (3.19915e-06) x this company's revenue ($8,310,000,128) = 26,585 tCO2e. Employee-based: median peer Scope 2 tCO2e/employee (1.95766) x this company's employee count (20,584) = 40,296 tCO2e. Final estimate is the average of the available method(s): 33,441 tCO2e.",False,,,8310.0,20584,52.0,19.0,-6.2,0.2,-2.5,0.1,-0.9,-0.9,9.9,-2.4,15.2,-3.9,0.6,,,,True,sector:Health Care,55,"PROXY ESTIMATE, not real Upright data -- see pipeline/upright/estimate_upright_gaps.py. Peer group: sector = 'Health Care' (55 real Upright-covered peers, floor=5). Each cents-per-dollar-of-revenue figure is the MEDIAN of that peer group's real Upright values for the same metric -- a crude industry-average proxy, not Upright's own company-specific modeling. Revenue/employee figures are this company's own real data (from yfinance), not estimated."
LUV,Southwest Airlines,sustainability_report,https://www.southwest.com/swa-resources/pdfs/communications/one-reports/240507-2023-One-Report-Planet-Snapshot.pdf,,,,,,,False,no_fields_extracted,False,,,,,,,,,,False,,,,,True,True,True,255003.3,median_model_revenue+employees,sector:Industrials,40,"Tier 2 Scope 1 ESTIMATE (LSEG median-model style), NOT a disclosure -- see pipeline/tier2_estimation/estimate_tier2.py. Peer group: sector = 'Industrials' (40 Tier 1 peers with a real Scope 1 value, floor=5). Revenue-based: median peer Scope 1 tCO2e/$ revenue (6.94524e-06) x this company's revenue ($30,072,999,936) = 208,864 tCO2e. Employee-based: median peer Scope 1 tCO2e/employee (4.09963) x this company's employee count (73,456) = 301,142 tCO2e. Final estimate is the average of the available method(s): 255,003 tCO2e.",273560.0,median_model_revenue+employees,sector:Industrials,28,"Tier 2 Scope 2 ESTIMATE (LSEG median-model style), NOT a disclosure -- see pipeline/tier2_estimation/estimate_tier2.py. Peer group: sector = 'Industrials' (28 Tier 1 peers with a real Scope 2 value, floor=5). Revenue-based: median peer Scope 2 tCO2e/$ revenue (9.89188e-06) x this company's revenue ($30,072,999,936) = 297,478 tCO2e. Employee-based: median peer Scope 2 tCO2e/employee (3.39852) x this company's employee count (73,456) = 249,642 tCO2e. Final estimate is the average of the available method(s): 273,560 tCO2e.",True,SOUTHWEST AIRLINES,,28063.0,72790.0,-156.0,99.0,-37.1,1.0,-21.7,0.7,-7.4,-0.7,12.7,-4.8,4.1,-3.2,0.1,,,https://uprightplatform.com/company/a4d01f70-ba16-42de-94a9-3d6b43827845/Southwest%20Airlines/,False,,,
SWK,Stanley Black & Decker,sustainability_report,https://www.stanleyblackanddecker.com/sites/default/files/2026-07/2025_sbd_impact_report_0.pdf,,,,,,,False,no_fields_extracted,True,Targets set,1.5°C,2030.0,,,,,"Stanley Black & Decker commits to reduce absolute scope 1 and 2 GHG emissions 42% by 2030 from a 2022 base year. Stanley Black & Decker also commits to reduce scope 3 GHG
emissions from purchased goods and services 52% per kg of material purchased within the same timeframe. Stanley Black & Decker further commits to reduce scope 3 GHG emissions
from upstream transportation and distribution 52% per kg of material transported within the same timeframe. Stanley Black & Decker finally commits to reduce scope 3 GHG emissions from use of sold products 52% per kilowatt of sold product output power within the same timeframe.",2025-01-16 01:00:00,False,,,,,True,True,True,80746.3,median_model_revenue+employees,sub_industry:Industrial Machinery & Supplies & Components,6,"Tier 2 Scope 1 ESTIMATE (LSEG median-model style), NOT a disclosure -- see pipeline/tier2_estimation/estimate_tier2.py. Peer group: sub_industry = 'Industrial Machinery & Supplies & Components' (6 Tier 1 peers with a real Scope 1 value, floor=5). Revenue-based: median peer Scope 1 tCO2e/$ revenue (5.37521e-06) x this company's revenue ($15,247,699,968) = 81,960 tCO2e. Employee-based: median peer Scope 1 tCO2e/employee (1.93983) x this company's employee count (41,000) = 79,533 tCO2e. Final estimate is the average of the available method(s): 80,746 tCO2e.",197551.6,median_model_revenue+employees,sub_industry:Industrial Machinery & Supplies & Components,5,"Tier 2 Scope 2 ESTIMATE (LSEG median-model style), NOT a disclosure -- see pipeline/tier2_estimation/estimate_tier2.py. Peer group: sub_industry = 'Industrial Machinery & Supplies & Components' (5 Tier 1 peers with a real Scope 2 value, floor=5). Revenue-based: median peer Scope 2 tCO2e/$ revenue (1.36744e-05) x this company's revenue ($15,247,699,968) = 208,503 tCO2e. Employee-based: median peer Scope 2 tCO2e/employee (4.55123) x this company's employee count (41,000) = 186,600 tCO2e. Final estimate is the average of the available method(s): 197,552 tCO2e.",True,STANLEY BLACK & DECKER,Consumer Product Manufacturing,15130.4,43500.0,-8.0,71.0,-13.0,1.5,-6.7,1.0,-2.0,-0.4,12.1,-2.3,2.2,-1.9,0.4,GHG emissions 2.45M tons of GHG emissions,Societal infrastructure 19.0M long-haul train rides,https://uprightplatform.com/company/0dde3164-4fb5-40fa-850a-fb200287f58f/Stanley%20Black%20%26%20Decker/,False,,,
SBUX,Starbucks,none,,,,,,,,,no_public_report_found,True,Targets set,1.5°C,FY2030,,,,,"Starbucks commits to reduce absolute scope 1, scope 2, and scope 3 GHG emissions 50% by FY2030 from a FY2019 base year.",2021-09-23 01:00:00,False,,,,,True,True,True,311130.5,median_model_revenue+employees,sector:Consumer Discretionary,21,"Tier 2 Scope 1 ESTIMATE (LSEG median-model style), NOT a disclosure -- see pipeline/tier2_estimation/estimate_tier2.py. Peer group: sector = 'Consumer Discretionary' (21 Tier 1 peers with a real Scope 1 value, floor=5). Revenue-based: median peer Scope 1 tCO2e/$ revenue (3.71647e-06) x this company's revenue ($38,338,301,952) = 142,483 tCO2e. Employee-based: median peer Scope 1 tCO2e/employee (1.25926) x this company's employee count (381,000) = 479,778 tCO2e. Final estimate is the average of the available method(s): 311,131 tCO2e.",468689.7,median_model_revenue+employees,sector:Consumer Discretionary,18,"Tier 2 Scope 2 ESTIMATE (LSEG median-model style), NOT a disclosure -- see pipeline/tier2_estimation/estimate_tier2.py. Peer group: sector = 'Consumer Discretionary' (18 Tier 1 peers with a real Scope 2 value, floor=5). Revenue-based: median peer Scope 2 tCO2e/$ revenue (6.64506e-06) x this company's revenue ($38,338,301,952) = 254,760 tCO2e. Employee-based: median peer Scope 2 tCO2e/employee (1.79165) x this company's employee count (381,000) = 682,619 tCO2e. Final estimate is the average of the available method(s): 468,690 tCO2e.",True,STARBUCKS,Food and Beverage,36176.0,361000.0,-85.0,93.0,-18.6,0.3,-5.4,0.2,-3.1,-0.2,9.9,-11.0,6.7,-1.5,0.0,Physical diseases 302k life years,Jobs 240k direct or indirect jobs,https://uprightplatform.com/company/522999b6-e702-427b-a439-9b65fc8c0ab1/Starbucks/,False,,,
STT,State Street Corporation,sustainability_report,https://www.statestreet.com/web/about/sustainability/documents/statestreet-esg-report-2022.pdf,,,,,,,False,no_fields_extracted,False,,,,,,,,,,True,1066,electricity-generation,ARE;AUS;BGR;BHR;BRA;CAN;CHL;CHN;DEU;DOM;ESP;EST;FIN;FRA;GBR;GHA;HND;IDN;IND;ITA;JAM;JOR;JPN;KAZ;KEN;KOR;LKA;MAR;MDG;MEX;MLI;MMR;MYS;NCL;NLD;NZL;OMN;PHL;PRI;PRT;QAT;RUS;SAU;SGP;SRB;SVK;THA;TTO;TWN;USA;VNM;ZAF,3.1,True,True,True,12067.5,median_model_revenue+employees,sector:Financials,21,"Tier 2 Scope 1 ESTIMATE (LSEG median-model style), NOT a disclosure -- see pipeline/tier2_estimation/estimate_tier2.py. Peer group: sector = 'Financials' (21 Tier 1 peers with a real Scope 1 value, floor=5). Revenue-based: median peer Scope 1 tCO2e/$ revenue (5.36817e-07) x this company's revenue ($15,022,999,552) = 8,065 tCO2e. Employee-based: median peer Scope 1 tCO2e/employee (0.312029) x this company's employee count (51,503) = 16,070 tCO2e. Final estimate is the average of the available method(s): 12,068 tCO2e.",8150.8,median_model_revenue+employees,sector:Financials,17,"Tier 2 Scope 2 ESTIMATE (LSEG median-model style), NOT a disclosure -- see pipeline/tier2_estimation/estimate_tier2.py. Peer group: sector = 'Financials' (17 Tier 1 peers with a real Scope 2 value, floor=5). Revenue-based: median peer Scope 2 tCO2e/$ revenue (1.98278e-07) x this company's revenue ($15,022,999,552) = 2,979 tCO2e. Employee-based: median peer Scope 2 tCO2e/employee (0.25868) x this company's employee count (51,503) = 13,323 tCO2e. Final estimate is the average of the available method(s): 8,151 tCO2e.",True,STATE STREET,Financial Services,22054.0,51564.0,11.0,58.0,-1.9,0.2,-1.0,0.1,-0.2,-0.3,7.5,-0.4,0.9,-6.4,1.6,Scarce human capital 23.2k scarce worker years,Taxes 14.3M days of primary education,https://uprightplatform.com/company/b05f860c-103d-4da5-85a1-30bcb2600f71/State%20Street/,False,,,
STE,Steris,sustainability_report,https://www.steris.com/-/media/documents/pdfs/sustainability/corporate-responsibility-fact-sheet-2025.pdf,,,,,,,False,no_fields_extracted,True,Committed,,,,,,,,2024-12-05 01:00:00,False,,,,,True,True,True,23083.0,median_model_revenue+employees,sub_industry:Health Care Equipment,6,"Tier 2 Scope 1 ESTIMATE (LSEG median-model style), NOT a disclosure -- see pipeline/tier2_estimation/estimate_tier2.py. Peer group: sub_industry = 'Health Care Equipment' (6 Tier 1 peers with a real Scope 1 value, floor=5). Revenue-based: median peer Scope 1 tCO2e/$ revenue (3.85286e-06) x this company's revenue ($6,037,499,904) = 23,262 tCO2e. Employee-based: median peer Scope 1 tCO2e/employee (1.27693) x this company's employee count (17,937) = 22,904 tCO2e. Final estimate is the average of the available method(s): 23,083 tCO2e.",21187.1,median_model_revenue+employees,sub_industry:Health Care Equipment,5,"Tier 2 Scope 2 ESTIMATE (LSEG median-model style), NOT a disclosure -- see pipeline/tier2_estimation/estimate_tier2.py. Peer group: sub_industry = 'Health Care Equipment' (5 Tier 1 peers with a real Scope 2 value, floor=5). Revenue-based: median peer Scope 2 tCO2e/$ revenue (3.17691e-06) x this company's revenue ($6,037,499,904) = 19,181 tCO2e. Employee-based: median peer Scope 2 tCO2e/employee (1.29306) x this company's employee count (17,937) = 23,194 tCO2e. Final estimate is the average of the available method(s): 21,187 tCO2e.",True,STERIS,,,17787.0,52.0,19.0,-5.9,0.2,-2.6,0.1,-0.8,-0.5,10.7,-1.9,10.9,-3.1,2.1,,,https://uprightplatform.com/company/685c295b-398c-46c9-9660-5daeb3f622a1/Steris/,False,,,
SYK,Stryker Corporation,none,,,,,,,,,no_public_report_found,True,Commitment removed,,,,,,,,2024-01-11 01:00:00,False,,,,,True,True,True,85527.3,median_model_revenue+employees,sub_industry:Health Care Equipment,6,"Tier 2 Scope 1 ESTIMATE (LSEG median-model style), NOT a disclosure -- see pipeline/tier2_estimation/estimate_tier2.py. Peer group: sub_industry = 'Health Care Equipment' (6 Tier 1 peers with a real Scope 1 value, floor=5). Revenue-based: median peer Scope 1 tCO2e/$ revenue (3.85286e-06) x this company's revenue ($25,837,000,704) = 99,546 tCO2e. Employee-based: median peer Scope 1 tCO2e/employee (1.27693) x this company's employee count (56,000) = 71,508 tCO2e. Final estimate is the average of the available method(s): 85,527 tCO2e.",77246.7,median_model_revenue+employees,sub_industry:Health Care Equipment,5,"Tier 2 Scope 2 ESTIMATE (LSEG median-model style), NOT a disclosure -- see pipeline/tier2_estimation/estimate_tier2.py. Peer group: sub_industry = 'Health Care Equipment' (5 Tier 1 peers with a real Scope 2 value, floor=5). Revenue-based: median peer Scope 2 tCO2e/$ revenue (3.17691e-06) x this company's revenue ($25,837,000,704) = 82,082 tCO2e. Employee-based: median peer Scope 2 tCO2e/employee (1.29306) x this company's employee count (56,000) = 72,412 tCO2e. Final estimate is the average of the available method(s): 77,247 tCO2e.",True,STRYKER,,22595.0,53000.0,59.0,14.0,-4.6,0.4,-2.1,0.2,-0.5,-0.4,10.0,-1.8,12.5,-2.8,0.3,,,https://uprightplatform.com/company/324d5954-c6de-4184-8c21-9d3e1fb49c0d/Stryker/,False,,,
SMCI,Supermicro,sustainability_report,https://s204.q4cdn.com/707617056/files/doc_downloads/2025/Supermicro-ESG-Report-2025.pdf,,,,,,,False,no_fields_extracted,False,,,,,,,,,,False,,,,,True,True,True,14261.7,median_model_revenue+employees,sector:Information Technology,37,"Tier 2 Scope 1 ESTIMATE (LSEG median-model style), NOT a disclosure -- see pipeline/tier2_estimation/estimate_tier2.py. Peer group: sector = 'Information Technology' (37 Tier 1 peers with a real Scope 1 value, floor=5). Revenue-based: median peer Scope 1 tCO2e/$ revenue (6.23987e-07) x this company's revenue ($39,063,072,768) = 24,375 tCO2e. Employee-based: median peer Scope 1 tCO2e/employee (0.592647) x this company's employee count (7,000) = 4,149 tCO2e. Final estimate is the average of the available method(s): 14,262 tCO2e.",50944.3,median_model_revenue+employees,sector:Information Technology,29,"Tier 2 Scope 2 ESTIMATE (LSEG median-model style), NOT a disclosure -- see pipeline/tier2_estimation/estimate_tier2.py. Peer group: sector = 'Information Technology' (29 Tier 1 peers with a real Scope 2 value, floor=5). Revenue-based: median peer Scope 2 tCO2e/$ revenue (2.34945e-06) x this company's revenue ($39,063,072,768) = 91,777 tCO2e. Employee-based: median peer Scope 2 tCO2e/employee (1.44455) x this company's employee count (7,000) = 10,112 tCO2e. Final estimate is the average of the available method(s): 50,944 tCO2e.",False,,,39063.1,7000,21.0,49.0,-7.6,0.45,-3.05,0.3,-0.8,-0.35,9.25,-1.4,0.9,-4.1,7.0,,,,True,"sub_industry:Technology Hardware, Storage & Peripherals",6,"PROXY ESTIMATE, not real Upright data -- see pipeline/upright/estimate_upright_gaps.py. Peer group: sub_industry = 'Technology Hardware, Storage & Peripherals' (6 real Upright-covered peers, floor=5). Each cents-per-dollar-of-revenue figure is the MEDIAN of that peer group's real Upright values for the same metric -- a crude industry-average proxy, not Upright's own company-specific modeling. Revenue/employee figures are this company's own real data (from yfinance), not estimated."
SYF,Synchrony Financial,sustainability_report,https://www.synchrony.com/esgreport2023.pdf,,,,,,,False,no_fields_extracted,False,,,,,,,,,,False,,,,,True,True,True,5779.7,median_model_revenue+employees,sector:Financials,21,"Tier 2 Scope 1 ESTIMATE (LSEG median-model style), NOT a disclosure -- see pipeline/tier2_estimation/estimate_tier2.py. Peer group: sector = 'Financials' (21 Tier 1 peers with a real Scope 1 value, floor=5). Revenue-based: median peer Scope 1 tCO2e/$ revenue (5.36817e-07) x this company's revenue ($9,907,999,744) = 5,319 tCO2e. Employee-based: median peer Scope 1 tCO2e/employee (0.312029) x this company's employee count (20,000) = 6,241 tCO2e. Final estimate is the average of the available method(s): 5,780 tCO2e.",3569.1,median_model_revenue+employees,sector:Financials,17,"Tier 2 Scope 2 ESTIMATE (LSEG median-model style), NOT a disclosure -- see pipeline/tier2_estimation/estimate_tier2.py. Peer group: sector = 'Financials' (17 Tier 1 peers with a real Scope 2 value, floor=5). Revenue-based: median peer Scope 2 tCO2e/$ revenue (1.98278e-07) x this company's revenue ($9,907,999,744) = 1,965 tCO2e. Employee-based: median peer Scope 2 tCO2e/employee (0.25868) x this company's employee count (20,000) = 5,174 tCO2e. Final estimate is the average of the available method(s): 3,569 tCO2e.",True,SYNCHRONY FINANCIAL,Financial Services,18986.0,20000.0,24.0,47.0,-2.3,0.1,-1.3,0.1,-0.2,-0.3,9.7,-0.5,0.7,-5.3,0.4,Scarce human capital 16.4k scarce worker years,Societal infrastructure 26.7M long-haul train rides,https://uprightplatform.com/company/7eee08a2-265b-4d47-9230-13965a9d0a49/Synchrony%20Financial/,False,,,
SNPS,Synopsys,cdp_pdf,https://www.synopsys.com/content/dam/synopsys/company/corporate-social-responsibility/synopsys-cdp-climate-change-2021.pdf,2749.22,29865.34,22244.15,,,,old,,True,Targets set,1.5°C,2032.0,,,,,"Synopsys commits to reduce absolute scope 1 and 2 GHG emissions 55% by
2032 from a 2019 base year. Synopsys also commits to reduce scope 3 GHG
emissions from employee commuting and business travel 62% per employee
within the same timeframe. Synopsys further commits to reduce scope 3 GHG
emissions from use of sold products 62% per lifetime verification task within
the same timeframe. Synopsys further commits that 45% of its suppliers by
spend, covering purchased goods and services, and capital goods, will have
science-based targets by 2027.",2023-09-28 01:00:00,False,,,,,False,False,False,,,,,,,,,,,True,SYNOPSYS,,7054.18,28000.0,42.0,29.0,-4.6,0.5,-2.0,0.3,-0.6,-0.2,11.0,-0.6,0.8,-4.5,4.7,,,https://uprightplatform.com/company/b5138f6c-9263-497c-8dc4-d262f9e0a7c4/Synopsys/,False,,,
SYY,Sysco,cdp_pdf,https://mediacdn.sysco.com/images/rendition?id=00c2988bf30c0a2c952595e9c10fdc4b9a42060d,1064620.0,253056.0,227420.0,,,,old,,True,Targets set,Well-below 2°C,2030.0,,,,,"Sysco Corporation commits to reduce absolute scope 1 and 2 GHG emissions 27.5% by 2030 from a 2019 base year*. Sysco Corporation also commits that 67% of its suppliers by emissions covering purchased goods and services and upstream transportation and distribution, will have science_x0002_based targets by 2026. *The target boundary includes biogenic emissions and removals from bioenergy feedstocks.",2022-08-25 01:00:00,False,,,,,False,False,False,,,,,,,,,,,True,SYSCO,Food and Beverage,78844.0,75000.0,-5.0,69.0,-13.3,0.5,-5.4,0.3,-1.6,-0.1,8.9,-3.6,8.8,-2.0,0.0,GHG emissions 10.2M tons of GHG emissions,Nutrition 27.6bn bananas,https://uprightplatform.com/company/1eb33464-7f56-4b6d-a709-fa56da22bd6f/Sysco/,False,,,
TMUS,T-Mobile US,cdp_pdf,https://www.t-mobile.com/content/dam/digx/tmobile/us/en/non-dynamic-media/pdf/annual-report/T-Mobile-2023-CDP-Climate-Change-Response.pdf,97080.0,2971861.0,0.0,,,,old,,False,,,,,,,,,,False,,,,,False,False,False,,,,,,,,,,,True,T-MOBILE US,,82692.0,70000.0,33.0,39.0,-6.3,0.4,-3.0,0.3,-0.7,-0.4,10.0,-4.0,5.2,-3.9,6.1,,,https://uprightplatform.com/company/2afd3802-75c2-40a3-bc4a-8d7711270729/T-Mobile%20US/,False,,,
TROW,T. Rowe Price,none,,,,,,,,,no_public_report_found,False,,,,,,,,,,True,67,electricity-generation,ESP;GBR;ITA;PRT;USA,10.6,True,True,True,3214.7,median_model_revenue+employees,sector:Financials,21,"Tier 2 Scope 1 ESTIMATE (LSEG median-model style), NOT a disclosure -- see pipeline/tier2_estimation/estimate_tier2.py. Peer group: sector = 'Financials' (21 Tier 1 peers with a real Scope 1 value, floor=5). Revenue-based: median peer Scope 1 tCO2e/$ revenue (5.36817e-07) x this company's revenue ($7,592,000,000) = 4,076 tCO2e. Employee-based: median peer Scope 1 tCO2e/employee (0.312029) x this company's employee count (7,544) = 2,354 tCO2e. Final estimate is the average of the available method(s): 3,215 tCO2e.",1728.4,median_model_revenue+employees,sector:Financials,17,"Tier 2 Scope 2 ESTIMATE (LSEG median-model style), NOT a disclosure -- see pipeline/tier2_estimation/estimate_tier2.py. Peer group: sector = 'Financials' (17 Tier 1 peers with a real Scope 2 value, floor=5). Revenue-based: median peer Scope 2 tCO2e/$ revenue (1.98278e-07) x this company's revenue ($7,592,000,000) = 1,505 tCO2e. Employee-based: median peer Scope 2 tCO2e/employee (0.25868) x this company's employee count (7,544) = 1,951 tCO2e. Final estimate is the average of the available method(s): 1,728 tCO2e.",True,T. ROWE PRICE,Financial Services,6460.5,8158.0,-35.0,82.0,-1.5,0.2,-0.6,0.2,-0.2,-1.1,5.3,-0.2,0.8,-9.5,2.9,Scarce human capital 10.1k scarce worker years,Taxes 3.45M days of primary education,https://uprightplatform.com/company/077850ba-b1be-4bdb-b788-51a24a5316e5/T.%20Rowe%20Price/,False,,,
TTWO,Take-Two Interactive,sustainability_report,https://ir.take2games.com/static-files/99702a7e-3d22-4da2-b7c8-54eb33f82533,,,,,,,False,no_fields_extracted,False,,,,,,,,,,False,,,,,True,True,True,9290.0,median_model_revenue+employees,sector:Communication Services,6,"Tier 2 Scope 1 ESTIMATE (LSEG median-model style), NOT a disclosure -- see pipeline/tier2_estimation/estimate_tier2.py. Peer group: sector = 'Communication Services' (6 Tier 1 peers with a real Scope 1 value, floor=5). Revenue-based: median peer Scope 1 tCO2e/$ revenue (6.73153e-07) x this company's revenue ($6,686,499,840) = 4,501 tCO2e. Employee-based: median peer Scope 1 tCO2e/employee (1.09064) x this company's employee count (12,909) = 14,079 tCO2e. Final estimate is the average of the available method(s): 9,290 tCO2e.",41625.2,median_model_revenue+employees,sector:Communication Services,6,"Tier 2 Scope 2 ESTIMATE (LSEG median-model style), NOT a disclosure -- see pipeline/tier2_estimation/estimate_tier2.py. Peer group: sector = 'Communication Services' (6 Tier 1 peers with a real Scope 2 value, floor=5). Revenue-based: median peer Scope 2 tCO2e/$ revenue (5.2889e-06) x this company's revenue ($6,686,499,840) = 35,364 tCO2e. Employee-based: median peer Scope 2 tCO2e/employee (3.70951) x this company's employee count (12,909) = 47,886 tCO2e. Final estimate is the average of the available method(s): 41,625 tCO2e.",True,TAKE TWO INTERACTIVE SOFTWARE,,6559.1,12928.0,-19.0,76.0,-3.9,0.1,-2.1,0.1,-0.3,-0.4,9.9,-19.3,13.8,-5.4,0.7,,,https://uprightplatform.com/company/baea6b82-9d03-4c3c-ba59-089ba16e26ce/Take%20Two%20Interactive%20Software/,False,,,
TPR,"Tapestry, Inc.",cdp_pdf,https://assets.tapestry.com/tapestrycorp/assets/docs/2024/CDP-Climate-Change-2023.pdf,10941.0,41674.0,16396.0,,,,old,,True,Targets set,1.5°C,FY2030,Targets set,FY2050,Targets set,FY2050,"Overall Net-Zero Target:
Tapestry, Inc. commits to achieve net-zero greenhouse gas emissions across the value chain by FY2050.

Near-Term Targets:
Energy and Industry:
Tapestry, Inc. commits to reduce absolute scope 1 and 2 GHG emissions 75.59% by FY2030 from a FY2022 base year. Tapestry, Inc. also commits to reduce absolute scope 3 GHG emissions 42.0% within the same timeframe.

FLAG:
Tapestry, Inc. commits to reduce absolute scope 3 FLAG GHG emissions 30.3% by FY2030 from a FY2022 base year.** Tapestry, Inc. commits to no deforestation across its primary deforestation-linked commodities, with a target date of December 31, 2025.

Long-Term Targets:
Energy and Industry:
Tapestry, Inc. commits to reduce absolute scope 1 and 2 GHG emissions 90.0% by FY2050 from a FY2022 base year. Tapestry, Inc. also commits to reduce absolute scope 3 GHG emissions 90.0% within the same timeframe.

FLAG:
Tapestry, Inc. commits to reduce absolute scope 3 FLAG GHG emissions 72.0% by FY2050 from a FY2022 base year.**

**The target includes FLAG emissions and removals.",2026-05-21 01:00:00,False,,,,,False,False,False,,,,,,,,,,,True,TAPESTRY,Consumer Product Manufacturing,7010.7,12500.0,-92.0,94.0,-17.8,1.3,-8.4,0.7,-1.7,-2.1,7.8,-1.4,2.6,-1.2,0.0,GHG emissions 1.41M tons of GHG emissions,Jobs 34.5k direct or indirect jobs,https://uprightplatform.com/company/2c16d125-9823-4d58-be70-d3c8c540e509/Tapestry/,False,,,
TGT,Target Corporation,cdp_pdf,https://corporate.target.com/getmedia/c70c48ab-0e10-4576-9e92-789e30665964/2023-CDP-Climate-Response.pdf,779858.0,1505539.0,891321.0,,,,old,,True,Targets set,2°C,2030.0,,,Committed,,US retailer Target commits to reduce absolute scope 1 and 2 emissions and scope 3 GHG emissions from retail purchased goods and services 30% by 2030 from a 2017 base-year. Target also commits that 80% of its suppliers by spend covering all purchased goods and services will set science-based scope 1 and scope 2 targets by 2023.,2021-07-01 01:00:00,False,,,,,False,False,False,,,,,,,,,,,True,TARGET,Retail,106566.0,440000.0,-22.0,78.0,-14.6,0.8,-7.0,0.5,-2.1,-0.5,13.1,-3.3,3.9,-3.5,0.2,GHG emissions 18.0M tons of GHG emissions,Taxes 97.2M days of primary education,https://uprightplatform.com/company/770e928b-1477-4604-a251-4099b38ce486/Target/,False,,,
TEL,TE Connectivity,cdp_pdf,https://www.te.com/content/dam/te-com/documents/about-te/corporate-responsibility/global/2023_CDP_Climate_Questionnaire_Final.pdf,71479.0,466063.0,179879.0,,,,old,,True,Targets set,1.5°C,2032.0,,,,,"TE Connectivity, Ltd commits to reduce absolute scope 1 and 2 GHG emissions 70% by 2030 from a 2020 base year. TE Connectivity, Ltd also commits to reduce absolute scope 3 GHG emissions covering purchased goods and services, capital goods, fuel and energy related activities and upstream transportation and distribution 30% by 2032 from a 2022 base year.",2024-04-11 01:00:00,False,,,,,False,False,False,,,,,,,,,,,True,TE CONNECTIVITY,Electronics,15850.0,87000.0,0.0,66.0,-11.3,1.7,-5.7,1.2,-1.8,-1.5,13.4,-4.0,2.8,-2.6,1.6,GHG emissions 2.16M tons of GHG emissions,Societal infrastructure 25.1M long-haul train rides,https://uprightplatform.com/company/03127226-19aa-413c-a318-0e1b76220df1/TE%20Connectivity/,False,,,
TDY,Teledyne Technologies,sustainability_report,https://www.teledyne.com/en-us/About-Us/Documents/Teledyne%20Corporate%20Social%20Responsibility%20Report%202024%20Supplement.pdf,58970,51971,,,,,False,"Manually entered (not parser-automated): SASB-style table has ""Gross Global Scope 1 Total Emissions"" as a label immediately followed by an identically-worded decoy row (""Gross Global Scope 1 Total Emissions from Perfluorinated Compounds (PFCs)"") -- a naive substring match risks grabbing the PFC subset value (37,424) instead of the real total (58,970); took the FIRST occurrence specifically. Cross-verified via the document's own internal consistency: 58,970 + 51,971 = 110,941, matching the stated ""Gross Global Scope 1 and 2 Total Emissions"" row exactly. CAUTION: the report labels the Scope 2 figure only as ""Scope 2 MT CO2e"" with no location-based/ market-based distinction stated anywhere in the document -- entered under scope2_location_tco2e as the more common default when unspecified, but this is an assumption, not a confirmed method.",False,,,,,,,,,,False,,,,,False,False,False,,,,,,,,,,,True,TELEDYNE TECHNOLOGIES,,5909.4,14900.0,27.0,44.0,-8.4,0.7,-4.0,0.5,-1.4,-1.1,12.1,-1.9,5.0,-3.8,3.1,,,https://uprightplatform.com/company/a5af92fc-b43c-44c1-99b5-a8fbc75f11a6/Teledyne%20Technologies/,False,,,
TER,Teradyne,none,,,,,,,,,no_public_report_found,True,Targets set,1.5°C,2030.0,Targets set,2050.0,Targets set,2050.0,"Overall Net-Zero Target:
Teradyne, Inc. commits to achieve net-zero greenhouse gas emissions across the value chain by 2050.

Near-Term Targets:
Teradyne, Inc. commits to reduce absolute scope 1 and 2 GHG emissions 42.0% by 2030 from a 2024 base year. Teradyne, Inc. also commits to reduce scope 3 GHG emissions from use of sold products 51.6% per USD value added within the same timeframe.

Long-Term Targets:
Teradyne, Inc. commits to reduce absolute scope 1 and 2 GHG emissions 90.0% by 2050 from a 2024 base year. Teradyne, Inc. also commits to reduce scope 3 GHG emissions 97.0% per USD value added within the same timeframe.",2026-06-25 01:00:00,False,,,,,True,True,True,3348.5,median_model_revenue+employees,sector:Information Technology,37,"Tier 2 Scope 1 ESTIMATE (LSEG median-model style), NOT a disclosure -- see pipeline/tier2_estimation/estimate_tier2.py. Peer group: sector = 'Information Technology' (37 Tier 1 peers with a real Scope 1 value, floor=5). Revenue-based: median peer Scope 1 tCO2e/$ revenue (6.23987e-07) x this company's revenue ($4,464,031,232) = 2,785 tCO2e. Employee-based: median peer Scope 1 tCO2e/employee (0.592647) x this company's employee count (6,600) = 3,911 tCO2e. Final estimate is the average of the available method(s): 3,348 tCO2e.",10011.0,median_model_revenue+employees,sector:Information Technology,29,"Tier 2 Scope 2 ESTIMATE (LSEG median-model style), NOT a disclosure -- see pipeline/tier2_estimation/estimate_tier2.py. Peer group: sector = 'Information Technology' (29 Tier 1 peers with a real Scope 2 value, floor=5). Revenue-based: median peer Scope 2 tCO2e/$ revenue (2.34945e-06) x this company's revenue ($4,464,031,232) = 10,488 tCO2e. Employee-based: median peer Scope 2 tCO2e/employee (1.44455) x this company's employee count (6,600) = 9,534 tCO2e. Final estimate is the average of the available method(s): 10,011 tCO2e.",True,TERADYNE,,2676.3,6500.0,43.0,29.0,-9.1,0.5,-3.4,0.3,-1.2,-0.1,13.2,-0.7,0.9,-3.6,9.0,,,https://uprightplatform.com/company/a8c5f9df-305f-41d1-9bb6-3056c72dbdd4/Teradyne/,False,,,
TPL,Texas Pacific Land Corporation,none,,,,,,,,,no_public_report_found,False,,,,,,,,,,False,,,,,True,True,True,129249.6,median_model_revenue+employees,sub_industry:Oil & Gas Exploration & Production,6,"Tier 2 Scope 1 ESTIMATE (LSEG median-model style), NOT a disclosure -- see pipeline/tier2_estimation/estimate_tier2.py. Peer group: sub_industry = 'Oil & Gas Exploration & Production' (6 Tier 1 peers with a real Scope 1 value, floor=5). Revenue-based: median peer Scope 1 tCO2e/$ revenue (0.000192331) x this company's revenue ($897,540,992) = 172,625 tCO2e. Employee-based: median peer Scope 1 tCO2e/employee (753.284) x this company's employee count (114) = 85,874 tCO2e. Final estimate is the average of the available method(s): 129,250 tCO2e.",15670.0,median_model_revenue+employees,sector:Energy,6,"Tier 2 Scope 2 ESTIMATE (LSEG median-model style), NOT a disclosure -- see pipeline/tier2_estimation/estimate_tier2.py. Peer group: sector = 'Energy' (6 Tier 1 peers with a real Scope 2 value, floor=5). Revenue-based: median peer Scope 2 tCO2e/$ revenue (1.7615e-05) x this company's revenue ($897,540,992) = 15,810 tCO2e. Employee-based: median peer Scope 2 tCO2e/employee (136.226) x this company's employee count (114) = 15,530 tCO2e. Final estimate is the average of the available method(s): 15,670 tCO2e.",False,,,897.5,114,-102.5,96.0,-30.25,0.75,-17.1,0.55,-5.3,-3.2,17.9,-4.05,0.45,-2.7,1.45,,,,True,sub_industry:Oil & Gas Exploration & Production,8,"PROXY ESTIMATE, not real Upright data -- see pipeline/upright/estimate_upright_gaps.py. Peer group: sub_industry = 'Oil & Gas Exploration & Production' (8 real Upright-covered peers, floor=5). Each cents-per-dollar-of-revenue figure is the MEDIAN of that peer group's real Upright values for the same metric -- a crude industry-average proxy, not Upright's own company-specific modeling. Revenue/employee figures are this company's own real data (from yfinance), not estimated."
TJX,TJX Companies,cdp_pdf,https://www.tjx.com/docs/default-source/corporate-responsibility/the-tjx-companies-inc-cdp-climate-change-report-2025.pdf?sfvrsn=490764e0_1,143258.0,559158.0,363202.0,01/31/2010,69695.0,56360000000.0,new,,False,,,,,,,,,,False,,,,,False,False,False,,,,,,,,,,,True,TJX COMPANIES,Retail,56360.0,364000.0,-48.0,87.0,-16.0,1.0,-7.6,0.6,-2.1,-1.1,12.5,-2.5,1.9,-3.5,0.2,GHG emissions 10.3M tons of GHG emissions,Taxes 53.9M days of primary education,https://uprightplatform.com/company/ae700c46-f731-4467-8547-a0c727fb9ab7/TJX%20companies/,False,,,
TKO,TKO Group Holdings,none,,,,,,,,,no_public_report_found,False,,,,,,,,,,False,,,,,True,True,True,3965.8,median_model_revenue+employees,sector:Communication Services,6,"Tier 2 Scope 1 ESTIMATE (LSEG median-model style), NOT a disclosure -- see pipeline/tier2_estimation/estimate_tier2.py. Peer group: sector = 'Communication Services' (6 Tier 1 peers with a real Scope 1 value, floor=5). Revenue-based: median peer Scope 1 tCO2e/$ revenue (6.73153e-07) x this company's revenue ($5,301,862,912) = 3,569 tCO2e. Employee-based: median peer Scope 1 tCO2e/employee (1.09064) x this company's employee count (4,000) = 4,363 tCO2e. Final estimate is the average of the available method(s): 3,966 tCO2e.",21439.5,median_model_revenue+employees,sector:Communication Services,6,"Tier 2 Scope 2 ESTIMATE (LSEG median-model style), NOT a disclosure -- see pipeline/tier2_estimation/estimate_tier2.py. Peer group: sector = 'Communication Services' (6 Tier 1 peers with a real Scope 2 value, floor=5). Revenue-based: median peer Scope 2 tCO2e/$ revenue (5.2889e-06) x this company's revenue ($5,301,862,912) = 28,041 tCO2e. Employee-based: median peer Scope 2 tCO2e/employee (3.70951) x this company's employee count (4,000) = 14,838 tCO2e. Final estimate is the average of the available method(s): 21,440 tCO2e.",False,,,5301.9,4000,37.5,34.5,-4.15,0.2,-2.1500000000000004,0.1,-0.35,-0.3,11.25,-4.0,4.449999999999999,-4.45,5.5,,,,True,sector:Communication Services,20,"PROXY ESTIMATE, not real Upright data -- see pipeline/upright/estimate_upright_gaps.py. Peer group: sector = 'Communication Services' (20 real Upright-covered peers, floor=5). Each cents-per-dollar-of-revenue figure is the MEDIAN of that peer group's real Upright values for the same metric -- a crude industry-average proxy, not Upright's own company-specific modeling. Revenue/employee figures are this company's own real data (from yfinance), not estimated."
TTD,Trade Desk (The),none,,,,,,,,,no_public_report_found,False,,,,,,,,,,False,,,,,True,True,True,3102.1,median_model_revenue+employees,sector:Communication Services,6,"Tier 2 Scope 1 ESTIMATE (LSEG median-model style), NOT a disclosure -- see pipeline/tier2_estimation/estimate_tier2.py. Peer group: sector = 'Communication Services' (6 Tier 1 peers with a real Scope 1 value, floor=5). Revenue-based: median peer Scope 1 tCO2e/$ revenue (6.73153e-07) x this company's revenue ($2,990,138,112) = 2,013 tCO2e. Employee-based: median peer Scope 1 tCO2e/employee (1.09064) x this company's employee count (3,843) = 4,191 tCO2e. Final estimate is the average of the available method(s): 3,102 tCO2e.",15035.1,median_model_revenue+employees,sector:Communication Services,6,"Tier 2 Scope 2 ESTIMATE (LSEG median-model style), NOT a disclosure -- see pipeline/tier2_estimation/estimate_tier2.py. Peer group: sector = 'Communication Services' (6 Tier 1 peers with a real Scope 2 value, floor=5). Revenue-based: median peer Scope 2 tCO2e/$ revenue (5.2889e-06) x this company's revenue ($2,990,138,112) = 15,815 tCO2e. Employee-based: median peer Scope 2 tCO2e/employee (3.70951) x this company's employee count (3,843) = 14,256 tCO2e. Final estimate is the average of the available method(s): 15,035 tCO2e.",True,TRADE DESK,,2790.51,3522.0,-4.0,69.0,-3.8,0.1,-2.3,0.0,-0.2,-0.1,9.9,-1.9,0.4,-6.2,1.2,,,https://uprightplatform.com/company/adf71166-0b6d-47e1-b79b-454f9cf89810/Trade%20Desk/,False,,,
TSCO,Tractor Supply,cdp_pdf,https://s23.q4cdn.com/539497486/files/doc_financials/2023/sr/CDP-Climate-Change-Questionnaire-2023.pdf,68000.0,185000.0,149000.0,,,,old,,True,Commitment removed,,,,,,,,2023-10-26 01:00:00,False,,,,,False,False,False,,,,,,,,,,,True,TRACTOR SUPPLY,Retail,14555.74,26000.0,-35.0,83.0,-15.7,1.3,-8.1,0.8,-2.1,-0.3,12.6,-2.5,2.5,-3.6,0.1,GHG emissions 2.82M tons of GHG emissions,Taxes 13.4M days of primary education,https://uprightplatform.com/company/b0919a26-75fe-4d58-994b-ee1cbe52bf2e/Tractor%20Supply/,False,,,
TT,Trane Technologies,cdp_pdf,https://www.tranetechnologies.com/content/dam/cs-corporate/pdf/sustainability/annual/2023-CDP-Climate-Change.pdf,237639.0,124057.0,55708.0,,,,old,,True,Targets set,1.5°C,2030.0,Targets set,2050.0,Targets set,2050.0,Overall Net-Zero Target Trane Technologies commits to reach net-zero GHG emissions across the value chain by 2050 from a 2019 base year. Near-Term Targets: Trane Technologies commits to reduce absolute scope 1 and 2 GHG emissions 50% by 2030 from a 2019 base year. Trane Technologies also commits to reduce scope 3 GHG emissions 55% per cooling ton from use of sold products within the same timeframe. Long-term targets: Trane Technologies commits to reduce absolute scope 1 and 2 GHG emissions 90% by 2050 from a 2019 base year. Trane Technologies also commits to reduce scope 3 GHG emissions 97% per cooling ton from use of sold products within the same timeframe.,2022-04-28 01:00:00,False,,,,,False,False,False,,,,,,,,,,,True,TRANE TECHNOLOGIES,Construction and Building Materials,18227.2,45000.0,27.0,44.0,-12.4,3.3,-6.8,2.5,-2.0,-0.5,17.4,-1.5,1.0,-1.9,0.5,GHG emissions 2.96M tons of GHG emissions,Societal infrastructure 51.2M long-haul train rides,https://uprightplatform.com/company/e45a9371-318b-4a61-958c-47e573ad382f/Trane%20Technologies/,False,,,
TDG,TransDigm Group,none,,,,,,,,,no_public_report_found,False,,,,,,,,,,False,,,,,True,True,True,27303.1,median_model_revenue+employees,sub_industry:Aerospace & Defense,9,"Tier 2 Scope 1 ESTIMATE (LSEG median-model style), NOT a disclosure -- see pipeline/tier2_estimation/estimate_tier2.py. Peer group: sub_industry = 'Aerospace & Defense' (9 Tier 1 peers with a real Scope 1 value, floor=5). Revenue-based: median peer Scope 1 tCO2e/$ revenue (3.63289e-06) x this company's revenue ($10,005,999,616) = 36,351 tCO2e. Employee-based: median peer Scope 1 tCO2e/employee (1.1064) x this company's employee count (16,500) = 18,256 tCO2e. Final estimate is the average of the available method(s): 27,303 tCO2e.",77526.8,median_model_revenue+employees,sector:Industrials,28,"Tier 2 Scope 2 ESTIMATE (LSEG median-model style), NOT a disclosure -- see pipeline/tier2_estimation/estimate_tier2.py. Peer group: sector = 'Industrials' (28 Tier 1 peers with a real Scope 2 value, floor=5). Revenue-based: median peer Scope 2 tCO2e/$ revenue (9.89188e-06) x this company's revenue ($10,005,999,616) = 98,978 tCO2e. Employee-based: median peer Scope 2 tCO2e/employee (3.39852) x this company's employee count (16,500) = 56,076 tCO2e. Final estimate is the average of the available method(s): 77,527 tCO2e.",True,TRANSDIGM,,7940.0,16600.0,-3.0,68.0,-12.8,2.0,-7.1,1.4,-2.1,-0.3,12.0,-1.5,1.1,-2.0,1.0,,,https://uprightplatform.com/company/56399a8a-95f0-4325-9876-05339c1a43c5/Transdigm/,False,,,
TRV,Travelers Companies (The),none,,,,,,,,,no_public_report_found,False,,,,,,,,,,False,,,,,True,True,True,18450.9,median_model_revenue+employees,sector:Financials,21,"Tier 2 Scope 1 ESTIMATE (LSEG median-model style), NOT a disclosure -- see pipeline/tier2_estimation/estimate_tier2.py. Peer group: sector = 'Financials' (21 Tier 1 peers with a real Scope 1 value, floor=5). Revenue-based: median peer Scope 1 tCO2e/$ revenue (5.36817e-07) x this company's revenue ($48,979,001,344) = 26,293 tCO2e. Employee-based: median peer Scope 1 tCO2e/employee (0.312029) x this company's employee count (34,000) = 10,609 tCO2e. Final estimate is the average of the available method(s): 18,451 tCO2e.",9253.3,median_model_revenue+employees,sector:Financials,17,"Tier 2 Scope 2 ESTIMATE (LSEG median-model style), NOT a disclosure -- see pipeline/tier2_estimation/estimate_tier2.py. Peer group: sector = 'Financials' (17 Tier 1 peers with a real Scope 2 value, floor=5). Revenue-based: median peer Scope 2 tCO2e/$ revenue (1.98278e-07) x this company's revenue ($48,979,001,344) = 9,711 tCO2e. Employee-based: median peer Scope 2 tCO2e/employee (0.25868) x this company's employee count (34,000) = 8,795 tCO2e. Final estimate is the average of the available method(s): 9,253 tCO2e.",True,TRAVELERS,Financial Services,46423.0,34000.0,-13.0,73.0,-5.0,0.3,-2.7,0.2,-0.9,-0.5,7.8,-1.1,1.1,-4.1,0.3,Scarce human capital 31.1k scarce worker years,Societal infrastructure 41.4M long-haul train rides,https://uprightplatform.com/company/fc6c3a50-e4da-4d7d-8d31-0f861aa1ca08/Travelers/,False,,,
TRMB,Trimble Inc.,none,,,,,,,,,no_public_report_found,True,Targets set,1.5°C,2030.0,,,,,"Trimble Inc commits to reduce absolute scope 1 and 2 GHG emissions 50% by 2030 from a 2019 base year. Trimble Inc also commits to increase annual sourcing of renewable electricity from 0% in 2019 to 100% by 2025 and continue active annual sourcing of 100% renewable electricity through 2030. Trimble Inc commits to reduce absolute scope 3 GHG emissions from fuel and energy related activities, business travel and upstream transportation and distribution 50% by 2030 from a 2019 base year. Trimble Inc also commits that 70% of its suppliers by emissions covering purchased goods and services and capital goods, will have science-based targets by 2026",2022-08-25 01:00:00,False,,,,,True,True,True,1555.2,median_model_revenue+employees,sub_industry:Application Software,7,"Tier 2 Scope 1 ESTIMATE (LSEG median-model style), NOT a disclosure -- see pipeline/tier2_estimation/estimate_tier2.py. Peer group: sub_industry = 'Application Software' (7 Tier 1 peers with a real Scope 1 value, floor=5). Revenue-based: median peer Scope 1 tCO2e/$ revenue (2.60656e-07) x this company's revenue ($3,782,899,968) = 986 tCO2e. Employee-based: median peer Scope 1 tCO2e/employee (0.18472) x this company's employee count (11,500) = 2,124 tCO2e. Final estimate is the average of the available method(s): 1,555 tCO2e.",5927.1,median_model_revenue+employees,sub_industry:Application Software,7,"Tier 2 Scope 2 ESTIMATE (LSEG median-model style), NOT a disclosure -- see pipeline/tier2_estimation/estimate_tier2.py. Peer group: sub_industry = 'Application Software' (7 Tier 1 peers with a real Scope 2 value, floor=5). Revenue-based: median peer Scope 2 tCO2e/$ revenue (9.10231e-07) x this company's revenue ($3,782,899,968) = 3,443 tCO2e. Employee-based: median peer Scope 2 tCO2e/employee (0.731378) x this company's employee count (11,500) = 8,411 tCO2e. Final estimate is the average of the available method(s): 5,927 tCO2e.",True,TRIMBLE,,3798.3,12700.0,47.0,24.0,-7.0,1.8,-3.4,0.7,-1.1,-0.2,14.0,-0.8,1.9,-3.9,4.5,,,https://uprightplatform.com/company/c742b040-7220-4fab-8f5b-20d03945858c/Trimble/,False,,,
TFC,Truist Financial,cdp_pdf,https://filecache.investorroom.com/mr5ir_truist/644/Truist%202022%20CDP%20Disclosure.pdf,29725.0,223542.0,223522.0,,,,old,,False,,,,,,,,,,False,,,,,False,False,False,,,,,,,,,,,True,TRUIST FINANCIAL CORPORATION,Banks,25612.0,36769.0,16.0,54.0,-3.0,0.1,-1.6,0.1,-0.3,-0.4,8.9,-0.6,1.0,-5.6,1.2,Scarce human capital 23.4k scarce worker years,Societal infrastructure 29.2M long-haul train rides,https://uprightplatform.com/company/91bfd3ce-b36d-437d-b6d9-68fe8512ee2b/Truist%20Financial%20Corporation/,False,,,
TYL,Tyler Technologies,sustainability_report,https://www.tylertech.com/Portals/0/Corporate-Responsibility/Tyler-2024-CRR-Report.pdf,,,,,,,False,no_fields_extracted,False,,,,,,,,,,False,,,,,True,True,True,1044.4,median_model_revenue+employees,sub_industry:Application Software,7,"Tier 2 Scope 1 ESTIMATE (LSEG median-model style), NOT a disclosure -- see pipeline/tier2_estimation/estimate_tier2.py. Peer group: sub_industry = 'Application Software' (7 Tier 1 peers with a real Scope 1 value, floor=5). Revenue-based: median peer Scope 1 tCO2e/$ revenue (2.60656e-07) x this company's revenue ($2,429,657,088) = 633 tCO2e. Employee-based: median peer Scope 1 tCO2e/employee (0.18472) x this company's employee count (7,879) = 1,455 tCO2e. Final estimate is the average of the available method(s): 1,044 tCO2e.",3987.0,median_model_revenue+employees,sub_industry:Application Software,7,"Tier 2 Scope 2 ESTIMATE (LSEG median-model style), NOT a disclosure -- see pipeline/tier2_estimation/estimate_tier2.py. Peer group: sub_industry = 'Application Software' (7 Tier 1 peers with a real Scope 2 value, floor=5). Revenue-based: median peer Scope 2 tCO2e/$ revenue (9.10231e-07) x this company's revenue ($2,429,657,088) = 2,212 tCO2e. Employee-based: median peer Scope 2 tCO2e/employee (0.731378) x this company's employee count (7,879) = 5,763 tCO2e. Final estimate is the average of the available method(s): 3,987 tCO2e.",True,TYLER TECHNOLOGIES,Computer Software,2077.61,7462.0,49.0,22.0,-3.2,0.4,-1.5,0.3,-0.4,-0.3,13.7,-0.5,0.7,-5.4,3.5,Scarce human capital 1.84k scarce worker years,Taxes 2.18M days of primary education,https://uprightplatform.com/company/6135af6c-307b-4fad-95a1-e0742130b0c2/Tyler%20Technologies/,False,,,
USB,U.S. Bancorp,cdp_pdf,https://www.usbank.com/dam/documents/pdf/about-us-bank/community/sustainability/2022%20CDP_Public_Web.pdf,41335.3,191918.7,97537.8,,,,old,,False,,,,,,,,,,False,,,,,False,False,False,,,,,,,,,,,True,U.S. BANCORP,,42712.0,70263.0,16.0,54.0,-2.7,0.2,-1.4,0.1,-0.4,-0.5,8.4,-0.5,1.1,-5.4,1.1,,,https://uprightplatform.com/company/3c02a4f6-7561-4da9-af37-2a4a23f630c8/U.S.%20Bancorp/,False,,,
VLO,Valero Energy,epa_ghgrp,,23535216.552000005,,,,,,,"EPA GHGRP 2023 Direct Emitters, matched via parent company 'VALERO ENERGY CORP' (27 facilities). Scope 1 (direct/on-site) only -- GHGRP does not cover Scope 2.",False,,,,,,,,,,True,5,electricity-generation,GBR;USA,100.0,True,False,True,,,,,,1832864.9,median_model_revenue+employees,sector:Energy,6,"Tier 2 Scope 2 ESTIMATE (LSEG median-model style), NOT a disclosure -- see pipeline/tier2_estimation/estimate_tier2.py. Peer group: sector = 'Energy' (6 Tier 1 peers with a real Scope 2 value, floor=5). Revenue-based: median peer Scope 2 tCO2e/$ revenue (1.7615e-05) x this company's revenue ($132,429,996,032) = 2,332,755 tCO2e. Employee-based: median peer Scope 2 tCO2e/employee (136.226) x this company's employee count (9,785) = 1,332,975 tCO2e. Final estimate is the average of the available method(s): 1,832,865 tCO2e.",True,VALERO ENERGY,Energy and Environmental,123974.0,9908.0,-124.0,97.0,-29.3,0.9,-16.5,0.6,-5.2,-1.2,15.0,-5.9,1.3,-2.3,0.0,GHG emissions 49.1M tons of GHG emissions,Societal infrastructure 328M long-haul train rides,https://uprightplatform.com/company/76dfa3d7-e2bd-40a4-833b-95809cf82ccb/Valero%20Energy/,False,,,
VTRS,Viatris,epa_ghgrp,,26031.806,,,,,,,"EPA GHGRP 2023 Direct Emitters, matched via parent company 'VIATRIS INC' (1 facilities). Scope 1 (direct/on-site) only -- GHGRP does not cover Scope 2.",True,Targets set,1.5°C,2030.0,,,,,"Viatris Inc. commits to reduce absolute scope 1 and 2 GHG emissions 42% by 2030 from a 2020 base year*. Viatris Inc. also commits to reduce absolute scope 3 GHG emissions covering purchased goods and services, capital goods, fuel and energy related activities, and upstream transportation and distribution 25% within the same timeframe. *The target boundary includes land-related emissions and removals from bioenergy feedstocks.",2022-12-08 01:00:00,False,,,,,True,False,True,,,,,,52938.3,median_model_revenue+employees,sector:Health Care,18,"Tier 2 Scope 2 ESTIMATE (LSEG median-model style), NOT a disclosure -- see pipeline/tier2_estimation/estimate_tier2.py. Peer group: sector = 'Health Care' (18 Tier 1 peers with a real Scope 2 value, floor=5). Revenue-based: median peer Scope 2 tCO2e/$ revenue (3.19915e-06) x this company's revenue ($14,737,300,480) = 47,147 tCO2e. Employee-based: median peer Scope 2 tCO2e/employee (1.95766) x this company's employee count (30,000) = 58,730 tCO2e. Final estimate is the average of the available method(s): 52,938 tCO2e.",True,VIATRIS,,14124.4,32000.0,52.0,19.0,-8.4,0.2,-3.4,0.1,-1.8,-1.7,8.0,-6.6,35.3,-4.0,0.1,,,https://uprightplatform.com/company/d0dd9d15-1f7d-47e8-8727-af636bab5bc3/Viatris/,False,,,
VST,Vistra Corp.,epa_ghgrp,,86320993.13799997,,,,,,,"EPA GHGRP 2023 Direct Emitters, matched via parent company 'Vistra Corp' (40 facilities). Scope 1 (direct/on-site) only -- GHGRP does not cover Scope 2.",True,Targets set,1.5°C,2028.0,,,,,Vistra Corp. commits to reduce absolute scope 1 and 2 GHG emissions 58% by 2028 from a 2018 base year. Vistra Corp also commits to reduce absolute scope 1 and 3 GHG emissions from all sold electricity 58% within the same timeframe. Vistra Corp. further commits to reduce absolute scope 3 GHG emissions from use of sold products 42% within the same timeframe.,2024-08-08 01:00:00,True,60,electricity-generation,HND;USA,92.1,True,False,True,,,,,,136960.4,median_model_revenue+employees,sector:Utilities,10,"Tier 2 Scope 2 ESTIMATE (LSEG median-model style), NOT a disclosure -- see pipeline/tier2_estimation/estimate_tier2.py. Peer group: sector = 'Utilities' (10 Tier 1 peers with a real Scope 2 value, floor=5). Revenue-based: median peer Scope 2 tCO2e/$ revenue (9.6601e-06) x this company's revenue ($19,211,999,232) = 185,590 tCO2e. Employee-based: median peer Scope 2 tCO2e/employee (13.8233) x this company's employee count (6,390) = 88,331 tCO2e. Final estimate is the average of the available method(s): 136,960 tCO2e.",True,VISTRA ENERGY,,14778.0,4870.0,-18.0,76.0,-28.9,8.6,-16.7,6.7,-4.3,-1.3,20.6,-2.8,0.6,-3.1,0.8,,,https://uprightplatform.com/company/f0fe5ec1-c875-440e-85fd-7f839109d90a/Vistra%20Energy/,False,,,
WM,Waste Management,epa_ghgrp,,11650459.606000002,,,,,,,"EPA GHGRP 2023 Direct Emitters, matched via parent company 'WASTE MANAGEMENT INC' (225 facilities). Scope 1 (direct/on-site) only -- GHGRP does not cover Scope 2.",False,,,,,,,,,,True,8,electricity-generation,USA,,True,False,True,,,,,,229752.6,median_model_revenue+employees,sector:Industrials,28,"Tier 2 Scope 2 ESTIMATE (LSEG median-model style), NOT a disclosure -- see pipeline/tier2_estimation/estimate_tier2.py. Peer group: sector = 'Industrials' (28 Tier 1 peers with a real Scope 2 value, floor=5). Revenue-based: median peer Scope 2 tCO2e/$ revenue (9.89188e-06) x this company's revenue ($25,667,000,320) = 253,895 tCO2e. Employee-based: median peer Scope 2 tCO2e/employee (3.39852) x this company's employee count (60,500) = 205,610 tCO2e. Final estimate is the average of the available method(s): 229,753 tCO2e.",True,WASTE MANAGEMENT,Energy and Environmental,20426.0,48000.0,47.0,24.0,-12.4,7.9,-6.7,0.9,-3.0,-0.2,17.5,-1.2,3.4,-1.5,0.0,GHG emissions 3.30M tons of GHG emissions,Societal infrastructure 49.1M long-haul train rides,https://uprightplatform.com/company/6e7df0f5-76c9-484f-94ae-2dde84fc9b92/Waste%20Management/,False,,,
WEC,WEC Energy Group,epa_ghgrp,,19291885.63,,,,,,,"EPA GHGRP 2023 Direct Emitters, matched via parent company 'WEC Energy Group Inc' (17 facilities). Scope 1 (direct/on-site) only -- GHGRP does not cover Scope 2.",False,,,,,,,,,,True,22,electricity-generation,USA,74.7,True,False,True,,,,,,97345.8,median_model_revenue+employees,sector:Utilities,10,"Tier 2 Scope 2 ESTIMATE (LSEG median-model style), NOT a disclosure -- see pipeline/tier2_estimation/estimate_tier2.py. Peer group: sector = 'Utilities' (10 Tier 1 peers with a real Scope 2 value, floor=5). Revenue-based: median peer Scope 2 tCO2e/$ revenue (9.6601e-06) x this company's revenue ($10,137,400,320) = 97,928 tCO2e. Employee-based: median peer Scope 2 tCO2e/employee (13.8233) x this company's employee count (7,000) = 96,763 tCO2e. Final estimate is the average of the available method(s): 97,346 tCO2e.",True,WEC ENERGY,,8893.0,7000.0,3.0,64.0,-25.2,4.7,-14.9,3.9,-3.4,-1.1,26.6,-1.8,0.4,-3.3,0.7,,,https://uprightplatform.com/company/dc9ab2fe-8c94-409c-90d7-57ed7faf4c83/WEC%20Energy/,False,,,
WY,Weyerhaeuser,epa_ghgrp,,41144.524,,,,,,,"EPA GHGRP 2023 Direct Emitters, matched via parent company 'WEYERHAEUSER CO' (2 facilities). Scope 1 (direct/on-site) only -- GHGRP does not cover Scope 2.",True,Targets set,1.5°C,2030.0,,,Commitment removed,,Weyerhaeuser commits to reduce absolute scope 1 and 2 GHG emissions 42% by 2030 from a 2020 base year. Weyerhaeuser also commits to reduce scope 3 GHG emissions 25% per ton of production within the same timeframe. * The target boundary includes biogenic emissions and removals from bioenergy feedstocks.,2021-12-16 01:00:00,False,,,,,True,False,True,,,,,,1014987.5,median_model_revenue+employees,sector:Real Estate,7,"Tier 2 Scope 2 ESTIMATE (LSEG median-model style), NOT a disclosure -- see pipeline/tier2_estimation/estimate_tier2.py. Peer group: sector = 'Real Estate' (7 Tier 1 peers with a real Scope 2 value, floor=5). Revenue-based: median peer Scope 2 tCO2e/$ revenue (7.54576e-06) x this company's revenue ($6,851,999,744) = 51,704 tCO2e. Employee-based: median peer Scope 2 tCO2e/employee (208.239) x this company's employee count (9,500) = 1,978,271 tCO2e. Final estimate is the average of the available method(s): 1,014,988 tCO2e.",True,WEYERHAEUSER,Construction and Building Materials,7036.0,9440.0,-14.0,74.0,-12.8,3.6,-5.2,3.1,-1.6,-0.8,8.8,-1.4,1.9,-1.8,0.4,GHG emissions 880k tons of GHG emissions,Taxes 4.30M days of primary education,https://uprightplatform.com/company/30818d5d-cf90-43d3-90df-d38199a68418/Weyerhaeuser/,False,,,
XEL,Xcel Energy,epa_ghgrp,,44184964.932,,,,,,,"EPA GHGRP 2023 Direct Emitters, matched via parent company 'XCEL ENERGY INC' (31 facilities). Scope 1 (direct/on-site) only -- GHGRP does not cover Scope 2.",False,,,,,,,,,,True,39,electricity-generation,USA,94.4,True,False,True,,,,,,150315.1,median_model_revenue+employees,sector:Utilities,10,"Tier 2 Scope 2 ESTIMATE (LSEG median-model style), NOT a disclosure -- see pipeline/tier2_estimation/estimate_tier2.py. Peer group: sector = 'Utilities' (10 Tier 1 peers with a real Scope 2 value, floor=5). Revenue-based: median peer Scope 2 tCO2e/$ revenue (9.6601e-06) x this company's revenue ($14,616,000,512) = 141,192 tCO2e. Employee-based: median peer Scope 2 tCO2e/employee (13.8233) x this company's employee count (11,534) = 159,438 tCO2e. Final estimate is the average of the available method(s): 150,315 tCO2e.",True,XCEL ENERGY,,13957.0,11380.0,-5.0,70.0,-27.7,7.3,-15.9,6.2,-4.0,-1.4,24.9,-2.7,0.6,-3.6,0.7,,,https://uprightplatform.com/company/fcb3a630-47cf-4fc5-a950-b842ab2f54e7/Xcel%20Energy/,False,,,
UBER,Uber,none,,,,,,,,,no_public_report_found,False,,,,,,,,,,False,,,,,True,True,True,266805.6,median_model_revenue+employees,sector:Industrials,40,"Tier 2 Scope 1 ESTIMATE (LSEG median-model style), NOT a disclosure -- see pipeline/tier2_estimation/estimate_tier2.py. Peer group: sector = 'Industrials' (40 Tier 1 peers with a real Scope 1 value, floor=5). Revenue-based: median peer Scope 1 tCO2e/$ revenue (6.94524e-06) x this company's revenue ($55,226,998,784) = 383,565 tCO2e. Employee-based: median peer Scope 1 tCO2e/employee (4.09963) x this company's employee count (36,600) = 150,046 tCO2e. Final estimate is the average of the available method(s): 266,806 tCO2e.",335342.2,median_model_revenue+employees,sector:Industrials,28,"Tier 2 Scope 2 ESTIMATE (LSEG median-model style), NOT a disclosure -- see pipeline/tier2_estimation/estimate_tier2.py. Peer group: sector = 'Industrials' (28 Tier 1 peers with a real Scope 2 value, floor=5). Revenue-based: median peer Scope 2 tCO2e/$ revenue (9.89188e-06) x this company's revenue ($55,226,998,784) = 546,299 tCO2e. Employee-based: median peer Scope 2 tCO2e/employee (3.39852) x this company's employee count (36,600) = 124,386 tCO2e. Final estimate is the average of the available method(s): 335,342 tCO2e.",True,UBER,,43978.0,31100.0,15.0,54.0,-21.7,4.4,-10.1,3.4,-6.2,-0.9,23.3,-4.6,6.5,-1.9,0.2,,,https://uprightplatform.com/company/1ca87739-ce2a-4afd-9b2b-17aacb3797c0/Uber/,False,,,
UDR,"UDR, Inc.",none,,,,,,,,,no_public_report_found,True,Commitment removed,,,,,,,,2021-08-05 01:00:00,False,,,,,True,True,True,7925.8,median_model_revenue+employees,sector:Real Estate,8,"Tier 2 Scope 1 ESTIMATE (LSEG median-model style), NOT a disclosure -- see pipeline/tier2_estimation/estimate_tier2.py. Peer group: sector = 'Real Estate' (8 Tier 1 peers with a real Scope 1 value, floor=5). Revenue-based: median peer Scope 1 tCO2e/$ revenue (5.49255e-06) x this company's revenue ($1,766,329,984) = 9,702 tCO2e. Employee-based: median peer Scope 1 tCO2e/employee (4.331) x this company's employee count (1,420) = 6,150 tCO2e. Final estimate is the average of the available method(s): 7,926 tCO2e.",154513.9,median_model_revenue+employees,sector:Real Estate,7,"Tier 2 Scope 2 ESTIMATE (LSEG median-model style), NOT a disclosure -- see pipeline/tier2_estimation/estimate_tier2.py. Peer group: sector = 'Real Estate' (7 Tier 1 peers with a real Scope 2 value, floor=5). Revenue-based: median peer Scope 2 tCO2e/$ revenue (7.54576e-06) x this company's revenue ($1,766,329,984) = 13,328 tCO2e. Employee-based: median peer Scope 2 tCO2e/employee (208.239) x this company's employee count (1,420) = 295,700 tCO2e. Final estimate is the average of the available method(s): 154,514 tCO2e.",True,UDR,Real Estate,1620.66,1397.0,41.0,30.0,-11.3,2.0,-6.3,1.6,-1.2,-0.4,23.7,-1.1,1.5,-3.1,0.0,GHG emissions 245k tons of GHG emissions,Societal infrastructure 6.64M long-haul train rides,https://uprightplatform.com/company/a0118dee-3f0b-49aa-b0d1-562d0429e2f4/Udr/,False,,,
ULTA,Ulta Beauty,sustainability_report,https://d1io3yog0oux5.cloudfront.net/_2a8629e3f704636d5d799dc4f8e7fd6d/ulta/db/1975/18000/description/ULTA-008_2025_CRR_Report_PDF_6_ADA_04.22.26.pdf,,,,,,,new,no_fields_extracted,True,Targets set,1.5°C,FY2030,,,,,"Ulta Beauty, Inc. commits to reduce absolute scope 1 and 2 GHG emissions 90% by FY2030 from a FY2019 base year. Ulta Beauty, Inc. also commits to reduce absolute scope 3 GHG emissions covering use of sold products 28% by FY2030 from a FY2019 base year. Ulta Beauty, Inc. further commits that 68% of its suppliers by emissions covering purchased goods and services, will have science-based targets by FY2027.",2023-11-30 01:00:00,False,,,,,True,True,True,37537.2,median_model_revenue+employees,sector:Consumer Discretionary,21,"Tier 2 Scope 1 ESTIMATE (LSEG median-model style), NOT a disclosure -- see pipeline/tier2_estimation/estimate_tier2.py. Peer group: sector = 'Consumer Discretionary' (21 Tier 1 peers with a real Scope 1 value, floor=5). Revenue-based: median peer Scope 1 tCO2e/$ revenue (3.71647e-06) x this company's revenue ($12,955,516,928) = 48,149 tCO2e. Employee-based: median peer Scope 1 tCO2e/employee (1.25926) x this company's employee count (21,382) = 26,925 tCO2e. Final estimate is the average of the available method(s): 37,537 tCO2e.",62199.7,median_model_revenue+employees,sector:Consumer Discretionary,18,"Tier 2 Scope 2 ESTIMATE (LSEG median-model style), NOT a disclosure -- see pipeline/tier2_estimation/estimate_tier2.py. Peer group: sector = 'Consumer Discretionary' (18 Tier 1 peers with a real Scope 2 value, floor=5). Revenue-based: median peer Scope 2 tCO2e/$ revenue (6.64506e-06) x this company's revenue ($12,955,516,928) = 86,090 tCO2e. Employee-based: median peer Scope 2 tCO2e/employee (1.79165) x this company's employee count (21,382) = 38,309 tCO2e. Final estimate is the average of the available method(s): 62,200 tCO2e.",False,,,12955.5,21382,-32.5,81.5,-15.5,0.9,-6.85,0.6,-2.1,-0.5,11.5,-2.45,2.6500000000000004,-2.75,0.2,,,,True,sector:Consumer Discretionary,44,"PROXY ESTIMATE, not real Upright data -- see pipeline/upright/estimate_upright_gaps.py. Peer group: sector = 'Consumer Discretionary' (44 real Upright-covered peers, floor=5). Each cents-per-dollar-of-revenue figure is the MEDIAN of that peer group's real Upright values for the same metric -- a crude industry-average proxy, not Upright's own company-specific modeling. Revenue/employee figures are this company's own real data (from yfinance), not estimated."
UNP,Union Pacific Corporation,cdp_pdf,https://www.up.com/content/dam/upcom/strategy-sustainability/documents/cdp-submission.pdf,10083282.0,261372.0,314075.0,12/31/2018,11313933.0,24250000000.0,new,,True,Targets set,1.5°C,2030.0,,,Commitment removed,,"Union Pacific commits to reduce absolute scope 1 and 2 GHG emissions 50.4% by 2030 from a 2018 base year.* Union Pacific also commits to reduce scope 3 GHG emissions from purchased goods and services, capital goods, and fuel and energy-related activities 50.4% within the same timeframe.
*The target boundary includes land-related emissions and removals from bioenergy feedstocks.",2024-03-28 01:00:00,False,,,,,False,False,False,,,,,,,,,,,True,UNION PACIFIC,Transportation,24250.0,29711.0,-28.0,80.0,-24.6,3.9,-11.6,3.0,-5.9,-0.8,18.7,-2.4,0.6,-2.1,0.2,GHG emissions 6.74M tons of GHG emissions,Societal infrastructure 68.7M long-haul train rides,https://uprightplatform.com/company/9c4d1816-e00b-4126-9d62-7f4429f25641/Union%20Pacific/,False,,,
UAL,United Airlines Holdings,none,,,,,,,,,no_public_report_found,True,Targets set,Well-below 2°C,2035.0,,,Commitment removed,,"United Airlines commits to reduce scope 1, 2, and well-to-wake jet fuel GHG emissions, including scope 3 category 4, upstream transportation and distribution 50% per revenue ton kilometer (RTK) by 2035 from a 2019 base year.***
*The target boundary includes biogenic emissions and removals from bioenergy feedstocks.
**Non-CO2e effects which may also contribute to aviation induced warming are not included in this target. United Airlines Inc. commits to report publicly on its collaboration with stakeholders to improve understanding of opportunities to mitigate the non-CO2e impacts of aviation annually over its target timeframe.",2023-06-08 01:00:00,False,,,,,True,True,True,459288.1,median_model_revenue+employees,sector:Industrials,40,"Tier 2 Scope 1 ESTIMATE (LSEG median-model style), NOT a disclosure -- see pipeline/tier2_estimation/estimate_tier2.py. Peer group: sector = 'Industrials' (40 Tier 1 peers with a real Scope 1 value, floor=5). Revenue-based: median peer Scope 1 tCO2e/$ revenue (6.94524e-06) x this company's revenue ($62,902,001,664) = 436,870 tCO2e. Employee-based: median peer Scope 1 tCO2e/employee (4.09963) x this company's employee count (117,500) = 481,707 tCO2e. Final estimate is the average of the available method(s): 459,288 tCO2e.",510772.3,median_model_revenue+employees,sector:Industrials,28,"Tier 2 Scope 2 ESTIMATE (LSEG median-model style), NOT a disclosure -- see pipeline/tier2_estimation/estimate_tier2.py. Peer group: sector = 'Industrials' (28 Tier 1 peers with a real Scope 2 value, floor=5). Revenue-based: median peer Scope 2 tCO2e/$ revenue (9.89188e-06) x this company's revenue ($62,902,001,664) = 622,219 tCO2e. Employee-based: median peer Scope 2 tCO2e/employee (3.39852) x this company's employee count (117,500) = 399,326 tCO2e. Final estimate is the average of the available method(s): 510,772 tCO2e.",True,UNITED AIRLINES,,57063.0,111300.0,-131.0,98.0,-30.1,1.0,-15.6,0.7,-5.4,-0.9,12.2,-6.2,4.3,-3.3,0.1,,,https://uprightplatform.com/company/47ee6efd-1475-46e0-a1f1-1456e923a4cc/United%20Airlines/,False,,,
UPS,United Parcel Service,none,,,,,,,,,no_public_report_found,False,,,,,,,,,,False,,,,,True,True,True,1255207.8,median_model_revenue+employees,sector:Industrials,40,"Tier 2 Scope 1 ESTIMATE (LSEG median-model style), NOT a disclosure -- see pipeline/tier2_estimation/estimate_tier2.py. Peer group: sector = 'Industrials' (40 Tier 1 peers with a real Scope 1 value, floor=5). Revenue-based: median peer Scope 1 tCO2e/$ revenue (6.94524e-06) x this company's revenue ($89,929,998,336) = 624,585 tCO2e. Employee-based: median peer Scope 1 tCO2e/employee (4.09963) x this company's employee count (460,000) = 1,885,830 tCO2e. Final estimate is the average of the available method(s): 1,255,208 tCO2e.",1226447.4,median_model_revenue+employees,sector:Industrials,28,"Tier 2 Scope 2 ESTIMATE (LSEG median-model style), NOT a disclosure -- see pipeline/tier2_estimation/estimate_tier2.py. Peer group: sector = 'Industrials' (28 Tier 1 peers with a real Scope 2 value, floor=5). Revenue-based: median peer Scope 2 tCO2e/$ revenue (9.89188e-06) x this company's revenue ($89,929,998,336) = 889,576 tCO2e. Employee-based: median peer Scope 2 tCO2e/employee (3.39852) x this company's employee count (460,000) = 1,563,318 tCO2e. Final estimate is the average of the available method(s): 1,226,447 tCO2e.",True,UNITED PARCEL SERVICE,Consumer Services,91070.0,490000.0,-59.0,89.0,-23.9,1.7,-12.0,1.3,-5.8,-0.7,13.9,-3.4,2.4,-2.5,1.1,GHG emissions 26.2M tons of GHG emissions,Taxes 94.4M days of primary education,https://uprightplatform.com/company/1fd34172-70b0-443e-9d18-f34a4bc32303/United%20Parcel%20Service/,False,,,
URI,United Rentals,sustainability_report,https://www.unitedrentals.com/sites/default/files/press-releases/Corporate-Responsibility-Report-2024.pdf,,,,,,,False,no_fields_extracted,False,,,,,,,,,,False,,,,,True,True,True,116870.9,median_model_revenue+employees,sector:Industrials,40,"Tier 2 Scope 1 ESTIMATE (LSEG median-model style), NOT a disclosure -- see pipeline/tier2_estimation/estimate_tier2.py. Peer group: sector = 'Industrials' (40 Tier 1 peers with a real Scope 1 value, floor=5). Revenue-based: median peer Scope 1 tCO2e/$ revenue (6.94524e-06) x this company's revenue ($16,832,000,000) = 116,902 tCO2e. Employee-based: median peer Scope 1 tCO2e/employee (4.09963) x this company's employee count (28,500) = 116,839 tCO2e. Final estimate is the average of the available method(s): 116,871 tCO2e.",131678.9,median_model_revenue+employees,sector:Industrials,28,"Tier 2 Scope 2 ESTIMATE (LSEG median-model style), NOT a disclosure -- see pipeline/tier2_estimation/estimate_tier2.py. Peer group: sector = 'Industrials' (28 Tier 1 peers with a real Scope 2 value, floor=5). Revenue-based: median peer Scope 2 tCO2e/$ revenue (9.89188e-06) x this company's revenue ($16,832,000,000) = 166,500 tCO2e. Employee-based: median peer Scope 2 tCO2e/employee (3.39852) x this company's employee count (28,500) = 96,858 tCO2e. Final estimate is the average of the available method(s): 131,679 tCO2e.",True,UNITED RENTALS,Corporate Services,14332.0,27900.0,-2.0,67.0,-12.1,3.0,-6.3,1.5,-1.8,-0.2,12.1,-1.8,0.5,-1.8,0.0,GHG emissions 2.16M tons of GHG emissions,Societal infrastructure 22.4M long-haul train rides,https://uprightplatform.com/company/1dbf382f-9a12-45da-b932-f0ec88070b88/United%20Rentals/,False,,,
UNH,UnitedHealth Group,cdp_pdf,https://www.unitedhealthgroup.com/content/dam/UHG/PDF/2024/sustainability/UHG-2024-CDP-Corporate-Questionnaire.pdf,24487.0,156751.0,148741.0,12/31/2021,131593.0,371622000000.0,new,,True,Targets set,1.5°C,2030.0,,,Committed,,Near-Term Targets: UnitedHealth Group commits to reduce absolute scope 1 and 2 GHG emissions 60% by 2030 from a 2023 base year. UnitedHealth Group also commits that 77% of its suppliers by emissions covering purchased goods & services and upstream transportation & distribution will have science-based targets by 2030.,2025-05-29 01:00:00,False,,,,,False,False,False,,,,,,,,,,,True,UNITEDHEALTH,Insurance,400278.0,400000.0,57.0,15.0,-1.8,0.0,-0.6,,-0.2,-1.0,9.2,-0.9,9.7,-5.2,1.9,Scarce human capital 343k scarce worker years,Physical diseases 2.13M life years,https://uprightplatform.com/company/624a39cb-b949-46aa-a5a7-9b16cbd95feb/UnitedHealth/,False,,,
UHS,Universal Health Services,none,,,,,,,,,no_public_report_found,False,,,,,,,,,,False,,,,,True,True,True,128110.2,median_model_revenue+employees,sector:Health Care,25,"Tier 2 Scope 1 ESTIMATE (LSEG median-model style), NOT a disclosure -- see pipeline/tier2_estimation/estimate_tier2.py. Peer group: sector = 'Health Care' (25 Tier 1 peers with a real Scope 1 value, floor=5). Revenue-based: median peer Scope 1 tCO2e/$ revenue (3.54491e-06) x this company's revenue ($18,114,486,272) = 64,214 tCO2e. Employee-based: median peer Scope 1 tCO2e/employee (1.88241) x this company's employee count (102,000) = 192,006 tCO2e. Final estimate is the average of the available method(s): 128,110 tCO2e.",128816.0,median_model_revenue+employees,sector:Health Care,18,"Tier 2 Scope 2 ESTIMATE (LSEG median-model style), NOT a disclosure -- see pipeline/tier2_estimation/estimate_tier2.py. Peer group: sector = 'Health Care' (18 Tier 1 peers with a real Scope 2 value, floor=5). Revenue-based: median peer Scope 2 tCO2e/$ revenue (3.19915e-06) x this company's revenue ($18,114,486,272) = 57,951 tCO2e. Employee-based: median peer Scope 2 tCO2e/employee (1.95766) x this company's employee count (102,000) = 199,681 tCO2e. Final estimate is the average of the available method(s): 128,816 tCO2e.",True,UNIVERSAL HEALTH SERVICES,,14281.98,86000.0,70.0,4.0,-6.2,0.2,-2.7,0.1,-1.1,-1.3,20.0,-2.2,24.6,-3.6,0.5,,,https://uprightplatform.com/company/be367066-0ea5-415c-a3d5-7e9d5b320d4c/Universal%20Health%20Services/,False,,,
VEEV,Veeva Systems,none,,,,,,,,,no_public_report_found,True,Targets set,1.5°C,FY2035,,,,,Near-Term Targets: Veeva Systems Inc commits to reduce absolute scope 1 and 2 GHG emissions 58.8% by FY2035 from a FY2024 base year. Veeva Systems Inc also commits to reduce scope 3 GHG emissions from purchased goods and services and capital goods 63.8% per million USD value added within the same timeframe.,2025-08-28 01:00:00,False,,,,,True,True,True,13591.2,median_model_revenue+employees,sector:Health Care,25,"Tier 2 Scope 1 ESTIMATE (LSEG median-model style), NOT a disclosure -- see pipeline/tier2_estimation/estimate_tier2.py. Peer group: sector = 'Health Care' (25 Tier 1 peers with a real Scope 1 value, floor=5). Revenue-based: median peer Scope 1 tCO2e/$ revenue (3.54491e-06) x this company's revenue ($3,458,097,920) = 12,259 tCO2e. Employee-based: median peer Scope 1 tCO2e/employee (1.88241) x this company's employee count (7,928) = 14,924 tCO2e. Final estimate is the average of the available method(s): 13,591 tCO2e.",13291.6,median_model_revenue+employees,sector:Health Care,18,"Tier 2 Scope 2 ESTIMATE (LSEG median-model style), NOT a disclosure -- see pipeline/tier2_estimation/estimate_tier2.py. Peer group: sector = 'Health Care' (18 Tier 1 peers with a real Scope 2 value, floor=5). Revenue-based: median peer Scope 2 tCO2e/$ revenue (3.19915e-06) x this company's revenue ($3,458,097,920) = 11,063 tCO2e. Employee-based: median peer Scope 2 tCO2e/employee (1.95766) x this company's employee count (7,928) = 15,520 tCO2e. Final estimate is the average of the available method(s): 13,292 tCO2e.",True,VEEVA SYSTEMS,,2968.22,7291.0,51.0,20.0,-2.7,0.4,-1.4,0.3,-0.3,-0.3,10.4,-0.6,2.1,-5.9,6.4,,,https://uprightplatform.com/company/40599f11-372e-4a42-a02c-f36837f65ae1/Veeva%20Systems/,False,,,
VTR,Ventas,cdp_pdf,https://ventasreit.com/sites/default/files/pdf/CDP_2023_Report.pdf,121591.0,288579.0,255446.0,,,,old,,True,Targets set,1.5°C,2030.0,,,,,"This target was approved using a streamlined target validation route exclusive to small and medium-sized enterprises (SMEs). https://sciencebasedtargets.org/faqs-for-smes/ Ventas, Inc. commits to reduce scope 1 and scope 2 GHG emissions 42% by 2030 from a 2022 base year, and to measure and reduce its scope 3 emissions.",2024-02-29 01:00:00,False,,,,,False,False,False,,,,,,,,,,,True,VENTAS,Real Estate,4801.6,486.0,42.0,30.0,-7.5,0.6,-3.8,0.5,-0.8,-0.5,14.9,-1.2,4.9,-2.9,0.3,GHG emissions 436k tons of GHG emissions,Jobs 31.2k direct or indirect jobs,https://uprightplatform.com/company/78da620f-641e-4f51-b371-dc3528809e26/Ventas/,False,,,
VLTO,Veralto,sustainability_report,https://filecache.investorroom.com/mr5ir_veralto/253/Veralto_2025_Sustainability_Report.pdf,,,,,,,False,no_fields_extracted,True,Committed,,,,,,,,2024-11-28 01:00:00,False,,,,,True,True,True,54626.9,median_model_revenue+employees,sector:Industrials,40,"Tier 2 Scope 1 ESTIMATE (LSEG median-model style), NOT a disclosure -- see pipeline/tier2_estimation/estimate_tier2.py. Peer group: sector = 'Industrials' (40 Tier 1 peers with a real Scope 1 value, floor=5). Revenue-based: median peer Scope 1 tCO2e/$ revenue (6.94524e-06) x this company's revenue ($5,696,000,000) = 39,560 tCO2e. Employee-based: median peer Scope 1 tCO2e/employee (4.09963) x this company's employee count (17,000) = 69,694 tCO2e. Final estimate is the average of the available method(s): 54,627 tCO2e.",57059.5,median_model_revenue+employees,sector:Industrials,28,"Tier 2 Scope 2 ESTIMATE (LSEG median-model style), NOT a disclosure -- see pipeline/tier2_estimation/estimate_tier2.py. Peer group: sector = 'Industrials' (28 Tier 1 peers with a real Scope 2 value, floor=5). Revenue-based: median peer Scope 2 tCO2e/$ revenue (9.89188e-06) x this company's revenue ($5,696,000,000) = 56,344 tCO2e. Employee-based: median peer Scope 2 tCO2e/employee (3.39852) x this company's employee count (17,000) = 57,775 tCO2e. Final estimate is the average of the available method(s): 57,059 tCO2e.",True,VERALTO,,5503.0,17000.0,51.0,20.0,-8.3,3.0,-4.4,0.4,-1.2,-0.2,16.6,-1.3,4.8,-3.0,1.8,,,https://uprightplatform.com/company/57b450bf-3974-4df4-bff7-99193d267d8e/Veralto/,False,,,
VRSN,Verisign,none,,,,,,,,,no_public_report_found,False,,,,,,,,,,False,,,,,True,True,True,807.2,median_model_revenue+employees,sector:Information Technology,37,"Tier 2 Scope 1 ESTIMATE (LSEG median-model style), NOT a disclosure -- see pipeline/tier2_estimation/estimate_tier2.py. Peer group: sector = 'Information Technology' (37 Tier 1 peers with a real Scope 1 value, floor=5). Revenue-based: median peer Scope 1 tCO2e/$ revenue (6.23987e-07) x this company's revenue ($1,707,900,032) = 1,066 tCO2e. Employee-based: median peer Scope 1 tCO2e/employee (0.592647) x this company's employee count (926) = 549 tCO2e. Final estimate is the average of the available method(s): 807 tCO2e.",2675.1,median_model_revenue+employees,sector:Information Technology,29,"Tier 2 Scope 2 ESTIMATE (LSEG median-model style), NOT a disclosure -- see pipeline/tier2_estimation/estimate_tier2.py. Peer group: sector = 'Information Technology' (29 Tier 1 peers with a real Scope 2 value, floor=5). Revenue-based: median peer Scope 2 tCO2e/$ revenue (2.34945e-06) x this company's revenue ($1,707,900,032) = 4,013 tCO2e. Employee-based: median peer Scope 2 tCO2e/employee (1.44455) x this company's employee count (926) = 1,338 tCO2e. Final estimate is the average of the available method(s): 2,675 tCO2e.",True,VERISIGN,,1656.6,926.0,17.0,53.0,-2.2,0.2,-1.1,0.1,-0.2,-0.1,9.2,-0.4,0.2,-5.7,0.6,,,https://uprightplatform.com/company/87214006-39a9-4a2d-90e1-c1a8e0a40c6a/Verisign/,False,,,
VRSK,Verisk Analytics,sustainability_report,https://www.verisk.com/490b52/siteassets/media/corporate-social-responsibility/verisk-climate-disclosure-report-2022.pdf,,,,,,,False,no_fields_extracted,True,Targets set,1.5°C,2034.0,Targets set,2050.0,Targets set,2050.0,"Overall Net-Zero Target: Verisk Analytics, Inc. commits to reach net-zero greenhouse gas emissions across the value chain by 2050. Near-Term Targets: Verisk Analytics, Inc. commits to reduce absolute scope 1 and 2 GHG emissions 58.8% by 2034 from 2022 base year. Verisk Analytics, Inc. also commits to reduce absolute scope 3 GHG emissions from purchased goods and services and capital goods 58.8% within the same timeframe. Verisk Analytics, Inc. finally commits to reduce scope 3 GHG emissions from business travel 63.8% per FTE  within the same timeframe.  Long-Term Targets: Verisk Analytics, Inc. commits to reduce absolute scope 1 and 2 GHG emissions 90% by 2050 from 2022 base year. Verisk Analytics, Inc. also commits to reduce absolute scope 3 GHG emissions 90% within the same timeframe.",2025-02-20 01:00:00,False,,,,,True,True,True,27288.7,median_model_revenue+employees,sector:Industrials,40,"Tier 2 Scope 1 ESTIMATE (LSEG median-model style), NOT a disclosure -- see pipeline/tier2_estimation/estimate_tier2.py. Peer group: sector = 'Industrials' (40 Tier 1 peers with a real Scope 1 value, floor=5). Revenue-based: median peer Scope 1 tCO2e/$ revenue (6.94524e-06) x this company's revenue ($3,136,000,000) = 21,780 tCO2e. Employee-based: median peer Scope 1 tCO2e/employee (4.09963) x this company's employee count (8,000) = 32,797 tCO2e. Final estimate is the average of the available method(s): 27,289 tCO2e.",29104.5,median_model_revenue+employees,sector:Industrials,28,"Tier 2 Scope 2 ESTIMATE (LSEG median-model style), NOT a disclosure -- see pipeline/tier2_estimation/estimate_tier2.py. Peer group: sector = 'Industrials' (28 Tier 1 peers with a real Scope 2 value, floor=5). Revenue-based: median peer Scope 2 tCO2e/$ revenue (9.89188e-06) x this company's revenue ($3,136,000,000) = 31,021 tCO2e. Employee-based: median peer Scope 2 tCO2e/employee (3.39852) x this company's employee count (8,000) = 27,188 tCO2e. Final estimate is the average of the available method(s): 29,105 tCO2e.",True,VERISK ANALYTICS,Corporate Services,2681.4,7800.0,-30.0,81.0,-1.7,0.1,-0.9,0.1,-0.2,-1.2,6.0,-0.3,0.2,-5.0,0.0,Scarce human capital 2.18k scarce worker years,Taxes 1.45M days of primary education,https://uprightplatform.com/company/372590bf-cc7c-490c-b920-62a2ee1d8106/Verisk%20Analytics/,False,,,
VZ,Verizon,sustainability_report,https://www.verizon.com/about/sites/default/files/Verizon-2025-TCFD-Report.pdf,,,,,,,False,no_fields_extracted,True,Targets set,1.5°C,2035.0,,,Committed,,Verizon Communications Inc. commits to reduce absolute scope 1 and 2 GHG emissions 53% by 2030 from a 2019 base year. Verizon Communications Inc. commits to reduce absolute scope 3 GHG emissions 40% by 2035 from a 2019 base year.,2024-10-17 01:00:00,False,,,,,True,True,True,99971.8,median_model_revenue+employees,sector:Communication Services,6,"Tier 2 Scope 1 ESTIMATE (LSEG median-model style), NOT a disclosure -- see pipeline/tier2_estimation/estimate_tier2.py. Peer group: sector = 'Communication Services' (6 Tier 1 peers with a real Scope 1 value, floor=5). Revenue-based: median peer Scope 1 tCO2e/$ revenue (6.73153e-07) x this company's revenue ($138,894,999,552) = 93,498 tCO2e. Employee-based: median peer Scope 1 tCO2e/employee (1.09064) x this company's employee count (97,600) = 106,446 tCO2e. Final estimate is the average of the available method(s): 99,972 tCO2e.",548325.1,median_model_revenue+employees,sector:Communication Services,6,"Tier 2 Scope 2 ESTIMATE (LSEG median-model style), NOT a disclosure -- see pipeline/tier2_estimation/estimate_tier2.py. Peer group: sector = 'Communication Services' (6 Tier 1 peers with a real Scope 2 value, floor=5). Revenue-based: median peer Scope 2 tCO2e/$ revenue (5.2889e-06) x this company's revenue ($138,894,999,552) = 734,602 tCO2e. Employee-based: median peer Scope 2 tCO2e/employee (3.70951) x this company's employee count (97,600) = 362,048 tCO2e. Final estimate is the average of the available method(s): 548,325 tCO2e.",True,VERIZON COMMUNICATIONS,Telecommunications,134788.0,99600.0,38.0,34.0,-5.6,0.4,-2.5,0.3,-0.5,-0.4,10.8,-4.5,4.6,-4.4,8.1,Scarce human capital 97.8k scarce worker years,Taxes 137M days of primary education,https://uprightplatform.com/company/3509b043-ed83-4121-bfae-8f2de5b94f8f/Verizon%20Communications/,False,,,
VRTX,Vertex Pharmaceuticals,sustainability_report,https://www.vrtx.com/sites/default/files/2025-Environmental-Assurance.pdf,,,,,,,False,no_fields_extracted,False,,,,,,,,,,False,,,,,True,True,True,28334.0,median_model_revenue+employees,sector:Health Care,25,"Tier 2 Scope 1 ESTIMATE (LSEG median-model style), NOT a disclosure -- see pipeline/tier2_estimation/estimate_tier2.py. Peer group: sector = 'Health Care' (25 Tier 1 peers with a real Scope 1 value, floor=5). Revenue-based: median peer Scope 1 tCO2e/$ revenue (3.54491e-06) x this company's revenue ($12,587,200,512) = 44,620 tCO2e. Employee-based: median peer Scope 1 tCO2e/employee (1.88241) x this company's employee count (6,400) = 12,047 tCO2e. Final estimate is the average of the available method(s): 28,334 tCO2e.",26398.7,median_model_revenue+employees,sector:Health Care,18,"Tier 2 Scope 2 ESTIMATE (LSEG median-model style), NOT a disclosure -- see pipeline/tier2_estimation/estimate_tier2.py. Peer group: sector = 'Health Care' (18 Tier 1 peers with a real Scope 2 value, floor=5). Revenue-based: median peer Scope 2 tCO2e/$ revenue (3.19915e-06) x this company's revenue ($12,587,200,512) = 40,268 tCO2e. Employee-based: median peer Scope 2 tCO2e/employee (1.95766) x this company's employee count (6,400) = 12,529 tCO2e. Final estimate is the average of the available method(s): 26,399 tCO2e.",True,VERTEX PHARMACEUTICALS,Pharmaceuticals and Biotechnology,11418.8,6100.0,30.0,42.0,-9.7,0.2,-4.1,0.1,-2.0,-1.2,6.7,-5.5,21.8,-3.9,0.0,Physical diseases 49.7k life years,Physical diseases 182k life years,https://uprightplatform.com/company/00cb2302-e758-4d5c-bb09-5a85296a8f59/Vertex%20Pharmaceuticals/,False,,,
VRT,Vertiv,sustainability_report,https://www.vertiv.com/48ec63/globalassets/documents/reports/one-vertiv-one-world_2023-responsible-business-report.pdf,,,,,,,False,no_fields_extracted,False,,,,,,,,,,False,,,,,True,True,True,109558.0,median_model_revenue+employees,sector:Industrials,40,"Tier 2 Scope 1 ESTIMATE (LSEG median-model style), NOT a disclosure -- see pipeline/tier2_estimation/estimate_tier2.py. Peer group: sector = 'Industrials' (40 Tier 1 peers with a real Scope 1 value, floor=5). Revenue-based: median peer Scope 1 tCO2e/$ revenue (6.94524e-06) x this company's revenue ($11,479,600,128) = 79,729 tCO2e. Employee-based: median peer Scope 1 tCO2e/employee (4.09963) x this company's employee count (34,000) = 139,387 tCO2e. Final estimate is the average of the available method(s): 109,558 tCO2e.",114552.2,median_model_revenue+employees,sector:Industrials,28,"Tier 2 Scope 2 ESTIMATE (LSEG median-model style), NOT a disclosure -- see pipeline/tier2_estimation/estimate_tier2.py. Peer group: sector = 'Industrials' (28 Tier 1 peers with a real Scope 2 value, floor=5). Revenue-based: median peer Scope 2 tCO2e/$ revenue (9.89188e-06) x this company's revenue ($11,479,600,128) = 113,555 tCO2e. Employee-based: median peer Scope 2 tCO2e/employee (3.39852) x this company's employee count (34,000) = 115,550 tCO2e. Final estimate is the average of the available method(s): 114,552 tCO2e.",True,VERTIV,,10229.9,34000.0,21.0,49.0,-8.0,0.6,-3.6,0.4,-1.0,-0.2,9.5,-1.0,1.1,-2.8,4.0,,,https://uprightplatform.com/company/ed34a180-4c57-44eb-a194-36679e098f83/Vertiv/,False,,,
VICI,Vici Properties,sustainability_report,https://viciproperties.com/wp-content/uploads/2024/09/VICI-Properties-2023-2024-ESG-Report.pdf,,,,,,,False,no_fields_extracted,False,,,,,,,,,,False,,,,,True,True,True,11313.8,median_model_revenue+employees,sector:Real Estate,8,"Tier 2 Scope 1 ESTIMATE (LSEG median-model style), NOT a disclosure -- see pipeline/tier2_estimation/estimate_tier2.py. Peer group: sector = 'Real Estate' (8 Tier 1 peers with a real Scope 1 value, floor=5). Revenue-based: median peer Scope 1 tCO2e/$ revenue (5.49255e-06) x this company's revenue ($4,097,604,096) = 22,506 tCO2e. Employee-based: median peer Scope 1 tCO2e/employee (4.331) x this company's employee count (28) = 121 tCO2e. Final estimate is the average of the available method(s): 11,314 tCO2e.",18375.1,median_model_revenue+employees,sector:Real Estate,7,"Tier 2 Scope 2 ESTIMATE (LSEG median-model style), NOT a disclosure -- see pipeline/tier2_estimation/estimate_tier2.py. Peer group: sector = 'Real Estate' (7 Tier 1 peers with a real Scope 2 value, floor=5). Revenue-based: median peer Scope 2 tCO2e/$ revenue (7.54576e-06) x this company's revenue ($4,097,604,096) = 30,920 tCO2e. Employee-based: median peer Scope 2 tCO2e/employee (208.239) x this company's employee count (28) = 5,831 tCO2e. Final estimate is the average of the available method(s): 18,375 tCO2e.",True,VICI PROPERTIES,,3600.0,28.0,-34.0,82.0,-6.6,0.1,-2.3,0.1,-1.5,-0.1,4.3,-0.2,3.2,-3.4,0.0,,,https://uprightplatform.com/company/48608ec1-ba85-4c4a-814d-de3003b3989b/VICI%20Properties/,False,,,
V,Visa Inc.,cdp_pdf,https://corporate.visa.com/content/dam/VCOM/regional/na/us/about-visa/documents/visa-cdp-response.pdf,5102.0,66462.0,8821.0,,,,old,,True,Targets set,1.5°C,FY2030,Targets set,FY2040,Targets set,FY2040,"Overall Net-Zero Target: Visa Inc. commits to reach net-zero greenhouse gas emissions
across the value chain by FY2040.
Near-Term Targets: Visa Inc. commits to reduce absolute scope 1 and 2 GHG emissions
81.22% by FY2030 from a FY2019 base year.* Visa Inc. also commits to reduce absolute
scope 3 GHG emissions 46.2% within the same timeframe.*
*The target boundary includes land-related emissions and removals from bioenergy
feedstocks.
Long-Term Targets: Visa Inc. commits to reduce absolute scope 1, 2 and 3 GHG emissions
90% by FY2040 from a FY2019 base year.*
*The target boundary includes land-related emissions and removals from bioenergy
feedstocks.",2025-01-09 01:00:00,False,,,,,False,False,False,,,,,,,,,,,True,VISA,Financial Services,35926.0,31600.0,17.0,53.0,-3.1,0.1,-1.6,0.1,-0.2,-0.4,9.8,-0.2,0.3,-5.4,0.8,Scarce human capital 31.9k scarce worker years,Taxes 23.3M days of primary education,https://uprightplatform.com/company/3a340c69-583e-4dba-9377-df1c4fc2d2dc/Visa/,False,,,
VMRK,Vivmark Residential,cdp_pdf,https://ims.avalonbay.com/AVB/esg/2024CDPResponse.pdf,15389.0,49068.0,23316.0,,,2767909000.0,new,"CAUTION: this is AvalonBay Communities (AVB) pre-merger data only, from their 2024 CDP response -- Vivmark Residential (VMRK) is the Aug 2026 merger of AvalonBay and Equity Residential (EQR), and no combined-entity CDP/sustainability filing exists yet under the new ticker. This figure covers roughly half the combined company's portfolio, not the full VMRK footprint -- do not treat as a complete Scope 1/2 figure without adding EQR's own historical data or waiting for VMRK's first combined disclosure.",False,,,,,,,,,,False,,,,,False,False,False,,,,,,,,,,,False,,,3089.9,,15.0,54.5,-8.95,0.6,-4.15,0.4,-1.2,-0.3,13.9,-1.05,1.45,-3.1500000000000004,0.3,,,,True,sector:Real Estate,28,"PROXY ESTIMATE, not real Upright data -- see pipeline/upright/estimate_upright_gaps.py. Peer group: sector = 'Real Estate' (28 real Upright-covered peers, floor=5). Each cents-per-dollar-of-revenue figure is the MEDIAN of that peer group's real Upright values for the same metric -- a crude industry-average proxy, not Upright's own company-specific modeling. Revenue/employee figures are this company's own real data (from yfinance), not estimated."
VMC,Vulcan Materials Company,none,,,,,,,,,no_public_report_found,False,,,,,,,,,,False,,,,,True,True,True,1655781.8,median_model_revenue+employees,sector:Materials,19,"Tier 2 Scope 1 ESTIMATE (LSEG median-model style), NOT a disclosure -- see pipeline/tier2_estimation/estimate_tier2.py. Peer group: sector = 'Materials' (19 Tier 1 peers with a real Scope 1 value, floor=5). Revenue-based: median peer Scope 1 tCO2e/$ revenue (0.000159601) x this company's revenue ($8,115,800,064) = 1,295,293 tCO2e. Employee-based: median peer Scope 1 tCO2e/employee (174.599) x this company's employee count (11,548) = 2,016,271 tCO2e. Final estimate is the average of the available method(s): 1,655,782 tCO2e.",934304.7,median_model_revenue+employees,sector:Materials,9,"Tier 2 Scope 2 ESTIMATE (LSEG median-model style), NOT a disclosure -- see pipeline/tier2_estimation/estimate_tier2.py. Peer group: sector = 'Materials' (9 Tier 1 peers with a real Scope 2 value, floor=5). Revenue-based: median peer Scope 2 tCO2e/$ revenue (0.000101463) x this company's revenue ($8,115,800,064) = 823,455 tCO2e. Employee-based: median peer Scope 2 tCO2e/employee (90.5052) x this company's employee count (11,548) = 1,045,154 tCO2e. Final estimate is the average of the available method(s): 934,305 tCO2e.",True,VULCAN MATERIALS,,7594.6,11436.0,-53.0,88.0,-21.0,2.0,-10.2,1.1,-3.0,-1.0,13.7,-2.1,0.9,-1.3,0.0,,,https://uprightplatform.com/company/6db366e8-a03d-4b48-9f04-f0e7f7cffa9f/Vulcan%20Materials/,False,,,
WRB,W. R. Berkley Corporation,none,,,,,,,,,no_public_report_found,False,,,,,,,,,,False,,,,,True,True,True,5371.8,median_model_revenue+employees,sector:Financials,21,"Tier 2 Scope 1 ESTIMATE (LSEG median-model style), NOT a disclosure -- see pipeline/tier2_estimation/estimate_tier2.py. Peer group: sector = 'Financials' (21 Tier 1 peers with a real Scope 1 value, floor=5). Revenue-based: median peer Scope 1 tCO2e/$ revenue (5.36817e-07) x this company's revenue ($14,896,102,400) = 7,996 tCO2e. Employee-based: median peer Scope 1 tCO2e/employee (0.312029) x this company's employee count (8,804) = 2,747 tCO2e. Final estimate is the average of the available method(s): 5,372 tCO2e.",2615.5,median_model_revenue+employees,sector:Financials,17,"Tier 2 Scope 2 ESTIMATE (LSEG median-model style), NOT a disclosure -- see pipeline/tier2_estimation/estimate_tier2.py. Peer group: sector = 'Financials' (17 Tier 1 peers with a real Scope 2 value, floor=5). Revenue-based: median peer Scope 2 tCO2e/$ revenue (1.98278e-07) x this company's revenue ($14,896,102,400) = 2,954 tCO2e. Employee-based: median peer Scope 2 tCO2e/employee (0.25868) x this company's employee count (8,804) = 2,277 tCO2e. Final estimate is the average of the available method(s): 2,615 tCO2e.",True,W. R. BERKLEY,Insurance,14202.15,8606.0,-12.0,73.0,-3.3,0.2,-1.6,0.1,-0.6,-0.6,5.7,-0.7,1.7,-4.2,0.3,Scarce human capital 9.91k scarce worker years,Taxes 5.72M days of primary education,https://uprightplatform.com/company/895243d2-7dfa-4bbc-824d-c4c6ba8b8770/W.%20R.%20Berkley/,False,,,
GWW,W. W. Grainger,cdp_pdf,https://s1.q4cdn.com/422144722/files/doc_downloads/ESG/2026/Grainger_CDP-Response_2025.pdf,28000.0,62000.0,56000.0,12/31/2018,37000.0,17200000000.0,new,,False,,,,,,,,,,False,,,,,False,False,False,,,,,,,,,,,True,W. W. GRAINGER,,17942.0,23500.0,-19.0,76.0,-9.0,0.7,-4.4,0.5,-1.0,-0.1,9.0,-0.6,0.4,-2.3,0.0,,,https://uprightplatform.com/company/60b8be0b-b50f-4f62-aaf6-9553709a55ae/W.%20W.%20Grainger/,False,,,
WAB,Wabtec,sustainability_report,https://illuminem.b-cdn.net/datahub/Sustainability_Reports/707_Wabtec.pdf,,,,,,,False,no_fields_extracted,False,,,,,,,,,,False,,,,,True,True,True,105146.3,median_model_revenue+employees,sector:Industrials,40,"Tier 2 Scope 1 ESTIMATE (LSEG median-model style), NOT a disclosure -- see pipeline/tier2_estimation/estimate_tier2.py. Peer group: sector = 'Industrials' (40 Tier 1 peers with a real Scope 1 value, floor=5). Revenue-based: median peer Scope 1 tCO2e/$ revenue (6.94524e-06) x this company's revenue ($11,980,000,256) = 83,204 tCO2e. Employee-based: median peer Scope 1 tCO2e/employee (4.09963) x this company's employee count (31,000) = 127,089 tCO2e. Final estimate is the average of the available method(s): 105,146 tCO2e.",111929.4,median_model_revenue+employees,sector:Industrials,28,"Tier 2 Scope 2 ESTIMATE (LSEG median-model style), NOT a disclosure -- see pipeline/tier2_estimation/estimate_tier2.py. Peer group: sector = 'Industrials' (28 Tier 1 peers with a real Scope 2 value, floor=5). Revenue-based: median peer Scope 2 tCO2e/$ revenue (9.89188e-06) x this company's revenue ($11,980,000,256) = 118,505 tCO2e. Employee-based: median peer Scope 2 tCO2e/employee (3.39852) x this company's employee count (31,000) = 105,354 tCO2e. Final estimate is the average of the available method(s): 111,929 tCO2e.",True,WABTEC,Transportation,9677.0,29000.0,36.0,36.0,-8.0,3.1,-4.0,2.5,-1.7,-0.1,13.6,-1.3,0.5,-1.7,0.1,GHG emissions 933k tons of GHG emissions,Societal infrastructure 20.9M long-haul train rides,https://uprightplatform.com/company/3be6d4d2-dc09-4f10-9ddc-66b880078b05/Wabtec/,False,,,
WMT,Walmart,sustainability_report,https://corporate.walmart.com/content/dam/corporate/documents/esgreport/2025/FY2025-Walmart-ESG-Report.pdf,,,,,,,False,no_fields_extracted,True,Targets set,1.5°C,FY2031,,,Commitment removed,,"Near-Term Targets:
Walmart Inc. targets a reduction of absolute scope 1 and 2 GHG emissions 27.84% by FY2031 from a FY2025 base year. Walmart will also work to reduce CO2e emissions from upstream and downstream scope 3 sources by one billion tonnes by FY2031 from a FY2016 base year.",2026-07-23 01:00:00,False,,,,,True,True,True,11864389.3,median_model_revenue+employees,sector:Consumer Staples,24,"Tier 2 Scope 1 ESTIMATE (LSEG median-model style), NOT a disclosure -- see pipeline/tier2_estimation/estimate_tier2.py. Peer group: sector = 'Consumer Staples' (24 Tier 1 peers with a real Scope 1 value, floor=5). Revenue-based: median peer Scope 1 tCO2e/$ revenue (1.05335e-05) x this company's revenue ($735,839,977,472) = 7,750,974 tCO2e. Employee-based: median peer Scope 1 tCO2e/employee (7.60848) x this company's employee count (2,100,000) = 15,977,804 tCO2e. Final estimate is the average of the available method(s): 11,864,389 tCO2e.",3597630.5,median_model_revenue+employees,sector:Consumer Staples,16,"Tier 2 Scope 2 ESTIMATE (LSEG median-model style), NOT a disclosure -- see pipeline/tier2_estimation/estimate_tier2.py. Peer group: sector = 'Consumer Staples' (16 Tier 1 peers with a real Scope 2 value, floor=5). Revenue-based: median peer Scope 2 tCO2e/$ revenue (2.81277e-06) x this company's revenue ($735,839,977,472) = 2,069,748 tCO2e. Employee-based: median peer Scope 2 tCO2e/employee (2.44072) x this company's employee count (2,100,000) = 5,125,514 tCO2e. Final estimate is the average of the available method(s): 3,597,631 tCO2e.",True,WALMART,Retail,648125.0,2100000.0,-20.0,77.0,-15.2,0.9,-7.1,0.6,-2.2,-0.4,12.5,-5.3,6.5,-3.6,0.3,GHG emissions 110M tons of GHG emissions,Taxes 597M days of primary education,https://uprightplatform.com/company/d093d98d-7c71-4597-8233-ac1ab7a1e8fc/Walmart/,False,,,
DIS,Walt Disney Company (The),cdp_pdf,https://impact.disney.com/app/uploads/2025/05/CDP-Survey-Response-2024.pdf,993347.0,782066.0,727414.0,09/29/2019,909382.0,88898000000.0,new,,False,,,,,,,,,,False,,,,,False,False,False,,,,,,,,,,,True,WALT DISNEY,Media,91361.0,233000.0,19.0,51.0,-6.9,0.2,-2.9,0.2,-0.8,-0.3,10.9,-4.4,6.7,-3.3,0.5,Scarce human capital 48.7k scarce worker years,Taxes 84.7M days of primary education,https://uprightplatform.com/company/3edfe7da-4942-405f-b22c-eb3d643ad3ba/Walt%20Disney/,False,,,
WBD,Warner Bros. Discovery,sustainability_report,https://static-wbd-cdn.wbd.com/s3_assets/docs/2026-04/wbd_2025_impact_disclosures_greenhouse_gas_emissions_data_and_methodology.pdf,80650,112921,116285,,,,False,"Manually entered (not parser-automated): the report's Scope 1/2 table uses bare ""Scope 1"" / ""Scope 2 (Location-Based)"" / ""Scope 2 (Market-Based)"" row labels with footnote reference digits glued directly onto the label text (e.g. ""Scope 11"" for ""Scope 1"" + footnote 1), unit stated once in a column header rather than per-row -- tried a generic pattern for this and reverted it after it produced false matches on unrelated percentage figures in other cached PDFs (see extract_generic_fields comment). Read directly from the FY2025 table in ""Greenhouse Gas Emissions Data and Methodology 2025"": Scope 1 = 80,650; Scope 2 location-based = 112,921; Scope 2 market-based = 116,285 (all MT CO2e). Cross-checked against the document's own combined-total rows: 80,650 + 112,921 = 193,571 matches the stated ""Total Scope 1 + 2 (Location-Based)"" exactly, and 80,650 + 116,285 = 196,935 matches the stated ""Total Scope 1 + 2 (Market-Based)"" exactly.",False,,,,,,,,,,False,,,,,False,False,False,,,,,,,,,,,True,WARNER BROS. DISCOVERY,Media,39321.0,35000.0,9.0,60.0,-3.8,0.2,-1.8,0.1,-0.4,-0.2,9.1,-6.2,4.9,-3.4,0.8,Scarce human capital 21.6k scarce worker years,Taxes 33.1M days of primary education,https://uprightplatform.com/company/99ef7c3d-5b55-4c21-898d-89d94cde4508/Warner%20Bros.%20Discovery/,False,,,
WAT,Waters Corporation,cdp_pdf,https://s205.q4cdn.com/962852172/files/doc_downloads/2026/04/Waters-Corporation-CDP-Corporate-Questionnaire-2025.pdf,14759.0,19564.0,7326.0,12/31/2024,14759.0,2958000000.0,new,,True,Targets set,1.5°C,2030.0,Targets set,2050.0,Targets set,2050.0,"Overall Net-Zero Target:
Waters Corporation commits to achieve net-zero greenhouse gas emissions across the value chain by 2050.

Near-Term Targets:
Waters Corporation commits to reduce absolute scope 1 and 2 GHG emissions 42.0% by 2030 from a 2024 base year.* Waters Corporation also commits to reduce scope 3 GHG emissions from use of sold products 51.6% per USD value added within the same timeframe. Waters Corporation further commits that 52% of its suppliers by spend covering purchased goods and services, will have science-based targets by 2030.

Long-Term Targets:
Waters Corporation commits to reduce absolute scope 1 and 2 GHG emissions 90.0% by 2050 from a 2024 base year.* Waters Corporation also commits to reduce scope 3 GHG emissions from purchased goods and services, upstream transportation and distribution and use of sold products 97.0% per USD value added within the same timeframe.

*The target boundary includes land-related emissions and removals from biogenic feedstocks.",2025-12-18 01:00:00,False,,,,,False,False,False,,,,,,,,,,,True,WATERS,Hospitals and Healthcare,3046.06,7600.0,39.0,33.0,-6.5,0.6,-3.3,0.3,-0.8,-0.4,10.4,-1.1,4.8,-3.4,2.7,Scarce human capital 1.71k scarce worker years,Taxes 2.57M days of primary education,https://uprightplatform.com/company/f24b7cbd-1e4f-46d5-83a8-6d1ff53b6a9a/Waters/,False,,,
WFC,Wells Fargo,sustainability_report,https://www.wellsfargo.com/assets/pdf/about/corporate-responsibility/operational-sustainability-data.pdf,,,,,,,False,no_fields_extracted,False,,,,,,,,,,False,,,,,True,True,True,53092.4,median_model_revenue+employees,sector:Financials,21,"Tier 2 Scope 1 ESTIMATE (LSEG median-model style), NOT a disclosure -- see pipeline/tier2_estimation/estimate_tier2.py. Peer group: sector = 'Financials' (21 Tier 1 peers with a real Scope 1 value, floor=5). Revenue-based: median peer Scope 1 tCO2e/$ revenue (5.36817e-07) x this company's revenue ($83,026,001,920) = 44,570 tCO2e. Employee-based: median peer Scope 1 tCO2e/employee (0.312029) x this company's employee count (197,466) = 61,615 tCO2e. Final estimate is the average of the available method(s): 53,092 tCO2e.",33771.4,median_model_revenue+employees,sector:Financials,17,"Tier 2 Scope 2 ESTIMATE (LSEG median-model style), NOT a disclosure -- see pipeline/tier2_estimation/estimate_tier2.py. Peer group: sector = 'Financials' (17 Tier 1 peers with a real Scope 2 value, floor=5). Revenue-based: median peer Scope 2 tCO2e/$ revenue (1.98278e-07) x this company's revenue ($83,026,001,920) = 16,462 tCO2e. Employee-based: median peer Scope 2 tCO2e/employee (0.25868) x this company's employee count (197,466) = 51,081 tCO2e. Final estimate is the average of the available method(s): 33,771 tCO2e.",True,WELLS FARGO,,125397.0,205198.0,10.0,59.0,-2.6,0.2,-1.3,0.1,-0.3,-0.4,8.3,-0.4,0.8,-5.9,0.9,,,https://uprightplatform.com/company/5daea4c1-098b-42d1-a0f6-1c665e0440bf/Wells%20Fargo/,False,,,
WELL,Welltower,cdp_pdf,https://welltower.com/wp-content/uploads/2025/02/Welltower_2023_CDP_Response.pdf,180316.0,442834.0,426603.0,,,,old,,True,Targets set,Well-below 2°C,2030.0,,,,,"This target was approved using a streamlined target validation route exclusive to small and medium-sized enterprises (SMEs). https://sciencebasedtargets.org/faqs-for-smes/ Welltower Inc. commits to reduce scope 1 and scope 2 GHG emissions 28% by 2030 from a 2019 base year, and to measure and reduce its scope 3 emissions.",2022-09-22 01:00:00,False,,,,,False,False,False,,,,,,,,,,,True,WELLTOWER,Real Estate,6569.28,533.0,61.0,12.0,-7.7,1.3,-3.7,0.9,-0.8,-0.6,22.9,-1.5,6.7,-2.3,0.0,GHG emissions 578k tons of GHG emissions,Societal infrastructure 15.2M long-haul train rides,https://uprightplatform.com/company/b9c97c5b-2b1d-444b-ac93-549176ea36a6/Welltower/,False,,,
WST,West Pharmaceutical Services,none,,,,,,,,,no_public_report_found,True,Targets set,1.5°C,2035.0,,,,,"Near-Term Targets:
West Pharmaceutical Services, Inc. commits to reduce absolute scope 1 and 2 GHG emissions 42.0% by 2030 from a 2024 base year. West Pharmaceutical Services, Inc. also commits to reduce absolute scope 3 GHG emissions 37.5% by 2035 from a 2024 base year.",2026-06-11 01:00:00,False,,,,,True,True,True,16061.6,median_model_revenue+employees,sector:Health Care,25,"Tier 2 Scope 1 ESTIMATE (LSEG median-model style), NOT a disclosure -- see pipeline/tier2_estimation/estimate_tier2.py. Peer group: sector = 'Health Care' (25 Tier 1 peers with a real Scope 1 value, floor=5). Revenue-based: median peer Scope 1 tCO2e/$ revenue (3.54491e-06) x this company's revenue ($3,326,799,872) = 11,793 tCO2e. Employee-based: median peer Scope 1 tCO2e/employee (1.88241) x this company's employee count (10,800) = 20,330 tCO2e. Final estimate is the average of the available method(s): 16,062 tCO2e.",15892.8,median_model_revenue+employees,sector:Health Care,18,"Tier 2 Scope 2 ESTIMATE (LSEG median-model style), NOT a disclosure -- see pipeline/tier2_estimation/estimate_tier2.py. Peer group: sector = 'Health Care' (18 Tier 1 peers with a real Scope 2 value, floor=5). Revenue-based: median peer Scope 2 tCO2e/$ revenue (3.19915e-06) x this company's revenue ($3,326,799,872) = 10,643 tCO2e. Employee-based: median peer Scope 2 tCO2e/employee (1.95766) x this company's employee count (10,800) = 21,143 tCO2e. Final estimate is the average of the available method(s): 15,893 tCO2e.",True,WEST PHARMACEUTICAL SERVICES,,2928.6,10600.0,44.0,27.0,-8.9,0.1,-4.0,0.1,-1.3,-0.7,13.3,-3.3,15.1,-4.0,1.5,,,https://uprightplatform.com/company/713a9df1-2179-42b9-af47-ef31769f0b3a/West%20Pharmaceutical%20Services/,False,,,
WDC,Western Digital,cdp_pdf,https://documents.westerndigital.com/content/dam/doc-library/en_us/assets/public/western-digital/collateral/company/western-digital-climate-change-water-cdp-questionnaire-2025.pdf,144034.0,863293.0,521366.0,06/30/2020,44643.4,13003000000.0,new,,True,Targets set,1.5°C,FY2030,,,,,Western Digital commits to reduce absolute scope 1 and 2 GHG emissions 42% by FY2030 from a FY2020 base year. Western Digital also commits to reduce scope 3 GHG emissions from use of sold products 50% per petabyte capacity sold by FY2030 from a FY2020 base year.,2021-09-09 01:00:00,False,,,,,False,False,False,,,,,,,,,,,True,WESTERN DIGITAL,,9520.0,40000.0,13.0,56.0,-7.7,0.2,-3.4,0.1,-1.0,-0.3,8.5,-1.6,0.8,-3.2,5.1,,,https://uprightplatform.com/company/9f4405a8-2d17-4b8d-af72-c0d96bf63b86/Western%20Digital/,False,,,
WSM,"Williams-Sonoma, Inc.",none,,,,,,,,,no_public_report_found,True,Targets set,1.5°C,2030.0,,,,,"Williams-Sonoma, Inc. commits to reduce absolute scope 1 and 2 GHG emissions 50% by 2030 from a 2019 base year. Williams-Sonoma, Inc. also commits to reduce absolute scope 3 GHG emissions 14% over the same timeframe.",2021-05-20 01:00:00,False,,,,,True,True,True,27342.1,median_model_revenue+employees,sector:Consumer Discretionary,21,"Tier 2 Scope 1 ESTIMATE (LSEG median-model style), NOT a disclosure -- see pipeline/tier2_estimation/estimate_tier2.py. Peer group: sector = 'Consumer Discretionary' (21 Tier 1 peers with a real Scope 1 value, floor=5). Revenue-based: median peer Scope 1 tCO2e/$ revenue (3.71647e-06) x this company's revenue ($8,005,155,840) = 29,751 tCO2e. Employee-based: median peer Scope 1 tCO2e/employee (1.25926) x this company's employee count (19,800) = 24,933 tCO2e. Final estimate is the average of the available method(s): 27,342 tCO2e.",44334.7,median_model_revenue+employees,sector:Consumer Discretionary,18,"Tier 2 Scope 2 ESTIMATE (LSEG median-model style), NOT a disclosure -- see pipeline/tier2_estimation/estimate_tier2.py. Peer group: sector = 'Consumer Discretionary' (18 Tier 1 peers with a real Scope 2 value, floor=5). Revenue-based: median peer Scope 2 tCO2e/$ revenue (6.64506e-06) x this company's revenue ($8,005,155,840) = 53,195 tCO2e. Employee-based: median peer Scope 2 tCO2e/employee (1.79165) x this company's employee count (19,800) = 35,475 tCO2e. Final estimate is the average of the available method(s): 44,335 tCO2e.",True,WILLIAMS-SONOMA,,7806.82,19800.0,-26.0,79.0,-13.0,1.1,-5.7,0.7,-1.7,-0.5,10.4,-1.9,2.4,-2.1,0.0,,,https://uprightplatform.com/company/c4cc8bfd-6786-4389-be4b-f512d5e5a84c/Williams-Sonoma/,False,,,
WMB,Williams Companies,cdp_pdf,https://www.williams.com/wp-content/uploads/sites/8/2021/07/2023-CDP-Climate-Change-Questionnaire_The-Williams-Companies-Inc.pdf,11742300.0,1777329.71,,,,,old,,False,,,,,,,,,,False,,,,,False,False,False,,,,,,,,,,,True,WILLIAMS COMPANIES,Energy and Environmental,10907.0,5601.0,-75.0,92.0,-31.9,1.1,-17.9,0.8,-5.2,-2.6,20.1,-2.9,0.4,-2.9,1.3,GHG emissions 4.67M tons of GHG emissions,Societal infrastructure 40.9M long-haul train rides,https://uprightplatform.com/company/edc8b637-e2d0-436e-aefb-14359314ff4d/Williams%20Companies/,False,,,
WTW,Willis Towers Watson,none,,,,,,,,,no_public_report_found,False,,,,,,,,,,False,,,,,True,True,True,10215.8,median_model_revenue+employees,sector:Financials,21,"Tier 2 Scope 1 ESTIMATE (LSEG median-model style), NOT a disclosure -- see pipeline/tier2_estimation/estimate_tier2.py. Peer group: sector = 'Financials' (21 Tier 1 peers with a real Scope 1 value, floor=5). Revenue-based: median peer Scope 1 tCO2e/$ revenue (5.36817e-07) x this company's revenue ($10,101,999,616) = 5,423 tCO2e. Employee-based: median peer Scope 1 tCO2e/employee (0.312029) x this company's employee count (48,100) = 15,009 tCO2e. Final estimate is the average of the available method(s): 10,216 tCO2e.",7222.8,median_model_revenue+employees,sector:Financials,17,"Tier 2 Scope 2 ESTIMATE (LSEG median-model style), NOT a disclosure -- see pipeline/tier2_estimation/estimate_tier2.py. Peer group: sector = 'Financials' (17 Tier 1 peers with a real Scope 2 value, floor=5). Revenue-based: median peer Scope 2 tCO2e/$ revenue (1.98278e-07) x this company's revenue ($10,101,999,616) = 2,003 tCO2e. Employee-based: median peer Scope 2 tCO2e/employee (0.25868) x this company's employee count (48,100) = 12,443 tCO2e. Final estimate is the average of the available method(s): 7,223 tCO2e.",True,WILLIS TOWERS WATSON,Insurance,9202.0,48000.0,24.0,46.0,-2.3,0.2,-1.2,0.1,-0.3,-0.3,7.4,-0.4,0.4,-4.9,2.4,Scarce human capital 7.45k scarce worker years,Taxes 6.34M days of primary education,https://uprightplatform.com/company/b217d61e-a5af-42cb-92c6-5525422ccb8a/Willis%20Towers%20Watson/,False,,,
WDAY,"Workday, Inc.",none,,,,,,,,,no_public_report_found,True,Targets set,1.5°C,FY2030,,,,,"Workday, Inc. commits to continue annually sourcing 100% renewable electricity through FY2030. Workday, Inc. commits to reduce absolute scope 3 business travel GHG emissions 25% by FY2026 from a FY2020 base year. Workday, Inc. commits that 70% of its suppliers by spend covering purchased goods & services and capital goods will have science-based targets by FY2026.",2022-03-24 01:00:00,False,,,,,True,True,True,3253.4,median_model_revenue+employees,sub_industry:Application Software,7,"Tier 2 Scope 1 ESTIMATE (LSEG median-model style), NOT a disclosure -- see pipeline/tier2_estimation/estimate_tier2.py. Peer group: sub_industry = 'Application Software' (7 Tier 1 peers with a real Scope 1 value, floor=5). Revenue-based: median peer Scope 1 tCO2e/$ revenue (2.60656e-07) x this company's revenue ($10,154,999,808) = 2,647 tCO2e. Employee-based: median peer Scope 1 tCO2e/employee (0.18472) x this company's employee count (20,896) = 3,860 tCO2e. Final estimate is the average of the available method(s): 3,253 tCO2e.",12263.1,median_model_revenue+employees,sub_industry:Application Software,7,"Tier 2 Scope 2 ESTIMATE (LSEG median-model style), NOT a disclosure -- see pipeline/tier2_estimation/estimate_tier2.py. Peer group: sub_industry = 'Application Software' (7 Tier 1 peers with a real Scope 2 value, floor=5). Revenue-based: median peer Scope 2 tCO2e/$ revenue (9.10231e-07) x this company's revenue ($10,154,999,808) = 9,243 tCO2e. Employee-based: median peer Scope 2 tCO2e/employee (0.731378) x this company's employee count (20,896) = 15,283 tCO2e. Final estimate is the average of the available method(s): 12,263 tCO2e.",True,WORKDAY,,9552.0,21000.0,51.0,20.0,-1.9,0.2,-0.9,0.1,-0.3,-0.1,10.7,-0.4,0.6,-5.7,5.1,,,https://uprightplatform.com/company/3ec6d926-a49f-456b-8276-8ee072af9a43/Workday/,False,,,
WYNN,Wynn Resorts,none,,,,,,,,,no_public_report_found,False,,,,,,,,,,False,,,,,True,True,True,31720.3,median_model_revenue+employees,sector:Consumer Discretionary,21,"Tier 2 Scope 1 ESTIMATE (LSEG median-model style), NOT a disclosure -- see pipeline/tier2_estimation/estimate_tier2.py. Peer group: sector = 'Consumer Discretionary' (21 Tier 1 peers with a real Scope 1 value, floor=5). Revenue-based: median peer Scope 1 tCO2e/$ revenue (3.71647e-06) x this company's revenue ($7,413,425,152) = 27,552 tCO2e. Employee-based: median peer Scope 1 tCO2e/employee (1.25926) x this company's employee count (28,500) = 35,889 tCO2e. Final estimate is the average of the available method(s): 31,720 tCO2e.",50162.4,median_model_revenue+employees,sector:Consumer Discretionary,18,"Tier 2 Scope 2 ESTIMATE (LSEG median-model style), NOT a disclosure -- see pipeline/tier2_estimation/estimate_tier2.py. Peer group: sector = 'Consumer Discretionary' (18 Tier 1 peers with a real Scope 2 value, floor=5). Revenue-based: median peer Scope 2 tCO2e/$ revenue (6.64506e-06) x this company's revenue ($7,413,425,152) = 49,263 tCO2e. Employee-based: median peer Scope 2 tCO2e/employee (1.79165) x this company's employee count (28,500) = 51,062 tCO2e. Final estimate is the average of the available method(s): 50,162 tCO2e.",True,WYNN RESORTS,,6531.9,28000.0,-122.0,97.0,-8.1,0.2,-3.1,0.2,-1.1,-4.8,9.8,-21.3,6.2,-2.0,0.1,,,https://uprightplatform.com/company/fa3124c8-4132-4d68-90f1-7eb07a5d7494/Wynn%20Resorts/,False,,,
XYL,Xylem Inc.,cdp_pdf,https://www.xylem.com/siteassets/sustainability/2024/xylem_2023-cdp-climate-change-disclosure.pdf,41826.0,43268.0,10132.0,,,,old,,True,Targets set,1.5°C,2030.0,,,Commitment removed,,Xylem Inc. commits to reduce absolute scope 1 and 2 GHG emissions 42% by 2030 from a 2023 base year. Xylem Inc. also commits to reduce scope 3 GHG emissions 51.6% per USD value added within the same timeframe. ,2025-01-09 01:00:00,False,,,,,False,False,False,,,,,,,,,,,True,XYLEM,Real Estate,7400.0,23000.0,48.0,23.0,-10.2,4.1,-5.4,1.3,-1.8,-0.2,21.0,-1.6,1.9,-2.3,0.8,GHG emissions 963k tons of GHG emissions,Societal infrastructure 22.8M long-haul train rides,https://uprightplatform.com/company/228a547f-eaa3-4523-ad43-404f48200e58/Xylem/,False,,,
YUM,Yum! Brands,cdp_pdf,"https://www.yum.com/wps/wcm/connect/yumbrands/fee6a0ff-e16e-4fdc-88f3-b7792a564521/Yum!+Brands,+Inc+-+CDP+Climate+-2023.pdf?MOD=AJPERES&CVID=oCityWk",35429.62,100477.74,37856.11,,,,old,,True,Targets set,1.5°C,2030.0,,,Commitment removed,,"Yum! Brands commits to reduce absolute scope 1 and 2 GHG emissions 46% by 2030 from a 2019 base year. Yum! Brands also commits to reduce scope 3 GHG emissions from franchises 46% per restaurant and commits to reduce scope 3 GHG emissions from purchased goods and services 46% per metric ton of beef, poultry, dairy and packaging within the same timeframe.",2021-05-20 01:00:00,False,,,,,False,False,False,,,,,,,,,,,True,YUM! BRANDS,"Leisure, Sports and Recreation",7908.0,35000.0,-47.0,87.0,-15.5,0.6,-5.8,0.5,-2.1,-0.5,10.1,-6.8,6.2,-2.1,0.0,Physical diseases 41.2k life years,Taxes 6.50M days of primary education,https://uprightplatform.com/company/94e84944-3d9c-47be-997c-48819e1f8769/Yum!%20Brands/,False,,,
ZBRA,Zebra Technologies,cdp_pdf,https://www.zebra.com/content/dam/zebra_dam/en/policies/environment/zebra-cdp-submittal-policy-environment-2024-en-us.pdf,3548.37,20626.6,13488.91,12/31/2020,2100.0,4981000000.0,new,,True,Targets set,1.5°C,2030.0,,,,,Zebra Technologies commits to reduce absolute scopes 1 and 2 GHG emissions 50% by 2030 from a 2020 base year. Zebra Technologies also commits to reduce absolute scope 3 GHG emissions from purchased goods and services and use of sold products 15% within the same timeframe.,2022-08-25 01:00:00,False,,,,,False,False,False,,,,,,,,,,,True,ZEBRA TECHNOLOGIES,Computer Hardware,5396.0,10700.0,18.0,52.0,-7.9,0.8,-3.8,0.5,-1.0,-0.4,9.9,-1.5,1.3,-3.3,3.9,GHG emissions 497k tons of GHG emissions,Taxes 4.50M days of primary education,https://uprightplatform.com/company/50bcace4-b5be-46d6-b5be-8af4447669fd/Zebra%20Technologies/,False,,,
ZBH,Zimmer Biomet,sustainability_report,https://investor.zimmerbiomet.com/~/media/Files/Z/ZimmerBiomet-IR/documents/sustainability-reports/2023-sustainability-report.pdf,,,,,,,False,no_fields_extracted,True,Targets set,1.5°C,2030.0,Targets set,2050.0,Targets set,2050.0,"Overall Net-Zero Target:
Zimmer Biomet commits to achieve net-zero greenhouse gas emissions across the value chain by 2050.

Near-Term Targets:
Zimmer Biomet commits to reduce absolute scope 1 and 2 GHG emissions 55.0% by 2030 from a 2017 base year. Zimmer Biomet also commits to reduce absolute scope 3 GHG emissions from purchased goods and services and capital goods 27.5% by 2030 from a 2019 base year.

Long-Term Targets:
Zimmer Biomet commits to reduce absolute scope 1 and 2 GHG emissions 90.0% by 2050 from a 2017 base year. Zimmer Biomet also commits to reduce absolute scope 3 GHG emissions 90.0% by 2050 from a 2019 base year.",2026-04-30 01:00:00,False,,,,,True,True,True,27245.5,median_model_revenue+employees,sub_industry:Health Care Equipment,6,"Tier 2 Scope 1 ESTIMATE (LSEG median-model style), NOT a disclosure -- see pipeline/tier2_estimation/estimate_tier2.py. Peer group: sub_industry = 'Health Care Equipment' (6 Tier 1 peers with a real Scope 1 value, floor=5). Revenue-based: median peer Scope 1 tCO2e/$ revenue (3.85286e-06) x this company's revenue ($8,508,800,000) = 32,783 tCO2e. Employee-based: median peer Scope 1 tCO2e/employee (1.27693) x this company's employee count (17,000) = 21,708 tCO2e. Final estimate is the average of the available method(s): 27,246 tCO2e.",24506.9,median_model_revenue+employees,sub_industry:Health Care Equipment,5,"Tier 2 Scope 2 ESTIMATE (LSEG median-model style), NOT a disclosure -- see pipeline/tier2_estimation/estimate_tier2.py. Peer group: sub_industry = 'Health Care Equipment' (5 Tier 1 peers with a real Scope 2 value, floor=5). Revenue-based: median peer Scope 2 tCO2e/$ revenue (3.17691e-06) x this company's revenue ($8,508,800,000) = 27,032 tCO2e. Employee-based: median peer Scope 2 tCO2e/employee (1.29306) x this company's employee count (17,000) = 21,982 tCO2e. Final estimate is the average of the available method(s): 24,507 tCO2e.",True,ZIMMER BIOMET,Hospitals and Healthcare,7394.0,17000.0,46.0,25.0,-6.3,0.1,-3.1,0.1,-0.5,-0.4,9.5,-2.7,12.3,-2.6,0.1,GHG emissions 555k tons of GHG emissions,Physical diseases 52.8k life years,https://uprightplatform.com/company/874d740e-6386-4edd-b32a-8bec8ad7731e/Zimmer%20Biomet/,False,,,
ZTS,Zoetis,cdp_pdf,https://www.zoetis.com/our-company/corporate-sustainability/downloads/zoetis-inc-2024-cdp-corporate-questionnaire.pdf,111637.0,121167.0,177750.0,12/31/2021,101498.0,8544000000.0,new,,False,,,,,,,,,,False,,,,,False,False,False,,,,,,,,,,,True,ZOETIS,Pharmaceuticals and Biotechnology,9286.0,13800.0,-5.0,69.0,-15.0,1.1,-6.9,0.1,-1.9,-0.5,6.9,-4.3,12.9,-2.2,0.0,GHG emissions 1.54M tons of GHG emissions,Physical diseases 51.5k life years,https://uprightplatform.com/company/116fa2f7-8a22-4c66-8041-380dca7f2974/Zoetis/,False,,,
