ticker,security,gics_sector,level_score,level_intensity_tco2e_per_usd,scope1_is_estimated,scope2_is_estimated,velocity_score,velocity_basis,velocity_details,integrity_score,integrity_disclosure_quality,integrity_cross_source_agreement,integrity_basis,environmental_composite_score
UNH,UnitedHealth Group,Health Care,100.0,3.8450168263156883e-07,False,False,100.0,measured_trend,"Measured: 131,593 -> 24,487 tCO2e over 3 yr(s) (12/31/2021 baseline, 2024 assumed current year) = 27.13%/yr observed vs. 4.2%/yr required (1.5C pathway).",99.0,100.0,97.4,with_cross_validation,99.7
LHX,L3Harris,Industrials,98.6,1.11114650210742e-05,False,False,100.0,measured_trend,"Measured: 109,574 -> 49,788 tCO2e over 5 yr(s) (12/31/2019 baseline, 2024 assumed current year) = 10.91%/yr observed vs. 4.2%/yr required (1.5C pathway).",97.9,100.0,94.8,with_cross_validation,98.8
AFL,Aflac,Financials,98.0,5.656096016051224e-07,False,False,100.0,measured_trend,"Measured: 3,499 -> 2,850 tCO2e over 1 yr(s) (12/31/2023 baseline, 2024 assumed current year) = 18.55%/yr observed vs. 4.2%/yr required (1.5C pathway).",97.8,100.0,94.4,with_cross_validation,98.6
AIZ,Assurant,Financials,95.4,9.140768041872577e-07,False,False,100.0,measured_trend,"Measured: 2,132 -> 1,282 tCO2e over 3 yr(s) (12/31/2021 baseline, 2024 assumed current year) = 13.29%/yr observed vs. 4.2%/yr required (1.5C pathway).",97.6,100.0,94.0,with_cross_validation,97.7
ADBE,Adobe Inc.,Information Technology,98.7,1.1708865723520327e-06,False,False,100.0,target_ambition,SBTi points: 2/2 for validation status (Targets set) + 2/2 for ambition (1.5°C) + 1/1 for a net-zero target (Targets set) = 5/5 -> 100.0.,93.7,90.0,99.2,with_cross_validation,97.5
PANW,Palo Alto Networks,Information Technology,98.4,1.3418988948560772e-06,False,False,100.0,target_ambition,SBTi points: 2/2 for validation status (Targets set) + 2/2 for ambition (1.5°C) + 1/1 for a net-zero target (Targets set) = 5/5 -> 100.0.,93.1,90.0,97.7,with_cross_validation,97.2
ECL,Ecolab,Materials,100.0,2.184830030592627e-05,False,False,100.0,target_ambition,SBTi points: 2/2 for validation status (Targets set) + 2/2 for ambition (1.5°C) + 1/1 for a net-zero target (Targets set) = 5/5 -> 100.0.,90.8,90.0,92.1,with_cross_validation,96.9
HUBB,Hubbell Incorporated,Industrials,95.5,2.0354186868478708e-05,False,False,100.0,measured_trend,"Measured: 50,740 -> 38,382 tCO2e over 2 yr(s) (12/31/2022 baseline, 2024 assumed current year) = 12.18%/yr observed vs. 4.2%/yr required (1.5C pathway).",94.9,100.0,87.3,with_cross_validation,96.8
AMP,Ameriprise Financial,Financials,94.1,1.085034496447408e-06,False,False,100.0,measured_trend,"Measured: 7,687 -> 5,899 tCO2e over 5 yr(s) (12/31/2019 baseline, 2024 assumed current year) = 4.65%/yr observed vs. 4.2%/yr required (1.5C pathway).",95.4,100.0,88.6,with_cross_validation,96.5
V,Visa Inc.,Financials,99.9,3.129608020193295e-07,False,False,100.0,target_ambition,SBTi points: 2/2 for validation status (Targets set) + 2/2 for ambition (1.5°C) + 1/1 for a net-zero target (Targets set) = 5/5 -> 100.0.,88.8,90.0,86.9,with_cross_validation,96.2
CDNS,Cadence Design Systems,Information Technology,99.7,6.706497053441677e-07,False,False,100.0,measured_trend,"Measured: 6,314 -> 2,853 tCO2e over 5 yr(s) (12/31/2019 baseline, 2024 assumed current year) = 10.96%/yr observed vs. 4.2%/yr required (1.5C pathway).",88.5,100.0,71.3,with_cross_validation,96.1
GWW,W. W. Grainger,Industrials,100.0,4.457415835838316e-06,False,False,96.5,measured_trend,"Measured: 37,000 -> 28,000 tCO2e over 6 yr(s) (12/31/2018 baseline, 2024 assumed current year) = 4.05%/yr observed vs. 4.2%/yr required (1.5C pathway).",90.5,100.0,76.3,with_cross_validation,95.7
TT,Trane Technologies,Industrials,97.9,1.3207938478556026e-05,False,False,100.0,target_ambition,SBTi points: 2/2 for validation status (Targets set) + 2/2 for ambition (1.5°C) + 1/1 for a net-zero target (Targets set) = 5/5 -> 100.0.,87.9,90.0,84.7,with_cross_validation,95.3
SLB,Schlumberger,Energy,100.0,4.7955672712469725e-05,False,False,85.4,measured_trend,"Measured: 1,667,956 -> 1,368,937 tCO2e over 5 yr(s) (12/31/2019 baseline, 2024 assumed current year) = 3.59%/yr observed vs. 4.2%/yr required (1.5C pathway).",98.1,100.0,95.2,with_cross_validation,94.5
INTU,Intuit,Information Technology,99.2,9.424655204467711e-07,False,False,86.5,measured_trend,"Measured: 4,680 -> 4,340 tCO2e over 2 yr(s) (07/31/2022 baseline, 2024 assumed current year) = 3.63%/yr observed vs. 4.2%/yr required (1.5C pathway).",97.5,100.0,93.8,with_cross_validation,94.4
CSGP,CoStar Group,Real Estate,99.9,3.161417322834646e-06,False,False,100.0,target_ambition,SBTi points: 2/2 for validation status (Targets set) + 2/2 for ambition (1.5°C) + 1/1 for a net-zero target (Targets set) = 5/5 -> 100.0.,82.1,72.0,97.3,with_cross_validation,94.0
HAS,Hasbro,Consumer Discretionary,100.0,1.208565944401279e-06,False,False,100.0,target_ambition,SBTi points: 2/2 for validation status (Targets set) + 2/2 for ambition (1.5°C) + 1/1 for a net-zero target (Targets set) = 5/5 -> 100.0.,82.0,90.0,70.1,with_cross_validation,94.0
MNST,Monster Beverage,Consumer Staples,100.0,2.241685182021591e-06,False,False,100.0,measured_trend,"Measured: 15,232 -> 10,647 tCO2e over 1 yr(s) (12/31/2023 baseline, 2024 assumed current year) = 30.10%/yr observed vs. 4.2%/yr required (1.5C pathway).",81.4,100.0,53.5,with_cross_validation,93.8
JCI,Johnson Controls,Industrials,92.2,3.008745710630181e-05,False,False,100.0,measured_trend,"Measured: 682,761 -> 451,311 tCO2e over 7 yr(s) (09/30/2017 baseline, 2024 assumed current year) = 4.84%/yr observed vs. 4.2%/yr required (1.5C pathway).",86.5,100.0,66.3,with_cross_validation,92.9
MKC,McCormick & Company,Consumer Staples,86.5,1.0618213052249329e-05,False,False,100.0,target_ambition,SBTi points: 2/2 for validation status (Targets set) + 2/2 for ambition (1.5°C) + 1/1 for a net-zero target (Targets set) = 5/5 -> 100.0.,91.9,90.0,94.6,with_cross_validation,92.8
PLD,Prologis,Real Estate,100.0,3.1177924838675167e-07,False,False,100.0,target_ambition,SBTi points: 2/2 for validation status (Targets set) + 2/2 for ambition (1.5°C) + 1/1 for a net-zero target (Targets set) = 5/5 -> 100.0.,74.4,90.0,51.1,with_cross_validation,91.5
PM,Philip Morris International,Consumer Staples,91.5,8.176601159639974e-06,False,False,100.0,target_ambition,SBTi points: 2/2 for validation status (Targets set) + 2/2 for ambition (1.5°C) + 1/1 for a net-zero target (Targets set) = 5/5 -> 100.0.,82.5,90.0,71.2,with_cross_validation,91.3
AVY,Avery Dennison,Materials,99.5,3.4393744433278396e-05,False,False,80.0,target_ambition,SBTi points: 2/2 for validation status (Targets set) + 2/2 for ambition (1.5°C) + 0/1 for a net-zero target (none) = 4/5 -> 80.0.,93.6,90.0,99.0,with_cross_validation,91.0
META,Meta Platforms,Communication Services,100.0,2.9444856444436044e-07,False,False,80.0,target_ambition,SBTi points: 2/2 for validation status (Targets set) + 2/2 for ambition (1.5°C) + 0/1 for a net-zero target (Commitment removed) = 4/5 -> 80.0.,90.0,90.0,,disclosure_quality_only,90.0
NOW,ServiceNow,Information Technology,100.0,1.971897875047118e-07,False,False,80.0,target_ambition,SBTi points: 2/2 for validation status (Targets set) + 2/2 for ambition (1.5°C) + 0/1 for a net-zero target (none) = 4/5 -> 80.0.,89.6,90.0,89.0,with_cross_validation,89.9
SNPS,Synopsys,Information Technology,96.0,2.6542199134259276e-06,False,False,80.0,target_ambition,SBTi points: 2/2 for validation status (Targets set) + 2/2 for ambition (1.5°C) + 0/1 for a net-zero target (none) = 4/5 -> 80.0.,93.7,90.0,99.2,with_cross_validation,89.9
EBAY,eBay Inc,Consumer Discretionary,100.0,4.2450867899304163e-07,False,False,100.0,target_ambition,SBTi points: 2/2 for validation status (Targets set) + 2/2 for ambition (1.5°C) + 1/1 for a net-zero target (Targets set) = 5/5 -> 100.0.,69.1,90.0,37.7,with_cross_validation,89.7
TPR,"Tapestry, Inc.",Consumer Discretionary,95.5,3.415331978034188e-06,False,False,100.0,target_ambition,SBTi points: 2/2 for validation status (Targets set) + 2/2 for ambition (1.5°C) + 1/1 for a net-zero target (Targets set) = 5/5 -> 100.0.,72.0,90.0,45.1,with_cross_validation,89.2
CMI,Cummins,Industrials,94.6,2.2867522831558788e-05,False,False,80.0,target_ambition,SBTi points: 2/2 for validation status (Targets set) + 2/2 for ambition (1.5°C) + 0/1 for a net-zero target (none) = 4/5 -> 80.0.,92.4,90.0,96.0,with_cross_validation,89.0
ADSK,Autodesk,Information Technology,100.0,1.1899871434764629e-07,False,False,80.0,target_ambition,SBTi points: 2/2 for validation status (Targets set) + 2/2 for ambition (1.5°C) + 0/1 for a net-zero target (none) = 4/5 -> 80.0.,86.1,90.0,80.3,with_cross_validation,88.7
XYL,Xylem Inc.,Industrials,100.0,5.693403702198885e-06,False,False,80.0,target_ambition,SBTi points: 2/2 for validation status (Targets set) + 2/2 for ambition (1.5°C) + 0/1 for a net-zero target (Commitment removed) = 4/5 -> 80.0.,83.7,90.0,74.2,with_cross_validation,87.9
LITE,Lumentum,Information Technology,76.6,1.3032846161843296e-05,False,False,100.0,target_ambition,SBTi points: 2/2 for validation status (Targets set) + 2/2 for ambition (1.5°C) + 1/1 for a net-zero target (Targets set) = 5/5 -> 100.0.,85.0,90.0,77.5,with_cross_validation,87.2
DE,Deere & Company,Industrials,98.3,1.2057921148433697e-05,False,False,80.0,target_ambition,SBTi points: 2/2 for validation status (Targets set) + 2/2 for ambition (1.5°C) + 0/1 for a net-zero target (none) = 4/5 -> 80.0.,82.5,90.0,71.3,with_cross_validation,86.9
NVDA,Nvidia,Information Technology,100.0,2.410040505422478e-07,False,False,80.0,target_ambition,SBTi points: 2/2 for validation status (Targets set) + 2/2 for ambition (1.5°C) + 0/1 for a net-zero target (none) = 4/5 -> 80.0.,79.9,90.0,64.7,with_cross_validation,86.6
BMY,Bristol Myers Squibb,Health Care,67.9,7.42432792558456e-06,False,False,100.0,target_ambition,SBTi points: 2/2 for validation status (Targets set) + 2/2 for ambition (1.5°C) + 1/1 for a net-zero target (Targets set) = 5/5 -> 100.0.,91.1,90.0,92.8,with_cross_validation,86.3
PH,Parker Hannifin,Industrials,91.4,3.2371364857296826e-05,False,False,80.0,target_ambition,SBTi points: 2/2 for validation status (Targets set) + 2/2 for ambition (1.5°C) + 0/1 for a net-zero target (none) = 4/5 -> 80.0.,83.4,80.0,88.4,with_cross_validation,84.9
HUM,Humana,Health Care,100.0,6.630399361982079e-07,False,False,80.0,target_ambition,SBTi points: 2/2 for validation status (Targets set) + 2/2 for ambition (1.5°C) + 0/1 for a net-zero target (none) = 4/5 -> 80.0.,74.5,72.0,78.4,with_cross_validation,84.8
YUM,Yum! Brands,Consumer Discretionary,84.8,8.402399802282411e-06,False,False,80.0,target_ambition,SBTi points: 2/2 for validation status (Targets set) + 2/2 for ambition (1.5°C) + 0/1 for a net-zero target (Commitment removed) = 4/5 -> 80.0.,86.7,90.0,81.7,with_cross_validation,83.8
LRCX,Lam Research,Information Technology,89.5,6.134158331230182e-06,False,False,80.0,target_ambition,SBTi points: 2/2 for validation status (Targets set) + 2/2 for ambition (1.5°C) + 0/1 for a net-zero target (none) = 4/5 -> 80.0.,81.6,72.0,96.1,with_cross_validation,83.7
MCD,McDonald's,Consumer Discretionary,57.7,2.1053606529657963e-05,False,False,100.0,target_ambition,SBTi points: 2/2 for validation status (Targets set) + 2/2 for ambition (1.5°C) + 1/1 for a net-zero target (Targets set) = 5/5 -> 100.0.,93.5,90.0,98.7,with_cross_validation,83.7
MO,Altria,Consumer Staples,98.0,5.0097532145129706e-06,False,True,100.0,target_ambition,SBTi points: 2/2 for validation status (Targets set) + 2/2 for ambition (1.5°C) + 1/1 for a net-zero target (Targets set) = 5/5 -> 100.0.,52.7,34.0,80.7,with_cross_validation,83.6
QCOM,Qualcomm,Information Technology,93.4,4.028045096356476e-06,False,True,100.0,target_ambition,SBTi points: 2/2 for validation status (Targets set) + 2/2 for ambition (1.5°C) + 1/1 for a net-zero target (Targets set) = 5/5 -> 100.0.,57.1,34.0,91.7,with_cross_validation,83.5
PYPL,PayPal,Financials,97.5,6.350621381359479e-07,True,False,80.0,target_ambition,SBTi points: 2/2 for validation status (Targets set) + 2/2 for ambition (1.5°C) + 0/1 for a net-zero target (none) = 4/5 -> 80.0.,71.7,56.0,95.4,with_cross_validation,83.1
RL,Ralph Lauren Corporation,Consumer Discretionary,82.6,9.410786097280736e-06,False,False,80.0,target_ambition,SBTi points: 2/2 for validation status (Targets set) + 2/2 for ambition (1.5°C) + 0/1 for a net-zero target (Commitment removed) = 4/5 -> 80.0.,86.4,90.0,81.1,with_cross_validation,83.0
KDP,Keurig Dr Pepper,Consumer Staples,75.3,1.6102937297455443e-05,False,False,80.0,target_ambition,SBTi points: 2/2 for validation status (Targets set) + 2/2 for ambition (1.5°C) + 0/1 for a net-zero target (none) = 4/5 -> 80.0.,93.2,90.0,97.9,with_cross_validation,82.8
PEP,PepsiCo,Consumer Staples,90.8,8.541000076251297e-06,False,True,100.0,target_ambition,SBTi points: 2/2 for validation status (Targets set) + 2/2 for ambition (1.5°C) + 1/1 for a net-zero target (Targets set) = 5/5 -> 100.0.,56.6,34.0,90.5,with_cross_validation,82.5
TEL,TE Connectivity,Information Technology,76.7,1.3008902200895218e-05,False,False,80.0,target_ambition,SBTi points: 2/2 for validation status (Targets set) + 2/2 for ambition (1.5°C) + 0/1 for a net-zero target (none) = 4/5 -> 80.0.,90.8,90.0,92.1,with_cross_validation,82.5
GIS,General Mills,Consumer Staples,93.5,7.2301106040541605e-06,False,True,100.0,target_ambition,SBTi points: 2/2 for validation status (Targets set) + 2/2 for ambition (1.5°C) + 1/1 for a net-zero target (Targets set) = 5/5 -> 100.0.,52.6,34.0,80.4,with_cross_validation,82.0
AXP,American Express,Financials,97.1,6.765924497583976e-07,True,True,100.0,target_ambition,SBTi points: 2/2 for validation status (Targets set) + 2/2 for ambition (1.5°C) + 1/1 for a net-zero target (Targets set) = 5/5 -> 100.0.,46.5,12.0,98.3,with_cross_validation,81.2
EL,Estée Lauder Companies (The),Consumer Staples,100.0,2.0476111456606495e-06,False,False,57.2,measured_trend,"Measured: 34,522 -> 29,543 tCO2e over 6 yr(s) (06/30/2018 baseline, 2024 assumed current year) = 2.40%/yr observed vs. 4.2%/yr required (1.5C pathway).",85.8,100.0,64.6,with_cross_validation,81.0
ANET,Arista Networks,Information Technology,97.2,1.981007134183364e-06,True,True,100.0,target_ambition,SBTi points: 2/2 for validation status (Targets set) + 2/2 for ambition (1.5°C) + 1/1 for a net-zero target (Targets set) = 5/5 -> 100.0.,44.6,12.0,93.6,with_cross_validation,80.6
DELL,Dell Technologies,Information Technology,96.9,2.140196453318343e-06,True,True,100.0,target_ambition,SBTi points: 2/2 for validation status (Targets set) + 2/2 for ambition (1.5°C) + 1/1 for a net-zero target (Targets set) = 5/5 -> 100.0.,44.3,12.0,92.8,with_cross_validation,80.4
PTC,PTC Inc.,Information Technology,97.8,1.6708689362891069e-06,True,True,100.0,target_ambition,SBTi points: 2/2 for validation status (Targets set) + 2/2 for ambition (1.5°C) + 1/1 for a net-zero target (Targets set) = 5/5 -> 100.0.,43.2,12.0,90.0,with_cross_validation,80.3
NKE,"Nike, Inc.",Consumer Discretionary,99.6,1.4981248819811228e-06,False,False,80.0,target_ambition,SBTi points: 2/2 for validation status (Targets set) + 2/2 for ambition (1.5°C) + 0/1 for a net-zero target (none) = 4/5 -> 80.0.,59.8,72.0,41.6,with_cross_validation,79.8
NDAQ,"Nasdaq, Inc.",Financials,95.8,8.57035961934342e-07,True,True,100.0,target_ambition,SBTi points: 2/2 for validation status (Targets set) + 2/2 for ambition (1.5°C) + 1/1 for a net-zero target (Targets set) = 5/5 -> 100.0.,43.2,12.0,89.9,with_cross_validation,79.7
AES,AES Corporation,Utilities,39.5,0.0025949334815266213,False,False,100.0,measured_trend,"Measured: 51,809,568 -> 33,401,594 tCO2e over 8 yr(s) (12/31/2016 baseline, 2024 assumed current year) = 4.44%/yr observed vs. 4.2%/yr required (1.5C pathway).",98.7,100.0,96.7,with_cross_validation,79.4
IR,Ingersoll Rand,Industrials,96.3,1.8106305995367874e-05,True,True,100.0,target_ambition,SBTi points: 2/2 for validation status (Targets set) + 2/2 for ambition (1.5°C) + 1/1 for a net-zero target (Targets set) = 5/5 -> 100.0.,41.1,12.0,84.7,with_cross_validation,79.1
SPGI,S&P Global,Financials,93.5,1.1551854333462842e-06,True,True,100.0,target_ambition,SBTi points: 2/2 for validation status (Targets set) + 2/2 for ambition (1.5°C) + 1/1 for a net-zero target (Targets set) = 5/5 -> 100.0.,43.8,12.0,91.4,with_cross_validation,79.1
VZ,Verizon,Communication Services,90.5,4.667532323633352e-06,True,True,100.0,target_ambition,SBTi points: 2/2 for validation status (Targets set) + 2/2 for ambition (1.5°C) + 1/1 for a net-zero target (Committed) = 5/5 -> 100.0.,46.9,12.0,99.3,with_cross_validation,79.1
TMO,Thermo Fisher Scientific,Health Care,80.1,4.852894984461326e-06,False,True,100.0,target_ambition,SBTi points: 2/2 for validation status (Targets set) + 2/2 for ambition (1.5°C) + 1/1 for a net-zero target (Targets set) = 5/5 -> 100.0.,56.8,34.0,91.0,with_cross_validation,79.0
HPQ,HP Inc.,Information Technology,96.4,2.4336583714784664e-06,True,True,100.0,target_ambition,SBTi points: 2/2 for validation status (Targets set) + 2/2 for ambition (1.5°C) + 1/1 for a net-zero target (Targets set) = 5/5 -> 100.0.,39.4,12.0,80.5,with_cross_validation,78.6
TER,Teradyne,Information Technology,95.3,2.992698595886526e-06,True,True,100.0,target_ambition,SBTi points: 2/2 for validation status (Targets set) + 2/2 for ambition (1.5°C) + 1/1 for a net-zero target (Targets set) = 5/5 -> 100.0.,40.1,12.0,82.3,with_cross_validation,78.5
PCAR,Paccar,Industrials,98.9,1.0274196372272903e-05,False,False,60.0,target_ambition,SBTi points: 2/2 for validation status (Targets set) + 1/2 for ambition (Well-below 2°C) + 0/1 for a net-zero target (none) = 3/5 -> 60.0.,75.9,90.0,54.8,with_cross_validation,78.3
DOV,Dover Corporation,Industrials,95.6,2.018071481266372e-05,False,False,39.1,measured_trend,"Measured: 57,601 -> 54,787 tCO2e over 5 yr(s) (12/31/2019 baseline, 2024 assumed current year) = 0.98%/yr observed vs. 2.5%/yr required (well-below-2C pathway).",99.9,100.0,99.9,with_cross_validation,78.2
ROK,Rockwell Automation,Industrials,95.9,1.9281801646068934e-05,True,True,100.0,target_ambition,SBTi points: 2/2 for validation status (Targets set) + 2/2 for ambition (1.5°C) + 1/1 for a net-zero target (Targets set) = 5/5 -> 100.0.,38.3,12.0,77.7,with_cross_validation,78.1
MRSH,Marsh McLennan,Financials,92.2,1.337553234937926e-06,True,True,100.0,target_ambition,SBTi points: 2/2 for validation status (Targets set) + 2/2 for ambition (1.5°C) + 1/1 for a net-zero target (Targets set) = 5/5 -> 100.0.,41.9,12.0,86.8,with_cross_validation,78.0
VTR,Ventas,Real Estate,73.4,5.873776335465833e-05,False,False,80.0,target_ambition,SBTi points: 2/2 for validation status (Targets set) + 2/2 for ambition (1.5°C) + 0/1 for a net-zero target (none) = 4/5 -> 80.0.,80.7,90.0,66.7,with_cross_validation,78.0
SYY,Sysco,Consumer Staples,77.0,1.52808299720358e-05,False,False,60.0,target_ambition,SBTi points: 2/2 for validation status (Targets set) + 1/2 for ambition (Well-below 2°C) + 0/1 for a net-zero target (none) = 3/5 -> 60.0.,93.8,90.0,99.5,with_cross_validation,76.9
BBY,Best Buy,Consumer Discretionary,89.2,6.350702291419792e-06,False,False,52.8,measured_trend,"Measured: 219,636 -> 185,561 tCO2e over 7 yr(s) (12/31/2017 baseline, 2024 assumed current year) = 2.22%/yr observed vs. 4.2%/yr required (1.5C pathway).",88.5,100.0,71.2,with_cross_validation,76.8
BKNG,Booking Holdings,Consumer Discretionary,88.7,6.560868845321722e-06,True,True,100.0,target_ambition,SBTi points: 2/2 for validation status (Targets set) + 2/2 for ambition (1.5°C) + 1/1 for a net-zero target (Targets set) = 5/5 -> 100.0.,41.4,12.0,85.5,with_cross_validation,76.7
CVS,CVS Health,Health Care,82.3,4.39103346376023e-06,True,True,100.0,target_ambition,SBTi points: 2/2 for validation status (Targets set) + 2/2 for ambition (1.5°C) + 1/1 for a net-zero target (Targets set) = 5/5 -> 100.0.,43.8,12.0,91.5,with_cross_validation,75.4
DAL,Delta Air Lines,Industrials,93.6,2.5903374684488354e-05,False,True,80.0,target_ambition,SBTi points: 2/2 for validation status (Targets set) + 1/2 for ambition (Well-below 2°C) + 1/1 for a net-zero target (Committed) = 4/5 -> 80.0.,52.5,34.0,80.2,with_cross_validation,75.4
FLEX,Flex Ltd.,Information Technology,63.5,2.0065535043774102e-05,False,False,80.0,target_ambition,SBTi points: 2/2 for validation status (Targets set) + 2/2 for ambition (1.5°C) + 0/1 for a net-zero target (none) = 4/5 -> 80.0.,82.6,90.0,71.6,with_cross_validation,75.4
TGT,Target Corporation,Consumer Staples,76.5,1.5516262021197167e-05,False,False,60.0,target_ambition,SBTi points: 2/2 for validation status (Targets set) + 0/2 for ambition (2°C) + 1/1 for a net-zero target (Committed) = 3/5 -> 60.0.,88.5,90.0,86.2,with_cross_validation,75.0
PPG,PPG Industries,Materials,84.6,0.00018270234230078258,False,True,80.0,target_ambition,SBTi points: 2/2 for validation status (Targets set) + 2/2 for ambition (1.5°C) + 0/1 for a net-zero target (none) = 4/5 -> 80.0.,60.2,34.0,99.4,with_cross_validation,74.9
NRG,NRG Energy,Utilities,84.3,0.0006989795835638041,False,True,80.0,target_ambition,SBTi points: 2/2 for validation status (Targets set) + 2/2 for ambition (1.5°C) + 0/1 for a net-zero target (Commitment removed) = 4/5 -> 80.0.,60.2,34.0,99.5,with_cross_validation,74.8
MA,Mastercard,Financials,97.0,6.912663887640618e-07,True,True,80.0,target_ambition,SBTi points: 2/2 for validation status (Targets set) + 2/2 for ambition (1.5°C) + 0/1 for a net-zero target (none) = 4/5 -> 80.0.,47.1,12.0,99.7,with_cross_validation,74.7
NFLX,Netflix,Communication Services,97.0,3.7749205928305135e-06,True,True,80.0,target_ambition,SBTi points: 2/2 for validation status (Targets set) + 2/2 for ambition (1.5°C) + 0/1 for a net-zero target (Commitment removed) = 4/5 -> 80.0.,47.1,12.0,99.9,with_cross_validation,74.7
CMS,CMS Energy,Utilities,60.9,0.0016906657824819074,False,False,62.7,measured_trend,"Measured: 20,132,836 -> 14,834,761 tCO2e over 10 yr(s) (12/31/2014 baseline, 2024 assumed current year) = 2.63%/yr observed vs. 4.2%/yr required (1.5C pathway).",99.4,100.0,98.5,with_cross_validation,74.3
SWK,Stanley Black & Decker,Industrials,96.2,1.8251795391046353e-05,True,True,80.0,target_ambition,SBTi points: 2/2 for validation status (Targets set) + 2/2 for ambition (1.5°C) + 0/1 for a net-zero target (none) = 4/5 -> 80.0.,45.4,12.0,95.6,with_cross_validation,73.9
MMM,3M,Industrials,85.8,4.902651216732378e-05,False,True,80.0,target_ambition,SBTi points: 2/2 for validation status (Targets set) + 2/2 for ambition (1.5°C) + 0/1 for a net-zero target (none) = 4/5 -> 80.0.,55.5,34.0,87.8,with_cross_validation,73.8
HON,Honeywell,Industrials,89.1,3.9256929403614255e-05,False,False,60.0,target_ambition,SBTi points: 2/2 for validation status (Targets set) + 1/2 for ambition (Well-below 2°C) + 0/1 for a net-zero target (none) = 3/5 -> 60.0.,72.0,72.0,,disclosure_quality_only,73.7
BR,Broadridge Financial Solutions,Industrials,96.8,1.6441392039375133e-05,True,True,100.0,target_ambition,SBTi points: 2/2 for validation status (Targets set) + 2/2 for ambition (1.5°C) + 1/1 for a net-zero target (Targets set) = 5/5 -> 100.0.,24.2,12.0,42.5,with_cross_validation,73.7
CIEN,Ciena,Information Technology,95.4,2.9920638658728617e-06,True,True,80.0,target_ambition,SBTi points: 2/2 for validation status (Targets set) + 2/2 for ambition (1.5°C) + 0/1 for a net-zero target (none) = 4/5 -> 80.0.,45.8,12.0,96.5,with_cross_validation,73.7
NTAP,NetApp,Information Technology,95.2,3.0991611150931795e-06,True,True,80.0,target_ambition,SBTi points: 2/2 for validation status (Targets set) + 2/2 for ambition (1.5°C) + 0/1 for a net-zero target (none) = 4/5 -> 80.0.,45.7,12.0,96.2,with_cross_validation,73.6
ZBH,Zimmer Biomet,Health Care,74.3,6.082220759684092e-06,True,True,100.0,target_ambition,SBTi points: 2/2 for validation status (Targets set) + 2/2 for ambition (1.5°C) + 1/1 for a net-zero target (Targets set) = 5/5 -> 100.0.,46.6,12.0,98.6,with_cross_validation,73.6
FTNT,Fortinet,Information Technology,94.3,3.5803597828125283e-06,True,True,80.0,target_ambition,SBTi points: 2/2 for validation status (Targets set) + 2/2 for ambition (1.5°C) + 0/1 for a net-zero target (Commitment removed) = 4/5 -> 80.0.,46.1,12.0,97.2,with_cross_validation,73.5
FFIV,"F5, Inc.",Information Technology,94.4,3.4910671131558117e-06,True,True,80.0,target_ambition,SBTi points: 2/2 for validation status (Targets set) + 2/2 for ambition (1.5°C) + 0/1 for a net-zero target (none) = 4/5 -> 80.0.,45.1,12.0,94.8,with_cross_validation,73.2
WELL,Welltower,Real Estate,78.7,4.7552204301810713e-05,False,False,60.0,target_ambition,SBTi points: 2/2 for validation status (Targets set) + 1/2 for ambition (Well-below 2°C) + 0/1 for a net-zero target (none) = 3/5 -> 60.0.,81.0,90.0,67.4,with_cross_validation,73.2
FDX,FedEx,Industrials,45.7,0.00016690264991554054,False,False,80.0,target_ambition,SBTi points: 2/2 for validation status (Targets set) + 2/2 for ambition (1.5°C) + 0/1 for a net-zero target (none) = 4/5 -> 80.0.,93.5,90.0,98.7,with_cross_validation,73.1
WDAY,"Workday, Inc.",Information Technology,98.1,1.5279665478453547e-06,True,True,80.0,target_ambition,SBTi points: 2/2 for validation status (Targets set) + 2/2 for ambition (1.5°C) + 0/1 for a net-zero target (none) = 4/5 -> 80.0.,41.3,12.0,85.2,with_cross_validation,73.1
CDW,CDW Corporation,Information Technology,97.0,2.1282105256908504e-06,True,True,80.0,target_ambition,SBTi points: 2/2 for validation status (Targets set) + 2/2 for ambition (1.5°C) + 0/1 for a net-zero target (none) = 4/5 -> 80.0.,41.8,12.0,86.4,with_cross_validation,72.9
KEYS,Keysight Technologies,Information Technology,93.4,4.055651698705041e-06,True,True,80.0,target_ambition,SBTi points: 2/2 for validation status (Targets set) + 2/2 for ambition (1.5°C) + 0/1 for a net-zero target (none) = 4/5 -> 80.0.,45.2,12.0,95.1,with_cross_validation,72.9
VRSK,Verisk Analytics,Industrials,96.3,1.798252551020408e-05,True,True,100.0,target_ambition,SBTi points: 2/2 for validation status (Targets set) + 2/2 for ambition (1.5°C) + 1/1 for a net-zero target (Targets set) = 5/5 -> 100.0.,22.5,12.0,38.2,with_cross_validation,72.9
KHC,Kraft Heinz,Consumer Staples,71.4,1.8028048378119694e-05,True,True,100.0,target_ambition,SBTi points: 2/2 for validation status (Targets set) + 2/2 for ambition (1.5°C) + 1/1 for a net-zero target (Targets set) = 5/5 -> 100.0.,46.3,12.0,97.7,with_cross_validation,72.6
HSIC,Henry Schein,Health Care,70.4,6.9009852141836575e-06,True,True,100.0,target_ambition,SBTi points: 2/2 for validation status (Targets set) + 2/2 for ambition (1.5°C) + 1/1 for a net-zero target (Targets set) = 5/5 -> 100.0.,46.4,12.0,98.1,with_cross_validation,72.3
IFF,International Flavors & Fragrances,Materials,86.0,0.00016946079864831238,False,True,80.0,target_ambition,SBTi points: 2/2 for validation status (Targets set) + 2/2 for ambition (1.5°C) + 0/1 for a net-zero target (none) = 4/5 -> 80.0.,50.7,34.0,75.8,with_cross_validation,72.2
ABBV,AbbVie,Health Care,84.1,4.015798910107793e-06,False,True,80.0,target_ambition,SBTi points: 2/2 for validation status (Targets set) + 2/2 for ambition (1.5°C) + 0/1 for a net-zero target (none) = 4/5 -> 80.0.,51.5,34.0,77.8,with_cross_validation,71.9
AMAT,Applied Materials,Information Technology,95.8,2.7716476786925983e-06,True,True,80.0,target_ambition,SBTi points: 2/2 for validation status (Targets set) + 2/2 for ambition (1.5°C) + 0/1 for a net-zero target (none) = 4/5 -> 80.0.,39.8,12.0,81.5,with_cross_validation,71.9
TRMB,Trimble Inc.,Information Technology,97.2,1.977927003963537e-06,True,True,80.0,target_ambition,SBTi points: 2/2 for validation status (Targets set) + 2/2 for ambition (1.5°C) + 0/1 for a net-zero target (none) = 4/5 -> 80.0.,38.5,12.0,78.1,with_cross_validation,71.9
ADI,Analog Devices,Information Technology,78.0,1.2278048305258292e-05,False,True,80.0,target_ambition,SBTi points: 2/2 for validation status (Targets set) + 2/2 for ambition (1.5°C) + 0/1 for a net-zero target (Commitment removed) = 4/5 -> 80.0.,57.4,34.0,92.5,with_cross_validation,71.8
CLX,Clorox,Consumer Staples,80.9,1.3352232142857143e-05,False,False,35.5,measured_trend,"Measured: 74,437 -> 69,998 tCO2e over 4 yr(s) (12/31/2020 baseline, 2024 assumed current year) = 1.49%/yr observed vs. 4.2%/yr required (1.5C pathway).",98.8,100.0,96.9,with_cross_validation,71.7
VTRS,Viatris,Health Care,77.7,5.358519092907848e-06,False,True,80.0,target_ambition,SBTi points: 2/2 for validation status (Targets set) + 2/2 for ambition (1.5°C) + 0/1 for a net-zero target (none) = 4/5 -> 80.0.,57.0,34.0,91.5,with_cross_validation,71.6
MET,MetLife,Financials,100.0,2.5354542077218456e-07,False,False,20.0,target_ambition,SBTi points: 1/2 for validation status (Committed) + 0/2 for ambition (unclassified) + 0/1 for a net-zero target (none) = 1/5 -> 20.0.,93.6,90.0,99.1,with_cross_validation,71.2
EXPE,Expedia Group,Consumer Discretionary,88.4,6.735375906003582e-06,True,True,80.0,target_ambition,SBTi points: 2/2 for validation status (Targets set) + 2/2 for ambition (1.5°C) + 0/1 for a net-zero target (none) = 4/5 -> 80.0.,44.7,12.0,93.6,with_cross_validation,71.0
MCK,McKesson Corporation,Health Care,86.2,3.566374711021978e-06,True,True,80.0,target_ambition,SBTi points: 2/2 for validation status (Targets set) + 2/2 for ambition (1.5°C) + 0/1 for a net-zero target (none) = 4/5 -> 80.0.,45.6,12.0,95.9,with_cross_validation,70.6
IT,Gartner,Information Technology,92.5,4.525818621591585e-06,True,True,80.0,target_ambition,SBTi points: 2/2 for validation status (Targets set) + 2/2 for ambition (1.5°C) + 0/1 for a net-zero target (none) = 4/5 -> 80.0.,39.0,12.0,79.5,with_cross_validation,70.5
CSCO,Cisco,Information Technology,97.4,1.9158310400799988e-06,False,False,20,no_commitment,No SBTi match -- no visible forward-looking climate target.,93.7,90.0,99.2,with_cross_validation,70.4
HST,Host Hotels & Resorts,Real Estate,97.0,9.281135897976483e-06,True,True,80.0,target_ambition,SBTi points: 2/2 for validation status (Targets set) + 2/2 for ambition (1.5°C) + 0/1 for a net-zero target (none) = 4/5 -> 80.0.,34.1,12.0,67.2,with_cross_validation,70.4
ACN,Accenture,Information Technology,77.4,1.262013324471626e-05,True,True,100.0,target_ambition,SBTi points: 2/2 for validation status (Targets set) + 2/2 for ambition (1.5°C) + 1/1 for a net-zero target (Targets set) = 5/5 -> 100.0.,33.4,12.0,65.6,with_cross_validation,70.3
MRNA,Moderna,Health Care,67.9,7.422351885098743e-06,True,True,100.0,target_ambition,SBTi points: 2/2 for validation status (Targets set) + 2/2 for ambition (1.5°C) + 1/1 for a net-zero target (Targets set) = 5/5 -> 100.0.,42.8,12.0,89.0,with_cross_validation,70.2
T,AT&T,Communication Services,84.6,5.490334898396171e-06,True,True,80.0,target_ambition,SBTi points: 2/2 for validation status (Targets set) + 2/2 for ambition (1.5°C) + 0/1 for a net-zero target (none) = 4/5 -> 80.0.,45.8,12.0,96.6,with_cross_validation,70.1
LDOS,Leidos,Industrials,100.0,6.871951561910593e-06,False,False,20,no_commitment,No SBTi match -- no visible forward-looking climate target.,90.4,90.0,91.0,with_cross_validation,70.1
OTIS,Otis Worldwide,Industrials,93.8,2.519631891140439e-05,True,True,80.0,target_ambition,SBTi points: 2/2 for validation status (Targets set) + 2/2 for ambition (1.5°C) + 0/1 for a net-zero target (none) = 4/5 -> 80.0.,36.6,12.0,73.4,with_cross_validation,70.1
PFE,Pfizer,Health Care,73.3,6.297020479278903e-06,False,True,80.0,target_ambition,SBTi points: 2/2 for validation status (Targets set) + 2/2 for ambition (1.5°C) + 0/1 for a net-zero target (Commitment removed) = 4/5 -> 80.0.,56.9,34.0,91.2,with_cross_validation,70.1
A,Agilent Technologies,Health Care,64.6,8.11220807423694e-06,True,True,100.0,target_ambition,SBTi points: 2/2 for validation status (Targets set) + 2/2 for ambition (1.5°C) + 1/1 for a net-zero target (Targets set) = 5/5 -> 100.0.,44.6,12.0,93.5,with_cross_validation,69.7
BAC,Bank of America,Financials,96.8,7.228058970646466e-07,False,False,20,no_commitment,No SBTi match -- no visible forward-looking climate target.,92.3,90.0,95.8,with_cross_validation,69.7
EXPD,Expeditors International,Industrials,96.3,1.8029242912229702e-05,False,False,20,no_commitment,No SBTi match -- no visible forward-looking climate target.,92.6,90.0,96.5,with_cross_validation,69.6
NXPI,NXP Semiconductors,Information Technology,86.6,7.674910622801672e-06,True,True,80.0,target_ambition,SBTi points: 2/2 for validation status (Targets set) + 2/2 for ambition (1.5°C) + 0/1 for a net-zero target (none) = 4/5 -> 80.0.,42.1,12.0,87.1,with_cross_validation,69.6
BXP,BXP Inc.,Real Estate,85.2,3.403809107546849e-05,True,True,80.0,target_ambition,SBTi points: 2/2 for validation status (Targets set) + 2/2 for ambition (1.5°C) + 0/1 for a net-zero target (Commitment removed) = 4/5 -> 80.0.,42.6,12.0,88.5,with_cross_validation,69.3
FAST,Fastenal,Industrials,96.2,1.8402689192656396e-05,False,False,20,no_commitment,No SBTi match -- no visible forward-looking climate target.,91.4,90.0,93.5,with_cross_validation,69.2
GD,General Dynamics,Industrials,98.0,1.3012413022716707e-05,False,False,20,no_commitment,No SBTi match -- no visible forward-looking climate target.,89.5,90.0,88.7,with_cross_validation,69.2
GM,General Motors,Consumer Discretionary,87.4,7.159795044344929e-06,False,True,80.0,target_ambition,SBTi points: 2/2 for validation status (Targets set) + 2/2 for ambition (1.5°C/Well-below 2°C) + 0/1 for a net-zero target (Commitment removed) = 4/5 -> 80.0.,40.0,34.0,49.1,with_cross_validation,69.1
HPE,Hewlett Packard Enterprise,Information Technology,95.1,3.116629681551673e-06,True,True,100.0,target_ambition,SBTi points: 2/2 for validation status (Targets set) + 2/2 for ambition (1.5°C) + 1/1 for a net-zero target (Targets set) = 5/5 -> 100.0.,12.0,12.0,,disclosure_quality_only,69.0
MGM,MGM Resorts,Consumer Discretionary,75.9,1.2547733377162088e-05,False,True,80.0,target_ambition,SBTi points: 2/2 for validation status (Targets set) + 2/2 for ambition (1.5°C) + 0/1 for a net-zero target (none) = 4/5 -> 80.0.,51.2,34.0,76.9,with_cross_validation,69.0
CAH,Cardinal Health,Health Care,85.0,3.815984099773411e-06,True,True,80.0,target_ambition,SBTi points: 2/2 for validation status (Targets set) + 2/2 for ambition (1.5°C) + 0/1 for a net-zero target (none) = 4/5 -> 80.0.,41.8,12.0,86.4,with_cross_validation,68.9
HIG,Hartford (The),Financials,100.0,2.0798225937048192e-07,False,False,20,no_commitment,No SBTi match -- no visible forward-looking climate target.,86.6,90.0,81.5,with_cross_validation,68.9
GILD,Gilead Sciences,Health Care,82.0,4.44372066468786e-06,True,True,80.0,target_ambition,SBTi points: 2/2 for validation status (Targets set) + 2/2 for ambition (1.5°C) + 0/1 for a net-zero target (none) = 4/5 -> 80.0.,44.4,12.0,93.0,with_cross_validation,68.8
DOC,Healthpeak Properties,Real Estate,65.3,7.571412965560095e-05,False,False,60.0,target_ambition,SBTi points: 2/2 for validation status (Targets set) + 1/2 for ambition (Well-below 2°C) + 0/1 for a net-zero target (none) = 3/5 -> 60.0.,80.9,90.0,67.2,with_cross_validation,68.7
ABNB,Airbnb,Consumer Discretionary,89.7,6.1313549363624355e-06,True,True,80.0,target_ambition,SBTi points: 2/2 for validation status (Targets set) + 2/2 for ambition (1.5°C) + 0/1 for a net-zero target (none) = 4/5 -> 80.0.,35.7,12.0,71.2,with_cross_validation,68.5
EXC,Exelon,Utilities,95.8,0.00020960234435642817,False,False,20,no_commitment,No SBTi match -- no visible forward-looking climate target.,89.6,90.0,89.0,with_cross_validation,68.5
LVS,Las Vegas Sands,Consumer Discretionary,81.9,9.73967485798242e-06,True,True,80.0,target_ambition,SBTi points: 2/2 for validation status (Targets set) + 2/2 for ambition (1.5°C) + 0/1 for a net-zero target (none) = 4/5 -> 80.0.,43.6,12.0,90.9,with_cross_validation,68.5
VMRK,Vivmark Residential,Real Estate,95.4,1.2526105303143594e-05,False,False,20,no_commitment,No SBTi match -- no visible forward-looking climate target.,90.0,90.0,,disclosure_quality_only,68.5
FRT,Federal Realty Investment Trust,Real Estate,86.4,3.1510091376471875e-05,True,True,80.0,target_ambition,SBTi points: 2/2 for validation status (Targets set) + 2/2 for ambition (1.5°C) + 0/1 for a net-zero target (none) = 4/5 -> 80.0.,38.5,12.0,78.3,with_cross_validation,68.3
WSM,"Williams-Sonoma, Inc.",Consumer Discretionary,83.6,8.953829436005082e-06,True,True,80.0,target_ambition,SBTi points: 2/2 for validation status (Targets set) + 2/2 for ambition (1.5°C) + 0/1 for a net-zero target (none) = 4/5 -> 80.0.,40.7,12.0,83.7,with_cross_validation,68.1
ETN,Eaton Corporation,Industrials,92.7,2.8540741325529722e-05,False,False,17.6,measured_trend,"Measured: 284,822 -> 272,186 tCO2e over 6 yr(s) (12/31/2018 baseline, 2024 assumed current year) = 0.74%/yr observed vs. 4.2%/yr required (1.5C pathway).",93.3,100.0,83.2,with_cross_validation,67.9
EFX,Equifax,Industrials,96.6,1.714477469914389e-05,True,True,80.0,target_ambition,SBTi points: 2/2 for validation status (Targets set) + 2/2 for ambition (1.5°C) + 0/1 for a net-zero target (none) = 4/5 -> 80.0.,27.1,12.0,49.7,with_cross_validation,67.9
SHW,Sherwin-Williams,Materials,100.0,2.7622601463685322e-05,False,False,20,no_commitment,No SBTi match -- no visible forward-looking climate target.,83.6,80.0,88.9,with_cross_validation,67.9
FERG,Ferguson Enterprises,Industrials,100.0,6.034846756328238e-06,False,False,20,no_commitment,No SBTi match -- no visible forward-looking climate target.,83.4,90.0,73.5,with_cross_validation,67.8
PG,Procter & Gamble,Consumer Staples,63.0,2.2123146926295598e-05,False,True,80.0,target_ambition,SBTi points: 2/2 for validation status (Targets set) + 2/2 for ambition (1.5°C) + 0/1 for a net-zero target (Commitment removed) = 4/5 -> 80.0.,59.8,34.0,98.6,with_cross_validation,67.6
MDLZ,Mondelez International,Consumer Staples,61.6,2.2822748021486114e-05,True,True,100.0,target_ambition,SBTi points: 2/2 for validation status (Targets set) + 2/2 for ambition (1.5°C) + 1/1 for a net-zero target (Targets set) = 5/5 -> 100.0.,40.2,12.0,82.5,with_cross_validation,67.3
BALL,Ball Corporation,Materials,75.1,0.00027857326587827264,True,True,80.0,target_ambition,SBTi points: 2/2 for validation status (Targets set) + 2/2 for ambition (1.5°C) + 0/1 for a net-zero target (none) = 4/5 -> 80.0.,46.5,12.0,98.3,with_cross_validation,67.2
ELV,Elevance Health,Health Care,82.8,4.289771120368583e-06,True,True,80.0,target_ambition,SBTi points: 2/2 for validation status (Targets set) + 2/2 for ambition (1.5°C) + 0/1 for a net-zero target (none) = 4/5 -> 80.0.,38.9,12.0,79.2,with_cross_validation,67.2
CMCSA,Comcast,Communication Services,77.9,6.420575133195673e-06,True,True,80.0,target_ambition,SBTi points: 2/2 for validation status (Targets set) + 2/2 for ambition (1.5°C) + 0/1 for a net-zero target (none) = 4/5 -> 80.0.,43.5,12.0,90.8,with_cross_validation,67.1
AWK,American Water Works,Utilities,98.4,0.00010120609877152939,False,False,20,no_commitment,No SBTi match -- no visible forward-looking climate target.,81.7,90.0,69.3,with_cross_validation,66.7
MSCI,MSCI,Financials,100.0,1.9205347615388017e-07,False,False,0.0,measured_trend,"Measured: 272 -> 543 tCO2e over 5 yr(s) (12/31/2019 baseline, 2024 assumed current year) = -19.94%/yr observed vs. 4.2%/yr required (1.5C pathway).",99.9,100.0,99.8,with_cross_validation,66.6
MSFT,Microsoft,Information Technology,98.7,1.2132389031816476e-06,False,False,0.0,measured_trend,"Measured: 118,100 -> 143,510 tCO2e over 4 yr(s) (06/30/2020 baseline, 2024 assumed current year) = -5.38%/yr observed vs. 4.2%/yr required (1.5C pathway).",99.4,100.0,98.6,with_cross_validation,66.0
EQT,EQT Corporation,Energy,95.7,9.05648068364879e-05,False,False,20,no_commitment,No SBTi match -- no visible forward-looking climate target.,81.1,80.0,82.7,with_cross_validation,65.6
DD,DuPont,Industrials,4.4,0.0002886120386541669,False,False,100.0,measured_trend,"Measured: 2,058,130 -> 1,408,320 tCO2e over 5 yr(s) (12/31/2019 baseline, 2024 assumed current year) = 6.31%/yr observed vs. 4.2%/yr required (1.5C pathway).",91.6,100.0,79.1,with_cross_validation,65.3
LII,Lennox International,Industrials,98.2,1.2236770085900167e-05,True,True,60.0,target_ambition,SBTi points: 2/2 for validation status (Targets set) + 1/2 for ambition (Well-below 2°C) + 0/1 for a net-zero target (none) = 3/5 -> 60.0.,37.8,12.0,76.6,with_cross_validation,65.3
MPWR,Monolithic Power Systems,Information Technology,86.3,7.822720710746234e-06,False,False,20,no_commitment,No SBTi match -- no visible forward-looking climate target.,89.5,90.0,88.8,with_cross_validation,65.3
SPG,Simon Property Group,Real Estate,75.6,5.3990230400486805e-05,True,True,80.0,target_ambition,SBTi points: 2/2 for validation status (Targets set) + 2/2 for ambition (1.5°C) + 0/1 for a net-zero target (none) = 4/5 -> 80.0.,40.0,12.0,81.9,with_cross_validation,65.2
EMR,Emerson Electric,Industrials,97.0,1.5835158411751537e-05,False,False,0.0,measured_trend,"Measured: 82,456 -> 82,510 tCO2e over 3 yr(s) (09/30/2021 baseline, 2024 assumed current year) = -0.02%/yr observed vs. 4.2%/yr required (1.5C pathway).",98.1,100.0,95.4,with_cross_validation,65.0
DLR,Digital Realty,Real Estate,66.2,7.38730262257095e-05,True,True,100.0,target_ambition,SBTi points: 2/2 for validation status (Targets set) + 2/2 for ambition (1.5°C) + 1/1 for a net-zero target (Committed) = 5/5 -> 100.0.,28.4,12.0,53.0,with_cross_validation,64.9
CRM,Salesforce,Information Technology,97.4,1.9117847486695086e-06,False,False,20,no_commitment,No SBTi match -- no visible forward-looking climate target.,77.0,72.0,84.6,with_cross_validation,64.8
CARR,Carrier Global,Industrials,95.3,2.1032793315343086e-05,False,False,0.0,measured_trend,"Measured: 203,379 -> 203,379 tCO2e over 3 yr(s) (12/31/2021 baseline, 2024 assumed current year) = 0.00%/yr observed vs. 4.2%/yr required (1.5C pathway).",98.5,100.0,96.1,with_cross_validation,64.6
CI,Cigna,Health Care,100.0,1.4169457975756634e-07,False,False,3.2,measured_trend,"Measured: 16,671 -> 16,559 tCO2e over 5 yr(s) (12/31/2019 baseline, 2024 assumed current year) = 0.13%/yr observed vs. 4.2%/yr required (1.5C pathway).",89.9,100.0,74.8,with_cross_validation,64.4
ORCL,Oracle Corporation,Information Technology,93.1,4.195246202186466e-06,False,False,0.0,measured_trend,"Measured: 15,272 -> 29,930 tCO2e over 4 yr(s) (12/31/2020 baseline, 2024 assumed current year) = -23.99%/yr observed vs. 4.2%/yr required (1.5C pathway).",100.0,100.0,,disclosure_quality_only,64.4
KLAC,KLA Corporation,Information Technology,94.3,3.5583847354543217e-06,False,False,0.0,measured_trend,"Measured: 4,698 -> 4,698 tCO2e over 3 yr(s) (12/31/2021 baseline, 2024 assumed current year) = 0.00%/yr observed vs. 4.2%/yr required (1.5C pathway).",98.3,100.0,95.7,with_cross_validation,64.2
ISRG,Intuitive Surgical,Health Care,91.9,2.3550895928100244e-06,False,False,0.0,measured_trend,"Measured: 7,409 -> 7,409 tCO2e over 3 yr(s) (12/31/2021 baseline, 2024 assumed current year) = 0.00%/yr observed vs. 4.2%/yr required (1.5C pathway).",100.0,100.0,,disclosure_quality_only,64.0
MDT,Medtronic,Health Care,71.0,6.766571027844334e-06,True,True,80.0,target_ambition,SBTi points: 2/2 for validation status (Targets set) + 2/2 for ambition (1.5°C) + 0/1 for a net-zero target (Commitment removed) = 4/5 -> 80.0.,41.1,12.0,84.7,with_cross_validation,64.0
JNJ,Johnson & Johnson,Health Care,65.7,7.891076966615001e-06,True,True,80.0,target_ambition,SBTi points: 2/2 for validation status (Targets set) + 2/2 for ambition (1.5°C) + 0/1 for a net-zero target (Commitment removed) = 4/5 -> 80.0.,45.6,12.0,96.0,with_cross_validation,63.8
CHRW,C.H. Robinson,Industrials,100.0,1.373046443382024e-06,False,False,20,no_commitment,No SBTi match -- no visible forward-looking climate target.,70.5,90.0,41.2,with_cross_validation,63.5
MRVL,Marvell Technology,Information Technology,95.7,2.8185347372559123e-06,False,False,0.0,measured_trend,"Measured: 4,320 -> 4,433 tCO2e over 2 yr(s) (01/31/2022 baseline, 2024 assumed current year) = -1.31%/yr observed vs. 4.2%/yr required (1.5C pathway).",94.7,100.0,86.9,with_cross_validation,63.5
UAL,United Airlines Holdings,Industrials,97.2,1.5421773144544998e-05,True,True,60.0,target_ambition,SBTi points: 2/2 for validation status (Targets set) + 1/2 for ambition (Well-below 2°C) + 0/1 for a net-zero target (Commitment removed) = 3/5 -> 60.0.,33.4,12.0,65.4,with_cross_validation,63.5
WMT,Walmart,Consumer Staples,65.3,2.1012747707891907e-05,True,True,80.0,target_ambition,SBTi points: 2/2 for validation status (Targets set) + 2/2 for ambition (1.5°C) + 0/1 for a net-zero target (Commitment removed) = 4/5 -> 80.0.,45.2,12.0,95.1,with_cross_validation,63.5
AMCR,Amcor,Materials,47.6,0.0005534631485936902,True,True,100.0,target_ambition,SBTi points: 2/2 for validation status (Targets set) + 2/2 for ambition (1.5°C) + 1/1 for a net-zero target (Targets set) = 5/5 -> 100.0.,42.6,12.0,88.5,with_cross_validation,63.4
CTVA,Corteva,Materials,97.3,5.5892367902237896e-05,False,False,0.0,measured_trend,"Measured: 386,000 -> 386,477 tCO2e over 4 yr(s) (12/31/2020 baseline, 2024 assumed current year) = -0.03%/yr observed vs. 4.2%/yr required (1.5C pathway).",92.7,100.0,81.7,with_cross_validation,63.3
JPM,JPMorgan Chase,Financials,97.9,5.733437603786008e-07,False,False,20,no_commitment,No SBTi match -- no visible forward-looking climate target.,72.0,72.0,,disclosure_quality_only,63.3
DUK,Duke Energy,Utilities,43.6,0.0024209370857939862,False,False,54.0,measured_trend,"Measured: 138,800,000 -> 79,000,000 tCO2e over 19 yr(s) (12/31/2005 baseline, 2024 assumed current year) = 2.27%/yr observed vs. 4.2%/yr required (1.5C pathway).",91.5,90.0,93.9,with_cross_validation,63.0
LULU,Lululemon Athletica,Consumer Discretionary,100.0,2.876341328731745e-07,False,False,20,no_commitment,No SBTi match -- no visible forward-looking climate target.,68.5,90.0,36.1,with_cross_validation,62.8
MCO,Moody's Corporation,Financials,88.1,1.8792892156862745e-06,False,False,0.0,measured_trend,"Measured: 1,744 -> 1,744 tCO2e over 5 yr(s) (12/31/2019 baseline, 2024 assumed current year) = 0.00%/yr observed vs. 4.2%/yr required (1.5C pathway).",99.9,100.0,99.7,with_cross_validation,62.7
HRL,Hormel Foods,Consumer Staples,14.6,4.574479794798915e-05,False,False,80.0,target_ambition,SBTi points: 2/2 for validation status (Targets set) + 2/2 for ambition (1.5°C) + 0/1 for a net-zero target (none) = 4/5 -> 80.0.,92.6,90.0,96.6,with_cross_validation,62.4
AAPL,Apple Inc.,Information Technology,100.0,1.2552937951744267e-07,False,False,0.0,measured_trend,"Measured: 21,700 -> 55,200 tCO2e over 13 yr(s) (10/25/2011 baseline, 2024 assumed current year) = -11.88%/yr observed vs. 4.2%/yr required (1.5C pathway).",86.9,100.0,67.4,with_cross_validation,62.3
COR,Cencora,Health Care,100.0,5.896060852935022e-07,False,False,0.0,measured_trend,"Measured: 98,742 -> 108,712 tCO2e over 5 yr(s) (09/30/2019 baseline, 2024 assumed current year) = -2.02%/yr observed vs. 4.2%/yr required (1.5C pathway).",86.3,100.0,65.8,with_cross_validation,62.1
AMD,Advanced Micro Devices,Information Technology,98.8,1.128313709270684e-06,False,False,0.0,measured_trend,"Measured: 6,412 -> 10,008 tCO2e over 4 yr(s) (12/31/2020 baseline, 2024 assumed current year) = -14.02%/yr observed vs. 2.5%/yr required (well-below-2C pathway).",87.2,100.0,68.0,with_cross_validation,62.0
CRWD,CrowdStrike,Information Technology,94.0,3.696379440906485e-06,True,True,80.0,target_ambition,SBTi points: 2/2 for validation status (Targets set) + 2/2 for ambition (1.5°C) + 0/1 for a net-zero target (Commitment removed) = 4/5 -> 80.0.,12.0,12.0,,disclosure_quality_only,62.0
ZBRA,Zebra Technologies,Information Technology,95.5,2.9138498056291453e-06,False,False,0.0,measured_trend,"Measured: 2,100 -> 3,548 tCO2e over 4 yr(s) (12/31/2020 baseline, 2024 assumed current year) = -17.24%/yr observed vs. 4.2%/yr required (1.5C pathway).",90.4,100.0,75.9,with_cross_validation,62.0
TECH,Bio-Techne,Health Care,64.6,8.112661564529104e-06,True,True,80.0,target_ambition,SBTi points: 2/2 for validation status (Targets set) + 2/2 for ambition (1.5°C) + 0/1 for a net-zero target (none) = 4/5 -> 80.0.,41.0,12.0,84.5,with_cross_validation,61.9
CBRE,CBRE Group,Real Estate,100.0,2.6852508168034483e-06,False,False,0.0,measured_trend,"Measured: 62,337 -> 62,337 tCO2e over 5 yr(s) (12/31/2019 baseline, 2024 assumed current year) = 0.00%/yr observed vs. 4.2%/yr required (1.5C pathway).",85.7,100.0,64.2,with_cross_validation,61.9
WST,West Pharmaceutical Services,Health Care,57.6,9.60514645589117e-06,True,True,80.0,target_ambition,SBTi points: 2/2 for validation status (Targets set) + 2/2 for ambition (1.5°C) + 0/1 for a net-zero target (none) = 4/5 -> 80.0.,46.8,12.0,99.1,with_cross_validation,61.5
DVN,Devon Energy,Energy,79.3,0.0002523827315245447,False,False,20,no_commitment,No SBTi match -- no visible forward-looking climate target.,85.0,80.0,92.5,with_cross_validation,61.4
GEHC,GE HealthCare,Health Care,71.0,6.777833201709897e-06,True,True,100.0,target_ambition,SBTi points: 2/2 for validation status (Targets set) + 2/2 for ambition (1.5°C) + 1/1 for a net-zero target (Targets set) = 5/5 -> 100.0.,12.0,12.0,,disclosure_quality_only,61.0
NEM,Newmont,Materials,89.0,0.00013869762048835147,False,True,60.0,target_ambition,SBTi points: 2/2 for validation status (Targets set) + 1/2 for ambition (Well-below 2°C) + 0/1 for a net-zero target (none) = 3/5 -> 60.0.,34.0,34.0,,disclosure_quality_only,61.0
SBUX,Starbucks,Consumer Discretionary,59.2,2.0340499195200244e-05,True,True,80.0,target_ambition,SBTi points: 2/2 for validation status (Targets set) + 2/2 for ambition (1.5°C) + 0/1 for a net-zero target (none) = 4/5 -> 80.0.,43.5,12.0,90.7,with_cross_validation,60.9
WBD,Warner Bros. Discovery,Communication Services,84.9,5.4529971665837415e-06,False,False,20,no_commitment,No SBTi match -- no visible forward-looking climate target.,77.3,72.0,85.2,with_cross_validation,60.7
COP,ConocoPhillips,Energy,77.5,0.00027045097655940966,False,False,20,no_commitment,No SBTi match -- no visible forward-looking climate target.,84.3,80.0,90.7,with_cross_validation,60.6
CEG,Constellation Energy,Utilities,94.3,0.00027537207623159164,False,False,0.0,measured_trend,"Measured: 7,982,743 -> 8,237,643 tCO2e over 4 yr(s) (12/31/2020 baseline, 2024 assumed current year) = -0.80%/yr observed vs. 4.2%/yr required (1.5C pathway).",87.5,100.0,68.7,with_cross_validation,60.6
LLY,Lilly (Eli),Health Care,70.7,6.841061090737198e-06,False,False,20,no_commitment,No SBTi match -- no visible forward-looking climate target.,91.2,90.0,92.9,with_cross_validation,60.6
VEEV,Veeva Systems,Health Care,66.2,7.773868936597377e-06,True,True,80.0,target_ambition,SBTi points: 2/2 for validation status (Targets set) + 2/2 for ambition (1.5°C) + 0/1 for a net-zero target (none) = 4/5 -> 80.0.,35.2,12.0,70.0,with_cross_validation,60.5
FSLR,First Solar,Information Technology,0.0,0.00014654696714456192,False,False,100.0,target_ambition,SBTi points: 2/2 for validation status (Targets set) + 2/2 for ambition (1.5°C) + 1/1 for a net-zero target (Targets set) = 5/5 -> 100.0.,81.0,90.0,67.5,with_cross_validation,60.3
DECK,Deckers Brands,Consumer Discretionary,88.1,6.836679093233969e-06,True,True,80.0,target_ambition,SBTi points: 2/2 for validation status (Targets set) + 2/2 for ambition (1.5°C) + 0/1 for a net-zero target (none) = 4/5 -> 80.0.,12.0,12.0,,disclosure_quality_only,60.0
KVUE,Kenvue,Consumer Staples,80.3,1.367296209761163e-05,False,False,0.0,measured_trend,"Measured: 73,841 -> 73,841 tCO2e over 4 yr(s) (12/31/2020 baseline, 2024 assumed current year) = 0.00%/yr observed vs. 4.2%/yr required (1.5C pathway).",99.1,100.0,97.7,with_cross_validation,59.8
LOW,Lowe's,Consumer Discretionary,74.4,1.3250177528670462e-05,False,False,20,no_commitment,No SBTi match -- no visible forward-looking climate target.,85.0,90.0,77.4,with_cross_validation,59.8
GLW,Corning Inc.,Information Technology,0.0,0.00022585047027928084,False,False,90.8,measured_trend,"Measured: 821,477 -> 727,468 tCO2e over 3 yr(s) (12/31/2021 baseline, 2024 assumed current year) = 3.81%/yr observed vs. 4.2%/yr required (1.5C pathway).",87.9,100.0,69.7,with_cross_validation,59.6
NTRS,Northern Trust,Financials,93.9,1.1087776719771602e-06,True,True,40.0,target_ambition,SBTi points: 1/2 for validation status (Committed) + 0/2 for ambition (unclassified) + 1/1 for a net-zero target (Committed) = 2/5 -> 40.0.,44.5,12.0,93.3,with_cross_validation,59.5
CTSH,Cognizant,Information Technology,78.1,1.227067716884114e-05,False,False,0.0,measured_trend,"Measured: 15,789 -> 15,789 tCO2e over 5 yr(s) (12/31/2019 baseline, 2024 assumed current year) = 0.00%/yr observed vs. 4.2%/yr required (1.5C pathway).",100.0,100.0,,disclosure_quality_only,59.4
ULTA,Ulta Beauty,Consumer Discretionary,86.3,7.698411460869189e-06,True,True,80.0,target_ambition,SBTi points: 2/2 for validation status (Targets set) + 2/2 for ambition (1.5°C) + 0/1 for a net-zero target (none) = 4/5 -> 80.0.,12.0,12.0,,disclosure_quality_only,59.4
IP,International Paper,Materials,63.8,0.0003910733658259755,False,True,60.0,target_ambition,SBTi points: 2/2 for validation status (Targets set) + 1/2 for ambition (Well-below 2°C) + 0/1 for a net-zero target (none) = 3/5 -> 60.0.,54.1,34.0,84.1,with_cross_validation,59.3
MOS,Mosaic Company (The),Materials,66.3,0.00036599816633384446,False,False,20,no_commitment,No SBTi match -- no visible forward-looking climate target.,91.2,90.0,92.9,with_cross_validation,59.2
CL,Colgate-Palmolive,Consumer Staples,67.3,2.0007602946134786e-05,False,False,20,no_commitment,No SBTi match -- no visible forward-looking climate target.,90.0,90.0,,disclosure_quality_only,59.1
EIX,Edison International,Utilities,99.3,6.409779967459546e-05,False,True,20,no_commitment,No SBTi match -- no visible forward-looking climate target.,58.1,34.0,94.2,with_cross_validation,59.1
REG,Regency Centers,Real Estate,83.2,3.823694760848069e-05,True,True,60.0,target_ambition,SBTi points: 2/2 for validation status (Targets set) + 1/2 for ambition (Well-below 2°C) + 0/1 for a net-zero target (none) = 3/5 -> 60.0.,34.2,12.0,67.5,with_cross_validation,59.1
CMG,Chipotle Mexican Grill,Consumer Discretionary,54.9,2.237070949302444e-05,True,True,80.0,target_ambition,SBTi points: 2/2 for validation status (Targets set) + 2/2 for ambition (1.5°C) + 0/1 for a net-zero target (none) = 4/5 -> 80.0.,42.2,12.0,87.4,with_cross_validation,59.0
ESS,Essex Property Trust,Real Estate,55.1,9.698704255663977e-05,True,True,80.0,target_ambition,SBTi points: 2/2 for validation status (Targets set) + 2/2 for ambition (1.5°C) + 0/1 for a net-zero target (none) = 4/5 -> 80.0.,41.6,12.0,86.0,with_cross_validation,58.9
NOC,Northrop Grumman,Industrials,98.6,1.1278631529500877e-05,False,True,20,no_commitment,No SBTi match -- no visible forward-looking climate target.,58.1,34.0,94.3,with_cross_validation,58.9
WAT,Waters Corporation,Health Care,80.6,4.75530581627718e-06,False,False,0.0,measured_trend,"Measured: 14,759 -> 14,759 tCO2e over 1 yr(s) (12/31/2024 baseline, 2024 assumed current year) = 0.00%/yr observed vs. 4.2%/yr required (1.5C pathway).",96.2,100.0,90.6,with_cross_validation,58.9
EW,Edwards Lifesciences,Health Care,82.2,4.403052663283681e-06,False,False,0.0,measured_trend,"Measured: 7,985 -> 7,985 tCO2e over 3 yr(s) (12/31/2021 baseline, 2024 assumed current year) = 0.00%/yr observed vs. 4.2%/yr required (1.5C pathway).",94.2,100.0,85.5,with_cross_validation,58.8
AON,Aon plc,Financials,82.2,2.6558569409101288e-06,False,False,0.0,measured_trend,"Measured: 14,464 -> 22,583 tCO2e over 5 yr(s) (12/31/2019 baseline, 2024 assumed current year) = -11.23%/yr observed vs. 4.2%/yr required (1.5C pathway).",93.2,100.0,83.0,with_cross_validation,58.5
BSX,Boston Scientific,Health Care,80.0,4.882882513336727e-06,False,False,0.0,measured_trend,"Measured: 79,002 -> 82,704 tCO2e over 5 yr(s) (12/31/2019 baseline, 2024 assumed current year) = -0.94%/yr observed vs. 4.2%/yr required (1.5C pathway).",95.5,100.0,88.9,with_cross_validation,58.5
KIM,Kimco Realty,Real Estate,81.8,4.1022041616589564e-05,True,True,60.0,target_ambition,SBTi points: 2/2 for validation status (Targets set) + 1/2 for ambition (Well-below 2°C) + 0/1 for a net-zero target (none) = 3/5 -> 60.0.,33.8,12.0,66.5,with_cross_validation,58.5
DTE,DTE Energy,Utilities,68.2,0.0013814150854009135,False,False,20,no_commitment,No SBTi match -- no visible forward-looking climate target.,86.8,80.0,97.1,with_cross_validation,58.3
GPN,Global Payments,Financials,64.2,5.046956397149744e-06,False,False,20,no_commitment,No SBTi match -- no visible forward-looking climate target.,90.5,90.0,91.3,with_cross_validation,58.2
REGN,Regeneron Pharmaceuticals,Health Care,66.3,7.765980593617557e-06,False,False,20,no_commitment,No SBTi match -- no visible forward-looking climate target.,88.2,90.0,85.6,with_cross_validation,58.2
SBAC,SBA Communications,Real Estate,65.7,7.479344322940648e-05,True,True,80.0,target_ambition,SBTi points: 2/2 for validation status (Targets set) + 2/2 for ambition (1.5°C) + 0/1 for a net-zero target (none) = 4/5 -> 80.0.,28.8,12.0,53.9,with_cross_validation,58.2
HII,Huntington Ingalls Industries,Industrials,97.5,1.4515426127955183e-05,False,True,20,no_commitment,No SBTi match -- no visible forward-looking climate target.,56.1,34.0,89.3,with_cross_validation,57.9
SJM,J.M. Smucker Company (The),Consumer Staples,71.2,1.81331021307753e-05,False,False,16.5,measured_trend,"Measured: 171,356 -> 165,414 tCO2e over 5 yr(s) (12/31/2019 baseline, 2024 assumed current year) = 0.69%/yr observed vs. 4.2%/yr required (1.5C pathway).",85.9,82.0,91.7,with_cross_validation,57.9
PAYX,Paychex,Industrials,97.8,1.3698956149193548e-05,True,False,20,no_commitment,No SBTi match -- no visible forward-looking climate target.,55.7,56.0,55.2,with_cross_validation,57.8
AMT,American Tower,Real Estate,75.7,5.3787175215878534e-05,True,True,60.0,target_ambition,SBTi points: 2/2 for validation status (Targets set) + 1/2 for ambition (Well-below 2°C) + 0/1 for a net-zero target (none) = 3/5 -> 60.0.,37.2,12.0,75.0,with_cross_validation,57.6
ITW,Illinois Tool Works,Industrials,97.3,1.4953494269775281e-05,False,True,20,no_commitment,No SBTi match -- no visible forward-looking climate target.,55.5,34.0,87.7,with_cross_validation,57.6
TJX,TJX Companies,Consumer Discretionary,85.4,8.121161477850547e-06,False,False,0.0,measured_trend,"Measured: 69,695 -> 143,258 tCO2e over 14 yr(s) (01/31/2010 baseline, 2024 assumed current year) = -7.54%/yr observed vs. 4.2%/yr required (1.5C pathway).",87.0,100.0,67.4,with_cross_validation,57.5
HD,Home Depot,Consumer Discretionary,85.5,8.053843017884457e-06,False,False,0.0,measured_trend,"Measured: 607,055 -> 628,738 tCO2e over 3 yr(s) (01/31/2021 baseline, 2024 assumed current year) = -1.19%/yr observed vs. 4.2%/yr required (1.5C pathway).",86.7,100.0,66.8,with_cross_validation,57.4
CHD,Church & Dwight,Consumer Staples,74.4,1.655809016874687e-05,False,False,0.0,measured_trend,"Measured: 81,240 -> 89,596 tCO2e over 8 yr(s) (12/31/2016 baseline, 2024 assumed current year) = -1.29%/yr observed vs. 4.2%/yr required (1.5C pathway).",97.9,100.0,94.7,with_cross_validation,57.4
GS,Goldman Sachs,Financials,95.0,9.592171100011809e-07,False,True,20,no_commitment,No SBTi match -- no visible forward-looking climate target.,57.2,34.0,92.1,with_cross_validation,57.4
ATO,Atmos Energy,Utilities,99.8,3.9063209536060624e-05,False,True,20,no_commitment,No SBTi match -- no visible forward-looking climate target.,52.2,34.0,79.5,with_cross_validation,57.3
D,Dominion Energy,Utilities,61.7,0.0016539401674566935,False,False,20,no_commitment,No SBTi match -- no visible forward-looking climate target.,90.1,90.0,90.3,with_cross_validation,57.3
BA,Boeing,Industrials,99.1,9.844177072079175e-06,False,True,20,no_commitment,No SBTi match -- no visible forward-looking climate target.,52.1,34.0,79.3,with_cross_validation,57.1
CNP,CenterPoint Energy,Utilities,91.3,0.0004000856813328414,False,True,20,no_commitment,No SBTi match -- no visible forward-looking climate target.,60.1,34.0,99.2,with_cross_validation,57.1
EOG,EOG Resources,Energy,100.0,2.9404498519403884e-05,False,True,20,no_commitment,No SBTi match -- no visible forward-looking climate target.,50.9,34.0,76.2,with_cross_validation,57.0
LMT,Lockheed Martin,Industrials,99.4,8.903698514802766e-06,False,True,20,no_commitment,No SBTi match -- no visible forward-looking climate target.,51.5,34.0,77.7,with_cross_validation,57.0
GOOGL,Alphabet Inc. (Class A),Communication Services,67.5,7.85617231567053e-06,False,False,14.5,measured_trend,"Measured: 81,900 -> 79,400 tCO2e over 5 yr(s) (12/31/2019 baseline, 2024 assumed current year) = 0.61%/yr observed vs. 4.2%/yr required (1.5C pathway).",88.6,100.0,71.5,with_cross_validation,56.9
GOOG,Alphabet Inc. (Class C),Communication Services,67.5,7.85617231567053e-06,False,False,14.5,measured_trend,"Measured: 81,900 -> 79,400 tCO2e over 5 yr(s) (12/31/2019 baseline, 2024 assumed current year) = 0.61%/yr observed vs. 4.2%/yr required (1.5C pathway).",88.6,100.0,71.5,with_cross_validation,56.9
USB,U.S. Bancorp,Financials,63.9,5.083016738966841e-06,False,False,20,no_commitment,No SBTi match -- no visible forward-looking climate target.,86.1,90.0,80.3,with_cross_validation,56.7
HWM,Howmet Aerospace,Industrials,94.5,2.330177771817142e-05,False,True,20,no_commitment,No SBTi match -- no visible forward-looking climate target.,55.1,34.0,86.7,with_cross_validation,56.5
OKE,Oneok,Energy,95.1,9.60924911472033e-05,False,True,20,no_commitment,No SBTi match -- no visible forward-looking climate target.,54.4,34.0,85.1,with_cross_validation,56.5
MLM,Martin Marietta Materials,Materials,31.6,0.000713630720992823,False,True,80.0,target_ambition,SBTi points: 2/2 for validation status (Targets set) + 2/2 for ambition (1.5°C) + 0/1 for a net-zero target (none) = 4/5 -> 80.0.,57.2,34.0,92.1,with_cross_validation,56.3
TSCO,Tractor Supply,Consumer Discretionary,73.3,1.377714483037683e-05,False,False,10,target_ambition,SBTi commitment removed -- negative signal.,85.6,90.0,79.1,with_cross_validation,56.3
MU,Micron Technology,Information Technology,90.8,5.412319890202313e-06,False,True,20,no_commitment,No SBTi match -- no visible forward-looking climate target.,57.7,34.0,93.2,with_cross_validation,56.2
FCX,Freeport-McMoRan,Materials,72.9,0.00030014590345260763,False,False,0.0,measured_trend,"Measured: 4,964,720 -> 5,139,523 tCO2e over 6 yr(s) (12/31/2018 baseline, 2024 assumed current year) = -0.59%/yr observed vs. 4.2%/yr required (1.5C pathway).",95.3,100.0,88.3,with_cross_validation,56.1
XOM,ExxonMobil,Energy,92.9,0.00011779422420424594,False,True,20,no_commitment,No SBTi match -- no visible forward-looking climate target.,55.0,34.0,86.5,with_cross_validation,56.0
FITB,Fifth Third Bancorp,Financials,56.7,6.028925478054345e-06,False,False,20,no_commitment,No SBTi match -- no visible forward-looking climate target.,91.3,90.0,93.2,with_cross_validation,56.0
CAT,Caterpillar Inc.,Industrials,97.7,1.3743249355656171e-05,False,True,20,no_commitment,No SBTi match -- no visible forward-looking climate target.,50.1,34.0,74.4,with_cross_validation,55.9
KO,Coca-Cola Company (The),Consumer Staples,57.2,2.49346892995173e-05,False,False,20,no_commitment,No SBTi match -- no visible forward-looking climate target.,90.6,90.0,91.6,with_cross_validation,55.9
TXT,Textron,Industrials,98.2,1.2355204134017562e-05,False,True,20,no_commitment,No SBTi match -- no visible forward-looking climate target.,49.3,34.0,72.3,with_cross_validation,55.8
ALB,Albemarle Corporation,Materials,88.0,0.00014935237979493238,False,True,20,no_commitment,No SBTi match -- no visible forward-looking climate target.,59.1,34.0,96.7,with_cross_validation,55.7
CVX,Chevron Corporation,Energy,92.4,0.00012253873227037002,False,True,20,no_commitment,No SBTi match -- no visible forward-looking climate target.,54.4,34.0,85.0,with_cross_validation,55.6
HAL,Halliburton,Energy,89.5,0.0001512390348111955,False,True,20,no_commitment,No SBTi match -- no visible forward-looking climate target.,57.4,34.0,92.6,with_cross_validation,55.6
RTX,RTX Corporation,Industrials,99.1,9.87120936565997e-06,False,True,20,no_commitment,No SBTi match -- no visible forward-looking climate target.,47.7,34.0,68.1,with_cross_validation,55.6
NEE,NextEra Energy,Utilities,65.0,0.0015134327171624118,False,False,20,no_commitment,No SBTi match -- no visible forward-looking climate target.,80.9,72.0,94.4,with_cross_validation,55.3
APO,Apollo Global Management,Financials,99.1,4.1676498529844604e-07,True,True,20,no_commitment,No SBTi match -- no visible forward-looking climate target.,46.8,12.0,98.9,with_cross_validation,55.3
PEG,Public Service Enterprise Group,Utilities,100.0,1.2109352262217157e-05,False,True,20,no_commitment,No SBTi match -- no visible forward-looking climate target.,45.5,34.0,62.7,with_cross_validation,55.2
STX,Seagate Technology,Information Technology,6.8,5.045764525244391e-05,False,False,80.0,target_ambition,SBTi points: 2/2 for validation status (Targets set) + 2/2 for ambition (1.5°C) + 0/1 for a net-zero target (none) = 4/5 -> 80.0.,78.8,90.0,62.1,with_cross_validation,55.2
NI,NiSource,Utilities,85.2,0.0006601744910807355,False,True,20,no_commitment,No SBTi match -- no visible forward-looking climate target.,60.0,34.0,99.0,with_cross_validation,55.1
APA,APA Corporation,Energy,87.1,0.0001750184966396716,False,True,20,no_commitment,No SBTi match -- no visible forward-looking climate target.,57.9,34.0,93.7,with_cross_validation,55.0
ACGL,Arch Capital Group,Financials,98.6,4.862468801996672e-07,True,True,20,no_commitment,No SBTi match -- no visible forward-looking climate target.,46.1,12.0,97.3,with_cross_validation,54.9
CBOE,Cboe Global Markets,Financials,98.8,4.611858409290837e-07,True,True,20,no_commitment,No SBTi match -- no visible forward-looking climate target.,46.0,12.0,97.1,with_cross_validation,54.9
AVGO,Broadcom,Information Technology,97.0,2.1110943857375724e-06,False,True,10,target_ambition,SBTi commitment removed -- negative signal.,56.8,34.0,90.9,with_cross_validation,54.6
EG,Everest Group,Financials,99.1,4.195126316106276e-07,True,True,20,no_commitment,No SBTi match -- no visible forward-looking climate target.,44.7,12.0,93.8,with_cross_validation,54.6
IVZ,Invesco,Financials,97.2,6.736834636420651e-07,True,True,20,no_commitment,No SBTi match -- no visible forward-looking climate target.,46.6,12.0,98.5,with_cross_validation,54.6
PNR,Pentair,Industrials,96.7,1.6805772701637805e-05,True,True,20,no_commitment,No SBTi match -- no visible forward-looking climate target.,47.0,12.0,99.6,with_cross_validation,54.6
PRU,Prudential Financial,Financials,98.3,5.277029969058005e-07,True,True,20,no_commitment,No SBTi match -- no visible forward-looking climate target.,45.6,12.0,96.1,with_cross_validation,54.6
SNA,Snap-on,Industrials,96.5,1.7523403393571234e-05,True,True,20,no_commitment,No SBTi match -- no visible forward-looking climate target.,47.2,12.0,100.0,with_cross_validation,54.6
APTV,Aptiv,Consumer Discretionary,64.5,1.7861633130351634e-05,False,False,0.0,measured_trend,"Measured: 20,388 -> 21,515 tCO2e over 3 yr(s) (12/31/2021 baseline, 2024 assumed current year) = -1.84%/yr observed vs. 4.2%/yr required (1.5C pathway).",99.0,100.0,97.6,with_cross_validation,54.5
GL,Globe Life,Financials,98.2,5.378266440752301e-07,True,True,20,no_commitment,No SBTi match -- no visible forward-looking climate target.,45.3,12.0,95.3,with_cross_validation,54.5
IQV,IQVIA,Health Care,36.7,1.399932279950794e-05,True,True,100.0,target_ambition,SBTi points: 2/2 for validation status (Targets set) + 2/2 for ambition (1.5°C) + 1/1 for a net-zero target (Targets set) = 5/5 -> 100.0.,26.9,12.0,49.3,with_cross_validation,54.5
MS,Morgan Stanley,Financials,97.2,6.718649014233532e-07,True,True,20,no_commitment,No SBTi match -- no visible forward-looking climate target.,46.0,12.0,97.0,with_cross_validation,54.4
AIG,American International Group,Financials,97.7,6.033958048091045e-07,True,True,20,no_commitment,No SBTi match -- no visible forward-looking climate target.,45.3,12.0,95.2,with_cross_validation,54.3
MAS,Masco,Industrials,96.5,1.727463312628689e-05,True,True,20,no_commitment,No SBTi match -- no visible forward-looking climate target.,46.5,12.0,98.2,with_cross_validation,54.3
AMGN,Amgen,Health Care,63.3,8.400892604373274e-06,False,False,0.0,measured_trend,"Measured: 135,954 -> 160,184 tCO2e over 5 yr(s) (12/31/2019 baseline, 2024 assumed current year) = -3.56%/yr observed vs. 4.2%/yr required (1.5C pathway).",99.3,100.0,98.2,with_cross_validation,54.2
ERIE,Erie Indemnity,Financials,96.0,8.293544516431974e-07,True,True,20,no_commitment,No SBTi match -- no visible forward-looking climate target.,46.5,12.0,98.3,with_cross_validation,54.2
GEN,Gen Digital,Information Technology,96.7,2.2688717965725936e-06,True,True,20,no_commitment,No SBTi match -- no visible forward-looking climate target.,46.0,12.0,97.1,with_cross_validation,54.2
ICE,Intercontinental Exchange,Financials,96.9,7.114699667486119e-07,True,True,20,no_commitment,No SBTi match -- no visible forward-looking climate target.,45.6,12.0,96.0,with_cross_validation,54.2
VLO,Valero Energy,Energy,85.5,0.0001915584249196091,False,True,20,no_commitment,No SBTi match -- no visible forward-looking climate target.,57.2,34.0,92.0,with_cross_validation,54.2
DDOG,Datadog,Information Technology,98.1,1.5207759089694624e-06,True,True,20,no_commitment,No SBTi match -- no visible forward-looking climate target.,44.3,12.0,92.7,with_cross_validation,54.1
BLDR,Builders FirstSource,Industrials,97.1,1.5683850124560048e-05,True,True,20,no_commitment,No SBTi match -- no visible forward-looking climate target.,44.8,12.0,94.1,with_cross_validation,54.0
FIX,Comfort Systems USA,Industrials,97.0,1.5998167003530455e-05,True,True,20,no_commitment,No SBTi match -- no visible forward-looking climate target.,45.1,12.0,94.7,with_cross_validation,54.0
NDSN,Nordson Corporation,Industrials,96.1,1.8456068633426075e-05,True,True,20,no_commitment,No SBTi match -- no visible forward-looking climate target.,45.9,12.0,96.7,with_cross_validation,54.0
AME,Ametek,Industrials,95.9,1.914529124597758e-05,True,True,20,no_commitment,No SBTi match -- no visible forward-looking climate target.,45.7,12.0,96.2,with_cross_validation,53.9
BEN,Franklin Resources,Financials,97.1,6.766444248221363e-07,True,True,20,no_commitment,No SBTi match -- no visible forward-looking climate target.,44.7,12.0,93.8,with_cross_validation,53.9
TYL,Tyler Technologies,Information Technology,97.1,2.0708272063781866e-06,True,True,20,no_commitment,No SBTi match -- no visible forward-looking climate target.,44.7,12.0,93.8,with_cross_validation,53.9
CB,Chubb Limited,Financials,97.9,5.750080828228663e-07,True,True,20,no_commitment,No SBTi match -- no visible forward-looking climate target.,43.5,12.0,90.7,with_cross_validation,53.8
SYF,Synchrony Financial,Financials,95.1,9.435607833620872e-07,True,True,20,no_commitment,No SBTi match -- no visible forward-looking climate target.,46.3,12.0,97.7,with_cross_validation,53.8
TROW,T. Rowe Price,Financials,97.3,6.510932560590095e-07,True,True,20,no_commitment,No SBTi match -- no visible forward-looking climate target.,44.2,12.0,92.4,with_cross_validation,53.8
WRB,W. R. Berkley Corporation,Financials,98.2,5.362006641415139e-07,True,True,20,no_commitment,No SBTi match -- no visible forward-looking climate target.,43.1,12.0,89.7,with_cross_validation,53.8
GDDY,GoDaddy,Information Technology,96.0,2.6531808594088946e-06,True,True,20,no_commitment,No SBTi match -- no visible forward-looking climate target.,45.2,12.0,95.0,with_cross_validation,53.7
PSX,Phillips 66,Energy,82.5,0.00022115672489474763,False,True,20,no_commitment,No SBTi match -- no visible forward-looking climate target.,58.5,34.0,95.3,with_cross_validation,53.7
RJF,Raymond James Financial,Financials,96.7,7.326640666091864e-07,True,True,20,no_commitment,No SBTi match -- no visible forward-looking climate target.,44.3,12.0,92.8,with_cross_validation,53.7
URI,United Rentals,Industrials,97.4,1.476650427756654e-05,True,True,20,no_commitment,No SBTi match -- no visible forward-looking climate target.,43.7,12.0,91.2,with_cross_validation,53.7
MPC,Marathon Petroleum,Energy,84.1,0.00020488581558804388,False,True,20,no_commitment,No SBTi match -- no visible forward-looking climate target.,56.8,34.0,91.1,with_cross_validation,53.6
COF,Capital One,Financials,96.0,8.325629099671749e-07,True,True,20,no_commitment,No SBTi match -- no visible forward-looking climate target.,44.5,12.0,93.3,with_cross_validation,53.5
PNC,PNC Financial Services,Financials,94.5,1.0211686093921166e-06,True,True,20,no_commitment,No SBTi match -- no visible forward-looking climate target.,46.0,12.0,96.9,with_cross_validation,53.5
STLD,Steel Dynamics,Materials,82.2,0.000207583693366386,False,True,20,no_commitment,No SBTi match -- no visible forward-looking climate target.,58.4,34.0,95.0,with_cross_validation,53.5
ALL,Allstate,Financials,97.8,5.831786025724492e-07,True,True,20,no_commitment,No SBTi match -- no visible forward-looking climate target.,42.5,12.0,88.1,with_cross_validation,53.4
XYZ,"Block, Inc.",Financials,100.0,1.3621136645359269e-07,False,False,0.0,measured_trend,"Measured: 842 -> 983 tCO2e over 5 yr(s) (12/31/2019 baseline, 2024 assumed current year) = -3.35%/yr observed vs. 4.2%/yr required (1.5C pathway).",60.2,100.0,0.4,with_cross_validation,53.4
BX,Blackstone Inc.,Financials,98.7,4.6495235134718837e-07,True,True,20,no_commitment,No SBTi match -- no visible forward-looking climate target.,41.4,12.0,85.5,with_cross_validation,53.4
GNRC,Generac,Industrials,96.8,1.635805082717393e-05,True,True,20,no_commitment,No SBTi match -- no visible forward-looking climate target.,43.3,12.0,90.1,with_cross_validation,53.4
RF,Regions Financial Corporation,Financials,93.5,1.1561619027371202e-06,True,True,20,no_commitment,No SBTi match -- no visible forward-looking climate target.,46.8,12.0,98.9,with_cross_validation,53.4
BNY,BNY Mellon,Financials,94.8,9.871585307878522e-07,True,True,20,no_commitment,No SBTi match -- no visible forward-looking climate target.,45.2,12.0,94.9,with_cross_validation,53.3
FISV,Fiserv,Financials,96.7,7.350964941254187e-07,True,True,20,no_commitment,No SBTi match -- no visible forward-looking climate target.,43.3,12.0,90.2,with_cross_validation,53.3
IEX,IDEX Corporation,Industrials,96.5,1.7400301385326092e-05,True,True,20,no_commitment,No SBTi match -- no visible forward-looking climate target.,43.4,12.0,90.6,with_cross_validation,53.3
JKHY,Jack Henry & Associates,Financials,93.3,1.186241324929388e-06,True,True,20,no_commitment,No SBTi match -- no visible forward-looking climate target.,46.5,12.0,98.2,with_cross_validation,53.3
TDY,Teledyne Technologies,Information Technology,68.5,1.7404147841365464e-05,False,False,20,no_commitment,No SBTi match -- no visible forward-looking climate target.,71.3,62.0,85.4,with_cross_validation,53.3
WFC,Wells Fargo,Financials,94.4,1.0462240501921065e-06,True,True,20,no_commitment,No SBTi match -- no visible forward-looking climate target.,45.6,12.0,96.1,with_cross_validation,53.3
VICI,Vici Properties,Real Estate,97.9,7.245429110387144e-06,True,True,20,no_commitment,No SBTi match -- no visible forward-looking climate target.,41.8,12.0,86.6,with_cross_validation,53.2
KEY,KeyCorp,Financials,94.4,1.0447565053036562e-06,True,True,20,no_commitment,No SBTi match -- no visible forward-looking climate target.,44.8,12.0,93.9,with_cross_validation,53.1
SCHW,Charles Schwab Corporation,Financials,96.7,7.370566490845579e-07,True,True,20,no_commitment,No SBTi match -- no visible forward-looking climate target.,42.2,12.0,87.4,with_cross_validation,53.0
MTB,M&T Bank,Financials,94.5,1.0215850382122872e-06,True,True,20,no_commitment,No SBTi match -- no visible forward-looking climate target.,44.3,12.0,92.8,with_cross_validation,52.9
VRSN,Verisign,Information Technology,97.1,2.0389366676936745e-06,True,True,20,no_commitment,No SBTi match -- no visible forward-looking climate target.,41.5,12.0,85.6,with_cross_validation,52.9
GE,GE Aerospace,Industrials,99.2,9.2977824239303e-06,True,True,20,no_commitment,No SBTi match -- no visible forward-looking climate target.,38.5,12.0,78.3,with_cross_validation,52.6
APP,AppLovin,Communication Services,100.0,3.2888844431975602e-06,True,True,20,no_commitment,No SBTi match -- no visible forward-looking climate target.,37.4,12.0,75.4,with_cross_validation,52.5
CME,CME Group,Financials,98.2,5.311815645520689e-07,True,True,20,no_commitment,No SBTi match -- no visible forward-looking climate target.,39.3,12.0,80.3,with_cross_validation,52.5
DHR,Danaher Corporation,Health Care,64.2,8.213486509033118e-06,False,False,0.0,measured_trend,"Measured: 106,834 -> 109,180 tCO2e over 3 yr(s) (12/31/2021 baseline, 2024 assumed current year) = -0.73%/yr observed vs. 4.2%/yr required (1.5C pathway).",93.3,100.0,83.3,with_cross_validation,52.5
CRL,Charles River Laboratories,Health Care,45.5,1.215840409151937e-05,True,True,80.0,target_ambition,SBTi points: 2/2 for validation status (Targets set) + 2/2 for ambition (1.5°C) + 0/1 for a net-zero target (none) = 4/5 -> 80.0.,31.7,12.0,61.4,with_cross_validation,52.4
CRH,CRH plc,Materials,18.6,0.0008442346216415309,False,True,80.0,target_ambition,SBTi points: 2/2 for validation status (Targets set) + 2/2 for ambition (1.5°C) + 0/1 for a net-zero target (none) = 4/5 -> 80.0.,58.5,37.0,90.8,with_cross_validation,52.4
SWKS,Skyworks Solutions,Information Technology,80.6,1.088007780527702e-05,False,True,20,no_commitment,No SBTi match -- no visible forward-looking climate target.,56.7,34.0,90.8,with_cross_validation,52.4
WY,Weyerhaeuser,Real Estate,27.9,0.00015413486039966788,False,True,80.0,target_ambition,SBTi points: 2/2 for validation status (Targets set) + 2/2 for ambition (1.5°C) + 0/1 for a net-zero target (Commitment removed) = 4/5 -> 80.0.,49.4,34.0,72.5,with_cross_validation,52.4
VLTO,Veralto,Industrials,95.7,1.9607865168539326e-05,True,True,20.0,target_ambition,SBTi points: 1/2 for validation status (Committed) + 0/2 for ambition (unclassified) + 0/1 for a net-zero target (none) = 1/5 -> 20.0.,41.5,12.0,85.7,with_cross_validation,52.4
AOS,A. O. Smith,Industrials,95.7,1.9749822098876997e-05,True,True,20,no_commitment,No SBTi match -- no visible forward-looking climate target.,41.3,12.0,85.1,with_cross_validation,52.3
WAB,Wabtec,Industrials,96.3,1.8119841015135284e-05,True,True,20,no_commitment,No SBTi match -- no visible forward-looking climate target.,40.6,12.0,83.6,with_cross_validation,52.3
C,Citigroup,Financials,93.7,1.1323404576873641e-06,True,True,20,no_commitment,No SBTi match -- no visible forward-looking climate target.,42.7,12.0,88.6,with_cross_validation,52.1
CFG,Citizens Financial Group,Financials,94.8,9.87379005415054e-07,True,True,20,no_commitment,No SBTi match -- no visible forward-looking climate target.,41.4,12.0,85.5,with_cross_validation,52.1
FIS,Fidelity National Information Services,Financials,91.7,1.3966967799269469e-06,True,True,20,no_commitment,No SBTi match -- no visible forward-looking climate target.,44.2,12.0,92.5,with_cross_validation,52.0
GEV,GE Vernova,Industrials,97.1,1.5487666856870457e-05,True,True,20,no_commitment,No SBTi match -- no visible forward-looking climate target.,39.0,12.0,79.5,with_cross_validation,52.0
TDG,TransDigm Group,Industrials,98.8,1.0476704379677641e-05,True,True,20,no_commitment,No SBTi match -- no visible forward-looking climate target.,37.3,12.0,75.4,with_cross_validation,52.0
AJG,Arthur J. Gallagher & Co.,Financials,89.9,1.6415513723490725e-06,True,True,20,no_commitment,No SBTi match -- no visible forward-looking climate target.,45.8,12.0,96.4,with_cross_validation,51.9
CINF,Cincinnati Financial,Financials,98.6,4.842124166532313e-07,True,True,20,no_commitment,No SBTi match -- no visible forward-looking climate target.,37.0,12.0,74.6,with_cross_validation,51.9
FE,FirstEnergy,Utilities,77.5,0.0009856083860524268,False,True,20,no_commitment,No SBTi match -- no visible forward-looking climate target.,58.3,34.0,94.7,with_cross_validation,51.9
HOOD,Robinhood Markets,Financials,98.2,5.353203846395009e-07,True,True,20,no_commitment,No SBTi match -- no visible forward-looking climate target.,37.4,12.0,75.6,with_cross_validation,51.9
LH,Labcorp,Health Care,42.1,1.2873180701454261e-05,True,True,80.0,target_ambition,SBTi points: 2/2 for validation status (Targets set) + 2/2 for ambition (1.5°C) + 0/1 for a net-zero target (none) = 4/5 -> 80.0.,33.3,12.0,65.2,with_cross_validation,51.8
NUE,Nucor,Materials,77.8,0.0002516985269088001,False,True,20,no_commitment,No SBTi match -- no visible forward-looking climate target.,57.6,34.0,93.1,with_cross_validation,51.8
PWR,Quanta Services,Industrials,96.9,1.633709798349103e-05,True,True,20,no_commitment,No SBTi match -- no visible forward-looking climate target.,38.6,12.0,78.6,with_cross_validation,51.8
CPRT,Copart,Industrials,96.7,1.6837116362814222e-05,True,True,20,no_commitment,No SBTi match -- no visible forward-looking climate target.,38.4,12.0,78.0,with_cross_validation,51.7
MSI,Motorola Solutions,Information Technology,94.6,3.401217707639917e-06,True,True,20,no_commitment,No SBTi match -- no visible forward-looking climate target.,40.5,12.0,83.3,with_cross_validation,51.7
BRO,Brown & Brown,Financials,92.1,1.3477712612550864e-06,True,True,20,no_commitment,No SBTi match -- no visible forward-looking climate target.,42.7,12.0,88.8,with_cross_validation,51.6
CTAS,Cintas,Industrials,94.1,2.442693671918342e-05,True,True,20,no_commitment,No SBTi match -- no visible forward-looking climate target.,40.6,12.0,83.5,with_cross_validation,51.6
STT,State Street Corporation,Financials,92.1,1.3458231114243995e-06,True,True,20,no_commitment,No SBTi match -- no visible forward-looking climate target.,42.3,12.0,87.7,with_cross_validation,51.5
TRV,Travelers Companies (The),Financials,98.0,5.656342358926803e-07,True,True,20,no_commitment,No SBTi match -- no visible forward-looking climate target.,36.4,12.0,72.9,with_cross_validation,51.5
FOXA,Fox Corporation (Class A),Communication Services,92.1,4.459523631464269e-06,True,True,20,no_commitment,No SBTi match -- no visible forward-looking climate target.,42.2,12.0,87.5,with_cross_validation,51.4
FOX,Fox Corporation (Class B),Communication Services,92.1,4.459523631464269e-06,True,True,20,no_commitment,No SBTi match -- no visible forward-looking climate target.,42.2,12.0,87.5,with_cross_validation,51.4
UPS,United Parcel Service,Industrials,93.0,2.759541027375473e-05,True,True,20,no_commitment,No SBTi match -- no visible forward-looking climate target.,41.1,12.0,84.7,with_cross_validation,51.4
VRT,Vertiv,Industrials,95.8,1.952247443300492e-05,True,True,20,no_commitment,No SBTi match -- no visible forward-looking climate target.,38.5,12.0,78.1,with_cross_validation,51.4
ODFL,Old Dominion,Industrials,95.0,2.1917885231671383e-05,True,True,20,no_commitment,No SBTi match -- no visible forward-looking climate target.,38.9,12.0,79.3,with_cross_validation,51.3
TRGP,Targa Resources,Energy,76.5,0.000280466832825037,False,True,20,no_commitment,No SBTi match -- no visible forward-looking climate target.,57.4,34.0,92.4,with_cross_validation,51.3
FTV,Fortive,Industrials,96.6,1.7044904515762106e-05,True,True,20,no_commitment,No SBTi match -- no visible forward-looking climate target.,37.0,12.0,74.5,with_cross_validation,51.2
NSC,Norfolk Southern,Industrials,0.0,0.00034131721791250336,False,False,60.0,target_ambition,SBTi points: 2/2 for validation status (Targets set) + 1/2 for ambition (Well-below 2°C) + 0/1 for a net-zero target (none) = 3/5 -> 60.0.,93.7,90.0,99.2,with_cross_validation,51.2
ROL,"Rollins, Inc.",Industrials,92.4,2.9437752887668015e-05,True,True,20,no_commitment,No SBTi match -- no visible forward-looking climate target.,41.2,12.0,84.9,with_cross_validation,51.2
CPAY,Corpay,Financials,94.4,1.0382228676312516e-06,True,True,20,no_commitment,No SBTi match -- no visible forward-looking climate target.,38.7,12.0,78.6,with_cross_validation,51.0
ETR,Entergy,Utilities,37.7,0.002669931372095915,False,False,21.5,measured_trend,"Measured: 45,957,614 -> 35,996,463 tCO2e over 24 yr(s) (12/31/2000 baseline, 2024 assumed current year) = 0.90%/yr observed vs. 4.2%/yr required (1.5C pathway).",93.7,90.0,99.2,with_cross_validation,51.0
LYV,Live Nation Entertainment,Communication Services,91.0,4.5979728324747946e-06,True,True,20,no_commitment,No SBTi match -- no visible forward-looking climate target.,41.9,12.0,86.9,with_cross_validation,51.0
PFG,Principal Financial Group,Financials,96.8,7.257601841121052e-07,True,True,10,target_ambition,SBTi commitment removed -- negative signal.,46.1,12.0,97.3,with_cross_validation,51.0
TSLA,"Tesla, Inc.",Consumer Discretionary,91.5,5.264829650285019e-06,False,True,10,target_ambition,SBTi commitment removed -- negative signal.,51.6,34.0,78.0,with_cross_validation,51.0
UBER,Uber,Industrials,98.7,1.0903141819367709e-05,True,True,20,no_commitment,No SBTi match -- no visible forward-looking climate target.,34.1,12.0,67.1,with_cross_validation,50.9
EXE,Expand Energy,Energy,88.5,0.00016119099546788176,True,True,20,no_commitment,No SBTi match -- no visible forward-looking climate target.,44.0,12.0,92.1,with_cross_validation,50.8
IBM,IBM,Information Technology,90.9,5.383024975467422e-06,True,True,20,no_commitment,No SBTi match -- no visible forward-looking climate target.,41.4,12.0,85.6,with_cross_validation,50.8
FANG,Diamondback Energy,Energy,89.3,0.00015320400797387668,True,True,20,no_commitment,No SBTi match -- no visible forward-looking climate target.,42.5,12.0,88.3,with_cross_validation,50.6
IBKR,Interactive Brokers,Financials,98.4,5.038624867215212e-07,True,True,20,no_commitment,No SBTi match -- no visible forward-looking climate target.,33.4,12.0,65.5,with_cross_validation,50.6
JBHT,J.B. Hunt,Industrials,55.3,0.00013879426662778287,False,False,20,no_commitment,No SBTi match -- no visible forward-looking climate target.,76.6,62.0,98.4,with_cross_validation,50.6
WTW,Willis Towers Watson,Financials,89.2,1.7262522929005028e-06,True,True,20,no_commitment,No SBTi match -- no visible forward-looking climate target.,42.7,12.0,88.7,with_cross_validation,50.6
ECHO,EchoStar,Communication Services,88.4,4.962806765694833e-06,True,True,20,no_commitment,No SBTi match -- no visible forward-looking climate target.,43.2,12.0,90.1,with_cross_validation,50.5
EME,Emcor,Industrials,96.5,1.7288395723476463e-05,True,True,10,target_ambition,SBTi commitment removed -- negative signal.,44.9,12.0,94.1,with_cross_validation,50.5
LYB,LyondellBasell,Materials,32.1,0.0007085149922172456,False,False,22.9,measured_trend,"Measured: 15,600,000 -> 15,000,000 tCO2e over 4 yr(s) (12/31/2020 baseline, 2024 assumed current year) = 0.96%/yr observed vs. 4.2%/yr required (1.5C pathway).",96.5,100.0,91.2,with_cross_validation,50.5
ED,Consolidated Edison,Utilities,97.2,0.00015010217760226915,False,True,20,no_commitment,No SBTi match -- no visible forward-looking climate target.,34.0,34.0,,disclosure_quality_only,50.4
HBAN,Huntington Bancshares,Financials,93.5,1.1613054456057043e-06,True,True,20,no_commitment,No SBTi match -- no visible forward-looking climate target.,37.5,12.0,75.7,with_cross_validation,50.3
EQIX,Equinix,Real Estate,28.1,0.00015371279281098545,True,True,100.0,target_ambition,SBTi points: 2/2 for validation status (Targets set) + 2/2 for ambition (1.5°C) + 1/1 for a net-zero target (Targets set) = 5/5 -> 100.0.,22.1,12.0,37.3,with_cross_validation,50.1
APH,Amphenol,Information Technology,87.0,7.4554179973344295e-06,True,True,20,no_commitment,No SBTi match -- no visible forward-looking climate target.,43.1,12.0,89.8,with_cross_validation,50.0
LUV,Southwest Airlines,Industrials,96.4,1.7576008417014084e-05,True,True,20,no_commitment,No SBTi match -- no visible forward-looking climate target.,32.9,12.0,64.2,with_cross_validation,49.8
PLTR,Palantir Technologies,Information Technology,99.2,9.129229997749375e-07,True,True,10,target_ambition,SBTi commitment removed -- negative signal.,39.8,12.0,81.6,with_cross_validation,49.7
SNDK,Sandisk,Information Technology,97.1,2.04511551525587e-06,True,True,40.0,target_ambition,SBTi points: 1/2 for validation status (Committed) + 0/2 for ambition (unclassified) + 1/1 for a net-zero target (Committed) = 2/5 -> 40.0.,12.0,12.0,,disclosure_quality_only,49.7
ALLE,Allegion,Industrials,95.6,2.0045633821023737e-05,True,True,20,no_commitment,No SBTi match -- no visible forward-looking climate target.,33.2,12.0,64.9,with_cross_validation,49.6
STZ,Constellation Brands,Consumer Staples,83.9,1.1888192725221307e-05,True,True,20,no_commitment,No SBTi match -- no visible forward-looking climate target.,44.8,12.0,93.9,with_cross_validation,49.6
FDS,FactSet,Financials,88.3,1.853055648000101e-06,True,True,20,no_commitment,No SBTi match -- no visible forward-looking climate target.,40.6,12.0,83.6,with_cross_validation,49.6
BIIB,Biogen,Health Care,78.7,5.150609050195801e-06,False,True,10,target_ambition,SBTi commitment removed -- negative signal.,59.4,34.0,97.5,with_cross_validation,49.4
ARE,Alexandria Real Estate Equities,Real Estate,89.1,2.575305669603147e-05,True,True,20,no_commitment,No SBTi match -- no visible forward-looking climate target.,38.8,12.0,79.0,with_cross_validation,49.3
BG,Bunge Global,Consumer Staples,90.8,8.53371417286698e-06,True,True,20,no_commitment,No SBTi match -- no visible forward-looking climate target.,37.0,12.0,74.6,with_cross_validation,49.3
ROP,Roper Technologies,Information Technology,93.7,3.873205062142367e-06,True,True,10,target_ambition,SBTi commitment removed -- negative signal.,44.1,12.0,92.2,with_cross_validation,49.3
AKAM,Akamai Technologies,Information Technology,93.3,4.078690120022006e-06,True,True,10,target_ambition,SBTi commitment removed -- negative signal.,44.2,12.0,92.5,with_cross_validation,49.2
GPC,Genuine Parts Company,Consumer Discretionary,83.2,9.135634135892597e-06,True,True,20,no_commitment,No SBTi match -- no visible forward-looking climate target.,44.3,12.0,92.7,with_cross_validation,49.2
CCI,Crown Castle,Real Estate,80.0,4.483388677466204e-05,True,True,20,no_commitment,No SBTi match -- no visible forward-looking climate target.,47.2,12.0,100.0,with_cross_validation,49.1
PGR,Progressive Corporation,Financials,97.8,5.871707985169139e-07,True,True,20,no_commitment,No SBTi match -- no visible forward-looking climate target.,28.5,12.0,53.1,with_cross_validation,48.8
OXY,Occidental Petroleum,Energy,66.6,0.00037752420609250587,False,True,20,no_commitment,No SBTi match -- no visible forward-looking climate target.,58.8,34.0,96.1,with_cross_validation,48.5
ON,ON Semiconductor,Information Technology,81.6,1.0354545268109796e-05,True,True,20,no_commitment,No SBTi match -- no visible forward-looking climate target.,43.8,12.0,91.6,with_cross_validation,48.5
TTD,Trade Desk (The),Communication Services,80.4,6.065672995910097e-06,True,True,20,no_commitment,No SBTi match -- no visible forward-looking climate target.,43.8,12.0,91.5,with_cross_validation,48.1
F,Ford Motor Company,Consumer Discretionary,51.2,2.4099222112304285e-05,False,False,0.0,measured_trend,"Measured: 1,384,651 -> 1,419,443 tCO2e over 7 yr(s) (12/31/2017 baseline, 2024 assumed current year) = -0.36%/yr observed vs. 4.2%/yr required (1.5C pathway).",92.9,100.0,82.2,with_cross_validation,48.0
PCG,PG&E Corporation,Utilities,100.0,2.5753025501020633e-05,False,True,10,target_ambition,SBTi commitment removed -- negative signal.,34.0,34.0,,disclosure_quality_only,48.0
BAX,Baxter International,Health Care,67.7,7.468904537400195e-06,False,True,20,no_commitment,No SBTi match -- no visible forward-looking climate target.,55.7,34.0,88.4,with_cross_validation,47.8
MRK,Merck & Co.,Health Care,64.4,8.163953384944663e-06,False,True,20,no_commitment,No SBTi match -- no visible forward-looking climate target.,58.9,34.0,96.2,with_cross_validation,47.8
GRMN,Garmin,Consumer Discretionary,81.9,9.75428618686019e-06,True,True,20,no_commitment,No SBTi match -- no visible forward-looking climate target.,41.1,12.0,84.6,with_cross_validation,47.7
COST,Costco,Consumer Staples,82.7,1.2509187006450942e-05,True,True,20,no_commitment,No SBTi match -- no visible forward-looking climate target.,40.2,12.0,82.6,with_cross_validation,47.6
JBL,Jabil,Information Technology,90.5,5.5805150980326825e-06,True,True,10,target_ambition,SBTi commitment removed -- negative signal.,41.4,12.0,85.6,with_cross_validation,47.3
CNC,Centene Corporation,Health Care,84.0,4.02267385993847e-06,True,True,20,no_commitment,No SBTi match -- no visible forward-looking climate target.,37.3,12.0,75.2,with_cross_validation,47.1
UNP,Union Pacific Corporation,Industrials,0.0,0.0004091836534187897,False,False,43.2,measured_trend,"Measured: 11,313,933 -> 10,083,282 tCO2e over 6 yr(s) (12/31/2018 baseline, 2024 assumed current year) = 1.81%/yr observed vs. 4.2%/yr required (1.5C pathway).",98.2,100.0,95.6,with_cross_validation,47.1
AMZN,Amazon,Consumer Discretionary,85.0,8.317500293229362e-06,True,True,10,target_ambition,SBTi commitment removed -- negative signal.,45.6,12.0,96.1,with_cross_validation,46.9
WYNN,Wynn Resorts,Consumer Discretionary,79.1,1.1045191435959883e-05,True,True,20,no_commitment,No SBTi match -- no visible forward-looking climate target.,41.6,12.0,86.1,with_cross_validation,46.9
VRTX,Vertex Pharmaceuticals,Health Care,82.5,4.348282205230672e-06,True,True,20,no_commitment,No SBTi match -- no visible forward-looking climate target.,38.0,12.0,77.0,with_cross_validation,46.8
INTC,Intel,Information Technology,68.8,1.725464140893492e-05,False,True,20,no_commitment,No SBTi match -- no visible forward-looking climate target.,51.3,34.0,77.1,with_cross_validation,46.7
LEN,Lennar,Consumer Discretionary,90.4,5.764720213018123e-06,True,True,20,no_commitment,No SBTi match -- no visible forward-looking climate target.,29.8,12.0,56.4,with_cross_validation,46.7
ADM,Archer Daniels Midland,Consumer Staples,0.0,0.00017819948349611265,False,False,50.7,measured_trend,"Measured: 14,100,000 -> 12,600,000 tCO2e over 5 yr(s) (12/31/2019 baseline, 2024 assumed current year) = 2.13%/yr observed vs. 4.2%/yr required (1.5C pathway).",89.0,100.0,72.6,with_cross_validation,46.6
INCY,Incyte,Health Care,82.7,4.3103479087686635e-06,True,True,20,no_commitment,No SBTi match -- no visible forward-looking climate target.,37.2,12.0,75.1,with_cross_validation,46.6
PODD,Insulet Corporation,Health Care,75.7,5.787449934369295e-06,True,True,20,no_commitment,No SBTi match -- no visible forward-looking climate target.,44.1,12.0,92.3,with_cross_validation,46.6
CVNA,Carvana,Consumer Discretionary,88.7,6.587025863916707e-06,True,True,20,no_commitment,No SBTi match -- no visible forward-looking climate target.,30.9,12.0,59.3,with_cross_validation,46.5
DHI,D. R. Horton,Consumer Discretionary,90.3,5.836737519175053e-06,True,True,20,no_commitment,No SBTi match -- no visible forward-looking climate target.,28.5,12.0,53.3,with_cross_validation,46.3
VST,Vistra Corp.,Utilities,0.0,0.0045002059647177885,False,True,80.0,target_ambition,SBTi points: 2/2 for validation status (Targets set) + 2/2 for ambition (1.5°C) + 0/1 for a net-zero target (none) = 4/5 -> 80.0.,58.9,34.0,96.3,with_cross_validation,46.3
IDXX,Idexx Laboratories,Health Care,71.7,6.619267030840163e-06,True,True,20,no_commitment,No SBTi match -- no visible forward-looking climate target.,46.5,12.0,98.2,with_cross_validation,46.1
DLTR,Dollar Tree,Consumer Staples,38.9,3.3890345392454155e-05,False,False,0.0,measured_trend,"Measured: 204,037 -> 204,037 tCO2e over 1 yr(s) (01/31/2024 baseline, 2024 assumed current year) = 0.00%/yr observed vs. 4.2%/yr required (1.5C pathway).",99.0,100.0,97.5,with_cross_validation,46.0
PHM,PulteGroup,Consumer Discretionary,90.4,5.785668386353969e-06,True,True,20,no_commitment,No SBTi match -- no visible forward-looking climate target.,27.7,12.0,51.2,with_cross_validation,46.0
AZO,AutoZone,Consumer Discretionary,78.9,1.1134089328030596e-05,True,True,20,no_commitment,No SBTi match -- no visible forward-looking climate target.,38.7,12.0,78.7,with_cross_validation,45.9
ADP,Automatic Data Processing,Industrials,95.7,1.986355541823621e-05,True,True,20,no_commitment,No SBTi match -- no visible forward-looking climate target.,21.7,12.0,36.3,with_cross_validation,45.8
DASH,DoorDash,Consumer Discretionary,85.2,8.195009588924354e-06,True,True,20,no_commitment,No SBTi match -- no visible forward-looking climate target.,31.2,12.0,60.1,with_cross_validation,45.5
ORLY,O'Reilly Automotive,Consumer Discretionary,74.8,1.3051096254890759e-05,True,True,20,no_commitment,No SBTi match -- no visible forward-looking climate target.,41.4,12.0,85.4,with_cross_validation,45.4
NVR,"NVR, Inc.",Consumer Discretionary,89.5,6.1785928306176285e-06,True,True,20,no_commitment,No SBTi match -- no visible forward-looking climate target.,26.4,12.0,48.1,with_cross_validation,45.3
CSX,CSX Corporation,Industrials,0.0,0.00030311535281146636,False,False,60.0,target_ambition,SBTi points: 2/2 for validation status (Targets set) + 1/2 for ambition (Well-below 2°C) + 0/1 for a net-zero target (none) = 3/5 -> 60.0.,75.6,62.0,96.0,with_cross_validation,45.2
VMC,Vulcan Materials Company,Materials,71.0,0.00031914124049076624,True,True,20,no_commitment,No SBTi match -- no visible forward-looking climate target.,44.3,12.0,92.9,with_cross_validation,45.1
ROST,Ross Stores,Consumer Discretionary,76.9,1.2088685174816278e-05,True,True,20,no_commitment,No SBTi match -- no visible forward-looking climate target.,38.0,12.0,77.1,with_cross_validation,45.0
CASY,Casey's,Consumer Staples,81.7,1.2994135719988343e-05,True,True,20,no_commitment,No SBTi match -- no visible forward-looking climate target.,33.1,12.0,64.9,with_cross_validation,44.9
CHTR,Charter Communications,Communication Services,73.4,7.035861324513998e-06,True,True,20,no_commitment,No SBTi match -- no visible forward-looking climate target.,41.3,12.0,85.2,with_cross_validation,44.9
APD,Air Products,Materials,67.7,0.0003523291074138593,True,True,20,no_commitment,No SBTi match -- no visible forward-looking climate target.,46.7,12.0,98.7,with_cross_validation,44.8
WEC,WEC Energy Group,Utilities,55.6,0.0019126433620015116,False,True,20,no_commitment,No SBTi match -- no visible forward-looking climate target.,58.5,34.0,95.3,with_cross_validation,44.7
HSY,Hershey Company (The),Consumer Staples,71.0,1.8228741364883043e-05,True,True,20,no_commitment,No SBTi match -- no visible forward-looking climate target.,41.8,12.0,86.4,with_cross_validation,44.3
NCLH,Norwegian Cruise Line Holdings,Consumer Discretionary,77.4,1.1865881661937926e-05,True,True,20,no_commitment,No SBTi match -- no visible forward-looking climate target.,35.6,12.0,70.9,with_cross_validation,44.3
STE,Steris,Health Care,68.3,7.332521855722086e-06,True,True,20.0,target_ambition,SBTi points: 1/2 for validation status (Committed) + 0/2 for ambition (unclassified) + 0/1 for a net-zero target (none) = 1/5 -> 20.0.,43.9,12.0,91.7,with_cross_validation,44.1
KKR,KKR & Co.,Financials,99.1,4.232512749203712e-07,True,True,20,no_commitment,No SBTi match -- no visible forward-looking climate target.,12.0,12.0,,disclosure_quality_only,43.7
AXON,Axon Enterprise,Industrials,98.9,1.0330934599933756e-05,True,True,20,no_commitment,No SBTi match -- no visible forward-looking climate target.,12.0,12.0,,disclosure_quality_only,43.6
HONA,Honeywell Aerospace,Industrials,98.8,1.0534289212139068e-05,True,True,20,no_commitment,No SBTi match -- no visible forward-looking climate target.,12.0,12.0,,disclosure_quality_only,43.6
COHR,Coherent Corp.,Information Technology,27.8,3.9205382011490286e-05,False,False,20,no_commitment,No SBTi match -- no visible forward-looking climate target.,82.6,90.0,71.6,with_cross_validation,43.5
FICO,Fair Isaac,Information Technology,98.5,1.3271780148070003e-06,True,True,20,no_commitment,No SBTi match -- no visible forward-looking climate target.,12.0,12.0,,disclosure_quality_only,43.5
RCL,Royal Caribbean Group,Consumer Discretionary,72.8,1.3995290063001051e-05,True,True,20,no_commitment,No SBTi match -- no visible forward-looking climate target.,37.7,12.0,76.3,with_cross_validation,43.5
SMCI,Supermicro,Information Technology,97.8,1.6692491240324538e-06,True,True,20,no_commitment,No SBTi match -- no visible forward-looking climate target.,12.0,12.0,,disclosure_quality_only,43.3
COIN,Coinbase,Financials,97.7,6.012985679679402e-07,True,True,20,no_commitment,No SBTi match -- no visible forward-looking climate target.,12.0,12.0,,disclosure_quality_only,43.2
TTWO,Take-Two Interactive,Communication Services,69.2,7.614626668412512e-06,True,True,20,no_commitment,No SBTi match -- no visible forward-looking climate target.,40.5,12.0,83.2,with_cross_validation,43.2
CCL,Carnival Corporation,Consumer Discretionary,72.6,1.4117560921411421e-05,True,True,20,no_commitment,No SBTi match -- no visible forward-looking climate target.,36.0,12.0,71.9,with_cross_validation,42.9
HLT,Hilton Worldwide,Consumer Discretionary,0.0,0.0004905983542319749,False,False,33.6,measured_trend,"Measured: 476,036 -> 442,406 tCO2e over 5 yr(s) (12/31/2019 baseline, 2024 assumed current year) = 1.41%/yr observed vs. 4.2%/yr required (1.5C pathway).",94.9,100.0,87.2,with_cross_validation,42.8
INVH,Invitation Homes,Real Estate,67.6,7.089466629755858e-05,True,True,20,no_commitment,No SBTi match -- no visible forward-looking climate target.,40.7,12.0,83.7,with_cross_validation,42.8
PKG,Packaging Corporation of America,Materials,66.5,0.0003640896975326472,True,True,20,no_commitment,No SBTi match -- no visible forward-looking climate target.,42.0,12.0,87.1,with_cross_validation,42.8
TSN,Tyson Foods,Consumer Staples,30.5,3.7985107572411865e-05,False,True,40.0,target_ambition,SBTi points: 2/2 for validation status (Targets set) + 0/2 for ambition (2°C) + 0/1 for a net-zero target (none) = 2/5 -> 40.0.,57.1,34.0,91.7,with_cross_validation,42.5
J,Jacobs Solutions,Industrials,95.3,2.0810697485977377e-05,True,True,20,no_commitment,No SBTi match -- no visible forward-looking climate target.,12.0,12.0,,disclosure_quality_only,42.4
Q,Qnity Electronics,Information Technology,94.5,3.441804307207476e-06,True,True,20,no_commitment,No SBTi match -- no visible forward-looking climate target.,12.0,12.0,,disclosure_quality_only,42.2
ABT,Abbott Laboratories,Health Care,10.8,1.9469786438683404e-05,False,False,27.3,measured_trend,"Measured: 538,000 -> 501,000 tCO2e over 6 yr(s) (12/31/2018 baseline, 2024 assumed current year) = 1.15%/yr observed vs. 4.2%/yr required (1.5C pathway).",88.0,100.0,70.0,with_cross_validation,42.0
AEP,American Electric Power,Utilities,47.9,0.002240641403211748,False,True,20,no_commitment,No SBTi match -- no visible forward-looking climate target.,57.8,34.0,93.6,with_cross_validation,41.9
FDXF,FedEx Freight,Industrials,93.8,2.5469494586713242e-05,True,True,20,no_commitment,No SBTi match -- no visible forward-looking climate target.,12.0,12.0,,disclosure_quality_only,41.9
IRM,Iron Mountain,Real Estate,0.0,0.0004197148573442341,True,True,100.0,target_ambition,SBTi points: 2/2 for validation status (Targets set) + 2/2 for ambition (1.5°C) + 1/1 for a net-zero target (Targets set) = 5/5 -> 100.0.,25.7,12.0,46.2,with_cross_validation,41.9
O,Realty Income,Real Estate,93.7,1.605159635951692e-05,True,True,20,no_commitment,No SBTi match -- no visible forward-looking climate target.,12.0,12.0,,disclosure_quality_only,41.9
SYK,Stryker Corporation,Health Care,73.2,6.300034662103789e-06,True,True,10,target_ambition,SBTi commitment removed -- negative signal.,42.4,12.0,88.0,with_cross_validation,41.9
PSKY,Paramount Skydance Corporation,Communication Services,92.3,4.4321196050131885e-06,True,True,20,no_commitment,No SBTi match -- no visible forward-looking climate target.,12.0,12.0,,disclosure_quality_only,41.4
PNW,Pinnacle West Capital,Utilities,44.2,0.0023967536752601964,False,True,20,no_commitment,No SBTi match -- no visible forward-looking climate target.,59.5,34.0,97.7,with_cross_validation,41.2
DXCM,Dexcom,Health Care,73.0,6.3593937024063444e-06,True,True,10,target_ambition,SBTi commitment removed -- negative signal.,40.4,12.0,82.9,with_cross_validation,41.1
OMC,Omnicom Group,Communication Services,9.5,1.5855064777397984e-05,True,True,80.0,target_ambition,SBTi points: 2/2 for validation status (Targets set) + 2/2 for ambition (1.5°C) + 0/1 for a net-zero target (none) = 4/5 -> 80.0.,33.4,12.0,65.6,with_cross_validation,41.0
TXN,Texas Instruments,Information Technology,0.0,5.806834184778027e-05,False,True,80.0,target_ambition,SBTi points: 2/2 for validation status (Targets set) + 2/2 for ambition (1.5°C) + 0/1 for a net-zero target (none) = 4/5 -> 80.0.,43.1,34.0,56.8,with_cross_validation,41.0
AEE,Ameren,Utilities,45.3,0.002350701762137051,False,True,20,no_commitment,No SBTi match -- no visible forward-looking climate target.,57.0,34.0,91.5,with_cross_validation,40.8
KR,Kroger,Consumer Staples,67.1,2.0132546341294376e-05,True,True,10,target_ambition,SBTi commitment removed -- negative signal.,45.2,12.0,94.9,with_cross_validation,40.8
TKO,TKO Group Holdings,Communication Services,89.6,4.791768557896655e-06,True,True,20,no_commitment,No SBTi match -- no visible forward-looking climate target.,12.0,12.0,,disclosure_quality_only,40.5
BF.B,Brown-Forman,Consumer Staples,55.2,2.5940883356266534e-05,False,True,20,no_commitment,No SBTi match -- no visible forward-looking climate target.,45.8,34.0,63.4,with_cross_validation,40.3
RMD,ResMed,Health Care,74.2,6.099221228701885e-06,True,True,10,target_ambition,SBTi commitment removed -- negative signal.,36.7,12.0,73.8,with_cross_validation,40.3
TPL,Texas Pacific Land Corporation,Energy,88.5,0.0001614629318233969,True,True,20,no_commitment,No SBTi match -- no visible forward-looking climate target.,12.0,12.0,,disclosure_quality_only,40.2
DPZ,Domino's,Consumer Discretionary,87.7,7.061874914141629e-06,True,True,20,no_commitment,No SBTi match -- no visible forward-looking climate target.,12.0,12.0,,disclosure_quality_only,39.9
KMB,Kimberly-Clark,Consumer Staples,0.0,6.619675705099233e-05,False,True,60.0,target_ambition,SBTi points: 2/2 for validation status (Targets set) + 1/2 for ambition (Well-below 2°C) + 0/1 for a net-zero target (none) = 3/5 -> 60.0.,59.1,34.0,96.8,with_cross_validation,39.7
RDDT,Reddit,Communication Services,86.8,5.187787545072143e-06,True,True,20,no_commitment,No SBTi match -- no visible forward-looking climate target.,12.0,12.0,,disclosure_quality_only,39.6
HCA,HCA Healthcare,Health Care,60.3,9.03272687102787e-06,True,True,20,no_commitment,No SBTi match -- no visible forward-looking climate target.,38.3,12.0,77.7,with_cross_validation,39.5
SRE,Sempra,Utilities,55.6,0.001911391632231405,True,True,20,no_commitment,No SBTi match -- no visible forward-looking climate target.,42.7,12.0,88.8,with_cross_validation,39.4
MTD,Mettler Toledo,Health Care,50.6,1.1082120436781165e-05,True,True,20,no_commitment,No SBTi match -- no visible forward-looking climate target.,47.1,12.0,99.7,with_cross_validation,39.2
SOLV,Solventum,Health Care,64.6,8.127990247848046e-06,True,True,40.0,target_ambition,SBTi points: 1/2 for validation status (Committed) + 0/2 for ambition (unclassified) + 1/1 for a net-zero target (Committed) = 2/5 -> 40.0.,12.0,12.0,,disclosure_quality_only,38.9
DG,Dollar General,Consumer Staples,48.9,2.9010831627350993e-05,True,True,20,no_commitment,No SBTi match -- no visible forward-looking climate target.,46.6,12.0,98.4,with_cross_validation,38.5
COO,Cooper Companies,Health Care,54.9,1.0169581303245344e-05,True,True,20,no_commitment,No SBTi match -- no visible forward-looking climate target.,39.4,12.0,80.6,with_cross_validation,38.1
DOW,Dow Inc.,Materials,18.3,0.0008465839366785868,False,False,0.0,measured_trend,"Measured: 28,760,000 -> 28,760,000 tCO2e over 4 yr(s) (12/31/2020 baseline, 2024 assumed current year) = 0.00%/yr observed vs. 4.2%/yr required (1.5C pathway).",95.6,100.0,89.1,with_cross_validation,38.0
NWSA,News Corp (Class A),Communication Services,61.0,8.749922711561832e-06,True,True,20,no_commitment,No SBTi match -- no visible forward-looking climate target.,32.5,12.0,63.2,with_cross_validation,37.8
NWS,News Corp (Class B),Communication Services,61.0,8.749922711561832e-06,True,True,20,no_commitment,No SBTi match -- no visible forward-looking climate target.,32.5,12.0,63.2,with_cross_validation,37.8
KMI,Kinder Morgan,Energy,0.0,0.001035692406799693,False,False,20,no_commitment,No SBTi match -- no visible forward-looking climate target.,93.1,90.0,97.8,with_cross_validation,37.7
CPT,Camden Property Trust,Real Estate,45.7,0.00011671011504453995,True,True,20,no_commitment,No SBTi match -- no visible forward-looking climate target.,45.4,12.0,95.5,with_cross_validation,37.0
PPL,PPL Corporation,Utilities,33.3,0.002858272708829189,False,True,20,no_commitment,No SBTi match -- no visible forward-looking climate target.,57.5,34.0,92.9,with_cross_validation,36.9
UDR,"UDR, Inc.",Real Estate,57.5,9.19645261482466e-05,True,True,10,target_ambition,SBTi commitment removed -- negative signal.,41.4,12.0,85.5,with_cross_validation,36.3
LIN,Linde,Materials,0.0,0.0010760247135001152,False,False,11.5,measured_trend,"Measured: 16,872,000 -> 16,582,000 tCO2e over 6 yr(s) (12/31/2018 baseline, 2024 assumed current year) = 0.29%/yr observed vs. 2.5%/yr required (well-below-2C pathway).",96.4,100.0,91.1,with_cross_validation,36.0
MAR,Marriott International,Consumer Discretionary,0.0,0.0008988200484122523,False,False,14.3,measured_trend,"Measured: 1,313,062 -> 1,273,630 tCO2e over 5 yr(s) (12/31/2019 baseline, 2024 assumed current year) = 0.60%/yr observed vs. 4.2%/yr required (1.5C pathway).",93.8,100.0,84.6,with_cross_validation,36.0
XEL,Xcel Energy,Utilities,29.2,0.0030333387027182937,False,True,20,no_commitment,No SBTi match -- no visible forward-looking climate target.,58.4,34.0,95.0,with_cross_validation,35.9
WMB,Williams Companies,Energy,0.0,0.001097105360620489,False,False,20,no_commitment,No SBTi match -- no visible forward-looking climate target.,87.2,80.0,97.9,with_cross_validation,35.7
RSG,Republic Services,Industrials,0.0,0.0006439300880726173,False,True,60.0,target_ambition,SBTi points: 2/2 for validation status (Targets set) + 1/2 for ambition (Well-below 2°C) + 0/1 for a net-zero target (none) = 3/5 -> 60.0.,46.6,34.0,65.6,with_cross_validation,35.5
MAA,Mid-America Apartment Communities,Real Estate,41.0,0.00012661060695758785,True,True,20,no_commitment,No SBTi match -- no visible forward-looking climate target.,40.7,12.0,83.7,with_cross_validation,33.9
ES,Eversource Energy,Utilities,47.2,0.002268305288656726,True,True,10,target_ambition,SBTi commitment removed -- negative signal.,43.8,12.0,91.4,with_cross_validation,33.7
TFC,Truist Financial,Financials,1.8,1.3309175414050519e-05,False,False,20,no_commitment,No SBTi match -- no visible forward-looking climate target.,77.7,90.0,59.3,with_cross_validation,33.2
ZTS,Zoetis,Health Care,0.0,3.0381836657919933e-05,False,False,0.0,measured_trend,"Measured: 101,498 -> 111,637 tCO2e over 3 yr(s) (12/31/2021 baseline, 2024 assumed current year) = -3.33%/yr observed vs. 4.2%/yr required (1.5C pathway).",99.1,100.0,97.6,with_cross_validation,33.0
TMUS,T-Mobile US,Communication Services,0.0,3.3289665910821174e-05,False,False,20,no_commitment,No SBTi match -- no visible forward-looking climate target.,78.1,90.0,60.1,with_cross_validation,32.7
ALGN,Align Technology,Health Care,42.2,1.2850389751495467e-05,True,True,20,no_commitment,No SBTi match -- no visible forward-looking climate target.,33.3,12.0,65.4,with_cross_validation,31.8
TAP,Molson Coors Beverage Company,Consumer Staples,25.2,4.059498926201966e-05,False,True,20,no_commitment,No SBTi match -- no visible forward-looking climate target.,48.9,34.0,71.2,with_cross_validation,31.4
DRI,Darden Restaurants,Consumer Discretionary,0.0,5.827089539925139e-05,False,False,20,no_commitment,No SBTi match -- no visible forward-looking climate target.,73.6,62.0,91.0,with_cross_validation,31.2
UHS,Universal Health Services,Health Care,35.9,1.4183465991919244e-05,True,True,20,no_commitment,No SBTi match -- no visible forward-looking climate target.,37.1,12.0,74.9,with_cross_validation,31.0
PSA,Public Storage,Real Estate,38.7,0.00013140903262411934,True,True,20,no_commitment,No SBTi match -- no visible forward-looking climate target.,33.1,12.0,64.8,with_cross_validation,30.6
WDC,Western Digital,Information Technology,4.9,5.1505534228937674e-05,False,False,0.0,measured_trend,"Measured: 44,643 -> 144,034 tCO2e over 4 yr(s) (06/30/2020 baseline, 2024 assumed current year) = -55.66%/yr observed vs. 4.2%/yr required (1.5C pathway).",84.8,100.0,61.9,with_cross_validation,29.9
SO,Southern Company,Utilities,34.9,0.002788173354709717,False,True,20,no_commitment,No SBTi match -- no visible forward-looking climate target.,34.0,34.0,,disclosure_quality_only,29.6
DIS,Walt Disney Company (The),Communication Services,0.0,1.740586301366039e-05,False,False,0.0,measured_trend,"Measured: 909,382 -> 993,347 tCO2e over 5 yr(s) (09/29/2019 baseline, 2024 assumed current year) = -1.85%/yr observed vs. 4.2%/yr required (1.5C pathway).",88.7,100.0,71.6,with_cross_validation,29.6
DGX,Quest Diagnostics,Health Care,0.0,3.313996686571479e-05,False,False,20,no_commitment,No SBTi match -- no visible forward-looking climate target.,67.5,90.0,33.7,with_cross_validation,29.2
EVRG,Evergy,Utilities,5.5,0.004036693524380011,False,True,20,no_commitment,No SBTi match -- no visible forward-looking climate target.,60.4,34.0,100.0,with_cross_validation,28.6
BDX,Becton Dickinson,Health Care,0.6,2.1623038533779862e-05,False,False,0.0,measured_trend,"Measured: 155,663 -> 155,663 tCO2e over 5 yr(s) (09/30/2019 baseline, 2024 assumed current year) = -0.00%/yr observed vs. 4.2%/yr required (1.5C pathway).",84.8,100.0,62.1,with_cross_validation,28.5
RVTY,Revvity,Health Care,63.4,8.36922430659677e-06,True,True,10,target_ambition,SBTi commitment removed -- negative signal.,12.0,12.0,,disclosure_quality_only,28.5
SW,Smurfit Westrock,Materials,49.3,0.0005367446587793913,True,True,20,no_commitment,No SBTi match -- no visible forward-looking climate target.,12.0,12.0,,disclosure_quality_only,27.1
CF,CF Industries,Materials,0.0,0.00272687287731743,False,True,20,no_commitment,No SBTi match -- no visible forward-looking climate target.,55.9,34.0,88.7,with_cross_validation,25.3
LNT,Alliant Energy,Utilities,0.0,0.00521187290479124,False,True,20,no_commitment,No SBTi match -- no visible forward-looking climate target.,55.3,34.0,87.3,with_cross_validation,25.1
DVA,DaVita,Health Care,0.0,2.2855538117919392e-05,False,False,0.0,measured_trend,"Measured: 64,185 -> 65,988 tCO2e over 6 yr(s) (12/31/2018 baseline, 2024 assumed current year) = -0.47%/yr observed vs. 4.2%/yr required (1.5C pathway).",75.2,100.0,38.1,with_cross_validation,25.1
WM,Waste Management,Industrials,0.0,0.00046285939369170514,False,True,20,no_commitment,No SBTi match -- no visible forward-looking climate target.,51.3,34.0,77.3,with_cross_validation,23.8
BKR,Baker Hughes,Energy,4.7,0.000989125879302268,True,True,20,no_commitment,No SBTi match -- no visible forward-looking climate target.,45.6,12.0,96.0,with_cross_validation,23.4
BRK.B,Berkshire Hathaway,Financials,0.0,0.00020586492361568742,False,True,20,no_commitment,No SBTi match -- no visible forward-looking climate target.,49.1,34.0,71.8,with_cross_validation,23.0
L,Loews Corporation,Financials,0.0,0.0001038134213950685,False,True,20,no_commitment,No SBTi match -- no visible forward-looking climate target.,46.7,34.0,65.8,with_cross_validation,22.2
MCHP,Microchip Technology,Information Technology,0.0,9.869041474538388e-05,False,True,20,no_commitment,No SBTi match -- no visible forward-looking climate target.,43.8,34.0,58.5,with_cross_validation,21.3
BLK,BlackRock,Financials,0.0,1.4259062802194214e-05,False,True,20,no_commitment,No SBTi match -- no visible forward-looking climate target.,40.8,34.0,51.1,with_cross_validation,20.3
ARES,Ares Management,Financials,0.0,0.00030377354168674377,False,True,20,no_commitment,No SBTi match -- no visible forward-looking climate target.,35.3,34.0,37.3,with_cross_validation,18.4
EXR,Extra Space Storage,Real Estate,0.0,0.00026058385951907846,True,True,20,no_commitment,No SBTi match -- no visible forward-looking climate target.,30.4,12.0,58.0,with_cross_validation,16.8
